#<Time>=3.40139s/900
#<PlanCost>=single integer value
#<State>=Atom door-open();Atom elevator-at(f1);Atom elevator-at(f2);Atom elevator-at(f3);Atom elevator-at(f4);Atom elevator-at(f5);Atom passenger-at(p3, f1);Atom passenger-at(p3, f2);Atom passenger-at(p3, f3);Atom passenger-at(p3, f4);Atom passenger-at(p3, f5);Atom passenger-in-elevator(p3);Atom passenger-at(p2, f1);Atom passenger-at(p2, f2);Atom passenger-at(p2, f3);Atom passenger-at(p2, f4);Atom passenger-at(p2, f5);Atom passenger-in-elevator(p2);Atom passenger-at(p1, f1);Atom passenger-at(p1, f2);Atom passenger-at(p1, f3);Atom passenger-at(p1, f4);Atom passenger-at(p1, f5);Atom passenger-in-elevator(p1);
0;010000001000100000000010
1;110000001000000001000010
1;100100000001100000000010
1;100001001000100000000001
2;000100000001100000000010
0;100100001000100000000010
2;000001001000100000000001
0;100001001000100000000010
0;110000001000100000000010
2;010000001000000001000010
0;010000001000100000000010
3;001000001000000001000010
3;001000000001100000000010
3;000010000001100000000010
0;000100001000100000000010
3;000010001000100000000001
0;000001001000100000000010
4;000100001000100000000001
4;100010001000100000000001
0;000010001000100000000010
4;010000000001100000000010
4;101000000001100000000010
4;000100001000000001000010
4;101000001000000001000010
0;001000001000100000000010
4;100010000001100000000010
4;000001000001100000000010
5;100001000001100000000010
5;101000010000100000000010
5;101000001000010000000010
0;101000001000100000000010
0;100010001000100000000010
5;001000001000100000000001
5;100100001000100000000001
5;100010001000100000000100
5;000010001000000001000010
5;100100001000000001000010
5;100010000100100000000010
5;110000000001100000000010
6;000010001000100000000100
6;100100000001100000000001
6;100100001000100000001000
6;001000010000100000000010
6;100001000010100000000010
6;100001000001100000000001
6;101000001000100000000001
6;010000001000100000000001
6;100010001000000001000010
6;000001001000000001000010
6;000010000100100000000010
6;100100001000001000000010
6;100100000001000001000010
6;110000000001000001000010
6;110000100000100000000010
6;001000001000010000000010
7;100001001000000001000010
7;101000001000100000010000
7;010000100000100000000010
7;110000100000000001000010
7;010000001000010000000010
7;000100001000010000000010
7;100001000010100000000001
7;000001000001100000000001
7;010000000001000001000010
7;000100000001100000000001
7;100100000001100000001000
7;000100010000100000000010
7;010000010000100000000010
7;100010001000000100000010
7;000100000001000001000010
7;100100000001001000000010
7;000100001000100000001000
7;000100001000100000000100
7;000001001000100000000100
7;000001000100100000000010
7;000100000100100000000010
7;000001000010100000000010
7;110000001000100000000001
7;000100001000001000000010
8;000010001000000100000010
8;100001000100100000000010
8;001000000001100000000001
8;000010000001100000000001
8;001000001000100000001000
8;000010001000100000001000
8;001000000100100000000010
8;100100000100100000000010
8;000100000001001000000010
8;001000100000100000000010
8;000100000001100000001000
8;001000000001000001000010
8;010000100000000001000010
8;001000001000100000010000
8;110000001000010000000010
8;110000010000100000000010
8;100100010000100000000010
8;000010010000100000000010
8;000010000010100000000010
8;100100001000100000000100
8;001000001000100000000100
8;100001001000000010000010
8;100001001000000001000001
8;000010000001000001000010
8;000001000010100000000001
8;100100001000010000000010
8;000010001000010000000010
8;000010001000001000000010
8;001000001000001000000010
8;110000001000000001000001
8;110000001000100000100000
8;100001001000100000000100
9;000001001000010000000010
9;100010001000010000000010
9;100001000100100000000001
9;001000000001100000001000
9;000010000001100000001000
9;100010001000100000001000
9;000001001000100000001000
9;001000100000000001000010
9;000001000001000001000010
9;100010000001000001000010
9;000001010000100000000010
9;100010010000100000000010
9;000010000010100000000001
9;100010000001100000000001
9;000100001000100000010000
9;010000001000100000010000
9;000001001000001000000010
9;100010001000001000000010
9;000001001000000001000001
9;100001001000000010000001
9;000100100000100000000010
9;101000100000100000000010
9;000001001000000010000010
9;101000000001000001000010
9;110000010000000001000010
9;010000001000100000000100
9;101000001000100000000100
9;010000001000100000100000
9;110000001000000001100000
9;010000001000100000001000
9;101000001000100000001000
9;000001001000000100000010
9;000100001000000100000010
9;000010000001001000000010
9;001000000001001000000010
9;101000000001100000000001
9;010000000001100000000001
9;010000001000000001000001
9;010000000100100000000010
9;101000000100100000000010
9;000100000010100000000010
9;100010000010100000000010
9;101000001000001000000010
9;010000001000001000000010
9;100100000001010000000010
9;100100000001100000000100
10;100001010000100000000010
10;100001001000100000001000
10;110000001000001000000010
10;110000001000100000001000
10;101000010000100000000001
10;101000000001100000010000
10;101000100000000001000010
10;000100100000000001000010
10;100100100000100000000010
10;000010100000100000000010
10;100010000001001000000010
10;000001000001001000000010
10;100010000010100000000001
10;000100000010100000000001
10;100100001000000100000010
10;001000001000000100000010
10;010000001000000001100000
10;000010001000000010000010
10;000100000001100000000100
10;101000010000000001000010
10;101000000001010000000010
10;100010000001100000000100
10;100010000100100000000001
10;000100000001010000000010
10;100001001000001000000010
10;110000001000100000000100
10;001000001000000001000001
10;100010000100000001000010
10;100010000001000100000010
10;000010001000100000010000
10;100100001000100000010000
10;100100000010100000000010
10;001000000010100000000010
10;000001000100100000000001
10;110000000100100000000010
10;010000010000000001000010
10;100001000001000001000010
10;001000001000100000100000
10;100010000001100000001000
10;000001000001100000001000
10;000001001000000010000001
10;110000001000100000010000
10;100001001000000100000010
10;110000000001100000000001
10;100001001000010000000010
10;000010001000000001000001
10;010000000001100000001000
10;101000000001100000001000
10;010000000001001000000010
10;101000000001001000000010
11;001000000001010000000010
11;000010000001010000000010
11;100010000100000100000010
11;000010000001000100000010
11;100010001000000010000010
11;000100001000000010000010
11;101000100000010000000010
11;001000000001100000000100
11;000010000001100000000100
11;000001001000100000010000
11;100010001000100000010000
11;000010001000000010000001
11;110000001000000001010000
11;100010000100001000000010
11;101000010000001000000010
11;110000001000000001001000
11;001000010000000001000010
11;101000001000000001000001
11;000100001000000001000001
11;110000000001100000100000
11;110000100000100000000001
11;110000000001000001000001
11;110000000100000001000010
11;101000010000100000001000
11;100001000001001000000010
11;100010100000100000000010
11;000001100000100000000010
11;100010000010100000000100
11;100001010000100000000001
11;001000001000000001100000
11;101000010000010000000010
11;100010001000000001000001
11;110000001000000001000100
11;000010000100100000000001
11;000010000100000001000010
11;101000010000100000010000
11;001000000001100000010000
11;100001001000000100000001
11;100100000001000100000010
11;000010100000000001000010
11;100100100000000001000010
11;100010000100100000000100
11;100100000010100000000001
11;001000000010100000000001
11;110000000001100000001000
11;010000000010100000000010
11;101000000010100000000010
11;110000000001001000000010
11;001000010000100000000001
11;100100000001100000010000
11;100010000100100000001000
11;100001000001000001000001
11;100001000001000010000010
11;100001000010000001000010
11;100001001000010000000001
11;100001001000001000000001
11;100001000001100000001000
11;010000001000000100000010
11;101000001000000100000010
11;000100001000100000100000
11;101000001000100000100000
12;000100001000000010000001
12;100010001000000010000001
12;000001010000100000000001
12;110000100000000001000001
12;010000100000100000000001
12;110000100000100000100000
12;010000001000000001001000
12;110000000001000001100000
12;010000000001000001000001
12;000010000100000100000010
12;000100000001000100000010
12;010000010000100000000001
12;000100010000100000000001
12;100100001000000010000010
12;001000001000000010000010
12;010000000001100000100000
12;000001001000001000000001
12;100001000010100000001000
12;010000001000000001000100
12;001000010000100000010000
12;000010000100100000001000
12;001000010000001000000010
12;100100001000000001000001
12;100010000001010000000010
12;000001000001010000000010
12;010000001000000001010000
12;100100100000001000000010
12;000001100000000001000010
12;100010100000000001000010
12;100001000010001000000010
12;100001000001001000000001
12;000001001000000100000001
12;001000010000100000001000
12;000100000001100000010000
12;000010001000100000100000
12;100100001000100000100000
12;000001000001000100000010
12;010000000010100000000001
12;101000000010100000000001
12;000010000100001000000010
12;000010000100100000000100
12;110000001000000100000010
12;000100010000000001000010
12;110000000010100000000010
12;000001000100000001000010
12;000100000100000001000010
12;001000100000010000000010
12;110000000001000001001000
12;110000100000100000001000
12;100001100000100000000010
12;000100000100100000000001
12;100001001000100000010000
12;100010001000000100000001
12;100010001000000001000100
12;010000000001100000000100
12;101000000001100000000100
12;000001001000010000000001
12;001000010000010000000010
12;000100001000000001100000
12;101000001000000001100000
12;010000000001100000010000
12;000001000001100000000100
12;100001000001000010000001
12;100001000010000001000001
12;000001000001000001000001
12;000001000010000001000010
12;100001000010000010000010
12;000001000001000010000010
12;110000100000001000000010
12;010000000100000001000010
12;101000001000010000000001
12;101000001000000001010000
12;010000000001010000000010
12;000010000010100000000100
12;100100000010100000001000
13;110000000010100000000001
13;100010000100010000000010
13;001000000100000001000010
13;100100000100000001000010
13;000001000100100000001000
13;000100000100100000001000
13;000100000100000100000010
13;000001000100000100000010
13;110000000001010000000010
13;010000010000100000010000
13;000100010000100000010000
13;101000010000100000000100
13;000010010000100000000001
13;000001000010000001000001
13;100001000010000010000001
13;110000000001100000010000
13;100100010000100000000001
13;101000000010100000010000
13;000001000010100000001000
13;100100000001100000100000
13;000100000010100000000100
13;000001000010100000000100
13;100001100000100000000001
13;101000001000010000010000
13;001000001000000001010000
13;110000000001100000000100
13;100010001000000100000100
13;000010001000000100000001
13;010000001000000010000010
13;101000001000000010000010
13;100001000001000100000010
13;001000001000010000000001
13;110000100000000001001000
13;010000000001000001001000
13;001000000001000001000001
13;000010000010000001000010
13;000001000010000010000010
13;100010001000000010000100
13;000100100000001000000010
13;010000010000001000000010
13;000100010000001000000010
13;001000000001100000100000
13;100010001000100000100000
13;000001001000100000100000
13;101000001000010000100000
13;100001000001010000000010
13;001000100000100000000001
13;001000000001000100000010
13;000100000010100000001000
13;010000100000100000100000
13;110000100000000001100000
13;000100000100001000000010
13;000001000100001000000010
13;000100010000100000001000
13;010000010000100000001000
13;100010100000000100000010
13;100001000010001000000001
13;000001000001001000000001
13;100100001000000001001000
13;100100001000001000000001
13;100100000001000001000001
13;000010001000001000000001
13;000010001000000001000100
13;000010000001000010000010
13;100100000001000010000010
13;010000000001000001100000
13;001000000100100000000001
13;100100000100100000000001
13;110000000010000001000010
13;100001000001100000000100
13;000010001000000001100000
13;100100001000000001100000
13;001000001000000001000100
13;000100010000010000000010
13;010000010000010000000010
13;100001100000000001000010
13;100100010000000001000010
13;000010010000000001000010
13;000001000001000010000001
13;000010000001000001000001
13;000001000100100000000100
13;000100000100100000000100
13;000010000001100000010000
13;001000001000000001001000
13;100001000100000001000010
13;010000100000000001000001
13;000010001000010000000001
13;010000100000100000001000
13;000100100000010000000010
13;010000100000010000000010
13;110000010000100000000001
13;000001000010001000000010
13;001000001000000010000001
13;100100001000000010000001
13;010000100000001000000010
14;001000001000010000010000
14;001000000100000100000010
14;100100000100000100000010
14;000001001000000001100000
14;100010001000000001100000
14;000100001000001000000001
14;100010001000001000000001
14;000010000010000010000010
14;001000100000001000000010
14;000010100000001000000010
14;100100001000001000001000
14;100100000001001000000001
14;101000000100000001000010
14;100001000100100000001000
14;110000000001000001010000
14;110000100000100000010000
14;000001100000100000000001
14;101000001000000001001000
14;000100001000000001001000
14;100010010000100000000001
14;000010100000000100000010
14;000010001000000100000100
14;100001100000000010000010
14;100001100000000001000001
14;000001001000000001000100
14;000100001000000001000100
14;100010001000010000000001
14;000100001000010000000001
14;100100000100100000001000
14;101000000001000001000001
14;000100000001000001000001
14;100100010000001000000010
14;110000010000100000001000
14;000100000001100000100000
14;000010001000000010000100
14;000001000010000010000001
14;110000010000010000000010
14;001000000001000001001000
14;100010010000000001000010
14;000001010000000001000010
14;000010000010100000001000
14;100001000100100000000100
14;010000001000010000000001
14;001000100000100000001000
14;001000000100001000000010
14;100100000100001000000010
14;000001000010001000000001
14;010000100000000001100000
14;000010010000100000010000
14;100100010000100000010000
14;000010010000010000000010
14;100100010000010000000010
14;101000000001100000100000
14;001000000010100000010000
14;100001000001000100000001
14;100001000010000100000010
14;110000100000010000000010
14;001000000100100000000100
14;100100000100100000000100
14;010000100000000001001000
14;000010100000010000000010
14;100100100000010000000010
14;101000100000100000000001
14;000100100000100000000001
14;000010000100010000000010
14;100001000001010000000001
14;100001000010010000000010
14;001000100000100000100000
14;100100001000001000100000
14;100100000001000001100000
14;000010000010000001000001
14;000010000001001000000001
14;001000000100100000001000
14;000010000010001000000010
14;000010010000001000000010
14;110000010000001000000010
14;001000000001000001100000
14;100100000001000001001000
14;110000010000000001000001
14;110000010000100000100000
14;100010000001100000010000
14;000001000001100000010000
14;010000000001000100000010
14;101000000001000100000010
14;001000100000000001000001
14;101000001000000001000100
14;100010000010000001000010
14;000100000010000001000010
14;001000000010100000001000
14;100100010000100000001000
14;000010000001000010000001
14;100001000100001000000010
14;000100001000000001010000
14;110000000010000001000001
14;110000000010100000100000
14;001000001000010000100000
14;010000000010000001000010
14;100100001000000010001000
14;100100000001000010000001
14;000100001000000100000001
14;010000000100100000000001
14;101000000100100000000001
14;001000000010100000000100
14;100100000010100000000100
14;100010000001000010000010
14;000100000001000010000010
14;001000010000100000000100
14;100001000100000010000010
14;100001000100000001000001
14;100001001000100000100000
14;010000001000000010000001
14;101000001000000010000001
14;100001000100000100000010
14;110000010000100000010000
14;110000001000000010000010
14;000010010000100000001000
14;100001000010100000000100
14;110000000001000001000100
14;110000100000100000000100
14;100010000001000001000001
15;010000010000000001000001
15;110000010000000001100000
15;000100001000000010001000
15;100100000001000010001000
15;000100100000100000001000
15;101000100000100000001000
15;101000000100100000001000
15;010000000100100000001000
15;000100000001000001001000
15;100100000001001000001000
15;010000001000010000010000
15;000100001000010000010000
15;101000001000010000000100
15;000100000001000010000001
15;010000100000100000000100
15;110000100000000001000100
15;000010000010001000000001
15;100001000010000100000001
15;000001000010000100000010
15;110000000010000001100000
15;010000000010100000100000
15;000001000100000001000001
15;100001000100000010000001
15;000100000001001000000001
15;100001000010010000000001
15;000001000001010000000001
15;100010000010000100000010
15;100010010000100000000100
15;001000100000000001100000
15;100010000010100000001000
15;000100100000000100000010
15;000001100000000100000010
15;100001001000000001000100
15;101000000001000001100000
15;000100000001000001100000
15;000001100000001000000010
15;100010100000001000000010
15;100001000100001000000001
15;110000100000000001010000
15;010000100000100000010000
15;000010000001100000100000
15;100100100000100000000001
15;000010100000100000000001
15;000100001000010000100000
15;010000001000010000100000
15;101000010000100000100000
15;100001001000000001100000
15;100100000001001000100000
15;100100001000000001010000
15;000010001000000001010000
15;100010001000000100100000
15;110000001000000010000001
15;100010001000010000000100
15;100010000001001000000001
15;010000010000100000000100
15;000100010000100000000100
15;000100001000001000100000
15;100001000001100000010000
15;110000000100100000000001
15;100100001000000100000001
15;001000001000000100000001
15;100010010000100000010000
15;000001010000100000010000
15;000001000010010000000010
15;010000000001000001010000
15;001000000010000001000010
15;100100000010000001000010
15;100100001000000001000100
15;100010000001000010000001
15;100001010000000001000010
15;100010010000001000000010
15;000001010000001000000010
15;010000000100000100000010
15;101000000100000100000010
15;010000000001000001000100
15;110000010000000001001000
15;110000010000000001010000
15;100010001000001000000100
15;101000001000010000001000
15;100010100000010000000010
15;000001100000010000000010
15;100001100000000010000001
15;000001100000000010000010
15;100010000010001000000010
15;000100000010001000000010
15;000001000100000010000010
15;010000000010000001000001
15;000010001000000001001000
15;000001001000000100000100
15;000100001000000100000100
15;000001100000000001000001
15;000001000001000100000001
15;010000000010100000010000
15;000100000010100000010000
15;000010000010000010000001
15;101000000001000001001000
15;100010000100000001000001
15;100010000001000100000001
15;100010000001000001000100
15;101000010000000100000010
15;101000000010100000001000
15;010000000010100000001000
15;101000010000000001000001
15;101000000001010000000001
15;101000000001000001010000
15;100010010000010000000010
15;000001010000010000000010
15;100010000100000010000010
15;101000000100100000010000
15;101000100000100000010000
15;100001000100000100000001
15;000100001000000010000100
15;000001001000000010000100
15;100010010000000100000010
15;000001000100010000000010
15;000100000100010000000010
15;010000000010100000000100
15;101000000010100000000100
15;010000010000100000100000
15;100010000010000010000010
15;000100000010000010000010
15;101000000100010000000010
15;000100001000001000001000
15;100010000100100000010000
15;001000000001000010000010
15;101000001000000010010000
15;010000000100100000000100
15;101000000100100000000100
15;101000000100001000000010
15;010000000100001000000010
15;101000100000001000000010
15;110000000001000100000010
15;101000100000000001000001
15;000100100000000001000001
15;100010010000100000001000
15;000001010000100000001000
15;001000001000001000000001
15;000100100000100000100000
15;101000100000100000100000
15;100100001000010000000001
15;100010000010000001000001
15;000100000010000001000001
15;110000001000010000000001
15;001000100000000001001000
16;101000000010000001000010
16;001000001000010000001000
16;000010000001000100000001
16;100001000010100000010000
16;100100100000000001000001
16;000010100000000001000001
16;000001000010000100000001
16;001000100000100000000100
16;010000100000000001000100
16;000010100000000010000010
16;100100000010001000000010
16;001000000001000001010000
16;100100000010000010000010
16;001000000010000010000010
16;010000001000000100000001
16;101000001000000100000001
16;110000001000010000100000
16;010000010000000001100000
16;001000100000100000010000
16;110000001000000010100000
16;100100000100010000000010
16;001000000100010000000010
16;010000001000001000000001
16;101000001000001000000001
16;100001001000000010100000
16;000010001000001000000100
16;001000010000100000100000
16;100001010000001000000010
16;000001000100000100000001
16;100001010000000010000010
16;100001010000000001000001
16;000010001000001000100000
16;001000001000001000100000
16;000010001000000010001000
16;001000001000000010001000
16;001000000100100000010000
16;001000000010100000100000
16;100001010000010000000010
16;100001010000100000001000
16;100010000001100000100000
16;000001000001100000100000
16;110000000100100000001000
16;100100100000100000001000
16;100100000001000001010000
16;100100001000001000010000
16;101000100000010000000001
16;101000100000000001010000
16;110000000100000100000010
16;101000000001010000010000
16;101000010000000001010000
16;110000001000010000010000
16;110000000010100000001000
16;110000000010100000010000
16;000001000100000010000001
16;100010000010000001000100
16;100010000010000100000001
16;010000000010000001100000
16;000100000001001000001000
16;110000000100001000000010
16;100010000001001000000100
16;100010000100001000000001
16;001000001000010000000100
16;000010000100000010000010
16;100001001000000010000100
16;001000000010000001000001
16;010000010000000001001000
16;110000000100100000000100
16;100100001000000010000100
16;001000001000000010000100
16;001000000001000001000100
16;000010000010000100000010
16;100001001000000100000100
16;010000010000000001010000
16;000010100000100000100000
16;100100100000100000100000
16;000001000100001000000001
16;000010001000001000001000
16;001000001000001000001000
16;100010100000100000000001
16;000010001000010000000100
16;100100001000001000000100
16;100100000001000001000100
16;000010010000100000000100
16;100100001000010000010000
16;000010001000010000010000
16;001000000001001000000001
16;100100000010100000010000
16;000010000010100000010000
16;000010010000000100000010
16;100010001000000001001000
16;000001001000000001001000
16;000010000001010000000001
16;000100000010001000000001
16;100010000010001000000001
16;100100000010000001000001
16;100100001000000100000100
16;001000001000000100000100
16;000010001000000100100000
16;101000010000010000000001
16;001000010000000001000001
16;000010000010010000000010
16;001000000001000010000001
16;000001000010010000000001
16;100100001000010000100000
16;000010001000010000100000
16;001000010000000100000010
16;100010000010000010000001
16;000100000010000010000001
16;100100100000000100000010
16;001000100000000100000010
16;000010000100100000010000
16;100010000100000100000001
16;100010000001000100000100
16;100010000001000010000100
16;100010000100000010000001
16;100001000100010000000010
16;000010000100000001000001
16;100010000100000001000100
16;001000000010001000000010
16;101000100000000001100000
16;000100100000000001100000
16;000010000001000001100000
16;001000000001010000000001
16;110000010000100000000100
16;101000010000000001100000
16;101000000001010000100000
16;001000001000000010010000
16;000001100000000010000001
16;100001010000100000010000
16;000010000001000001001000
16;010000000001000010000010
16;101000000001000010000010
16;100001100000010000000010
16;110000000010100000000100
16;000010000001000001000100
16;110000100000000100000010
16;101000010000000001001000
16;101000000001010000001000
16;100001100000000100000010
16;101000100000000001001000
16;000100100000000001001000
16;100100010000100000000100
16;000100000001000010001000
16;000100000001001000100000
16;100100000001000100000001
16;100100001000000100001000
16;100010001000000001010000
16;000001001000000001010000
16;110000000100100000100000
16;110000000100000001000001
16;100001100000001000000010
16;010000100000000001010000
16;100100001000010000001000
16;100100000001010000000001
16;000010100000100000001000
17;000010000010000100000001
17;101000100000010000100000
17;100001000001100000100000
17;100010000010001000000100
17;010000001000000010100000
17;000100000001000001000100
17;000001000001000001000100
17;000001000001000001001000
17;100010000001000001001000
17;101000100000010000010000
17;001000100000000001010000
17;100010100000000001000001
17;101000001000001000100000
17;010000001000001000100000
17;110000000100000001000100
17;110000010000000001000100
17;100100100000000001001000
17;100100100000001000000001
17;100010100000100000000100
17;100010000100000010000100
17;000010000100000010000001
17;101000010000010000010000
17;001000000001010000010000
17;010000000100010000000010
17;000100100000100000000100
17;101000100000100000000100
17;001000010000000001010000
17;000010000100001000000001
17;000100000100000001000001
17;100100000010000001001000
17;100100000010001000000001
17;101000000001000010000001
17;010000000001000010000001
17;000001100000100000100000
17;100010100000100000100000
17;101000010000000010000010
17;100001010000010000000001
17;101000001000000100000100
17;010000001000000100000100
17;010000100000000100000010
17;110000000010000001000100
17;001000000010000010000001
17;100100000010000010000001
17;000100000100000010000010
17;001000010000000001001000
17;100001001000000001010000
17;000100001000000100001000
17;100100000001000100001000
17;000010000010010000000001
17;100010000010000100000100
17;000010000010000001000100
17;000010000001000010000100
17;000001010000100000000100
17;000100000100100000010000
17;000001000100100000010000
17;000100000001000001010000
17;100100000001001000010000
17;100010000100100000100000
17;101000000001000001000100
17;000001001000001000000100
17;000100001000001000000100
17;001000100000010000000001
17;000001000001000001100000
17;100010000001000001100000
17;000001001000000010001000
17;100010001000000010001000
17;000100001000000010010000
17;010000001000000010010000
17;100100000001010000001000
17;000100001000010000001000
17;110000000010000001010000
17;100010000010100000010000
17;000001000010100000010000
17;000001001000001000100000
17;100010001000001000100000
17;100001100000000100000001
17;000100100000100000010000
17;000010000001001000001000
17;001000000001001000001000
17;101000000010000001000001
17;100010001000010000100000
17;000001001000010000100000
17;100010001000010000010000
17;000001001000010000010000
17;000010000100000100000001
17;000100000001010000000001
17;100010000001010000000001
17;000010100000000001001000
17;100010000100001000000100
17;010000000001010000000001
17;001000000001010000100000
17;101000010000010000100000
17;100100000001001000000100
17;001000000010001000000001
17;100001001000000001001000
17;101000001000000100010000
17;101000100000010000001000
17;001000100000000001000100
17;000001001000000100100000
17;000100001000000100100000
17;010000000010001000000010
17;101000000010001000000010
17;010000000100100000010000
17;000100000010010000000010
17;100010000010010000000010
17;000100001000001000010000
17;000010100000000010000001
17;100001100000001000000001
17;100001000100010000000001
17;000100000010000100000010
17;001000010000010000000001
17;101000001000000010000100
17;010000001000000010000100
17;100001010000000010000001
17;000001010000000001000001
17;000100000001000100000001
17;010000001000001000001000
17;101000001000001000001000
17;101000010000010000001000
17;001000000001010000001000
17;000010000001000010001000
17;001000000001000010001000
17;110000000001000010000010
17;100100000001010000100000
17;110000001000001000000001
17;101000100000000100000010
17;001000000010000001100000
17;000010000001000100000100
17;100010000100000100000100
17;100100100000000001100000
17;000010100000000001100000
17;110000000100000001100000
17;010000000100100000100000
17;110000000100000001001000
17;100010100000000010000010
17;000100100000000010000010
17;101000000010000010000010
17;010000000010000010000010
17;100100000001000010000100
17;010000010000000100000010
17;000100010000000100000010
17;101000001000001000010000
17;001000010000000001100000
17;000001001000000010100000
17;110000000010000001001000
17;100100000001010000010000
17;000100010000100000100000
17;100010001000000100001000
17;010000001000000010001000
17;101000001000000010001000
17;000100000010100000100000
17;101000000010100000100000
17;001000000001001000100000
17;000010000001001000100000
17;010000000100000001000001
17;000001001000001000001000
17;100010001000001000001000
17;000100010000000001000001
17;100100000001000100000100
17;101000000010010000000010
17;100001010000001000000001
17;110000001000000100000001
17;000001010000000010000010
17;010000000001001000000001
17;101000000001001000000001
17;100010000010000010000100
17;000001010000000100000010
17;000001100000100000001000
17;100010100000100000001000
17;010000001000010000000100
17;000100001000010000000100
17;000001001000010000000100
17;100001100000010000000001
17;000010000100000001000100
17;010000001000010000001000
17;000010000001001000000100
17;100010001000000100010000
18;110000000100010000000010
18;100001001000010000000100
18;000010000100100000100000
18;000010100000100000000100
18;100100100000100000000100
18;000100010000000001010000
18;000100000001000010000100
18;101000000010001000000001
18;010000000010001000000001
18;100001100000100000001000
18;000010001000000100001000
18;000100000010000001100000
18;101000000010000001100000
18;000100010000010000000001
18;010000010000010000000001
18;100100100000001000100000
18;000010010000000010000010
18;100100000010000100000010
18;001000000010000100000010
18;101000000001010000000100
18;101000010000000001000100
18;000010001000010000001000
18;100010100000000001000100
18;100010100000000100000001
18;000100010000000001001000
18;101000000001001000100000
18;010000000001001000100000
18;000100100000010000000001
18;010000100000010000000001
18;101000000010000010000001
18;010000000010000010000001
18;010000000001010000001000
18;000100000001010000001000
18;001000000100100000100000
18;001000100000000010000010
18;100100100000000010000010
18;101000100000000001000100
18;000100100000000001000100
18;100001001000010000100000
18;110000000001010000000001
18;110000001000000100100000
18;010000000010000001000100
18;000100000001010000010000
18;010000000001010000010000
18;000010000100000010000100
18;110000100000000010000010
18;001000100000010000100000
18;001000000100000001000001
18;000001010000010000000001
18;001000100000010000001000
18;000100000001010000100000
18;001000000100000010000010
18;100100000100000010000010
18;100001001000010000010000
18;110000000100100000010000
18;010000000100000001000100
18;110000001000001000001000
18;000001100000010000000001
18;100010100000000001100000
18;000001100000000001100000
18;101000000001000010010000
18;101000010000000010000001
18;000100000001000100001000
18;100100001000010000000100
18;100100001000000100100000
18;001000001000000100100000
18;100001010000000100000010
18;001000001000000010100000
18;000100100000000001010000
18;001000001000001000000100
18;000001000100010000000001
18;101000000001001000010000
18;101000010000001000000001
18;110000000010000010000010
18;010000000010000001010000
18;110000010000000100000010
18;000010000010000010000100
18;100010000001001000100000
18;000001000001001000100000
18;000100000010000100000001
18;000100000100000100000001
18;000100000010000001001000
18;100100000010001000001000
18;100001100000100000100000
18;010000000100000001100000
18;110000001000000100000100
18;010000000001001000001000
18;101000000001001000001000
18;100100000010010000000010
18;001000000010010000000010
18;100001001000001000001000
18;001000001000000100010000
18;100001000100100000010000
18;000100000100000001000100
18;000001000100000001000100
18;100010000010010000000001
18;000100000010010000000001
18;100010000100000001100000
18;100010000001000100100000
18;100100000010100000100000
18;000010000010100000100000
18;000100000100001000000001
18;000001010000000010000001
18;000001100000001000000001
18;000001000001000100000100
18;000100000001000100000100
18;000010100000100000010000
18;100100100000100000010000
18;000010001000001000010000
18;001000001000001000010000
18;000010001000000010100000
18;100100000010000010001000
18;101000000001000010001000
18;010000000001000010001000
18;110000001000000010010000
18;000100000001001000010000
18;100001001000000010010000
18;001000100000010000010000
18;000010000001000001010000
18;001000001000000100001000
18;100010000001001000001000
18;000001000001001000001000
18;000010000100001000000100
18;010000010000000001000100
18;010000000001010000100000
18;000010000010000100000100
18;000010001000000100010000
18;100010000100000001001000
18;100010000001000100001000
18;100001000001000001000100
18;000010010000100000100000
18;100100010000100000100000
18;110000001000010000000100
18;001000010000000010000010
18;100100010000000001000001
18;000010010000000001000001
18;100001001000001000100000
18;100010100000000001001000
18;000001100000000001001000
18;000001100000000100000001
18;110000001000000010001000
18;100100000100000001000001
18;100001001000000100100000
18;100001001000000010001000
18;100100000100100000010000
18;000010001000000010010000
18;100100001000000010010000
18;000100000001001000000100
18;000100000100000010000001
18;110000000010001000000010
18;001000010000010000001000
18;101000000010000001010000
18;101000000010010000000001
18;110000000001000010000001
18;100001001000001000000100
18;010000000010000001001000
18;100001000001000001001000
18;100001010000100000000100
18;110000001000000010000100
18;100010000100010000000001
18;100010000001010000000100
18;001000010000010000100000
18;100100100000001000001000
18;000010000100000100000100
18;100010000001000010001000
18;000001000001000010001000
18;110000001000001000100000
18;110000000001001000000001
18;000001000001001000000100
18;001000000001000100000001
18;100100010000000100000010
18;000100010000000001100000
18;000001010000001000000001
18;100001000010100000100000
18;000100100000001000000001
18;000001000010000001000100
18;000100000010000001000100
18;001000010000010000010000
18;110000001000010000001000
18;000010000010001000000100
18;100001000001000001100000
18;010000000100000001001000
18;100010100000000010000001
18;000100100000000010000001
18;000001000001000010000100
19;000010100000000100000001
19;100010100000000100000100
19;100100000100000100000001
19;001000000100000100000001
19;110000100000000010000001
19;110000000001000010100000
19;010000001000000100100000
19;101000001000000100100000
19;101000000010010000100000
19;100100000001000010010000
19;100001000100000001000100
19;100001100000000001001000
19;000010000001010000001000
19;110000000001000010001000
19;101000000010010000010000
19;001000000010000001010000
19;001000000001000100000100
19;000100001000000100010000
19;000001001000000100010000
19;110000000001010000001000
19;101000000010000010010000
19;000001001000000010010000
19;101000010000001000100000
19;100100000010000100000001
19;001000000010000100000001
19;110000000001001000001000
19;101000010000010000000100
19;001000000001010000000100
19;110000000001010000010000
19;001000000100000001000100
19;100010010000000001000001
19;001000000001000010000100
19;100010100000100000010000
19;000001100000100000010000
19;000001000010000010000100
19;000100000010000010000100
19;000100001000000010100000
19;101000001000000010100000
19;000001000100000010000100
19;000100000100000010000100
19;010000100000010000100000
19;000100100000010000100000
19;010000000100000010000010
19;101000000100000010000010
19;010000001000001000010000
19;100001000010000001100000
19;100001000001000010100000
19;010000000010010000000010
19;000001010000100000100000
19;100010010000100000100000
19;100100000100001000000001
19;001000000100001000000001
19;000010000001010000100000
19;100010000100000010001000
19;100100100000010000000001
19;000010100000010000000001
19;000010000010000001100000
19;100100000010000001100000
19;000010000100000001001000
19;100010000100000100001000
19;110000000001001000100000
19;101000000001000100000001
19;010000000001000100000001
19;001000000100000001001000
19;000100000100001000000100
19;000001000100001000000100
19;000001001000010000001000
19;100010001000010000001000
19;100100000010000001000100
19;001000000010000001000100
19;000010100000000001000100
19;100010100000000100100000
19;000010100000001000000001
19;101000001000000100001000
19;010000001000000100001000
19;000100010000010000100000
19;010000010000010000100000
19;001000000100000001100000
19;010000100000000010000010
19;101000100000000010000010
19;000001001000001000010000
19;100010001000001000010000
19;110000010000010000000001
19;000010000100010000000001
19;100010000100010000000100
19;100001000001000010000100
19;101000000100100000100000
19;000100000100100000100000
19;010000010000010000001000
19;000100010000010000001000
19;110000000001010000100000
19;110000100000010000000001
19;000100100000001000100000
19;001000010000000001000100
19;100001000001001000001000
19;100001000010000001000100
19;100100010000010000000001
19;000010010000010000000001
19;110000000010001000000001
19;100010100000000010000100
19;001000000010010000000001
19;001000010000001000000001
19;101000010000001000010000
19;001000100000001000000001
19;010000010000000010000010
19;000100010000000010000010
19;000001000100000100000100
19;000100000100000100000100
19;000010000001000100001000
19;001000010000000010000001
19;101000010000000010010000
19;000010000001010000010000
19;010000100000010000010000
19;000100100000010000010000
19;100100000100000001001000
19;000100000010001000001000
19;100100000001010000000100
19;000010010000001000000001
19;110000100000001000000001
19;101000000010001000010000
19;110000000010000010000001
19;000010010000000001010000
19;100100010000000001010000
19;100010100000000100001000
19;000100000010001000000100
19;000001000010001000000100
19;101000100000010000000100
19;000010000010000001001000
19;001000000010000001001000
19;001000000001001000000100
19;000001000001000001010000
19;100010000001000001010000
19;000100000010000010001000
19;000010000001010000000100
19;100100000001000100100000
19;101000001000001000000100
19;010000001000001000000100
19;100100100000000001000100
19;100010000100001000001000
19;001000000001000100001000
19;100100000100000010000001
19;001000000100000010000001
19;100010001000000010100000
19;100001000001001000000100
19;100010010000000010000010
19;100100010000001000000001
19;100100010000000001001000
19;000010010000000001100000
19;100100010000000001100000
19;100001100000000001100000
19;000001000100100000100000
19;100010000100000100100000
19;000010000100000001100000
19;000010000001000100100000
19;010000001000000100010000
19;001000000001000010010000
19;000001001000000100001000
19;101000010000001000001000
19;110000000100000001010000
19;001000000001001000010000
19;100001000010000001001000
19;100001000001000010001000
19;100001010000000100000001
19;000001000010100000100000
19;100100100000000001010000
19;000010100000000001010000
19;100001000001001000100000
19;000100100000010000001000
19;010000100000010000001000
19;000001000010000100000100
19;000100000010000100000100
19;000001100000100000000100
19;000010000001001000010000
19;100001000001000100000100
19;010000010000010000010000
19;000100010000010000010000
19;100100000010010000000001
19;100100000100000001000100
19;000100100000001000001000
19;100010001000000010010000
19;101000000100000001000001
19;000010010000000010000001
19;101000010000000010001000
19;100010000010100000100000
19;100010000010010000000100
19;101000000010000100000010
19;010000000010000100000010
19;001000100000000010000001
19;100100100000000010000001
19;100010000100001000100000
19;000010010000000001001000
20;000100000001010000000100
20;010000000001010000000100
20;100001010000100000100000
20;100100001000000100010000
20;000100000100000001100000
20;000001000100000001100000
20;100100000010000100001000
20;100010010000000001001000
20;000001010000000001001000
20;000010000100000100100000
20;100010100000001000000001
20;110000001000000100010000
20;100100010000001000001000
20;100100100000010000010000
20;000010100000010000010000
20;001000000010001000001000
20;000010000010001000001000
20;101000000100001000000001
20;010000000100001000000001
20;001000000010001000010000
20;001000100000001000001000
20;000010100000001000001000
20;110000000010010000000010
20;110000100000000010100000
20;010000100000000010000001
20;000010000010000010001000
20;001000000010000010001000
20;100001000100000010000100
20;101000100000000010000001
20;000001010000000001010000
20;100010010000000001010000
20;100001000100000100000100
20;100010010000000001100000
20;000001010000000001100000
20;100001001000010000001000
20;000100010000000001000100
20;001000000010001000000100
20;100100000010001000000100
20;101000000001000100001000
20;010000000001000100001000
20;001000010000000010001000
20;000001000010000001001000
20;100010000010000001001000
20;100100100000010000001000
20;100001100000000010001000
20;110000001000001000000100
20;110000100000000010001000
20;100001001000000100010000
20;101000000001000010000100
20;010000000001000010000100
20;100010100000000001010000
20;000001100000000001010000
20;100001000010000100000100
20;100010000001001000010000
20;000001000001001000010000
20;000010100000000010000100
20;100001000010000010000100
20;100100000100000010001000
20;100001000100100000100000
20;001000010000010000000100
20;001000010000001000001000
20;001000100000010000000100
20;000100000100000001001000
20;100100000100001000001000
20;100100010000000010000010
20;001000000100000010000100
20;100100000100000010000100
20;100100000010010000001000
20;101000000100000001001000
20;010000000001000100000100
20;101000000001000100000100
20;110000000010000100000010
20;001000010000001000010000
20;110000100000010000010000
20;000010010000010000010000
20;100100010000010000010000
20;000010100000000100000100
20;100001000010000010001000
20;100100100000000010001000
20;000001100000000001000100
20;110000100000001000100000
20;000010000100001000100000
20;110000100000010000100000
20;000010000100000010001000
20;110000000010000010100000
20;100100010000001000010000
20;000100000010000001010000
20;110000100000010000001000
20;001000010000001000100000
20;000010100000000100100000
20;110000010000010000100000
20;100100100000010000100000
20;000010100000010000100000
20;110000010000010000010000
20;000001000001010000010000
20;100010000001010000010000
20;100001001000000100001000
20;100100000010000100000100
20;001000000010000100000100
20;100100010000010000001000
20;100100100000001000000100
20;000100000001000010010000
20;010000000001000010010000
20;100100000100001000000100
20;001000000100001000000100
20;110000010000010000001000
20;101000010000000100000001
20;101000000001000100010000
20;100001000100001000000100
20;100100000010000010000100
20;001000000010000010000100
20;100010010000000001000100
20;100010010000000100000001
20;010000000001001000010000
20;100001000010001000000100
20;000100010000000010000001
20;010000010000000010000001
20;100001000010000010100000
20;000001000001000010100000
20;000010000010010000000100
20;100010010000000010000001
20;000001010000000100000001
20;101000000100000100000001
20;010000000100000100000001
20;100010100000010000000001
20;001000100000001000100000
20;000010100000001000100000
20;110000000001000100000001
20;100001001000001000010000
20;000100000100010000000001
20;001000000010010000100000
20;000001000001000100001000
20;000100010000001000000001
20;110000001000001000010000
20;001000000010010000010000
20;100100001000000010100000
20;110000010000000010000010
20;101000000010000100000001
20;010000000010000100000001
20;010000100000001000000001
20;101000000010000001000100
20;001000000010000010010000
20;100001100000000010100000
20;000010100000000100001000
20;000001000100000001001000
20;000010000100001000001000
20;100001000010001000001000
20;101000000010000001001000
20;000100100000000100000001
20;001000000100000100000100
20;100100000100000100000100
20;000100000001000100100000
20;000001000001000100100000
20;000001000001010000000100
20;000001000001010000001000
20;100010000001010000001000
20;010000000010010000000001
20;000010010000010000100000
20;100100010000010000100000
20;010000000001000010100000
20;000001000010000001100000
20;100100000100100000100000
20;100010000010000001100000
20;000010000100000100001000
20;100100010000001000100000
20;101000000100010000000001
20;101000000100000001010000
20;100001100000100000000100
20;100010000001000100010000
20;100010000100000001010000
20;110000000100000010000010
20;100001100000100000010000
20;100100100000001000010000
20;100001000001000001010000
20;101000000100000010000001
20;010000000100000010000001
20;110000001000000100001000
20;010000000100000001010000
20;101000000100000001100000
20;101000000001001000000100
20;010000000001001000000100
20;110000100000001000001000
20;101000100000001000000001
20;110000000010001000100000
20;100100000010001000100000
20;010000010000001000000001
20;100010000001010000100000
20;000001000001010000100000
20;100100000100000100001000
20;000010100000010000001000
20;001000010000000010010000
20;000010000100010000000100
20;101000000100000001000100
20;000010010000010000001000
20;100001000010001000100000
20;100010010000010000000001
20;100010010000001000000001
21;100100000100000001100000
21;010000000010000010100000
21;100010000100001000010000
21;010000000010001000001000
21;101000000010001000001000
21;100010000010001000001000
21;000001000010001000001000
21;010000000010000100000100
21;101000000010000100000100
21;000100010000000010001000
21;010000010000000010001000
21;100010010000000100100000
21;100001100000000001010000
21;000100100000000100100000
21;000001100000000100100000
21;101000010000000100010000
21;001000000001000100010000
21;100010000100010000010000
21;100010100000000100010000
21;100010010000000100010000
21;110000000001000100000100
21;000100000010001000010000
21;010000000010001000010000
21;000100010000001000001000
21;101000010000001000000100
21;101000010000000010000100
21;100001000001000100001000
21;101000000100000010010000
21;100010000100010000001000
21;101000100000001000001000
21;010000100000001000001000
21;000100100000000100000100
21;000001100000000100000100
21;100001000001010000001000
21;010000000100000010000100
21;101000000100000010000100
21;010000000010010000010000
21;000100000010010000010000
21;000010000010000001010000
21;100100000010000001010000
21;110000000001001000010000
21;101000010000000100000100
21;101000000100010000100000
21;100010000010000100001000
21;000100000010010000001000
21;110000000001000010010000
21;000100000010010000100000
21;010000000010010000100000
21;110000010000000010000001
21;000100000100000100001000
21;010000000100000100000100
21;101000000100000100000100
21;000100100000000010001000
21;110000000001010000000100
21;101000000100010000001000
21;000100000100000010001000
21;000001000100000010001000
21;100010100000010000010000
21;000001100000010000010000
21;100010100000001000000100
21;100010000100010000100000
21;100100000001000100010000
21;101000100000001000010000
21;100010100000001000100000
21;000001100000001000100000
21;110000000100000010000001
21;110000100000000100000001
21;110000000001000100100000
21;101000000010010000000100
21;000100100000010000000100
21;010000100000010000000100
21;000001100000000010001000
21;110000000001001000000100
21;110000000010000100000001
21;000100000010001000100000
21;100010010000010000001000
21;000001010000010000001000
21;100010010000001000000100
21;100001000100000001100000
21;110000000100001000000001
21;101000100000000010010000
21;100001010000000001010000
21;000100010000001000010000
21;110000000010010000000001
21;000100010000001000100000
21;100010010000000010000100
21;010000010000001000010000
21;010000100000001000100000
21;101000000100010000010000
21;001000000100000001010000
21;100010000100000100010000
21;000010000100000001010000
21;000001100000010000100000
21;100010100000010000100000
21;100010000010000100100000
21;010000000100001000000100
21;101000000100001000000100
21;100010010000010000000100
21;010000100000000010100000
21;000001100000010000001000
21;100010100000010000001000
21;100010010000010000010000
21;000001010000010000010000
21;000100010000010000000100
21;010000010000010000000100
21;000001000100001000100000
21;000100000100001000100000
21;100010100000001000001000
21;000001100000001000001000
21;010000000010000010010000
21;000100000010000010010000
21;000010000001000100010000
21;100100000001000010100000
21;000001000010000010001000
21;100001010000000001001000
21;101000000100010000000100
21;010000010000001000001000
21;000100000010000100001000
21;101000000010010000001000
21;100010000010000010001000
21;000100100000001000000100
21;100001100000000001000100
21;000001000010000010100000
21;010000100000000010001000
21;100001010000000001100000
21;101000000100001000010000
21;100100100000000100000001
21;001000100000000100000001
21;101000000100000100010000
21;100010100000010000000100
21;000001010000010000100000
21;100010010000010000100000
21;110000000100000100000001
21;000001000100010000000100
21;000100000100010000000100
21;100100010000000001000100
21;000010010000000001000100
21;000001100000000010100000
21;000001000100000100100000
21;000100000100000100100000
21;000001100000000010000100
21;000100100000000010000100
21;000010000001000010100000
21;110000000001000010000100
21;001000010000000100000001
21;000100100000001000010000
21;101000000010000010000100
21;010000000010000010000100
21;001000000100010000000001
21;100010010000000100000100
21;100001000001001000010000
21;000001000100001000001000
21;000100000100001000001000
21;100100010000000010000001
21;000001000010001000100000
21;101000010000000100001000
21;000010010000000100000001
21;100001000001010000100000
21;100001000001000010010000
21;100001000010000001010000
21;101000100000001000100000
21;100001000100000001001000
21;100010010000000100001000
21;010000010000000010010000
21;000100010000000010010000
21;000100100000000100001000
21;000001100000000100001000
21;000001000100000100001000
21;000010000001000010010000
21;001000000001000100100000
21;110000010000001000000001
21;000100000010010000000100
21;000001000010010000000100
21;101000000010000010001000
21;010000000010000010001000
21;100100000100010000000001
21;010000010000001000100000
21;110000000001000100001000
21;001000000001000010100000
21;100001000001010000000100
21;100001000001010000010000
21;010000000010001000100000
21;101000000010001000000100
21;010000000010001000000100
21;100001000001000100100000
21;101000000010000100010000
22;100001000010001000010000
22;100001010000010000100000
22;100001100000001000100000
22;000100010000000100000001
22;000100000001000010100000
22;000010000100010000001000
22;000010000010010000001000
22;001000000010010000001000
22;110000000100000100000100
22;110000000100000010000100
22;000010100000000010100000
22;100100000100001000100000
22;110000010000001000100000
22;110000000010010000010000
22;110000100000001000010000
22;110000100000010000000100
22;001000000100000010001000
22;000010000100010000100000
22;000010000010001000010000
22;100100000010001000010000
22;000010000010000100001000
22;000010010000000100000100
22;001000000100000010010000
22;100001000100000010001000
22;100001000010000100100000
22;110000000010001000010000
22;001000000010000100001000
22;100001000010000010010000
22;000001000010000001010000
22;000010000010001000100000
22;001000000010001000100000
22;100001100000001000001000
22;100001100000000100100000
22;110000010000001000001000
22;100100100000000100001000
22;100001000100010000000100
22;110000000100000100100000
22;100001100000000010000100
22;000010010000001000000100
22;001000100000001000010000
22;101000000001000010100000
22;110000100000000100001000
22;100001010000000010001000
22;000010000010000100100000
22;110000000100001000000100
22;001000000010010000000100
22;100001010000010000001000
22;110000100000000100100000
22;010000100000000100000001
22;100001000010010000000100
22;100001100000010000010000
22;000010010000000100001000
22;010000010000000100000001
22;100100000010010000000100
22;010000000100010000000001
22;110000100000000100000100
22;000010010000000010001000
22;100100010000000010001000
22;100001000010000100001000
22;000100000100000001010000
22;000001000100000001010000
22;000100000001000100010000
22;000010100000010000000100
22;000001000001000100010000
22;100100000100000100100000
22;001000000100000100100000
22;110000010000010000000100
22;000010100000001000010000
22;010000000001000100100000
22;001000000100001000001000
22;110000000010001000001000
22;001000100000000010001000
22;000010100000000010001000
22;101000000001000100100000
22;001000010000000100010000
22;100100100000000100100000
22;001000100000000100100000
22;001000100000000010010000
22;001000000010000100010000
22;100100010000001000000100
22;110000000010010000100000
22;000010010000000100010000
22;110000000010000100100000
22;000001010000000001000100
22;001000000100010000000100
22;101000100000000100000001
22;100001010000000010010000
22;000010000100001000010000
22;100100000010010000010000
22;000010000010010000010000
22;110000000100000010100000
22;100100000010000010010000
22;000010000010000010010000
22;110000010000000010010000
22;000010000100010000010000
22;110000000100001000100000
22;001000100000000010100000
22;100010000001000010100000
22;000010100000000100010000
22;100100000010010000100000
22;000010000010010000100000
22;000001000001000010010000
22;110000000010000010001000
22;110000000010001000000100
22;001000010000001000000100
22;100001000010010000001000
22;110000010000000010100000
22;110000000010000100000100
22;000010010000001000001000
22;100001100000000100000100
22;001000000100001000010000
22;100001100000010000100000
22;000010000010000010100000
22;000010010000010000000100
22;100001000100000100001000
22;100100100000000010000100
22;001000100000000010000100
22;001000000010000010100000
22;110000000010000010000100
22;100001000100000100100000
22;100001000010010000010000
22;001000000100000100010000
22;110000000010000010010000
22;100001100000000010010000
22;100100010000010000000100
22;100010000010000001010000
22;001000100000000100001000
22;001000000100010000010000
22;001000010000000100001000
22;100001000100000010100000
22;001000000100001000100000
22;001000000100010000100000
22;110000010000000010001000
22;100100000100010000000100
22;000010000100000100010000
22;100100100000000100000100
22;001000100000000100000100
22;001000010000000100000100
22;100001100000010000001000
22;010000000001000100010000
22;000010010000000100100000
22;100001010000010000010000
22;000010010000001000100000
22;100100100000010000000100
22;001000000100010000001000
22;110000010000001000010000
22;110000100000001000000100
22;001000100000001000000100
22;000010100000001000000100
22;100001000010010000100000
22;001000010000000010000100
22;110000100000000010010000
22;100001000100001000001000
22;110000100000000010000100
22;000010010000001000010000
22;100001010000000010100000
22;000010010000000010000100
22;001000000100000100001000
22;100100000100010000001000
22;100001000100001000100000
22;100100010000000010010000
22;000010010000000010010000
22;100001100000000100001000
22;100010000001000010010000
23;000100000100010000010000
23;000001000100010000010000
23;100010010000001000010000
23;000001010000001000010000
23;101000000100001000100000
23;010000000100001000100000
23;101000000010000010100000
23;000100000010000010100000
23;000001000010000100001000
23;010000100000000100100000
23;000100010000000100010000
23;000001010000000100010000
23;010000100000000010000100
23;101000100000000010000100
23;100100000100000001010000
23;010000010000001000000100
23;000100010000001000000100
23;000001000010000100100000
23;101000010000000100100000
23;000001000010010000010000
23;100010000010010000010000
23;000100010000000100001000
23;010000010000000100001000
23;101000100000000100100000
23;100010000100000010100000
23;000100000100010000001000
23;010000000100010000001000
23;101000100000000100010000
23;101000100000000100001000
23;010000100000000100001000
23;010000010000000100000100
23;000100010000000100000100
23;000001000010000010010000
23;010000000100000100001000
23;101000000100000100001000
23;110000000100010000000001
23;000001000010010000001000
23;100010000010010000001000
23;000100010000000010000100
23;010000010000000010000100
23;101000000100001000001000
23;010000000100001000001000
23;000100000100010000100000
24;110000010000001000000100
24;110000010000000010000100
24;100100010000000100001000
23;100010000010010000100000
23;000001010000000100000100
24;100001010000000100000100
24;100100000100010000100000
23;100010000010000010100000
23;000001010000010000000100
24;100001010000010000000100
23;100010100000000010001000
23;100010010000000010010000
24;100100000010000010100000
23;100010000100000010010000
24;000010000100000010010000
23;101000000100000100100000
23;101000100000000010100000
23;010000000100010000000100
24;110000000100010000000100
23;010000100000001000010000
23;000001010000000010001000
23;010000000010000100001000
24;110000000010000100001000
23;000001000100010000100000
24;100001000100010000100000
23;010000100000000100000100
23;110000000001000100010000
24;110000100000000100010000
23;000100010000000100100000
24;100100010000000100100000
23;010000000010000100010000
24;110000000010000100010000
23;101000000010001000100000
23;100001000001000100010000
24;100001000010000100010000
24;110000000100001000001000
24;110000000100010000100000
23;010000000100000100100000
23;000001000100010000001000
24;100001000100010000001000
24;100100010000000010000100
23;100010000010001000100000
23;000001010000000010000100
24;100001010000000010000100
23;100001010000000001000100
24;100001010000000010000100
23;000100000100000100010000
24;100100000100000100010000
23;100010010000000010001000
24;110000010000000100001000
23;010000000100010000010000
24;110000000100010000010000
24;100100010000000100010000
23;000001100000010000000100
24;100001100000010000000100
23;000100100000000010010000
24;000010100000000010010000
23;010000100000001000000100
23;101000010000000010100000
24;001000010000000010100000
23;000001100000001000010000
24;100001100000001000010000
24;001000100000000100010000
24;100100000100001000010000
23;000001010000001000001000
24;100001010000001000001000
23;010000010000000100010000
24;110000010000000100010000
24;001000010000000100100000
23;000100100000000010100000
24;100100100000000010100000
23;010000100000000010010000
24;100100000100010000010000
23;000001010000001000000100
24;100001010000001000000100
23;000100000100001000010000
24;100100000100001000010000
23;110000010000000100000001
24;110000010000000100100000
24;110000000100010000001000
23;010000000100000010010000
24;110000000100000010010000
23;010000000100001000010000
24;110000000100001000010000
23;010000100000001000010000
23;000001100000001000000100
24;100001100000001000000100
24;100001010000000100010000
24;110000010000000100000100
23;010000010000000010100000
24;001000010000000010100000
23;000001000010001000010000
24;100001000100010000010000
24;110000000100000100001000
23;000001010000001000100000
24;100001010000001000100000
23;000100100000000100010000
24;100100100000000100010000
23;000001010000000010100000
24;000010010000000010100000
23;100010000010000010010000
24;100100010000000100000100
23;100010000010001000010000
24;100001010000001000010000
23;100100010000000100000001
24;100100010000000100001000
23;010000000100000010100000
24;001000000100000010100000
23;010000100000001000000100
23;000100000100000100010000
24;100100000100000100010000
23;101000100000000010001000
23;010000000010010000001000
24;110000000010010000001000
23;101000100000000100000100
23;010000000010010000000100
24;110000000010010000000100
23;010000000010000100100000
24;001000000010000100100000
23;000001010000000100001000
24;100001010000000100001000
23;100010000010000100010000
24;000010000010000100010000
23;000001000010010000100000
23;000001100000000010010000
24;000010100000000010010000
23;000001000100000010100000
24;000010000100000010100000
23;000001010000000010010000
23;000100000010000100100000
24;100100000010000100100000
23;101000000100000010001000
23;100001000100000001010000
24;100001000100000010010000
24;000010000100000010100000
23;010000000100010000100000
24;110000000100010000100000
23;010000000100000100100000
23;010000100000000100000100
23;010000100000001000000100
23;000001100000001000010000
24;100001100000001000010000
23;000001000010001000010000
23;010000100000000010010000
23;010000100000000010010000
23;100010000010001000100000
23;010000000100000010001000
24;110000000100000010001000
23;000001010000000010000100
24;100001010000000010000100
23;100001000001000100010000
24;100001000010000100010000
23;000001010000001000001000
24;100001010000001000001000
23;101000100000000010100000
23;101000010000000010100000
24;001000010000000010100000
24;110000000100010000100000
23;000001010000000010010000
23;000001100000010000000100
24;100001100000010000000100
23;000001010000000100001000
24;100001010000000100001000
24;100100010000000100000100
23;010000000100000100100000
23;000100000100000010010000
24;100100000100000010010000
24;110000010000000100000100
23;100010010000000010001000
23;000001010000000100000100
24;100001010000000100000100
23;100010000100000010010000
24;000010000100000010010000
23;100010100000000010100000
23;000001100000001000000100
24;100001100000001000000100
23;110000000001000100010000
24;110000100000000100010000
23;101000100000000010001000
24;100001010000001000010000
24;001000100000000100010000
23;100001000100000001010000
24;100001000100000010010000
23;000001100000000010010000
24;000010100000000010010000
24;110000000100001000001000
24;100100000100001000010000
23;100010000010010000100000
23;010000000100010000010000
24;110000000100010000010000
23;100001010000000001000100
24;100001010000000010000100
24;110000010000000100001000
23;010000000010000100100000
24;001000000010000100100000
24;110000010000000010000100
23;100010000010000100010000
24;000010000010000100010000
23;010000100000001000010000
23;010000000100001000010000
24;110000000100001000010000
24;110000000100010000001000
23;000100010000000100100000
24;100100010000000100100000
23;000001000100010000001000
24;100001000100010000001000
24;100001000100010000010000
23;010000000010000100001000
24;110000000010000100001000
23;110000010000000100000001
24;110000010000000100100000
24;100100000100010000100000
23;100100010000000100000001
24;100100010000000100001000
23;000001010000000010010000
23;000001010000010000000100
24;100001010000010000000100
23;010000010000000100010000
24;110000010000000100010000
23;000001000100010000100000
24;100001000100010000100000
23;000100000010000100100000
24;001000000010000100100000
23;000001000100000010100000
24;000010000100000010100000
24;110000010000001000000100
24;110000000100000100001000
24;100001010000000100010000
23;010000100000000100000100
23;010000100000001000010000
23;100010010000001000100000
23;000001000100001000010000
24;100001000100001000010000
23;100010000010000010100000
24;100100000010000010100000
23;000001010000000010001000
24;100100000100010000010000
23;000100000010000100010000
24;100100000010000100010000
23;100010000010000010010000
23;000100100000000100010000
24;100100100000000100010000
23;000001000010001000010000
23;010000000100010000100000
24;110000000100010000100000
23;000001010000001000000100
24;100001010000001000000100
23;010000000100000100010000
24;110000000100000100010000
23;000001010000000010100000
24;000010010000000010100000
23;010000000100010000000100
24;110000000100010000000100
23;010000000100000010100000
24;001000000100000010100000
23;010000000010010000001000
24;110000000010010000001000
23;000100000100000100010000
24;100100000100000100010000
23;101000100000001000000100
23;100010100000000010001000
23;010000000010010000000100
24;110000000010010000000100
24;100100010000000100001000
24;001000010000000100100000
24;100100010000000100010000
24;100100010000000010000100
23;000001000010010000100000
23;101000000010001000100000
23;010000010000000010100000
24;001000010000000010100000
24;000010000100000010100000
23;100010000010000010010000
23;100001010000000001000100
24;100001010000000010000100
23;000001100000000100010000
24;100001100000000100010000
23;010000100000000100000100
23;101000100000001000000100
23;000001010000001000000100
24;100001010000001000000100
24;110000000100000100001000
23;000001100000001000010000
24;100001100000001000010000
24;100100000100001000010000
24;110000010000001000000100
24;100100000100010000100000
23;000001010000000100000100
24;100001010000000100000100
23;000001000010001000010000
24;100100000100010000010000
23;000001010000001000100000
24;100001010000001000100000
24;000010000100000010100000
23;101000000100000010001000
23;000100000010000100100000
24;001000000010000100100000
23;000001000100010000100000
24;100001000100010000100000
24;110000000100001000001000
23;000001000010001000010000
23;000001010000000010010000
24;100100010000000100000100
23;010000000010010000000100
24;110000000010010000000100
23;100001000100000001010000
24;100001000100000010010000
24;110000010000000100001000
23;010000000100000010100000
24;001000000100000010100000
23;000001000100000010100000
24;000010000100000010100000
23;010000000100000100010000
24;110000000100000100010000
24;100001010000001000010000
24;001000100000000100010000
23;101000100000000010100000
23;000100100000000010010000
24;100100100000000010010000
24;100001000100010000010000
23;110000010000000100000001
24;110000010000000100100000
23;101000010000000010100000
24;001000010000000010100000
23;010000100000001000000100
23;100001000001000100010000
24;100001000010000100010000
23;010000000100000100100000
23;010000000100010000100000
24;110000000100010000100000
23;000001010000000010000100
24;100001010000000010000100
23;101000000010001000100000
24;110000010000000100000100
23;101000100000000100000100
23;010000100000001000010000
23;010000010000000010100000
24;001000010000000010100000
23;100010000010000010100000
23;000001100000001000000100
24;100001100000001000000100
23;010000100000000010010000
24;100100010000000100010000
24;001000010000000100100000
24;110000010000000010000100
23;010000000010010000001000
24;110000000010010000001000
23;100010100000000010001000
23;101000000010000100001000
23;010000000100000010010000
24;110000000100000010010000
24;110000000100010000100000
23;000001010000000010001000
23;000001000010010000100000
23;000100000100001000010000
24;100100000100001000010000
24;100100010000000100001000
23;000001100000000010010000
24;000010100000000010010000
23;000001000100001000010000
24;100001000100001000010000
23;010000000010000100100000
24;001000000010000100100000
23;000001000010010000100000
23;000001000100010000001000
24;100001000100010000001000
23;000001010000000100001000
24;100001010000000100001000
23;100100010000000100000001
24;100100010000000100001000
23;000001010000000010001000
23;010000000010000100010000
24;110000000010000100010000
23;000001010000000100100000
24;100001010000000100100000
24;110000000100010000001000
23;100010100000000010100000
23;100010000010000100010000
24;000010000010000100010000
24;100100010000000010000100
23;010000000100010000010000
24;110000000100010000010000
23;000001010000001000001000
24;100001010000001000001000
24;100100000010000010100000
23;000001100000010000000100
24;100001100000010000000100
23;100010000100000010010000
24;000010000100000010010000
23;000001010000000010100000
24;000010010000000010100000
23;100010000010001000100000
23;010000000100010000000100
24;110000000100010000000100
23;101000100000000010001000
23;000100000100000100010000
24;100100000100000100010000
23;000001010000010000000100
24;100001010000010000000100
24;100001010000000100010000
23;110000000001000100010000
24;110000100000000100010000
23;010000000100000100100000
23;010000010000000100010000
24;110000010000000100010000
23;000001010000000010010000
23;010000100000001000010000
23;100010000100000010010000
24;000010000100000010010000
23;010000000100000010100000
24;001000000100000010100000
23;100010000010000010010000
23;000001000100000100010000
24;100001000100000100010000
23;010000000100010000100000
24;110000000100010000100000
24;100100000100010000010000
23;010000000010000100001000
24;110000000010000100001000
23;000001100000001000000100
24;100001100000001000000100
23;010000010000000100010000
24;110000010000000100010000
24;100100010000000100010000
23;100010000010001000010000
23;000100010000000100100000
24;001000010000000100100000
24;110000010000000100000100
23;101000100000001000000100
23;000001010000000100000100
24;100001010000000100000100
24;110000000100001000001000
24;100100000010000010100000
23;000001100000001000010000
24;100001100000001000010000
23;010000000100000100100000
24;001000010000000100100000
23;010000000100000100100000
24;100100000100001000010000
23;000001010000000010010000
24;100100010000000100001000
23;100010000010010000100000
23;100001010000000001000100
24;100001010000000010000100
23;000001000100000010100000
24;000010000100000010100000
23;000001010000000100001000
24;100001010000000100001000
23;100010010000001000001000
23;100010000010001000100000
23;000001000010001000010000
23;010000100000001000010000
24;100100010000000010000100
23;010000010000000010100000
24;001000010000000010100000
23;000100100000000010010000
24;000010100000000010010000
24;100001000100010000010000
23;010000000010010000000100
24;110000000010010000000100
24;000010000100000010100000
24;100100010000000100000100
23;101000000100000010001000
24;110000000100000100001000
23;000001010000000010010000
23;010000000010000100010000
24;110000000010000100010000
23;100100010000000100000001
24;100100010000000100001000
23;010000000100010000000100
24;110000000100010000000100
23;100010000010000100010000
24;000010000010000100010000
23;101000010000000010100000
24;001000010000000010100000
23;000001000010010000100000
23;000001010000000010100000
24;000010010000000010100000
24;100001010000000100010000
23;010000100000000010010000
23;000100100000000010100000
24;100100100000000010100000
23;010000000100001000010000
24;110000000100001000010000
24;110000010000000100001000
23;100010000010000010100000
23;000001000100010000001000
24;100001000100010000001000
23;110000000001000100010000
24;110000100000000100010000
23;010000100000000100000100
24;110000000100010000001000
23;000100000100000100010000
24;100100000100000100010000
23;000001010000001000100000
24;100001010000001000100000
23;000100100000000100010000
24;001000100000000100010000
23;010000100000000100000100
24;001000100000000100010000
23;010000100000001000000100
23;000100000100000010010000
24;000010000100000010010000
23;100010100000000010100000
23;010000000010000100100000
24;001000000010000100100000
23;010000100000001000010000
23;000100000010000100100000
24;100100000010000100100000
24;110000010000000010000100
23;101000000010001000100000
23;100001000001000100010000
24;100001000010000100010000
23;000100000100001000010000
24;100100000100001000010000
24;110000000100010000100000
23;000001010000010000000100
24;100001010000010000000100
23;000001100000010000000100
24;100001100000010000000100
23;000001010000000010000100
24;100001010000000010000100
23;000001100000000010010000
24;000010100000000010010000
23;110000010000000100000001
24;110000010000000100100000
23;000001010000000010001000
23;000001010000001000000100
24;100001010000001000000100
23;010000000100010000010000
24;110000000100010000010000
23;101000100000000010001000
23;100001000100000001010000
24;100001000100000010010000
24;100001010000001000010000
24;110000010000001000000100
24;100100000100010000100000
23;010000000010010000001000
24;110000000010010000001000
23;000001000100010000100000
24;100001000100010000100000
23;100010010000000010001000
23;100010100000000010001000
24;001000010000000100100000
23;010000100000000010010000
23;010000100000001000000100
23;010000100000001000010000
24;100001000100010000010000
24;100100010000000010000100
23;100010100000001000010000
23;101000010000000010100000
24;001000010000000010100000
23;000001000100010000100000
24;100001000100010000100000
23;010000000100010000100000
24;110000000100010000100000
23;100010000010000010100000
23;000001000010010000100000
24;100100000100001000010000
23;000001100000000010010000
24;000010100000000010010000
23;000001010000010000000100
24;100001010000010000000100
23;010000000010000100100000
24;001000000010000100100000
23;010000100000000010010000
23;100010000010001000010000
23;010000000100000010001000
24;110000000100000010001000
24;110000000100000100001000
23;100001000001000100010000
24;100001000010000100010000
23;000001010000000010010000
23;010000000100000100100000
23;000100000010000100100000
24;100100000010000100100000
23;000001000010010000100000
23;000100100000000010100000
24;100100100000000010100000
23;110000000001000100010000
24;110000100000000100010000
23;100100010000000100000001
24;100100010000000100001000
23;101000000010000100001000
23;110000010000000100000001
24;110000010000000100100000
23;100010000010001000100000
23;000001100000010000000100
24;100001100000010000000100
23;010000000100001000010000
24;110000000100001000010000
24;100001010000000100010000
23;010000000100010000000100
24;110000000100010000000100
23;000001010000000010000100
24;100001010000000010000100
23;000100000100001000010000
24;100100000100001000010000
23;010000000010010000000100
24;110000000010010000000100
23;000001010000001000100000
24;100001010000001000100000
24;100100000100010000100000
23;010000000010010000001000
24;110000000010010000001000
23;000100100000000100010000
24;100100100000000100010000
24;110000000100010000001000
23;000001010000000010001000
24;110000000100010000100000
23;101000000010001000100000
23;100001010000000001000100
24;100001010000000010000100
23;010000010000000100010000
24;110000010000000100010000
23;010000100000000100000100
24;100100000100010000010000
23;010000000100000010100000
24;001000000100000010100000
23;010000000100000100010000
24;110000000100000100010000
23;000100010000000100100000
24;001000010000000100100000
23;000001010000000010100000
24;000010010000000010100000
23;010000010000000010100000
24;001000010000000010100000
24;100100010000000100000100
23;010000100000000100000100
24;110000010000001000000100
23;100001000100000001010000
24;100001000100000010010000
23;100010000010000010010000
24;100100000010000010100000
23;000001100000001000000100
24;100001100000001000000100
24;110000010000000010000100
24;100100010000000100010000
23;010000100000001000010000
23;000100000100000010010000
24;000010000100000010010000
23;010000000100010000010000
24;110000000100010000010000
23;000100100000000010100000
24;100100100000000010100000
23;100010100000000010001000
23;000001010000001000001000
24;100001010000001000001000
24;000010000100000010100000
23;100010000010000100010000
24;000010000010000100010000
23;000001010000001000000100
24;100001010000001000000100
23;000001000010001000010000
23;000001000100010000001000
24;100001000100010000001000
23;101000100000000010001000
24;001000100000000100010000
23;010000100000001000000100
24;110000000100001000001000
23;000001000100000010100000
24;000010000100000010100000
23;000001010000000100001000
24;100001010000000100001000
23;101000000100000100100000
23;000100000010000100010000
24;100100000010000100010000
23;000001000100000100010000
24;100001000100000100010000
23;000001010000000010001000
24;110000010000000100001000
24;100001010000001000010000
24;110000010000000100000100
23;100010000100000010010000
24;000010000100000010010000
23;000001010000000010010000
23;000001010000000100000100
24;100001010000000100000100
24;100100010000000100001000
23;010000000100010000010000
24;110000000100010000010000
24;110000010000000100001000
24;100100010000000100010000
23;010000000100000100100000
24;100100010000000100000100
24;000010000100000010100000
23;101000000010001000100000
23;000001100000001000000100
24;100001100000001000000100
23;000001010000000010010000
24;110000000100010000100000
23;000001010000000010000100
24;100001010000000010000100
23;000100000010000100100000
24;100100000010000100100000
24;100100010000000010000100
23;110000000001000100010000
24;110000100000000100010000
23;000001000100000010100000
24;000010000100000010100000
23;100001010000000001000100
24;100001010000000010000100
23;010000100000000010010000
23;000001000100010000001000
24;100001000100010000001000
23;000001010000010000000100
24;100001010000010000000100
23;000001010000000100100000
24;100001010000000100100000
23;010000000100001000010000
24;110000000100001000010000
24;100100000010000010100000
23;010000000100010000100000
24;110000000100010000100000
24;100001010000001000010000
23;010000000010000100001000
24;110000000010000100001000
23;100010000010000010010000
23;000001010000001000001000
24;100001010000001000001000
23;000001010000000100001000
24;100001010000000100001000
23;000001010000000010100000
24;000010010000000010100000
23;100010010000000010010000
23;010000100000001000010000
23;000001010000001000100000
24;100001010000001000100000
23;010000100000000100000100
23;010000000100000010001000
24;110000000100000010001000
23;000100100000000100010000
24;001000100000000100010000
23;010000100000000010010000
23;000001000010001000010000
23;000001000100000100010000
24;100001000100000100010000
23;000001010000000010001000
23;010000100000001000010000
23;100010000010010000100000
24;100100000100001000010000
23;100010100000000010001000
23;000100100000000010100000
24;100100100000000010100000
23;100010000010000010100000
24;001000010000000100100000
23;000001000010001000010000
23;101000100000000010001000
23;010000100000001000000100
24;110000010000001000000100
23;000100100000000010100000
24;100100100000000010100000
23;010000010000000100010000
24;110000010000000100010000
23;100010000100000010010000
24;000010000100000010010000
23;010000000100010000000100
24;110000000100010000000100
24;100001000100010000010000
23;000001100000000010010000
24;000010100000000010010000
23;010000000100000010010000
24;110000000100000010010000
23;101000100000000100000100
23;000001100000001000010000
24;100001100000001000010000
23;010000000010000100010000
24;110000000010000100010000
23;000001010000000100000100
24;100001010000000100000100
24;110000000100001000001000
24;100001010000000100010000
23;000001000100010000100000
24;100001000100010000100000
23;000001100000010000000100
24;100001100000010000000100
23;110000010000000100000001
24;110000010000000100100000
23;100010000010000100010000
24;000010000010000100010000
23;000001010000000010001000
24;110000010000000010000100
24;100100000100010000100000
24;001000100000000100010000
23;000001000010010000100000
24;100100010000000100001000
24;110000010000000100000100
23;010000100000001000000100
23;000001000100001000010000
24;100001000100001000010000
23;010000010000000010100000
24;001000010000000010100000
23;100010000010001000100000
24;110000000100000100001000
23;000001010000001000000100
24;100001010000001000000100
23;010000000100000010100000
24;001000000100000010100000
23;010000000010000100100000
24;001000000010000100100000
23;010000000010010000000100
24;110000000010010000000100
24;110000000100010000001000
24;100100000100010000010000
23;101000010000000010100000
24;001000010000000010100000
23;010000000010010000001000
24;110000000010010000001000
23;100001000001000100010000
24;100001000010000100010000
23;101000000100000100100000
23;100001000100000001010000
24;100001000100000010010000
23;000100000100000100010000
24;100100000100000100010000
23;100100010000000100000001
24;100100010000000100001000
23;101000000010001000100000
23;010000100000000100000100
24;110000010000000100000100
24;100001010000001000010000
23;010000000100010000010000
24;110000000100010000010000
23;000001010000010000000100
24;100001010000010000000100
23;101000100000000100000100
23;000001100000001000010000
24;100001100000001000010000
23;010000100000001000010000
23;100010000010001000010000
23;000100000100001000010000
24;100100000100001000010000
23;000001010000000100000100
24;100001010000000100000100
23;100001000001000100010000
24;100001000010000100010000
23;010000000010010000000100
24;110000000010010000000100
23;000001010000000010100000
24;000010010000000010100000
23;101000000100000010001000
23;100010010000000010010000
23;000001010000000010001000
23;000001100000010000000100
24;100001100000010000000100
24;100100010000000010000100
23;010000000010010000001000
24;110000000010010000001000
23;000001010000001000100000
24;100001010000001000100000
23;000100100000000100010000
24;100100100000000100010000
23;000100000100000100010000
24;100100000100000100010000
24;110000000100010000100000
23;000001010000000100100000
24;100001010000000100100000
24;110000010000001000000100
23;000100000010000100100000
24;100100000010000100100000
23;010000000100000100100000
23;000001000010010000100000
23;101000010000000010100000
24;001000010000000010100000
23;100010000010000010010000
23;100100010000000100000001
24;100100010000000100001000
23;010000000100000100100000
24;100100010000000100001000
23;010000100000000010010000
23;100010000010001000100000
23;000001010000000100001000
24;100001010000000100001000
23;010000000100010000000100
24;110000000100010000000100
23;000100100000000010100000
24;100100100000000010100000
23;010000000100000100010000
24;110000000100000100010000
24;100001010000000100010000
23;010000000010000100100000
24;001000000010000100100000
24;110000000100010000001000
24;100001000100010000010000
23;000001100000000010010000
24;000010100000000010010000
23;000001000010001000010000
24;110000000100000100001000
24;001000100000000100010000
23;000100000010000100010000
24;100100000010000100010000
23;000001010000001000000100
24;100001010000001000000100
24;110000010000000100001000
23;010000100000001000010000
23;100010000010000100010000
24;000010000010000100010000
23;100001000100000001010000
24;100001000100000010010000
23;010000010000000010100000
24;001000010000000010100000
23;110000010000000100000001
24;110000010000000100100000
23;101000000010000100001000
23;010000000100010000100000
24;110000000100010000100000
23;010000000100000010100000
24;001000000100000010100000
23;010000100000001000000100
23;000100100000000010100000
24;100100100000000010100000
23;000100100000000010010000
24;100100100000000010010000
23;100010000100000010010000
24;000010000100000010010000
23;100010100000000010001000
23;000001100000001000000100
24;100001100000001000000100
23;000001000100010000100000
24;100001000100010000100000
23;100010010000001000001000
24;100100000100001000010000
23;101000100000000010001000
24;100100000010000010100000
23;010000000100000010010000
24;110000000100000010010000
24;100100000100010000010000
24;100100010000000100010000
24;100100000100010000100000
23;010000010000000100010000
24;110000010000000100010000
23;110000000001000100010000
24;110000100000000100010000
23;000001010000000010001000
23;000001010000000010010000
23;100010000010000010100000
23;000001000100010000001000
24;100001000100010000001000
24;000010000100000010100000
24;110000010000000010000100
24;110000000100001000001000
23;000001000100000010100000
24;000010000100000010100000
23;010000100000001000000100
23;010000000100001000010000
24;110000000100001000010000
23;000001010000000010000100
24;100001010000000010000100
23;100001010000000001000100
24;100001010000000010000100
24;001000010000000100100000
24;100100010000000100000100
23;000001000010010000100000
23;000001010000000100001000
24;100001010000000100001000
23;100001010000000001000100
24;100001010000000010000100
23;000001000100000100010000
24;100001000100000100010000
24;001000100000000100010000
23;000001010000000010000100
24;100001010000000010000100
23;000001010000001000000100
24;100001010000001000000100
24;110000000100000100001000
23;101000010000000010100000
24;001000010000000010100000
24;100100000100001000010000
23;010000100000000010010000
23;000001010000000010010000
23;100010000010000100010000
24;000010000010000100010000
24;100001010000001000010000
23;101000000010001000100000
23;100001000001000100010000
24;100001000010000100010000
24;110000000100010000001000
23;100010000010001000100000
23;000001100000000100010000
24;100001100000000100010000
23;101000100000000010001000
24;001000010000000100100000
23;101000100000001000000100
24;110000010000001000000100
24;000010000100000010100000
23;000001010000000010001000
23;000100100000000010010000
24;000010100000000010010000
23;110000010000000100000001
24;110000010000000100100000
24;100100010000000010000100
24;110000000100001000001000
23;000100000100000010010000
24;000010000100000010010000
23;010000000100000010001000
24;110000000100000010001000
24;100100010000000100010000
23;000001010000000010001000
23;010000000010010000000100
24;110000000010010000000100
23;000001100000001000000100
24;100001100000001000000100
23;100010010000001000100000
24;100100000010000010100000
23;100100010000000100000001
24;100100010000000100001000
23;000001010000000100000100
24;100001010000000100000100
23;101000000100000100100000
23;110000000001000100010000
24;110000100000000100010000
23;010000000100000010100000
24;001000000100000010100000
24;100001000100010000010000
23;000100000100000100010000
24;100100000100000100010000
23;100001000100000001010000
24;100001000100000010010000
23;000001100000001000010000
24;100001100000001000010000
23;000100000010000100100000
24;001000000010000100100000
23;100010000010000010100000
23;000001010000001000001000
24;100001010000001000001000
24;100001010000000100010000
23;000001010000010000000100
24;100001010000010000000100
23;101000000010000100001000
23;000001000100000010100000
24;000010000100000010100000
23;010000100000000100000100
24;100100000100010000100000
23;000001000100010000001000
24;100001000100010000001000
23;010000010000000010100000
24;001000010000000010100000
23;000001010000000010100000
24;000010010000000010100000
23;010000100000001000010000
24;110000010000000100001000
23;101000100000000010100000
23;100010000100000010010000
24;000010000100000010010000
24;100100010000000100001000
23;100010100000000010100000
24;100100000100010000010000
23;100010100000000010001000
23;000100000010000100010000
24;000010000010000100010000
23;000001000010001000010000
23;000001010000000010010000
23;010000100000000100000100
24;110000010000000010000100
23;010000000100000100100000
23;000001000010001000010000
23;010000000010000100100000
24;001000000010000100100000
23;100010000010010000100000
23;010000000100010000000100
24;110000000100010000000100
23;000001100000010000000100
24;100001100000010000000100
23;010000010000000100010000
24;110000010000000100010000
23;000001000010010000100000
23;000100000100001000010000
24;100100000100001000010000
23;010000000010010000001000
24;110000000010010000001000
23;010000100000001000010000
23;010000000100010000100000
24;110000000100010000100000
23;000001100000000010010000
24;000010100000000010010000
23;000001010000000100100000
24;100001010000000100100000
24;110000010000000100000100
23;000001000100010000100000
24;100001000100010000100000
23;010000000100010000010000
24;110000000100010000010000
23;100010000010000010010000
24;100100010000000100000100
23;010000000100001000010000
24;110000000100001000010000
24;110000000100010000100000
23;010000100000001000000100
23;000100100000000010100000
24;100100100000000010100000
24;100100000100010000010000
23;101000000010000100001000
24;110000010000000100001000
24;100100010000000100001000
23;000100100000000010100000
24;100100100000000010100000
23;010000100000001000010000
23;100010000100000010010000
24;000010000100000010010000
23;010000100000001000000100
23;000001010000000010010000
23;010000000100010000000100
24;110000000100010000000100
23;010000000010010000001000
24;110000000010010000001000
23;100001010000000001000100
24;100001010000000010000100
23;000001100000000100010000
24;100001100000000100010000
23;000001000100010000100000
24;100001000100010000100000
23;010000000100000010001000
24;110000000100000010001000
23;000001010000000010001000
23;010000100000000010010000
24;110000000100010000100000
23;100010000010000100010000
24;000010000010000100010000
23;100010100000000010001000
24;110000000100001000001000
24;100100010000000100000100
24;001000010000000100100000
24;100100000100010000100000
23;101000100000001000000100
23;010000000100010000010000
24;110000000100010000010000
23;010000010000000100010000
24;110000010000000100010000
23;000001010000010000000100
24;100001010000010000000100
24;100100000010000010100000
24;001000100000000100010000
23;000001010000000010100000
24;000010010000000010100000
23;000001000100001000010000
24;100001000100001000010000
23;010000000010000100100000
24;001000000010000100100000
23;110000000001000100010000
24;110000100000000100010000
23;101000010000000010100000
24;001000010000000010100000
23;000100000100000010010000
24;000010000100000010010000
23;000001000100000100010000
24;100001000100000100010000
23;101000100000000100000100
24;110000010000000100000100
24;110000010000000010000100
23;100010000010001000100000
23;100010000010010000100000
23;000100010000000100100000
24;001000010000000100100000
23;010000000010010000000100
24;110000000010010000000100
23;100010000010000010100000
23;010000100000000100000100
23;000001010000001000000100
24;100001010000001000000100
23;000001000100010000001000
24;100001000100010000001000
24;110000000100000100001000
23;100010010000000010001000
23;000001100000001000010000
24;100001100000001000010000
23;000001010000000100000100
24;100001010000000100000100
23;000001000010001000010000
23;100010000010000010010000
23;000001010000000010000100
24;100001010000000010000100
23;000001010000001000001000
24;100001010000001000001000
23;000001010000000100001000
24;100001010000000100001000
23;000001010000000010010000
23;101000000100000100100000
23;010000000010000100010000
24;110000000010000100010000
23;100010010000001000100000
23;000001100000010000000100
24;100001100000010000000100
23;000100000010000100100000
24;001000000010000100100000
24;100001010000001000010000
23;010000000100010000100000
24;110000000100010000100000
23;000001000010010000100000
23;010000000100000100010000
24;110000000100000100010000
23;110000010000000100000001
24;110000010000000100100000
23;101000000010001000100000
23;010000000100000010100000
24;001000000100000010100000
23;010000010000000010100000
24;001000010000000010100000
23;000001000010001000010000
23;000100100000000010010000
24;000010100000000010010000
23;100001000100000001010000
24;100001000100000010010000
24;100001000100010000010000
24;000010000100000010100000
24;100001010000000100010000
23;101000100000000010001000
23;010000000100001000010000
24;110000000100001000010000
24;100100010000000010000100
23;000001000100000010100000
24;000010000100000010100000
23;100100010000000100000001
24;100100010000000100001000
24;100100000100001000010000
23;000001100000000010010000
24;000010100000000010010000
23;000001100000001000000100
24;100001100000001000000100
23;010000000100000100100000
24;110000010000001000000100
23;010000100000001000010000
23;100001000001000100010000
24;100001000010000100010000
24;110000000100010000001000
24;100100010000000100010000
24;100100000100010000100000
23;010000000100000100100000
23;010000010000000010100000
24;001000010000000010100000
23;000100000100000100010000
24;100100000100000100010000
24;100100010000000010000100
23;000001000010010000100000
23;010000000100000100100000
24;100100010000000100000100
23;000001000010001000010000
23;000001100000001000010000
24;100001100000001000010000
23;100010000010000010010000
23;100010000010001000010000
24;110000010000000100000100
23;101000000010001000100000
23;101000100000000010001000
23;100010000010000100010000
24;000010000010000100010000
23;010000000100000100010000
24;110000000100000100010000
24;000010000100000010100000
23;100001000100000001010000
24;100001000100000010010000
23;100001000001000100010000
24;100001000010000100010000
23;000001010000000010000100
24;100001010000000010000100
23;000001010000001000100000
24;100001010000001000100000
24;100100000010000010100000
23;100010000010010000100000
23;000001010000000010010000
23;000001010000001000000100
24;100001010000001000000100
23;100001010000000001000100
24;100001010000000010000100
23;000001100000000010010000
24;000010100000000010010000
23;010000000100010000010000
24;110000000100010000010000
23;110000000001000100010000
24;110000100000000100010000
23;100010000100000010010000
24;000010000100000010010000
23;000100000100000010010000
24;000010000100000010010000
23;000100100000000010100000
24;100100100000000010100000
23;000001000100000010100000
24;000010000100000010100000
23;010000000010010000000100
24;110000000010010000000100
23;000001010000000100100000
24;100001010000000100100000
23;000001100000001000000100
24;100001100000001000000100
24;110000000100000100001000
23;100010010000000010010000
23;000001010000000100000100
24;100001010000000100000100
23;000100000100001000010000
24;100100000100001000010000
24;110000000100010000001000
24;001000100000000100010000
23;010000100000001000000100
23;010000100000000010010000
23;101000010000000010100000
24;001000010000000010100000
23;010000000100000010100000
24;001000000100000010100000
23;000001010000010000000100
24;100001010000010000000100
24;100001010000001000010000
23;101000100000000100000100
23;100100010000000100000001
24;100100010000000100001000
23;010000000100010000100000
24;110000000100010000100000
23;010000100000000100000100
24;110000010000000010000100
23;010000000010000100010000
24;110000000010000100010000
24;100001010000000100010000
23;000100100000000100010000
24;001000100000000100010000
23;000001010000000010001000
23;010000010000000100010000
24;110000010000000100010000
23;100010000010000010100000
23;000001000100010000100000
24;100001000100010000100000
23;100010010000001000001000
23;000001010000000010100000
24;000010010000000010100000
23;010000100000001000000100
24;100001000100010000010000
24;110000010000000100001000
24;100100000100010000010000
23;010000000100001000010000
24;110000000100001000010000
23;000001000100010000001000
24;100001000100010000001000
23;010000000010010000001000
24;110000000010010000001000
23;000100100000000010010000
24;000010100000000010010000
24;100100010000000100001000
24;100100010000000100010000
23;101000000100000010001000
23;000001010000000010001000
23;000100100000000010100000
24;100100100000000010100000
23;100010000010001000100000
24;110000010000001000000100
23;000100000010000100100000
24;001000000010000100100000
23;000001010000000100001000
24;100001010000000100001000
24;001000010000000100100000
23;010000100000001000010000
23;010000000100010000000100
24;110000000100010000000100
24;110000000100001000001000
24;110000000100010000100000
23;010000000010000100100000
24;001000000010000100100000
23;010000100000001000010000
23;100010100000000010001000
23;110000010000000100000001
24;110000010000000100100000
24;100100000100001000010000
23;000001100000010000000100
24;100001100000010000000100
23;010000000010000100001000
24;110000000010000100001000
23;100001010000000001000100
24;100001010000000010000100
23;010000000100000010010000
24;110000000100000010010000
23;000001010000000100000100
24;100001010000000100000100
23;000001000100010000100000
24;100001000100010000100000
24;100001000100010000010000
23;100010000010000100010000
24;000010000010000100010000
23;101000100000000100000100
23;101000000100000100100000
23;000100000100000100010000
24;100100000100000100010000
23;100001000100000001010000
24;100001000100000010010000
23;100010000010000010010000
23;000001010000010000000100
24;100001010000010000000100
23;010000000100010000000100
24;110000000100010000000100
24;100100010000000010000100
24;001000100000000100010000
23;010000000010000100100000
24;001000000010000100100000
23;010000000010010000000100
24;110000000010010000000100
24;100100000100010000010000
23;010000100000000010010000
23;010000000100000100100000
23;010000000010010000001000
24;110000000010010000001000
23;010000100000001000000100
23;100100010000000100000001
24;100100010000000100001000
24;001000010000000100100000
23;100010000100000010010000
24;000010000100000010010000
23;000001100000000010010000
24;000010100000000010010000
23;000001010000001000000100
24;100001010000001000000100
23;000001000100010000001000
24;100001000100010000001000
23;100010000010000010100000
23;000001010000000010001000
24;110000010000000010000100
24;110000000100010000001000
23;010000000100010000010000
24;110000000100010000010000
23;000001010000000010100000
24;000010010000000010100000
23;100010010000001000100000
23;100010010000001000001000
23;000100000010000100010000
24;000010000010000100010000
23;100001000001000100010000
24;100001000010000100010000
23;101000000100000010001000
23;010000000100000100010000
24;110000000100000100010000
23;101000000010000100001000
23;000001000100000010100000
24;000010000100000010100000
24;110000000100000100001000
24;110000010000001000000100
23;100010100000001000010000
23;000100010000000100100000
24;001000010000000100100000
23;101000100000001000000100
24;110000000100010000100000
24;100100010000000100010000
24;100001010000001000010000
23;101000100000000010001000
23;000001000010010000100000
24;100100010000000100001000
23;000001010000000010010000
23;010000000100010000100000
24;110000000100010000100000
23;000001010000000100001000
24;100001010000000100001000
23;010000000100001000010000
24;110000000100001000010000
23;100010010000000010010000
23;010000100000000100000100
23;000001100000010000000100
24;100001100000010000000100
23;000001100000000100010000
24;100001100000000100010000
24;100001010000000100010000
23;000100100000000010100000
24;100100100000000010100000
23;000001010000000010001000
23;010000100000001000010000
23;010000000100000010100000
24;001000000100000010100000
23;101000000010001000100000
23;100010000010010000100000
24;110000010000000100001000
23;110000000001000100010000
24;110000100000000100010000
24;000010000100000010100000
23;000001010000000010000100
24;100001010000000010000100
23;000100100000000010100000
24;100100100000000010100000
24;100100000100001000010000
23;000001000010001000010000
23;000001100000001000000100
24;100001100000001000000100
24;100100010000000100000100
24;100100000010000010100000
23;100010000010001000100000
23;010000100000001000010000
23;100010000010001000010000
23;110000010000000100000001
24;110000010000000100100000
24;110000010000000100000100
23;101000010000000010100000
24;001000010000000010100000
23;010000010000000100010000
24;110000010000000100010000
23;000100000010000100100000
24;001000000010000100100000
24;100100000100010000100000
23;010000100000000010010000
23;000001000100001000010000
24;100001000100001000010000
23;100010100000000010001000
23;010000010000000010100000
24;001000010000000010100000
24;110000000100001000001000
23;010000000100000010001000
24;110000000100000010001000
23;000001010000000010001000
23;100100010000000100000001
24;100100010000000100001000
23;100010100000000010001000
23;000100000100000100010000
24;100100000100000100010000
23;100010010000000010010000
23;000001000010001000010000
23;100010000010000010100000
23;100010000010001000100000
23;000100000100000010010000
24;100100000100000010010000
24;100100000100001000010000
24;110000010000000100000100
23;000100000100000100010000
24;100100000100000100010000
23;010000000100010000100000
24;110000000100010000100000
23;000001100000000100010000
24;100001100000000100010000
23;000100100000000010100000
24;100100100000000010100000
24;100100000100010000100000
23;110000000001000100010000
24;110000100000000100010000
23;000001000100010000001000
24;100001000100010000001000
23;000001000100001000010000
24;100001000100001000010000
23;010000000010010000001000
24;110000000010010000001000
23;000001010000000010100000
24;000010010000000010100000
23;100010000010001000010000
23;100001000001000100010000
24;100001000010000100010000
24;100001010000001000010000
23;101000100000001000000100
23;010000000100010000010000
24;110000000100010000010000
23;010000010000000100010000
24;110000010000000100010000
23;000001010000000010000100
24;100001010000000010000100
24;001000100000000100010000
23;000001000100000010100000
24;000010000100000010100000
23;110000010000000100000001
24;110000010000000100100000
24;100001000100010000010000
23;000001010000001000000100
24;100001010000001000000100
23;000100000010000100100000
24;100100000010000100100000
23;010000100000000100000100
23;000001000010010000100000
23;010000010000000010100000
24;001000010000000010100000
23;010000000010000100100000
24;001000000010000100100000
23;101000000010001000100000
24;100100010000000100000100
23;100010000010000010010000
23;100010100000000010100000
23;010000000100000010100000
24;001000000100000010100000
23;000001100000000010010000
24;000010100000000010010000
23;010000000010000100001000
24;110000000010000100001000
23;010000000100000100100000
23;010000000100000100100000
24;110000000100010000100000
23;000100000010000100010000
24;000010000010000100010000
23;100010000100000010010000
24;000010000100000010010000
24;110000000100000100001000
23;000001010000010000000100
24;100001010000010000000100
23;000001010000000010010000
24;100100000100010000010000
24;100100010000000100001000
23;101000010000000010100000
24;001000010000000010100000
23;010000000100001000010000
24;110000000100001000010000
23;100010010000001000100000
23;010000100000001000010000
23;000001010000000100001000
24;100001010000000100001000
24;100001010000000100010000
23;100010010000001000001000
23;100010010000000010001000
23;000100100000000010010000
24;000010100000000010010000
23;100001010000000001000100
24;100001010000000010000100
24;110000010000000010000100
24;100100000010000010100000
23;000001100000010000000100
24;100001100000010000000100
24;001000010000000100100000
23;101000100000000010001000
23;010000100000000010010000
24;110000000100001000001000
24;100100010000000100010000
23;010000000100010000000100
24;110000000100010000000100
24;110000000100010000001000
23;010000100000001000000100
23;010000100000000100000100
23;010000100000001000010000
23;000001100000001000010000
24;100001100000001000010000
24;000010000100000010100000
23;000001100000001000000100
24;100001100000001000000100
23;100001000100000001010000
24;100001000100000010010000
24;110000010000000100001000
23;000001010000000100100000
24;100001010000000100100000
23;000001010000000100000100
24;100001010000000100000100
23;100010000010000100010000
24;000010000010000100010000
24;100100010000000010000100
23;000001000010010000100000
24;110000010000001000000100
23;010000000010010000000100
24;110000000010010000000100
23;000001000100010000100000
24;100001000100010000100000
24;100100010000000100000100
23;101000000010001000100000
23;101000100000000010001000
23;000100010000000100100000
24;001000010000000100100000
23;010000100000000100000100
23;100100010000000100000001
24;100100010000000100001000
23;100010000010000100010000
24;000010000010000100010000
23;000001010000000010010000
24;100100000100010000100000
24;110000010000000010000100
23;100010010000000010001000
23;100010000010000010010000
23;000001100000000010010000
24;000010100000000010010000
23;101000100000001000000100
23;010000100000000010010000
23;010000000100000100100000
23;010000100000001000010000
24;100001010000000100010000
24;110000000100010000100000
23;010000000010000100001000
24;110000000010000100001000
24;000010000100000010100000
23;000001010000000010100000
24;000010010000000010100000
24;110000000100010000001000
23;110000000001000100010000
24;110000100000000100010000
23;000100100000000010100000
24;100100100000000010100000
23;010000000100000010100000
24;001000000100000010100000
24;100001000100010000010000
23;000001010000001000100000
24;100001010000001000100000
23;101000010000000010100000
24;001000010000000010100000
24;110000010000000100001000
23;010000100000001000000100
24;001000100000000100010000
23;010000000010010000000100
24;110000000010010000000100
24;001000010000000100100000
23;010000000100010000000100
24;110000000100010000000100
23;000001010000010000000100
24;100001010000010000000100
23;100010000010001000100000
23;101000000100000010001000
23;000001010000000100000100
24;100001010000000100000100
23;000001010000000010000100
24;100001010000000010000100
24;110000000100000100001000
23;100010000100000010010000
24;000010000100000010010000
23;000001100000010000000100
24;100001100000010000000100
24;100100000010000010100000
23;000001100000001000000100
24;100001100000001000000100
23;000100000100001000010000
24;100100000100001000010000
24;100100010000000100010000
23;000001000100010000100000
24;100001000100010000100000
23;010000000100000100100000
23;000001000010010000100000
23;100010000010010000100000
23;010000010000000010100000
24;001000010000000010100000
24;110000000100001000001000
24;100100010000000010000100
24;110000010000001000000100
23;010000010000000100010000
24;110000010000000100010000
24;100100000100001000010000
23;010000000010000100100000
24;001000000010000100100000
23;010000000100010000010000
24;110000000100010000010000
23;000100000100001000010000
24;100100000100001000010000
24;100100000100010000010000
23;000001010000000100001000
24;100001010000000100001000
24;100100010000000100001000
23;100001010000000001000100
24;100001010000000010000100
23;000100000100000100010000
24;100100000100000100010000
24;110000010000000100000100
23;000100000010000100010000
24;100100000010000100010000
23;000001000010001000010000
23;010000000100000010010000
24;110000000100000010010000
23;000001010000000010010000
24;100001010000001000010000
23;100010100000000010100000
23;100010100000001000010000
23;000100000010000100100000
24;100100000010000100100000
23;100001000100000001010000
24;100001000100000010010000
23;000001000100000010100000
24;000010000100000010100000
23;010000100000001000010000
23;100001000001000100010000
24;100001000010000100010000
23;100010000010000010100000
23;000001000010001000010000
23;010000000100010000100000
24;110000000100010000100000
23;110000010000000100000001
24;110000010000000100100000
23;010000000100000100010000
24;110000000100000100010000
23;101000100000000100000100
23;100010010000001000001000
23;010000000010010000001000
24;110000000010010000001000
23;000001010000001000000100
24;100001010000001000000100
23;000001010000000010001000
23;000001000100010000001000
24;100001000100010000001000
23;000100100000000100010000
24;001000100000000100010000
23;100010100000000010001000
23;000100100000000010010000
24;100100100000000010010000
24;110000000100000100001000
23;000001010000000100000100
24;100001010000000100000100
24;000010000100000010100000
23;100001000001000100010000
24;100001000010000100010000
23;000100000100000100010000
24;100100000100000100010000
23;100001010000000001000100
24;100001010000000010000100
23;010000000100000010100000
24;001000000100000010100000
23;010000010000000100010000
24;110000010000000100010000
23;101000100000000010001000
23;000001010000010000000100
24;100001010000010000000100
23;101000100000000010100000
23;100010000010000010100000
24;100001010000001000010000
24;100100010000000010000100
23;000001000010001000010000
24;110000010000000100001000
23;010000100000001000010000
23;010000000100000010001000
24;110000000100000010001000
24;001000010000000100100000
24;110000010000001000000100
23;010000000010010000000100
24;110000000010010000000100
23;010000100000001000000100
23;000100100000000010100000
24;100100100000000010100000
23;100010000010000100010000
24;000010000010000100010000
23;100010000100000010010000
24;000010000100000010010000
23;010000100000001000010000
23;010000010000000010100000
24;001000010000000010100000
23;000100000010000100100000
24;100100000010000100100000
23;000001010000000010001000
23;000001000100010000100000
24;100001000100010000100000
23;000001100000000100010000
24;100001100000000100010000
23;010000000100000100100000
24;100001000100010000010000
24;100001010000000100010000
23;010000000100010000100000
24;110000000100010000100000
23;101000100000000100000100
23;100010000010000010010000
23;010000100000001000000100
24;100100000100010000100000
24;110000010000000010000100
24;100100010000000100010000
24;100100010000000100001000
23;010000100000000100000100
23;010000000100010000000100
24;110000000100010000000100
23;000001000010010000100000
23;010000000100010000010000
24;110000000100010000010000
24;110000010000000100000100
23;000001010000001000001000
24;100001010000001000001000
23;010000100000000010010000
23;000100000010000100010000
24;000010000010000100010000
23;110000000001000100010000
24;110000100000000100010000
23;000001100000010000000100
24;100001100000010000000100
24;100100000010000010100000
23;101000010000000010100000
24;001000010000000010100000
23;000001100000000010010000
24;000010100000000010010000
23;000001010000000100001000
24;100001010000000100001000
23;000100010000000100100000
24;100100010000000100100000
23;100010010000000010001000
23;100001000100000001010000
24;100001000100000010010000
24;001000100000000100010000
23;010000000010010000001000
24;110000000010010000001000
24;100100000100001000010000
23;100010010000000010010000
23;110000010000000100000001
24;110000010000000100100000
23;000001100000001000010000
24;100001100000001000010000
24;110000000100010000001000
23;000100000100000010010000
24;000010000100000010010000
23;100010000010001000100000
23;000001010000001000100000
24;100001010000001000100000
24;110000000100001000001000
23;100100010000000100000001
24;100100010000000100001000
23;000001010000000010010000
23;000001010000001000000100
24;100001010000001000000100
23;000001100000001000000100
24;100001100000001000000100
24;100100000100010000010000
23;010000100000000010010000
24;100100010000000100000100
23;000001000100000100010000
24;100001000100000100010000
23;010000000100000100100000
23;010000000100001000010000
24;110000000100001000010000
23;000001010000000010000100
24;100001010000000010000100
23;000001010000000010100000
24;000010010000000010100000
23;101000000010000100001000
23;100010100000000010001000
23;000001000100000010100000
24;000010000100000010100000
23;000001000010001000010000
23;000001000100010000001000
24;100001000100010000001000
23;010000000010000100100000
24;001000000010000100100000
23;101000000010001000100000
24;110000000100010000100000
23;000001000100001000010000
24;100001000100001000010000
23;000001000010010000100000
23;100010000010000010100000
23;010000000010010000001000
24;110000000010010000001000
23;100001000100000001010000
24;100001000100000010010000
23;100010000100000010010000
24;000010000100000010010000
23;110000010000000100000001
24;110000010000000100100000
23;000001100000001000000100
24;100001100000001000000100
23;010000000100010000000100
24;110000000100010000000100
24;110000010000000100000100
23;010000100000001000000100
23;000001000100010000001000
24;100001000100010000001000
23;010000000100001000010000
24;110000000100001000010000
23;110000000001000100010000
24;110000100000000100010000
23;100010100000000010001000
23;000001100000000100010000
24;100001100000000100010000
23;100010010000000010001000
23;010000100000001000000100
23;000100000100000010010000
24;000010000100000010010000
24;100001010000000100010000
23;000001010000001000000100
24;100001010000001000000100
23;000001010000000010010000
23;100001000001000100010000
24;100001000010000100010000
23;000100000010000100100000
24;001000000010000100100000
23;000001010000000100000100
24;100001010000000100000100
23;000001100000000010010000
24;000010100000000010010000
23;100100010000000100000001
24;100100010000000100001000
23;000100000100000100010000
24;100100000100000100010000
24;110000010000000100001000
23;100010000010010000100000
23;010000100000001000010000
24;100100000100010000010000
23;010000000100010000100000
24;110000000100010000100000
24;110000000100010000100000
23;000001000010001000010000
23;010000100000001000010000
23;010000000010000100100000
24;001000000010000100100000
23;000001010000001000001000
24;100001010000001000001000
24;110000000100000100001000
23;000100000100001000010000
24;100100000100001000010000
23;101000100000000010001000
23;000001000100010000100000
24;100001000100010000100000
23;010000000100000010100000
24;001000000100000010100000
23;010000100000000100000100
23;000001010000000010001000
23;000001100000001000010000
24;100001100000001000010000
23;101000000100000100100000
23;010000000010000100010000
24;110000000010000100010000
24;110000010000000010000100
23;010000000100000010001000
24;110000000100000010001000
24;100100000100001000010000
23;100010000010000100010000
24;000010000010000100010000
23;000001010000001000100000
24;100001010000001000100000
23;010000000100000100010000
24;110000000100000100010000
23;000001010000000100001000
24;100001010000000100001000
24;100100000010000010100000
23;010000000010010000000100
24;110000000010010000000100
24;001000010000000100100000
24;110000000100010000001000
23;101000010000000010100000
24;001000010000000010100000
24;100100010000000010000100
23;101000000010001000100000
23;000100100000000010100000
24;100100100000000010100000
24;100100010000000100010000
23;010000000100000100100000
23;100001010000000001000100
24;100001010000000010000100
23;000001010000010000000100
24;100001010000010000000100
23;000100100000000010100000
24;100100100000000010100000
24;001000100000000100010000
23;100010000010001000100000
23;010000100000000100000100
24;110000010000001000000100
24;100100010000000100000100
24;100100000100010000100000
23;000001000010001000010000
23;010000100000000010010000
23;010000000010000100001000
24;110000000010000100001000
23;010000000100010000010000
24;110000000100010000010000
24;100001000100010000010000
23;000001000100000010100000
24;000010000100000010100000
23;010000010000000010100000
24;001000010000000010100000
23;100010000010000010010000
24;100100010000000100001000
23;010000100000000010010000
23;000001010000000010100000
24;000010010000000010100000
24;100001010000001000010000
23;000001100000010000000100
24;100001100000010000000100
23;100010010000000010010000
23;000001010000000010000100
24;100001010000000010000100
23;010000010000000100010000
24;110000010000000100010000
24;110000000100001000001000
24;000010000100000010100000
23;000001000010010000100000
23;000001010000000100100000
24;100001010000000100100000
23;000100100000000100010000
24;001000100000000100010000
23;000001010000000100001000
24;100001010000000100001000
23;110000010000000100000001
24;110000010000000100100000
23;010000000100000100100000
24;001000100000000100010000
24;110000010000000010000100
23;010000100000000010010000
23;010000000010000100100000
24;001000000010000100100000
23;100010000010000100010000
24;000010000010000100010000
23;000001010000001000000100
24;100001010000001000000100
23;100100010000000100000001
24;100100010000000100001000
23;000001000100000100010000
24;100001000100000100010000
23;100001000100000001010000
24;100001000100000010010000
24;100100000100010000100000
23;000001010000000010010000
24;100001010000000100010000
24;100100000100001000010000
23;010000000100000010001000
24;110000000100000010001000
23;000001000100000010100000
24;000010000100000010100000
24;110000010000000100001000
23;000001010000001000001000
24;100001010000001000001000
23;000100000100000100010000
24;100100000100000100010000
23;000100100000000010100000
24;100100100000000010100000
23;000001010000010000000100
24;100001010000010000000100
23;000001000010010000100000
23;100010000010001000100000
23;101000100000000010001000
23;010000100000000100000100
23;000001010000000010100000
24;000010010000000010100000
24;100001010000001000010000
24;100100010000000100010000
23;100001010000000001000100
24;100001010000000010000100
23;010000000010000100001000
24;110000000010000100001000
23;110000000001000100010000
24;110000100000000100010000
24;100100010000000010000100
24;100100010000000100000100
23;100010100000000010001000
24;100100010000000100001000
24;110000010000000100000100
23;000001000100001000010000
24;100001000100001000010000
23;000001000010010000100000
23;000100000100001000010000
24;100100000100001000010000
23;000001010000000100000100
24;100001010000000100000100
23;000001010000000010010000
24;110000000100000100001000
23;100010010000000010001000
24;110000010000001000000100
23;000001000100010000001000
24;100001000100010000001000
23;000001010000000100100000
24;100001010000000100100000
23;010000000100010000000100
24;110000000100010000000100
23;000100000010000100100000
24;100100000010000100100000
24;110000000100010000100000
23;010000000100010000010000
24;110000000100010000010000
23;101000100000001000000100
24;110000000100010000001000
23;010000000100000100100000
24;100100000100010000010000
23;010000000010010000001000
24;110000000010010000001000
23;010000100000000010010000
23;101000000010001000100000
23;010000000100000010100000
24;001000000100000010100000
23;100010000100000010010000
24;000010000100000010010000
23;101000100000000010100000
23;000001010000001000100000
24;100001010000001000100000
23;010000010000000010100000
24;001000010000000010100000
23;010000100000001000010000
23;100001000001000100010000
24;100001000010000100010000
23;000001010000000010000100
24;100001010000000010000100
24;000010000100000010100000
23;000001100000001000000100
24;100001100000001000000100
23;010000000010010000000100
24;110000000010010000000100
23;000001100000001000010000
24;100001100000001000010000
23;000001000010001000010000
23;000001100000000010010000
24;000010100000000010010000
23;100010000010000010100000
23;010000100000000100000100
23;101000010000000010100000
24;001000010000000010100000
23;010000100000001000000100
23;000001000100010000100000
24;100001000100010000100000
23;100010000010000010010000
23;000001100000010000000100
24;100001100000010000000100
24;001000010000000100100000
24;110000000100001000001000
23;100010000010001000010000
24;100001000100010000010000
23;010000000100010000100000
24;110000000100010000100000
23;010000000010000100010000
24;110000000010000100010000
24;100100000010000010100000
23;010000010000000100010000
24;110000010000000100010000
23;010000000100000010010000
24;110000000100000010010000
23;010000100000001000010000
23;000001010000000010001000
23;000001000010001000010000
23;000001000010010000100000
23;101000000100000100100000
23;010000000010000100001000
24;110000000010000100001000
23;010000100000000010010000
23;110000010000000100000001
24;110000010000000100100000
23;110000000001000100010000
24;110000100000000100010000
23;101000010000000010100000
24;001000010000000010100000
23;000100000010000100100000
24;001000000010000100100000
23;010000010000000010100000
24;001000010000000010100000
23;100010010000001000001000
24;100100000010000010100000
23;010000100000001000010000
24;100100010000000010000100
23;100010100000000010100000
23;000001010000000010000100
24;100001010000000010000100
23;100010100000000010001000
23;000001100000010000000100
24;100001100000010000000100
24;110000010000000010000100
23;010000100000001000000100
23;000100000100000100010000
24;100100000100000100010000
23;000001010000010000000100
24;100001010000010000000100
23;010000000010000100010000
24;110000000010000100010000
23;100010000010001000100000
23;100001010000000001000100
24;100001010000000010000100
23;101000000100000010001000
23;010000000100010000010000
24;110000000100010000010000
23;010000000010010000001000
24;110000000010010000001000
24;110000000100000100001000
24;110000010000000100001000
23;100001000001000100010000
24;100001000010000100010000
23;100010000010000010100000
23;100010010000000010010000
23;010000000100010000000100
24;110000000100010000000100
24;100100000100010000010000
23;000001000100010000001000
24;100001000100010000001000
23;000001100000001000010000
24;100001100000001000010000
23;000001010000000010001000
23;010000000100010000100000
24;110000000100010000100000
23;000001100000001000000100
24;100001100000001000000100
23;000001000100000010100000
24;000010000100000010100000
23;000001010000000100000100
24;100001010000000100000100
23;000001010000000010001000
23;100010000010000010010000
24;110000000100001000001000
23;010000000100000100100000
23;010000000100000010100000
24;001000000100000010100000
24;100100000100010000100000
24;001000100000000100010000
23;010000000100001000010000
24;110000000100001000010000
23;010000100000001000010000
23;000001010000000010100000
24;000010010000000010100000
24;100001010000000100010000
23;000001000100010000100000
24;100001000100010000100000
24;100001010000001000010000
23;000001010000001000000100
24;100001010000001000000100
23;000001010000000010010000
23;100010000010000100010000
24;000010000010000100010000
24;100001000100010000010000
24;110000010000000100000100
23;000001100000000010010000
24;000010100000000010010000
24;110000000100010000100000
23;101000000010001000100000
23;000001000010001000010000
23;010000000100000100010000
24;110000000100000100010000
23;000001100000000100010000
24;100001100000000100010000
23;000001010000000100100000
24;100001010000000100100000
24;100100010000000100000100
24;000010000100000010100000
23;000001000010010000100000
24;110000000100010000001000
23;010000000010010000000100
24;110000000010010000000100
23;010000100000000100000100
24;100100000100001000010000
24;100100010000000100010000
23;010000100000000010010000
23;000001010000001000100000
24;100001010000001000100000
24;001000010000000100100000
23;100001000100000001010000
24;100001000100000010010000
23;000001000100001000010000
24;100001000100001000010000
23;100010000100000010010000
24;000010000100000010010000
23;010000000100000010010000
24;110000000100000010010000
23;100100010000000100000001
24;100100010000000100001000
24;100100010000000100001000
23;000001010000000100001000
24;100001010000000100001000
23;010000010000000100010000
24;110000010000000100010000
23;000100100000000010100000
24;100100100000000010100000
24;110000010000001000000100
23;101000100000001000000100
23;101000100000000010001000
23;010000100000000100000100
23;010000000010000100100000
24;001000000010000100100000
23;010000000100000010001000
24;110000000100000010001000
23;000001100000010000000100
24;100001100000010000000100
24;100100000100001000010000
24;001000100000000100010000
23;000001100000001000000100
24;100001100000001000000100
23;000001010000000010000100
24;100001010000000010000100
23;100010000010000010100000
24;100001000100010000010000
24;110000000100010000001000
23;100010000010000010010000
23;110000000001000100010000
24;110000100000000100010000
23;000001010000000010001000
23;010000000100000100100000
23;010000000100000100010000
24;110000000100000100010000
23;101000100000000010001000
23;010000100000001000000100
23;000001000100000010100000
24;000010000100000010100000
23;000001010000001000000100
24;100001010000001000000100
23;100010010000000010010000
23;000001010000010000000100
24;100001010000010000000100
23;100010100000000010001000
23;000001000010010000100000
23;010000000100010000100000
24;110000000100010000100000
23;100001000001000100010000
24;100001000010000100010000
23;000100000010000100010000
24;000010000010000100010000
23;000001100000000010010000
24;000010100000000010010000
23;000001010000000010010000
23;101000000100000100100000
23;010000000010000100001000
24;110000000010000100001000
23;101000010000000010100000
24;001000010000000010100000
23;000100000100000100010000
24;100100000100000100010000
24;100001010000001000010000
23;000001000010001000010000
23;010000100000000100000100
23;000001010000001000100000
24;100001010000001000100000
23;000001010000000100100000
24;100001010000000100100000
23;000001000100010000100000
24;100001000100010000100000
24;000010000100000010100000
23;101000100000000010100000
23;010000000010000100100000
24;001000000010000100100000
23;010000000010010000001000
24;110000000010010000001000
23;000001010000000010100000
24;000010010000000010100000
23;010000100000001000010000
23;000100100000000100010000
24;001000100000000100010000
24;110000000100001000001000
23;000001010000000100001000
24;100001010000000100001000
23;000001010000000010001000
23;000100100000000010010000
24;100100100000000010010000
23;110000010000000100000001
24;110000010000000100100000
24;110000000100000100001000
24;100100010000000100000100
23;010000100000000010010000
24;110000000100010000100000
23;010000000100000010100000
24;001000000100000010100000
24;100001010000000100010000
23;100010100000001000010000
23;000001000010010000100000
23;100010000010001000010000
24;110000010000001000000100
23;010000100000001000000100
23;100001000100000001010000
24;100001000100000010010000
24;100100010000000100001000
23;000001000100010000001000
24;100001000100010000001000
23;101000000010001000100000
24;100100000010000010100000
23;010000100000001000010000
23;000001000100001000010000
24;100001000100001000010000
23;100100010000000100000001
24;100100010000000100001000
24;110000010000000100000100
24;110000010000000100001000
23;010000010000000010100000
24;001000010000000010100000
24;100100010000000010000100
23;010000000100010000000100
24;110000000100010000000100
23;000100000010000100100000
24;001000000010000100100000
24;100100000100010000010000
24;001000010000000100100000
23;000100000100000010010000
24;100100000100000010010000
23;010000100000000100000100
23;100001010000000001000100
24;100001010000000010000100
23;000001010000000100000100
24;100001010000000100000100
23;000100100000000010100000
24;100100100000000010100000
24;110000010000000010000100
23;100010000100000010010000
24;000010000100000010010000
23;010000000100001000010000
24;110000000100001000010000
24;100100010000000100010000
23;010000000010010000000100
24;110000000010010000000100
23;100010000010001000100000
23;100010000010000100010000
24;000010000010000100010000
23;100010010000001000001000
23;010000010000000100010000
24;110000010000000100010000
23;010000000100010000010000
24;110000000100010000010000
24;100100000100010000100000
23;101000010000000010100000
24;001000010000000010100000
23;101000100000000010001000
23;010000010000000100010000
24;110000010000000100010000
23;000001000100010000100000
24;100001000100010000100000
23;010000000100010000100000
24;110000000100010000100000
23;010000000100000100100000
23;000001100000010000000100
24;100001100000010000000100
23;010000000010010000000100
24;110000000010010000000100
23;010000100000001000010000
24;100100000100001000010000
23;000001010000000010001000
23;000001000010001000010000
23;000100000100000010010000
24;100100000100000010010000
23;110000010000000100000001
24;110000010000000100100000
23;010000000100000100100000
24;110000010000000010000100
24;110000000100010000001000
23;100010000010000010010000
23;010000100000001000010000
24;100001010000000100010000
24;110000010000000100001000
24;110000010000001000000100
23;101000000010001000100000
23;100010100000000010100000
23;100010100000001000010000
23;010000000010000100100000
24;001000000010000100100000
23;100001000100000001010000
24;100001000100000010010000
23;000100100000000010100000
24;100100100000000010100000
23;000100010000000100100000
24;100100010000000100100000
24;100100010000000100001000
23;010000000010010000001000
24;110000000010010000001000
23;010000000100010000000100
24;110000000100010000000100
24;110000010000000100000100
23;010000100000000010010000
23;000100000100000100010000
24;100100000100000100010000
24;100100000100010000100000
23;010000000100000010001000
24;110000000100000010001000
24;100100010000000100000100
23;010000100000001000000100
23;000001100000000010010000
24;000010100000000010010000
24;001000100000000100010000
23;000001000010001000010000
23;000001010000001000000100
24;100001010000001000000100
23;000100000100000100010000
24;100100000100000100010000
23;000001010000000010100000
24;000010010000000010100000
23;100001010000000001000100
24;100001010000000010000100
23;000001010000000010000100
24;100001010000000010000100
24;110000000100001000001000
23;000001010000000010010000
23;101000100000000100000100
23;000001010000000010010000
24;100100000100010000010000
23;000001010000010000000100
24;100001010000010000000100
23;100010010000001000001000
24;100001000100010000010000
24;100001010000001000010000
23;000001000100000010100000
24;000010000100000010100000
24;100100000010000010100000
24;100100010000000100010000
23;100010000100000010010000
24;000010000100000010010000
23;000001100000001000000100
24;100001100000001000000100
23;100010000010001000100000
23;000100100000000100010000
24;001000100000000100010000
23;010000000010000100001000
24;110000000010000100001000
23;000001000100001000010000
24;100001000100001000010000
23;100010010000001000100000
23;100010000010010000100000
23;100010000010000100010000
24;000010000010000100010000
24;100100010000000010000100
24;001000010000000100100000
23;100001000001000100010000
24;100001000010000100010000
23;010000010000000010100000
24;001000010000000010100000
23;000100000100001000010000
24;100100000100001000010000
23;000001000100010000001000
24;100001000100010000001000
24;110000000100010000100000
23;010000000100010000010000
24;110000000100010000010000
23;000001010000000100000100
24;100001010000000100000100
23;100010010000000010001000
23;010000100000001000000100
23;100010100000000010001000
24;110000000100000100001000
23;000001010000000100001000
24;100001010000000100001000
23;000100100000000010010000
24;100100100000000010010000
23;110000000001000100010000
24;110000100000000100010000
23;000100000010000100010000
24;000010000010000100010000
23;010000000100000010100000
24;001000000100000010100000
23;100010000010000010100000
24;000010000100000010100000
23;000100000010000100100000
24;100100000010000100100000
23;000001000010010000100000
23;100100010000000100000001
24;100100010000000100001000
23;010000100000000100000100
23;010000000100000100010000
24;110000000100000100010000
24;110000010000001000000100
23;000001000100010000100000
24;100001000100010000100000
23;010000010000000010100000
24;001000010000000010100000
23;100010000010001000100000
24;110000000100000100001000
23;101000100000000100000100
23;100001010000000001000100
24;100001010000000010000100
23;000001010000000010000100
24;100001010000000010000100
23;000001000100000100010000
24;100001000100000100010000
23;100001000100000001010000
24;100001000100000010010000
23;000001000010010000100000
24;110000010000000100001000
23;010000000100010000010000
24;110000000100010000010000
24;001000010000000100100000
23;010000100000001000010000
23;101000000100000010001000
23;000001100000010000000100
24;100001100000010000000100
23;000001010000000010100000
24;000010010000000010100000
23;000100100000000100010000
24;001000100000000100010000
24;001000100000000100010000
23;000001000100000010100000
24;000010000100000010100000
23;100010000100000010010000
24;000010000100000010010000
24;100100000100010000100000
23;000100000010000100010000
24;000010000010000100010000
24;100001010000001000010000
23;010000100000001000010000
23;010000100000000010010000
23;000100010000000100100000
24;001000010000000100100000
23;100010000010001000010000
23;010000000010010000001000
24;110000000010010000001000
23;000100100000000010010000
24;000010100000000010010000
23;100010000010000010010000
24;100001010000000100010000
23;100010010000001000100000
23;010000100000000100000100
23;101000100000000010001000
23;101000000100000100100000
24;100001000100010000010000
23;000001100000000010010000
24;000010100000000010010000
23;000001000010001000010000
24;100100010000000100010000
24;100100000100010000010000
23;000001010000001000000100
24;100001010000001000000100
23;010000000100000100100000
23;010000000100010000000100
24;110000000100010000000100
24;110000000100010000001000
24;100100010000000100001000
24;100100000010000010100000
23;000001010000000010001000
23;100010100000001000010000
23;010000000010010000000100
24;110000000010010000000100
23;101000100000000010100000
24;110000010000000010000100
23;100010100000000010001000
23;110000000001000100010000
24;110000100000000100010000
24;100100010000000010000100
23;100100010000000100000001
24;100100010000000100001000
23;100010000010000100010000
24;000010000010000100010000
23;000100000100001000010000
24;100100000100001000010000
23;100001000001000100010000
24;100001000010000100010000
23;101000010000000010100000
24;001000010000000010100000
24;100100010000000100000100
23;010000100000001000000100
23;000100100000000010100000
24;100100100000000010100000
23;101000000010001000100000
24;110000000100001000001000
23;010000010000000100010000
24;110000010000000100010000
23;000100000100001000010000
24;100100000100001000010000
23;000100000010000100100000
24;001000000010000100100000
24;100100000100001000010000
24;110000000100010000100000
23;100010010000000010010000
23;000001010000000010010000
23;010000000010000100100000
24;001000000010000100100000
23;110000010000000100000001
24;110000010000000100100000
24;110000010000000100000100
23;100010010000001000001000
23;010000100000001000000100
23;000001000010010000100000
23;000001010000000010001000
24;000010000100000010100000
23;101000000010000100001000
23;000001010000000100001000
24;100001010000000100001000
23;100010000010000010100000
23;000001010000000100000100
24;100001010000000100000100
23;010000000100000010010000
24;110000000100000010010000
23;000001000100010000001000
24;100001000100010000001000
23;000001100000001000000100
24;100001100000001000000100
23;010000000100010000100000
24;110000000100010000100000
23;010000000100000010100000
24;001000000100000010100000
23;000001010000010000000100
24;100001010000010000000100
24;110000000100000100001000
23;100010000010000010010000
24;100100000100001000010000
24;110000000100010000100000
23;010000000010010000000100
24;110000000010010000000100
23;000100000010000100100000
24;100100000010000100100000
23;100010100000000010001000
23;101000100000001000000100
24;110000010000000100001000
23;101000000100000100100000
23;100010000010001000010000
23;000001100000001000000100
24;100001100000001000000100
23;010000000010000100001000
24;110000000010000100001000
23;000100000010000100010000
24;100100000010000100010000
24;001000100000000100010000
23;000001010000000010000100
24;100001010000000010000100
23;000001000100010000100000
24;100001000100010000100000
24;110000010000000010000100
23;010000000010000100100000
24;001000000010000100100000
24;110000000100001000001000
23;000001010000010000000100
24;100001010000010000000100
23;100010010000001000001000
23;000100000100001000010000
24;100100000100001000010000
23;010000000100001000010000
24;110000000100001000010000
23;110000010000000100000001
24;110000010000000100100000
24;100100000010000010100000
23;000001100000000100010000
24;100001100000000100010000
23;101000000010001000100000
24;100001000100010000010000
23;100010000010000100010000
24;000010000010000100010000
23;010000010000000100010000
24;110000010000000100010000
23;010000100000001000010000
23;010000000100000010100000
24;001000000100000010100000
24;001000010000000100100000
23;010000100000000100000100
23;010000000100000100100000
23;000001000010010000100000
23;000001000010001000010000
24;000010000100000010100000
23;100001000100000001010000
24;100001000100000010010000
23;110000000001000100010000
24;110000100000000100010000
24;100100010000000100010000
23;000001010000000010010000
23;010000010000000010100000
24;001000010000000010100000
23;000001100000001000010000
24;100001100000001000010000
23;000001000100000010100000
24;000010000100000010100000
23;000001000100000100010000
24;100001000100000100010000
24;110000010000000100000100
23;010000100000001000000100
23;010000100000000010010000
23;000001010000000010100000
24;000010010000000010100000
23;010000000100000010010000
24;110000000100000010010000
23;000001100000010000000100
24;100001100000010000000100
24;100100000100010000100000
23;000001010000000100000100
24;100001010000000100000100
24;100100000100010000010000
24;100100010000000100001000
24;100100010000000010000100
23;000001010000000100001000
24;100001010000000100001000
23;100010000010000010100000
24;100001010000001000010000
23;000001000010010000100000
23;000100100000000010100000
24;100100100000000010100000
23;000100000100000100010000
24;100100000100000100010000
23;100100010000000100000001
24;100100010000000100001000
23;100001000001000100010000
24;100001000010000100010000
23;010000000100010000000100
24;110000000100010000000100
23;100010000010001000100000
23;010000000100010000010000
24;110000000100010000010000
23;101000010000000010100000
24;001000010000000010100000
23;000001000100010000001000
24;100001000100010000001000
23;010000000100010000100000
24;110000000100010000100000
23;010000100000000010010000
23;100010010000001000100000
23;000001010000000010010000
24;100100010000000100000100
23;100010010000000010001000
23;100010100000000010100000
23;010000100000001000010000
23;000001010000000100100000
24;100001010000000100100000
23;000001100000000010010000
24;000010100000000010010000
24;100001010000000100010000
23;010000100000000100000100
23;000001010000000010001000
23;010000000100000010001000
24;110000000100000010001000
23;010000000010010000001000
24;110000000010010000001000
24;110000010000001000000100
23;100010000100000010010000
24;000010000100000010010000
23;101000100000000010001000
23;000001010000001000000100
24;100001010000001000000100
24;110000000100010000001000
23;100001010000000001000100
24;100001010000000010000100
23;100010010000001000001000
23;000001100000001000000100
24;100001100000001000000100
23;100010100000000010001000
24;110000010000001000000100
23;100001000001000100010000
24;100001000010000100010000
23;000001000100000010100000
24;000010000100000010100000
23;010000000100000100100000
24;110000010000000100000100
23;010000000100010000100000
24;110000000100010000100000
23;000001000010001000010000
23;000001010000000100000100
24;100001010000000100000100
23;100010000010000100010000
24;000010000010000100010000
24;110000010000000100001000
23;000001010000001000000100
24;100001010000001000000100
24;110000000100010000001000
23;010000000100001000010000
24;110000000100001000010000
24;100100010000000100000100
23;110000000001000100010000
24;110000100000000100010000
23;100001010000000001000100
24;100001010000000010000100
23;000001100000000100010000
24;100001100000000100010000
24;100001000100010000010000
23;100001000100000001010000
24;100001000100000010010000
23;000001100000000010010000
24;000010100000000010010000
24;000010000100000010100000
23;100010000010000010010000
24;100100000100010000100000
23;010000000100000010100000
24;001000000100000010100000
23;101000000100000010001000
23;000001010000000100100000
24;100001010000000100100000
24;110000010000000010000100
23;101000000100000100100000
23;000001100000001000010000
24;100001100000001000010000
23;100010000100000010010000
24;000010000100000010010000
23;000100100000000010010000
24;000010100000000010010000
23;000001000100010000100000
24;100001000100010000100000
24;100100010000000010000100
23;000100000100000100010000
24;100100000100000100010000
24;100100010000000100010000
23;101000100000000010100000
23;000100000010000100100000
24;001000000010000100100000
23;000001000100010000001000
24;100001000100010000001000
23;010000010000000010100000
24;001000010000000010100000
23;000001100000010000000100
24;100001100000010000000100
24;100100000100010000010000
24;110000000100001000001000
23;010000000010000100100000
24;001000000010000100100000
24;100001010000000100010000
23;010000000010010000001000
24;110000000010010000001000
23;000001010000000010010000
23;101000100000000100000100
23;100010000010001000100000
23;010000000010010000000100
24;110000000010010000000100
23;000001000010010000100000
24;100100000100001000010000
23;000001010000000010001000
23;010000100000000100000100
23;000001010000000100001000
24;100001010000000100001000
23;100100010000000100000001
24;100100010000000100001000
23;101000100000001000000100
23;000001010000000010100000
24;000010010000000010100000
23;010000100000001000000100
23;101000000010000100001000
23;000001010000000010001000
23;101000010000000010100000
24;001000010000000010100000
23;100010100000000010100000
23;101000000010001000100000
23;101000100000000010001000
23;010000010000000100010000
24;110000010000000100010000
23;100010000010000010100000
24;100100010000000100001000
23;000001010000010000000100
24;100001010000010000000100
23;000001000010001000010000
23;110000010000000100000001
24;110000010000000100100000
23;000100000100001000010000
24;100100000100001000010000
23;000001010000000010000100
24;100001010000000010000100
23;010000100000001000010000
23;100010010000001000100000
24;001000100000000100010000
23;100010010000000010010000
23;010000100000000010010000
23;000001000010010000100000
24;110000000100000100001000
24;100001010000001000010000
23;010000100000001000010000
23;010000000100010000010000
24;110000000100010000010000
23;010000000100010000000100
24;110000000100010000000100
23;000100000010000100010000
24;000010000010000100010000
24;110000000100010000100000
23;010000000100000010010000
24;110000000100000010010000
24;100100000010000010100000
24;001000010000000100100000
23;000100000100000100010000
24;100100000100000100010000
23;000001000100000100010000
24;100001000100000100010000
23;100010000010010000100000
23;000001000010010000100000
23;100100010000000100000001
24;100100010000000100001000
23;000001100000000100010000
24;100001100000000100010000
24;110000000100001000001000
24;110000000100010000100000
23;100010000010000100010000
24;000010000010000100010000
23;010000000100010000000100
24;110000000100010000000100
23;000001010000010000000100
24;100001010000010000000100
#<Time>=3.40139s/900
#<PlanCost>=single integer value
#<State>=Atom door-open();Atom elevator-at(f1);Atom elevator-at(f2);Atom elevator-at(f3);Atom elevator-at(f4);Atom elevator-at(f5);Atom passenger-at(p3, f1);Atom passenger-at(p3, f2);Atom passenger-at(p3, f3);Atom passenger-at(p3, f4);Atom passenger-at(p3, f5);Atom passenger-in-elevator(p3);Atom passenger-at(p2, f1);Atom passenger-at(p2, f2);Atom passenger-at(p2, f3);Atom passenger-at(p2, f4);Atom passenger-at(p2, f5);Atom passenger-in-elevator(p2);Atom passenger-at(p1, f1);Atom passenger-at(p1, f2);Atom passenger-at(p1, f3);Atom passenger-at(p1, f4);Atom passenger-at(p1, f5);Atom passenger-in-elevator(p1);
24;001000100000000100010000
24;110000000100010000001000
23;000100000100000010010000
24;000010000100000010010000
23;101000100000000010001000
24;110000010000001000000100
23;100010100000000010001000
23;100001000100000001010000
24;100001000100000010010000
23;000001000010001000010000
23;000001000010001000010000
23;010000000100000100100000
23;000001010000000100100000
24;100001010000000100100000
23;000001010000001000001000
24;100001010000001000001000
24;100001000100010000010000
23;000100100000000010100000
24;100100100000000010100000
23;101000100000001000000100
23;101000000010000100001000
24;110000010000000100001000
23;000001000100000010100000
24;000010000100000010100000
23;101000000100000100100000
23;000001010000000010001000
23;000001100000010000000100
24;100001100000010000000100
23;010000000100010000010000
24;110000000100010000010000
24;000010000100000010100000
24;100001010000000100010000
23;100010000010001000100000
23;000001010000000100000100
24;100001010000000100000100
23;101000000010001000100000
23;000100100000000010100000
24;100100100000000010100000
24;100001010000001000010000
24;001000010000000100100000
23;100010010000001000100000
24;100100000100010000010000
24;100100010000000010000100
23;000001010000000010010000
23;010000100000000010010000
23;010000100000001000010000
23;000001010000000100001000
24;100001010000000100001000
23;110000000001000100010000
24;110000100000000100010000
23;000001010000000010001000
23;010000000100010000100000
24;110000000100010000100000
23;010000010000000100010000
24;110000010000000100010000
23;010000100000000010010000
23;100010000100000010010000
24;000010000100000010010000
24;110000000100000100001000
23;000001100000001000000100
24;100001100000001000000100
23;010000000010010000001000
24;110000000010010000001000
23;010000100000001000010000
23;101000000100000010001000
23;000100000100001000010000
24;100100000100001000010000
24;100100000010000010100000
23;010000000100000010100000
24;001000000100000010100000
23;000001010000000010100000
24;000010010000000010100000
23;110000010000000100000001
24;110000010000000100100000
23;010000000010010000000100
24;110000000010010000000100
23;000001010000000010010000
23;000001010000001000000100
24;100001010000001000000100
23;100001000001000100010000
24;100001000010000100010000
23;100010000010000010010000
23;100001010000000001000100
24;100001010000000010000100
23;010000100000000100000100
23;000001100000000010010000
24;000010100000000010010000
23;100010000010000010100000
23;000100000010000100010000
24;000010000010000100010000
23;000100000100001000010000
24;100100000100001000010000
23;000001000100010000100000
24;100001000100010000100000
23;000100000100000100010000
24;100100000100000100010000
23;010000000010000100100000
24;001000000010000100100000
23;010000100000001000000100
24;110000010000000010000100
24;100100010000000100010000
23;010000010000000010100000
24;001000010000000010100000
23;000001100000001000010000
24;100001100000001000010000
24;100100010000000100001000
23;101000010000000010100000
24;001000010000000010100000
24;110000010000000100000100
23;000001010000000010000100
24;100001010000000010000100
23;000100000010000100100000
24;001000000010000100100000
23;000001000100010000001000
24;100001000100010000001000
24;100100000100010000100000
23;010000100000000100000100
24;100100000100001000010000
24;100100010000000100000100
23;000001010000000100001000
24;100001010000000100001000
23;010000000010010000000100
24;110000000010010000000100
23;000001010000000010000100
24;100001010000000010000100
23;010000100000000010010000
23;100010010000000010010000
23;100010000010010000100000
23;100010100000000010001000
23;000001000010010000100000
23;000001000100000100010000
24;100001000100000100010000
23;100010000010000010010000
23;000001010000000010010000
24;110000000100001000001000
23;010000100000000010010000
23;010000000100010000100000
24;110000000100010000100000
23;000001010000000100100000
24;100001010000000100100000
23;100010000010001000100000
23;101000100000000010001000
23;000001010000001000100000
24;100001010000001000100000
23;000100100000000100010000
24;001000100000000100010000
23;100010000100000010010000
24;000010000100000010010000
23;010000100000001000010000
24;100001000100010000010000
23;000001100000001000010000
24;100001100000001000010000
23;100001010000000001000100
24;100001010000000010000100
24;001000010000000100100000
23;100100010000000100000001
24;100100010000000100001000
24;110000010000000100001000
23;000001010000000010100000
24;000010010000000010100000
23;100010100000000010100000
24;100100000100001000010000
24;110000000100010000001000
24;110000000100000100001000
23;000100100000000010100000
24;100100100000000010100000
23;010000100000001000000100
24;100001010000001000010000
23;000001100000001000000100
24;100001100000001000000100
23;000001000010001000010000
23;010000000010010000001000
24;110000000010010000001000
23;010000100000000100000100
23;100010000010000100010000
24;000010000010000100010000
23;010000010000000100010000
24;110000010000000100010000
23;101000000100000100100000
23;000001010000000100000100
24;100001010000000100000100
23;000100000010000100010000
24;000010000010000100010000
23;010000100000000100000100
23;010000000100010000000100
24;110000000100010000000100
23;110000000001000100010000
24;110000100000000100010000
24;110000000100010000100000
23;100001000001000100010000
24;100001000010000100010000
23;010000000100001000010000
24;110000000100001000010000
23;010000000100000010010000
24;110000000100000010010000
23;000100000100000100010000
24;100100000100000100010000
23;101000000100000010001000
23;010000000100000100100000
24;100100000010000010100000
23;101000000010000100001000
23;010000000010000100100000
24;001000000010000100100000
23;010000000100010000010000
24;110000000100010000010000
23;110000010000000100000001
24;110000010000000100100000
24;100100010000000100010000
24;110000010000000010000100
23;000001000100010000001000
24;100001000100010000001000
23;010000000100000010100000
24;001000000100000010100000
23;000001000010001000010000
24;001000100000000100010000
23;000001010000000010001000
23;000001010000000010001000
23;000100000100001000010000
24;100100000100001000010000
24;110000010000000100000100
23;000001000100010000100000
24;100001000100010000100000
23;000001000100000010100000
24;000010000100000010100000
24;100100000100010000100000
23;100010000010000010100000
23;000001010000001000000100
24;100001010000001000000100
23;010000010000000010100000
24;001000010000000010100000
23;000001010000010000000100
24;100001010000010000000100
24;100100010000000100000100
23;000001100000010000000100
24;100001100000010000000100
23;000100000010000100100000
24;100100000010000100100000
24;100100010000000100001000
23;101000000010001000100000
23;010000100000001000000100
23;100010010000001000001000
24;000010000100000010100000
24;100100000100010000010000
23;000001100000000010010000
24;000010100000000010010000
23;101000010000000010100000
24;001000010000000010100000
24;110000010000001000000100
24;100001010000000100010000
24;100100010000000010000100
23;100001000100000001010000
24;100001000100000010010000
23;010000100000001000010000
23;010000010000000010100000
24;001000010000000010100000
23;000001010000000100001000
24;100001010000000100001000
23;010000000100000010010000
24;110000000100000010010000
23;010000000010010000000100
24;110000000010010000000100
24;100100000010000010100000
23;000001000100001000010000
24;100001000100001000010000
23;000001000100000010100000
24;000010000100000010100000
23;000001010000001000000100
24;100001010000001000000100
23;010000100000001000000100
23;101000000100000010001000
24;100001000100010000010000
23;010000000100001000010000
24;110000000100001000010000
24;100100010000000100001000
23;000001010000010000000100
24;100001010000010000000100
23;000001000100010000001000
24;100001000100010000001000
24;100100000100001000010000
23;100100010000000100000001
24;100100010000000100001000
23;000100000010000100010000
24;000010000010000100010000
23;000100000010000100100000
24;100100000010000100100000
23;100001000100000001010000
24;100001000100000010010000
23;010000100000001000010000
23;000001100000000010010000
24;000010100000000010010000
24;100001010000000100010000
23;010000100000001000000100
24;000010000100000010100000
23;100010000010001000010000
23;000001010000000100000100
24;100001010000000100000100
23;010000000100010000010000
24;110000000100010000010000
23;010000000010010000001000
24;110000000010010000001000
23;000100100000000010100000
24;100100100000000010100000
24;110000000100010000100000
23;100010010000000010001000
23;100010010000001000001000
24;100001010000001000010000
23;100010010000001000100000
24;100100010000000100010000
23;000001000010010000100000
23;100001010000000001000100
24;100001010000000010000100
24;110000000100000100001000
23;000001100000010000000100
24;100001100000010000000100
24;110000010000000100000100
23;000001000100010000100000
24;100001000100010000100000
23;110000000001000100010000
24;110000100000000100010000
23;000001010000000010100000
24;000010010000000010100000
23;000001010000000010010000
23;010000100000001000010000
23;101000100000000100000100
24;110000010000000010000100
23;101000000010001000100000
23;100010000010000010010000
24;100100010000000100000100
24;100100010000000010000100
23;110000010000000100000001
24;110000010000000100100000
23;000001100000001000000100
24;100001100000001000000100
24;110000000100010000001000
23;010000100000000010010000
23;000001010000000100100000
24;100001010000000100100000
23;000001010000000010000100
24;100001010000000010000100
24;110000010000001000000100
23;010000000100010000000100
24;110000000100010000000100
23;100010010000000010010000
23;100010000010001000100000
23;101000010000000010100000
24;001000010000000010100000
23;101000000010000100001000
23;000001010000000010001000
23;010000010000000100010000
24;110000010000000100010000
23;100010000010000010100000
23;000100100000000100010000
24;001000100000000100010000
23;010000000010000100100000
24;001000000010000100100000
24;110000010000000100001000
23;010000100000000010010000
24;001000100000000100010000
23;010000000100010000100000
24;110000000100010000100000
24;110000000100001000001000
23;000001000100000100010000
24;100001000100000100010000
24;001000010000000100100000
23;000001000010001000010000
23;000100100000000010100000
24;100100100000000010100000
23;100010000010000100010000
24;000010000010000100010000
23;100010000010010000100000
23;100001000001000100010000
24;100001000010000100010000
23;000001100000001000010000
24;100001100000001000010000
24;100100000100010000100000
23;000100000100000100010000
24;100100000100000100010000
23;010000000100000010100000
24;001000000100000010100000
23;010000000100000100100000
23;101000100000000010001000
24;100100000100010000010000
23;100010100000000010001000
23;010000000100000100100000
23;010000100000000100000100
23;100010000100000010010000
24;000010000100000010010000
24;100100000100010000010000
23;000001000010001000010000
24;100100000010000010100000
23;101000000100000010001000
24;110000010000000100000100
24;110000000100000100001000
23;010000000100010000000100
24;110000000100010000000100
23;101000000010001000100000
24;100100000100010000100000
23;101000010000000010100000
24;001000010000000010100000
23;110000010000000100000001
24;110000010000000100100000
23;010000010000000010100000
24;001000010000000010100000
23;010000000010000100001000
24;110000000010000100001000
23;010000100000000010010000
23;000100000010000100100000
24;100100000010000100100000
23;000001010000000010000100
24;100001010000000010000100
24;100001010000001000010000
23;000001000010010000100000
23;010000000100010000010000
24;110000000100010000010000
23;100001010000000001000100
24;100001010000000010000100
23;100010000010001000100000
23;000001000100000100010000
24;100001000100000100010000
23;000001100000000100010000
24;100001100000000100010000
23;100010100000000010100000
23;000001010000000010010000
23;100010000010010000100000
23;010000100000001000010000
23;000001010000000100001000
24;100001010000000100001000
23;101000100000000010100000
23;010000000100001000010000
24;110000000100001000010000
23;000001010000010000000100
24;100001010000010000000100
24;110000010000000100001000
24;110000000100010000001000
23;000001010000001000100000
24;100001010000001000100000
23;010000000100000010100000
24;001000000100000010100000
24;110000000100010000100000
23;000001100000000010010000
24;000010100000000010010000
24;110000010000000010000100
23;101000100000000100000100
23;100001000001000100010000
24;100001000010000100010000
23;100010100000001000010000
23;000001010000000100000100
24;100001010000000100000100
24;100100000100001000010000
23;000001010000001000000100
24;100001010000001000000100
24;001000100000000100010000
23;000100010000000100100000
24;001000010000000100100000
24;100001010000000100010000
23;010000000100010000100000
24;110000000100010000100000
24;100100010000000010000100
23;100010000010000010010000
23;100010000010000010100000
23;000001000100001000010000
24;100001000100001000010000
23;100001000100000001010000
24;100001000100000010010000
23;100010000010000100010000
24;000010000010000100010000
23;010000100000001000010000
23;000001010000000010001000
23;000001000010001000010000
24;110000000100001000001000
24;100100010000000100000100
23;000001010000000010100000
24;000010010000000010100000
24;100001000100010000010000
23;101000000100000100100000
23;000001010000000010010000
23;010000000010000100100000
24;001000000010000100100000
24;110000010000001000000100
23;010000010000000100010000
24;110000010000000100010000
23;000001000100000010100000
24;000010000100000010100000
24;100100010000000100001000
23;010000000100000010010000
24;110000000100000010010000
23;100010000100000010010000
24;000010000100000010010000
23;010000000100000100100000
23;000001000100010000001000
24;100001000100010000001000
24;001000010000000100100000
24;000010000100000010100000
23;000100100000000010010000
24;100100100000000010010000
23;010000100000001000000100
23;010000000010010000001000
24;110000000010010000001000
23;100010010000000010001000
23;000100000010000100010000
24;100100000010000100010000
23;010000100000000100000100
23;100010100000000010001000
23;010000100000001000000100
23;100100010000000100000001
24;100100010000000100001000
23;000001100000010000000100
24;100001100000010000000100
23;101000100000000010001000
23;000001100000001000000100
24;100001100000001000000100
23;100010010000001000001000
23;000100000100000100010000
24;100100000100000100010000
23;010000000010010000000100
24;110000000010010000000100
23;000001000100010000100000
24;100001000100010000100000
23;110000000001000100010000
24;110000100000000100010000
24;100100010000000100010000
23;010000010000000100010000
24;110000010000000100010000
23;100001000100000001010000
24;100001000100000010010000
23;000001000100000100010000
24;100001000100000100010000
24;100100010000000100001000
24;110000010000001000000100
23;101000000100000010001000
23;000001000010001000010000
23;010000000010010000001000
24;110000000010010000001000
23;100010010000000010001000
23;000001010000001000000100
24;100001010000001000000100
24;100001000100010000010000
23;000001000100001000010000
24;100001000100001000010000
24;100001010000001000010000
24;100100000100001000010000
23;000001100000001000000100
24;100001100000001000000100
23;101000010000000010100000
24;001000010000000010100000
23;000001000100010000100000
24;100001000100010000100000
24;000010000100000010100000
23;000100100000000010100000
24;100100100000000010100000
23;100010000010000010100000
23;100010000010000100010000
24;000010000010000100010000
23;000001000010010000100000
23;010000010000000010100000
24;001000010000000010100000
23;000001010000000100000100
24;100001010000000100000100
24;001000010000000100100000
23;010000000100000100100000
23;010000000010010000000100
24;110000000010010000000100
23;110000010000000100000001
24;110000010000000100100000
23;010000000100010000000100
24;110000000100010000000100
23;010000000100000100010000
24;110000000100000100010000
24;110000000100000100001000
24;100100000010000010100000
24;100001010000000100010000
23;100010000010001000100000
23;100010010000001000001000
23;100010100000001000010000
23;000100100000000010010000
24;000010100000000010010000
23;010000000100010000010000
24;110000000100010000010000
24;110000010000000100001000
23;010000100000001000010000
23;100010100000000010100000
23;010000100000001000000100
23;000001100000010000000100
24;100001100000010000000100
23;000001010000000010010000
24;110000010000000010000100
23;100010010000000010010000
23;010000100000000100000100
23;000001010000000100100000
24;100001010000000100100000
23;000001000010001000010000
23;100100010000000100000001
24;100100010000000100001000
24;100100010000000010000100
23;000100000100000010010000
24;100100000100000010010000
24;100100000100010000100000
23;000001100000000100010000
24;100001100000000100010000
24;110000000100001000001000
23;000100000010000100100000
24;001000000010000100100000
23;000001100000000010010000
24;000010100000000010010000
24;100100000100010000010000
23;000001010000000010000100
24;100001010000000010000100
23;000001000100000010100000
24;000010000100000010100000
23;101000000010001000100000
23;010000000100001000010000
24;110000000100001000010000
23;010000000100000010100000
24;001000000100000010100000
23;000001010000000010100000
24;000010010000000010100000
23;010000000010000100100000
24;001000000010000100100000
23;000001010000010000000100
24;100001010000010000000100
23;010000100000000100000100
23;010000100000000010010000
23;000001000100010000001000
24;100001000100010000001000
24;110000000100010000100000
23;010000000010000100010000
24;110000000010000100010000
24;001000100000000100010000
23;100001010000000001000100
24;100001010000000010000100
23;100010100000000010001000
23;010000000100000100100000
23;000001010000000100001000
24;100001010000000100001000
23;010000100000001000010000
23;101000100000001000000100
23;100010000010000010010000
23;010000000010000100001000
24;110000000010000100001000
23;010000000100010000100000
24;110000000100010000100000
23;110000000001000100010000
24;110000100000000100010000
23;100010000100000010010000
24;000010000100000010010000
23;000001010000000010001000
23;100001000001000100010000
24;100001000010000100010000
23;000001000010010000100000
24;110000000100010000001000
23;000001010000001000100000
24;100001010000001000100000
24;100100010000000100010000
24;110000010000000100000100
24;100100010000000100000100
23;101000100000000010001000
24;100100010000000010000100
23;000001010000001000000100
24;100001010000001000000100
23;000100100000000010100000
24;100100100000000010100000
23;000100010000000100100000
24;100100010000000100100000
23;010000000010010000000100
24;110000000010010000000100
24;001000010000000100100000
23;110000000001000100010000
24;110000100000000100010000
23;010000010000000100010000
24;110000010000000100010000
23;100010010000000010001000
23;000001010000000010010000
23;010000100000000010010000
23;010000000010000100100000
24;001000000010000100100000
23;000100000100000010010000
24;000010000100000010010000
23;110000010000000100000001
24;110000010000000100100000
23;010000100000001000010000
23;000100000010000100100000
24;001000000010000100100000
23;000001010000010000000100
24;100001010000010000000100
23;010000000100000100100000
24;110000010000000100000100
23;010000000100000010001000
24;110000000100000010001000
24;110000010000001000000100
23;010000000100000100010000
24;110000000100000100010000
23;010000000100010000100000
24;110000000100010000100000
23;000100000100001000010000
24;100100000100001000010000
23;000001000010010000100000
23;000001100000000010010000
24;000010100000000010010000
24;110000010000000010000100
23;100010000010000010010000
23;000100100000000010010000
24;000010100000000010010000
24;110000000100010000001000
23;101000000010000100001000
23;000001000100000100010000
24;100001000100000100010000
23;000001000100010000100000
24;100001000100010000100000
23;010000100000001000000100
23;100010000100000010010000
24;000010000100000010010000
24;110000000100001000001000
23;000001100000001000010000
24;100001100000001000010000
23;000001100000010000000100
24;100001100000010000000100
24;100100010000000100001000
23;000001000010001000010000
23;100001000001000100010000
24;100001000010000100010000
23;101000100000001000000100
24;100100000100010000100000
24;110000010000000100001000
23;101000000010001000100000
24;001000100000000100010000
23;000100000100001000010000
24;100100000100001000010000
23;000001010000000010000100
24;100001010000000010000100
24;110000000100010000100000
23;010000010000000010100000
24;001000010000000010100000
23;010000000100010000000100
24;110000000100010000000100
23;100100010000000100000001
24;100100010000000100001000
24;100100010000000100000100
23;000001010000000100001000
24;100001010000000100001000
23;100010000010001000010000
23;010000000100000010100000
24;001000000100000010100000
23;000001000100000010100000
24;000010000100000010100000
23;000100000010000100010000
24;100100000010000100010000
23;000001100000000100010000
24;100001100000000100010000
24;100001010000001000010000
23;010000000010010000001000
24;110000000010010000001000
23;101000100000000100000100
23;100010000010001000100000
23;010000100000001000010000
23;010000100000000100000100
23;101000010000000010100000
24;001000010000000010100000
23;100001010000000001000100
24;100001010000000010000100
23;000001010000000100000100
24;100001010000000100000100
24;110000000100000100001000
23;101000000100000100100000
24;100100000100001000010000
23;100010100000000010001000
23;100010000010000100010000
24;000010000010000100010000
24;100100000100010000010000
23;000001010000000010010000
24;100100000010000010100000
23;010000000100010000010000
24;110000000100010000010000
24;100100010000000100010000
23;000100100000000010100000
24;100100100000000010100000
23;000001100000001000000100
24;100001100000001000000100
24;100001010000000100010000
23;000001000100010000001000
24;100001000100010000001000
23;100010000010000010100000
23;100010010000001000001000
24;100001000100010000010000
23;000001000010010000100000
24;000010000100000010100000
23;100001000100000001010000
24;100001000100000010010000
23;000001010000001000100000
24;100001010000001000100000
23;101000100000000010001000
23;000001010000000010100000
24;000010010000000010100000
23;000001010000000010001000
23;010000000100000100100000
23;000001010000000100100000
24;100001010000000100100000
23;010000000100010000000100
24;110000000100010000000100
23;000100000010000100100000
24;100100000010000100100000
24;100100000100010000100000
23;000100000100000010010000
24;000010000100000010010000
23;000001000100010000001000
24;100001000100010000001000
23;100001000100000001010000
24;100001000100000010010000
23;000001000010001000010000
24;110000000100001000001000
24;000010000100000010100000
23;010000100000000100000100
23;100001010000000001000100
24;100001010000000010000100
23;000001010000000010010000
24;110000010000000100000100
24;110000000100000100001000
24;001000010000000100100000
23;100001000001000100010000
24;100001000010000100010000
23;010000100000000100000100
23;100010010000000010001000
23;000100000100001000010000
24;100100000100001000010000
23;000001000100010000100000
24;100001000100010000100000
24;100100010000000100001000
23;010000000100010000010000
24;110000000100010000010000
23;000100100000000010010000
24;000010100000000010010000
24;001000100000000100010000
23;100010000010001000100000
24;100100000010000010100000
23;101000100000000010100000
23;000001010000000010001000
23;000001100000000010010000
24;000010100000000010010000
23;010000100000001000000100
23;100010000010010000100000
23;010000000010000100010000
24;110000000010000100010000
23;000001010000000100001000
24;100001010000000100001000
24;110000010000000010000100
24;110000010000001000000100
24;100100010000000010000100
24;110000010000000100001000
23;000001010000000010100000
24;000010010000000010100000
23;000100100000000100010000
24;100100100000000100010000
23;000001000100000010100000
24;000010000100000010100000
23;000100100000000010100000
24;100100100000000010100000
23;000100000100000100010000
24;100100000100000100010000
23;101000010000000010100000
24;001000010000000010100000
23;000001010000001000000100
24;100001010000001000000100
23;000001010000000010010000
24;100001010000000100010000
23;100010000010000010100000
23;100010100000000010001000
23;110000010000000100000001
24;110000010000000100100000
23;010000010000000010100000
24;001000010000000010100000
23;000001010000010000000100
24;100001010000010000000100
24;100100000100010000010000
23;100010100000001000010000
23;000001100000001000000100
24;100001100000001000000100
23;000001010000000010000100
24;100001010000000010000100
23;100010010000001000001000
23;110000000001000100010000
24;110000100000000100010000
23;010000010000000100010000
24;110000010000000100010000
23;010000100000000010010000
23;000001000010010000100000
23;100010000010000100010000
24;000010000010000100010000
24;100001000100010000010000
23;010000000100000010001000
24;110000000100000010001000
23;010000000010010000001000
24;110000000010010000001000
24;100100010000000100010000
23;101000000010001000100000
24;110000000100010000001000
23;010000000010000100100000
24;001000000010000100100000
24;100001010000001000010000
23;100010010000001000100000
23;000001010000000100000100
24;100001010000000100000100
23;000001100000010000000100
24;100001100000010000000100
24;100100010000000100000100
23;101000100000000010001000
23;100010000100000010010000
24;000010000100000010010000
23;100100010000000100000001
24;100100010000000100001000
23;010000000100000100100000
23;101000000010000100001000
23;010000000010010000000100
24;110000000010010000000100
23;010000100000001000010000
23;010000000100010000100000
24;110000000100010000100000
23;010000000100000100010000
24;110000000100000100010000
24;100100000100001000010000
23;100010000010001000010000
23;000100000100001000010000
24;100100000100001000010000
23;010000000100000010100000
24;001000000100000010100000
23;100010000010000010010000
24;110000000100010000100000
23;010000100000001000010000
23;101000100000001000000100
24;100001010000001000010000
24;100100010000000100001000
23;100010000010000010010000
23;010000100000000100000100
23;100010010000000010010000
23;110000000001000100010000
24;110000100000000100010000
23;010000000010000100100000
24;001000000010000100100000
24;001000100000000100010000
23;000001010000000010001000
23;000001000010001000010000
23;010000100000001000010000
23;100001010000000001000100
24;100001010000000010000100
23;100001000100000001010000
24;100001000100000010010000
23;010000000100000010001000
24;110000000100000010001000
23;100001000001000100010000
24;100001000010000100010000
23;010000100000000010010000
23;000001010000000010001000
23;000001000100010000001000
24;100001000100010000001000
23;010000000010000100001000
24;110000000010000100001000
23;000001100000010000000100
24;100001100000010000000100
24;110000000100010000100000
23;000001010000000100000100
24;100001010000000100000100
23;000001010000001000000100
24;100001010000001000000100
23;000001010000001000100000
24;100001010000001000100000
24;110000000100000100001000
24;110000010000001000000100
23;101000100000000010001000
24;100100000100010000010000
23;101000100000001000000100
23;010000000010010000001000
24;110000000010010000001000
24;110000010000000010000100
24;100100010000000010000100
23;000001000100001000010000
24;100001000100001000010000
23;100010000010001000010000
24;100001000100010000010000
23;000001000010010000100000
23;000100000100000100010000
24;100100000100000100010000
23;000001010000010000000100
24;100001010000010000000100
23;010000010000000010100000
24;001000010000000010100000
24;110000000100001000001000
24;001000010000000100100000
23;010000000100000010010000
24;110000000100000010010000
23;000001000100010000100000
24;100001000100010000100000
23;101000010000000010100000
24;001000010000000010100000
24;110000010000000100001000
23;000001010000000010000100
24;100001010000000010000100
23;010000010000000100010000
24;110000010000000100010000
24;000010000100000010100000
23;010000100000001000000100
24;100100000010000010100000
23;010000000100010000100000
24;110000000100010000100000
23;100010000010000100010000
24;000010000010000100010000
23;010000000010010000000100
24;110000000010010000000100
23;000001010000000010100000
24;000010010000000010100000
23;100100010000000100000001
24;100100010000000100001000
23;101000000010001000100000
23;000001100000000100010000
24;100001100000000100010000
24;100001010000000100010000
24;110000010000000100000100
23;100010000010001000100000
23;000100100000000010010000
24;000010100000000010010000
23;010000000100000010100000
24;001000000100000010100000
23;010000000100010000010000
24;110000000100010000010000
23;000001000100000010100000
24;000010000100000010100000
23;010000100000001000010000
23;101000100000000100000100
23;110000010000000100000001
24;110000010000000100100000
23;010000000010000100010000
24;110000000010000100010000
23;000001010000000010010000
23;000100100000000010100000
24;100100100000000010100000
23;100010100000001000010000
23;000001100000000010010000
24;000010100000000010010000
24;110000000100010000001000
24;100100010000000100000100
23;100010000010000010100000
24;100100010000000100010000
24;100100000100001000010000
23;000001100000001000000100
24;100001100000001000000100
23;100010000100000010010000
24;000010000100000010010000
23;100010010000001000001000
23;000100100000000010100000
24;100100100000000010100000
23;000001010000000100001000
24;100001010000000100001000
23;010000000100001000010000
24;110000000100001000010000
23;100010000010010000100000
23;000001000100000100010000
24;100001000100000100010000
23;010000000100010000000100
24;110000000100010000000100
23;100010100000000010001000
24;100100000100010000100000
23;010000000100000100100000
23;010000000100000100100000
23;000001010000000100100000
24;100001010000000100100000
23;000100000010000100100000
24;100100000010000100100000
23;100001010000000001000100
24;100001010000000010000100
24;001000010000000100100000
23;010000000100000100100000
23;010000100000001000010000
24;110000000100010000001000
23;010000000010010000000100
24;110000000010010000000100
23;010000010000000100010000
24;110000010000000100010000
24;100100010000000100000100
24;110000000100000100001000
23;110000010000000100000001
24;110000010000000100100000
24;100100000010000010100000
23;000100000010000100100000
24;100100000010000100100000
23;010000000010010000001000
24;110000000010010000001000
24;110000010000000100001000
23;000001100000001000010000
24;100001100000001000010000
23;010000100000001000000100
23;100010000010001000100000
23;000001000010001000010000
23;000001100000000010010000
24;000010100000000010010000
23;000100000100000100010000
24;100100000100000100010000
24;000010000100000010100000
23;101000000010001000100000
23;000001000010001000010000
23;010000000010000100100000
24;001000000010000100100000
23;100010000010010000100000
23;100010000010000100010000
24;000010000010000100010000
24;100100000100010000010000
23;000100000010000100010000
24;000010000010000100010000
23;000001000100010000001000
24;100001000100010000001000
23;000001010000001000000100
24;100001010000001000000100
23;100010000010000010010000
24;100001000100010000010000
23;101000000100000010001000
23;010000000100000100100000
23;000001010000010000000100
24;100001010000010000000100
23;000001010000001000001000
24;100001010000001000001000
23;000001000100000100010000
24;100001000100000100010000
23;100100010000000100000001
24;100100010000000100001000
23;010000100000001000010000
23;110000000001000100010000
24;110000100000000100010000
23;100001000100000001010000
24;100001000100000010010000
23;101000100000001000000100
23;100001000001000100010000
24;100001000010000100010000
23;000100100000000100010000
24;001000100000000100010000
24;110000000100001000001000
23;100010010000000010010000
23;000001010000000010001000
23;100010000100000010010000
24;000010000100000010010000
24;110000010000001000000100
23;101000010000000010100000
24;001000010000000010100000
23;010000000100000010100000
24;001000000100000010100000
23;000001100000001000000100
24;100001100000001000000100
23;010000000100001000010000
24;110000000100001000010000
23;010000100000000100000100
23;000001100000010000000100
24;100001100000010000000100
23;000001010000000100001000
24;100001010000000100001000
23;000001010000000010100000
24;000010010000000010100000
23;000100010000000100100000
24;100100010000000100100000
24;100100000100001000010000
24;110000000100010000100000
23;000001000010010000100000
24;110000010000000010000100
24;110000010000000100000100
23;010000010000000010100000
24;001000010000000010100000
23;010000000100000010010000
24;110000000100000010010000
24;100100010000000010000100
23;000001010000000010000100
24;100001010000000010000100
23;010000000100010000100000
24;110000000100010000100000
23;010000100000000100000100
23;010000000100010000010000
24;110000000100010000010000
24;100100010000000100001000
23;101000100000000010001000
24;100001010000001000010000
23;000001000100000010100000
24;000010000100000010100000
23;000001010000000100000100
24;100001010000000100000100
23;000001010000000010010000
23;101000000010000100001000
23;100010000010000010100000
23;010000100000000010010000
23;000001010000000010001000
23;000001000100010000100000
24;100001000100010000100000
24;100100000100010000100000
24;100100010000000100010000
23;010000000100010000000100
24;110000000100010000000100
23;100010010000001000100000
23;000001000100001000010000
24;100001000100001000010000
23;000100100000000010100000
24;100100100000000010100000
23;100010100000000010001000
23;010000100000000010010000
24;100001010000000100010000
24;001000100000000100010000
23;000100100000000010100000
24;100100100000000010100000
24;100100010000000100000100
24;100001000100010000010000
23;100100010000000100000001
24;100100010000000100001000
23;000001010000000100000100
24;100001010000000100000100
23;000001000100010000100000
24;100001000100010000100000
23;000001000010010000100000
23;010000000010000100010000
24;110000000010000100010000
24;100001010000001000010000
23;000100000100001000010000
24;100100000100001000010000
23;010000000010000100001000
24;110000000010000100001000
23;000001010000001000000100
24;100001010000001000000100
23;000001100000001000000100
24;100001100000001000000100
23;000001000100010000001000
24;100001000100010000001000
23;010000100000001000000100
23;000001100000000010010000
24;000010100000000010010000
23;101000000010001000100000
23;100010010000000010001000
24;000010000100000010100000
24;001000100000000100010000
23;100001000100000001010000
24;100001000100000010010000
23;100010100000000010001000
23;100010000010001000010000
24;110000010000000010000100
23;000001010000000100001000
24;100001010000000100001000
23;000100000100000100010000
24;100100000100000100010000
24;100100010000000010000100
23;010000100000001000010000
23;010000000100010000000100
24;110000000100010000000100
24;110000010000000100001000
24;110000000100000100001000
24;110000010000000100000100
23;100010100000001000010000
23;100010010000001000100000
23;000001000010010000100000
23;010000000100000100100000
24;100100010000000100010000
23;010000100000000010010000
23;101000100000000100000100
23;101000000100000010001000
23;100001010000000001000100
24;100001010000000010000100
23;000001100000000100010000
24;100001100000000100010000
23;000001010000010000000100
24;100001010000010000000100
23;000001000100000010100000
24;000010000100000010100000
23;100010000010000010100000
24;100100000010000010100000
23;101000100000001000000100
23;010000000100010000010000
24;110000000100010000010000
24;100100000100010000100000
23;000001010000001000001000
24;100001010000001000001000
23;010000100000001000010000
23;010000100000000100000100
23;010000000100000100100000
24;001000010000000100100000
24;100100000100001000010000
23;010000000100000010010000
24;110000000100000010010000
24;110000000100010000100000
23;000001010000000010000100
24;100001010000000010000100
23;010000000100000010100000
24;001000000100000010100000
24;110000010000001000000100
23;100010000100000010010000
24;000010000100000010010000
23;100010000010001000100000
23;000001010000000010001000
24;110000000100010000001000
23;100010000010000100010000
24;000010000010000100010000
23;101000010000000010100000
24;001000010000000010100000
23;110000010000000100000001
24;110000010000000100100000
23;010000000010010000001000
24;110000000010010000001000
23;000001000010001000010000
23;100010010000000010010000
23;000100000100001000010000
24;100100000100001000010000
23;000100000010000100100000
24;001000000010000100100000
23;010000010000000100010000
24;110000010000000100010000
23;100001000001000100010000
24;100001000010000100010000
23;000001010000000010010000
23;101000100000000010001000
23;010000010000000010100000
24;001000010000000010100000
23;000001000100000100010000
24;100001000100000100010000
23;010000100000000010010000
23;000100100000000010100000
24;100100100000000010100000
23;101000100000000010100000
23;010000000100010000100000
24;110000000100010000100000
24;110000000100001000001000
23;100010000010000010010000
23;110000000001000100010000
24;110000100000000100010000
23;000001100000010000000100
24;100001100000010000000100
23;010000000010010000000100
24;110000000010010000000100
24;100100000100010000010000
23;000001010000000010100000
24;000010010000000010100000
23;010000000010000100100000
24;001000000010000100100000
24;100100010000000100001000
24;100001010000000100010000
23;000001010000000100100000
24;100001010000000100100000
23;000100100000000010100000
24;100100100000000010100000
23;100010000100000010010000
24;000010000100000010010000
24;100001000100010000010000
23;000100000100000100010000
24;100100000100000100010000
23;100010010000001000001000
23;000001010000000010100000
24;000010010000000010100000
24;110000010000000010000100
23;000001010000000010010000
24;110000010000001000000100
23;010000000010010000001000
24;110000000010010000001000
23;010000000100000010001000
24;110000000100000010001000
23;000001000100010000100000
24;100001000100010000100000
23;000001010000001000000100
24;100001010000001000000100
23;100010000010010000100000
23;010000010000000010100000
24;001000010000000010100000
24;110000000100001000001000
24;110000010000000100001000
24;100100010000000100001000
23;010000000100000010010000
24;110000000100000010010000
23;000001000010001000010000
23;000001100000000010010000
24;000010100000000010010000
23;100010000010000010010000
23;000001010000000100100000
24;100001010000000100100000
23;100010100000000010001000
24;100100000100010000010000
23;000100100000000010010000
24;000010100000000010010000
23;010000000100000010100000
24;001000000100000010100000
24;100001010000000100010000
24;100100000010000010100000
23;000001000010001000010000
23;100100010000000100000001
24;100100010000000100001000
23;000001010000000010001000
23;100010000010000100010000
24;000010000010000100010000
23;000001010000000010001000
23;010000000100000100100000
23;010000100000000100000100
23;010000000100001000010000
24;110000000100001000010000
23;000001010000001000100000
24;100001010000001000100000
23;101000000010001000100000
23;100001000001000100010000
24;100001000010000100010000
23;010000000100010000010000
24;110000000100010000010000
23;000001100000010000000100
24;100001100000010000000100
24;001000100000000100010000
23;100001010000000001000100
24;100001010000000010000100
23;010000100000001000010000
24;100001010000001000010000
23;110000000001000100010000
24;110000100000000100010000
23;000001100000001000010000
24;100001100000001000010000
23;010000100000001000010000
23;000001010000000100001000
24;100001010000000100001000
23;101000000100000100100000
23;000001010000010000000100
24;100001010000010000000100
23;010000100000000100000100
23;000001000010010000100000
23;010000010000000100010000
24;110000010000000100010000
23;000100000010000100100000
24;001000000010000100100000
24;001000010000000100100000
23;100001000100000001010000
24;100001000100000010010000
24;100100000100001000010000
23;101000000010000100001000
24;100100010000000100000100
23;010000100000001000000100
23;100010000010001000100000
23;101000010000000010100000
24;001000010000000010100000
23;000001010000000010010000
23;010000100000001000000100
23;000100000010000100010000
24;100100000010000100010000
23;000001010000000010000100
24;100001010000000010000100
23;010000000100000100010000
24;110000000100000100010000
23;000100100000000010100000
24;100100100000000010100000
23;010000000100010000100000
24;110000000100010000100000
23;101000100000000010001000
24;110000010000000100000100
23;000100100000000100010000
24;001000100000000100010000
23;110000010000000100000001
24;110000010000000100100000
23;000001000100001000010000
24;100001000100001000010000
23;000001000100000010100000
24;000010000100000010100000
23;010000100000000010010000
23;100010000010000010100000
23;000001000100010000001000
24;100001000100010000001000
24;100100000100010000100000
23;010000000010000100100000
24;001000000010000100100000
23;000001100000001000000100
24;100001100000001000000100
24;000010000100000010100000
24;110000000100010000100000
23;000001010000000100000100
24;100001010000000100000100
24;100100010000000100010000
24;110000000100000100001000
23;010000000010010000000100
24;110000000010010000000100
24;110000000100010000001000
23;010000000100010000000100
24;110000000100010000000100
24;100100010000000010000100
23;000001000100001000010000
24;100001000100001000010000
24;110000010000000010000100
24;100001000100010000010000
23;000001010000001000100000
24;100001010000001000100000
24;100001010000000100010000
23;010000000010000100100000
24;001000000010000100100000
23;000001010000000100000100
24;100001010000000100000100
23;000001000100010000001000
24;100001000100010000001000
23;010000000100000100100000
23;100001000001000100010000
24;100001000010000100010000
23;110000010000000100000001
24;110000010000000100100000
23;110000000001000100010000
24;110000100000000100010000
23;100010000010010000100000
23;010000010000000010100000
24;001000010000000010100000
23;000001000010001000010000
23;100010100000000010001000
23;000001000100000010100000
24;000010000100000010100000
23;010000100000001000000100
24;100100000100001000010000
24;100100000100010000100000
23;100010010000000010001000
23;010000000010010000000100
24;110000000010010000000100
23;000001000100010000100000
24;100001000100010000100000
24;100001010000001000010000
24;100100010000000100010000
23;000100000100000010010000
24;100100000100000010010000
24;100100010000000010000100
23;000100000100001000010000
24;100100000100001000010000
23;101000000010000100001000
24;110000000100010000100000
23;010000100000001000000100
24;100100000100010000010000
23;100001010000000001000100
24;100001010000000010000100
24;110000010000001000000100
23;000001010000010000000100
24;100001010000010000000100
23;000001100000001000010000
24;100001100000001000010000
23;010000100000000100000100
23;101000010000000010100000
24;001000010000000010100000
23;010000000100010000010000
24;110000000100010000010000
23;010000100000001000010000
23;000001100000010000000100
24;100001100000010000000100
24;100100010000000100000100
23;010000100000000010010000
23;000001010000000010100000
24;000010010000000010100000
23;010000000100010000100000
24;110000000100010000100000
23;000001010000000010010000
23;010000000100000100100000
23;000001010000001000000100
24;100001010000001000000100
24;001000100000000100010000
23;100010000010000100010000
24;000010000010000100010000
23;000100010000000100100000
24;001000010000000100100000
24;100100010000000100001000
23;100010000100000010010000
24;000010000100000010010000
23;100100010000000100000001
24;100100010000000100001000
24;000010000100000010100000
23;100010010000001000001000
23;010000000100000010100000
24;001000000100000010100000
23;010000100000001000010000
23;010000100000000010010000
23;000001100000001000000100
24;100001100000001000000100
24;110000000100010000001000
24;110000000100000100001000
23;010000000010010000001000
24;110000000010010000001000
23;100010010000000010010000
24;110000010000000100001000
23;000001010000000010001000
23;000001100000000010010000
24;000010100000000010010000
24;001000010000000100100000
24;110000010000000100000100
23;010000000010000100010000
24;110000000010000100010000
23;100010000010000010100000
23;000100100000000100010000
24;001000100000000100010000
23;100010000010001000100000
24;100100000010000010100000
23;100010000010000010010000
23;000001010000000100001000
24;100001010000000100001000
23;000001010000000010000100
24;100001010000000010000100
23;101000100000000010001000
23;010000000100000010001000
24;110000000100000010001000
23;000100000010000100100000
24;100100000010000100100000
23;101000000010001000100000
23;100010100000000010100000
23;010000000100010000000100
24;110000000100010000000100
23;010000100000000100000100
23;000001000010010000100000
23;010000010000000100010000
24;110000010000000100010000
23;000100100000000010100000
24;100100100000000010100000
23;010000000100000100010000
24;110000000100000100010000
23;100001000100000001010000
24;100001000100000010010000
23;000100000100000100010000
24;100100000100000100010000
23;100010000010001000010000
24;110000000100001000001000
23;101000000010000100001000
23;000001010000000100001000
24;100001010000000100001000
23;010000000100010000000100
24;110000000100010000000100
24;100001010000001000010000
23;010000000010000100100000
24;001000000010000100100000
23;000001100000001000000100
24;100001100000001000000100
24;100100010000000100010000
23;000001000100001000010000
24;100001000100001000010000
23;000100100000000010100000
24;100100100000000010100000
23;101000010000000010100000
24;001000010000000010100000
23;000001000100010000100000
24;100001000100010000100000
23;000001010000000010001000
24;100100000100010000100000
23;000001100000010000000100
24;100001100000010000000100
23;010000010000000010100000
24;001000010000000010100000
23;101000000010001000100000
23;000100100000000010010000
24;000010100000000010010000
24;110000010000000010000100
23;010000100000001000010000
23;010000000100000100100000
23;000001010000001000000100
24;100001010000001000000100
24;110000010000000100000100
23;000100000100001000010000
24;100100000100001000010000
24;100001010000000100010000
23;100001000100000001010000
24;100001000100000010010000
24;110000000100001000001000
23;010000000010000100010000
24;110000000010000100010000
23;010000100000000010010000
23;000100000100000010010000
24;100100000100000010010000
23;100010000010000100010000
24;000010000010000100010000
23;000001010000000010010000
23;000001010000000010100000
24;000010010000000010100000
24;110000000100010000100000
23;000001000100010000001000
24;100001000100010000001000
23;000001010000000010000100
24;100001010000000010000100
23;000001000010001000010000
23;100010000010000010010000
23;010000000100000100010000
24;110000000100000100010000
23;010000000100000010100000
24;001000000100000010100000
24;100100010000000100001000
23;000001000010010000100000
23;101000100000000010001000
23;100010000010001000100000
24;000010000100000010100000
24;001000010000000100100000
23;110000010000000100000001
24;110000010000000100100000
23;010000000010010000000100
24;110000000010010000000100
23;000001100000001000010000
24;100001100000001000010000
23;010000000100000010001000
24;110000000100000010001000
23;100010000100000010010000
24;000010000100000010010000
23;100010010000001000100000
23;000001010000000100000100
24;100001010000000100000100
24;100100010000000010000100
23;100010100000000010001000
24;100100010000000100000100
23;100010010000000010010000
23;010000000100000100100000
23;100001000001000100010000
24;100001000010000100010000
23;000100010000000100100000
24;100100010000000100100000
23;000001010000010000000100
24;100001010000010000000100
23;000001100000000010010000
24;000010100000000010010000
23;010000000010010000001000
24;110000000010010000001000
23;000001000100000010100000
24;000010000100000010100000
23;010000100000001000000100
23;000001000010010000100000
23;000100000010000100100000
24;100100000010000100100000
24;100001000100010000010000
24;001000100000000100010000
23;100010010000001000001000
24;110000010000000100001000
23;110000000001000100010000
24;110000100000000100010000
24;110000010000001000000100
23;000001000010001000010000
23;100010000010000010100000
23;101000100000001000000100
24;110000000100010000001000
23;100001010000000001000100
24;100001010000000010000100
23;000100100000000010100000
24;100100100000000010100000
23;010000100000001000010000
23;010000000100010000100000
24;110000000100010000100000
24;100100000100001000010000
23;101000100000000100000100
23;000001010000000010001000
23;000100000100000100010000
24;100100000100000100010000
23;100100010000000100000001
24;100100010000000100001000
23;010000000100010000010000
24;110000000100010000010000
23;010000010000000100010000
24;110000010000000100010000
23;010000100000000100000100
24;100100000010000010100000
24;110000000100000100001000
24;100100000100010000010000
23;000001100000000100010000
24;100001100000000100010000
23;100010000010010000100000
23;010000000100000100100000
23;010000000100000010010000
24;110000000100000010010000
23;000001010000000100001000
24;100001010000000100001000
24;001000100000000100010000
23;010000000100010000100000
24;110000000100010000100000
23;100010000010000010010000
23;101000100000000010001000
23;010000000010010000000100
24;110000000010010000000100
23;000001010000000010001000
23;010000000100010000010000
24;110000000100010000010000
23;000100100000000010010000
24;000010100000000010010000
23;000001000100001000010000
24;100001000100001000010000
23;010000000100000010001000
24;110000000100000010001000
24;100100000100010000100000
24;110000010000000010000100
23;000001010000000010010000
23;010000100000000100000100
23;000100000100000100010000
24;100100000100000100010000
23;000001000010001000010000
23;000001010000000100100000
24;100001010000000100100000
24;100001010000000100010000
23;000100000010000100010000
24;000010000010000100010000
24;110000010000001000000100
23;000100000100001000010000
24;100100000100001000010000
23;010000000100000010100000
24;001000000100000010100000
23;010000100000001000000100
23;000001100000001000010000
24;100001100000001000010000
24;100100010000000100010000
24;100100010000000100000100
23;000100100000000100010000
24;001000100000000100010000
23;000100100000000010100000
24;100100100000000010100000
23;000001010000001000000100
24;100001010000001000000100
24;100100010000000100001000
23;000001000100010000100000
24;100001000100010000100000
23;010000000010000100100000
24;001000000010000100100000
23;100010100000000010001000
23;101000010000000010100000
24;001000010000000010100000
23;000001010000000010010000
24;110000000100001000001000
24;110000010000000100000100
23;100010000010001000100000
23;010000010000000010100000
24;001000010000000010100000
23;101000000010001000100000
23;010000010000000100010000
24;110000010000000100010000
23;100010000100000010010000
24;000010000100000010010000
23;101000100000000010100000
23;110000010000000100000001
24;110000010000000100100000
23;010000100000001000010000
23;010000100000000100000100
24;100100010000000010000100
23;010000100000001000010000
24;110000010000000100001000
23;000001010000000010000100
24;100001010000000010000100
23;000001100000001000000100
24;100001100000001000000100
24;110000000100000100001000
24;100100000100001000010000
23;010000000010010000001000
24;110000000010010000001000
23;010000100000000010010000
23;000001010000000010100000
24;000010010000000010100000
23;100001000100000001010000
24;100001000100000010010000
23;000001000100000100010000
24;100001000100000100010000
23;101000000010000100001000
23;000001000100010000001000
24;100001000100010000001000
23;000001010000000100000100
24;100001010000000100000100
23;100010010000001000100000
23;100100010000000100000001
24;100100010000000100001000
23;000001000100000010100000
24;000010000100000010100000
24;100001010000001000010000
24;100100000100010000010000
24;000010000100000010100000
24;001000010000000100100000
23;100001010000000001000100
24;100001010000000010000100
23;000001100000010000000100
24;100001100000010000000100
24;100001000100010000010000
23;100010010000001000001000
23;101000100000001000000100
23;000100000010000100100000
24;100100000010000100100000
23;100010000010000010100000
23;010000000100000100100000
24;100100000010000010100000
23;000001100000000010010000
24;000010100000000010010000
23;100001000001000100010000
24;100001000010000100010000
24;110000000100010000100000
23;010000000100010000000100
24;110000000100010000000100
23;000001000010010000100000
23;100010000010000100010000
24;000010000010000100010000
23;000001000010001000010000
23;000001010000000010001000
24;110000000100010000001000
23;110000000001000100010000
24;110000100000000100010000
23;000001010000010000000100
24;100001010000010000000100
24;100100000100010000100000
23;010000100000001000000100
23;010000000100000010001000
24;110000000100000010001000
23;100100010000000100000001
24;100100010000000100001000
23;000001010000010000000100
24;100001010000010000000100
23;000001010000000010100000
24;000010010000000010100000
23;010000010000000010100000
24;001000010000000010100000
23;000001000010010000100000
23;000001100000001000010000
24;100001100000001000010000
23;000001100000001000000100
24;100001100000001000000100
24;110000010000000010000100
23;010000000100010000100000
24;110000000100010000100000
24;110000000100000100001000
23;000001010000000010010000
23;010000000100000100010000
24;110000000100000100010000
24;110000000100010000001000
23;010000000100000010010000
24;110000000100000010010000
23;010000000010010000001000
24;110000000010010000001000
23;100010010000001000001000
23;000100000100001000010000
24;100100000100001000010000
23;101000000100000100100000
23;010000100000001000010000
23;010000000010000100100000
24;001000000010000100100000
23;010000000100001000010000
24;110000000100001000010000
23;000001010000000100001000
24;100001010000000100001000
23;010000000010000100010000
24;110000000010000100010000
23;110000010000000100000001
24;110000010000000100100000
24;110000010000001000000100
23;010000100000001000010000
23;100010000010001000100000
23;110000000001000100010000
24;110000100000000100010000
24;110000010000000100000100
23;010000100000000100000100
23;010000000100000100100000
24;100100000100001000010000
23;100010000010000010100000
24;100100000010000010100000
23;101000100000001000000100
23;000100100000000010010000
24;100100100000000010010000
23;000001010000001000000100
24;100001010000001000000100
23;000100100000000100010000
24;001000100000000100010000
23;100010010000001000100000
23;100010000010000010010000
24;100001010000000100010000
23;100010000010000100010000
24;000010000010000100010000
24;100100010000000100000100
24;100100010000000100010000
24;110000000100010000100000
24;000010000100000010100000
23;000001000010010000100000
23;101000100000000010001000
23;000001000010001000010000
23;000001000100010000001000
24;100001000100010000001000
23;000001010000000010001000
23;000100010000000100100000
24;001000010000000100100000
24;110000000100001000001000
23;100010000100000010010000
24;000010000100000010010000
23;000001010000000010000100
24;100001010000000010000100
23;010000000100000010100000
24;001000000100000010100000
23;101000000010001000100000
23;010000100000000010010000
23;000001000100000100010000
24;100001000100000100010000
24;001000100000000100010000
23;010000010000000100010000
24;110000010000000100010000
23;000001000010001000010000
23;000100000010000100100000
24;100100000010000100100000
23;100001000001000100010000
24;100001000010000100010000
23;010000000100010000000100
24;110000000100010000000100
23;000001100000000010010000
24;000010100000000010010000
23;101000000010000100001000
24;100100000100010000010000
23;010000000100010000010000
24;110000000100010000010000
23;100010100000000010100000
23;000100100000000010100000
24;100100100000000010100000
23;101000010000000010100000
24;001000010000000010100000
23;000001000100000010100000
24;000010000100000010100000
23;000001000100010000100000
24;100001000100010000100000
23;000001010000000100000100
24;100001010000000100000100
24;100001010000001000010000
24;100001000100010000010000
23;010000100000000100000100
23;100001010000000001000100
24;100001010000000010000100
23;000001010000000010010000
23;100010100000000010001000
24;001000010000000100100000
23;010000000010010000000100
24;110000000010010000000100
24;100100010000000100001000
23;100001000100000001010000
24;100001000100000010010000
23;100010010000000010001000
24;100100010000000010000100
23;000001100000010000000100
24;100001100000010000000100
24;110000010000000100001000
23;000100000010000100010000
24;000010000010000100010000
23;000001010000000100000100
24;100001010000000100000100
23;010000000010000100001000
24;110000000010000100001000
23;100001000001000100010000
24;100001000010000100010000
24;001000010000000100100000
23;000001010000001000001000
24;100001010000001000001000
23;010000000100010000010000
24;110000000100010000010000
23;010000100000000010010000
24;110000000100000100001000
23;110000010000000100000001
24;110000010000000100100000
23;110000000001000100010000
24;110000100000000100010000
23;100010010000001000100000
23;000001010000000010001000
23;010000100000000010010000
24;100100010000000100001000
23;100010100000001000010000
24;100100010000000100000100
23;010000000010010000000100
24;110000000010010000000100
23;010000000100010000000100
24;110000000100010000000100
23;000001100000010000000100
24;100001100000010000000100
23;010000000100010000100000
24;110000000100010000100000
24;110000010000001000000100
23;100010000010000010100000
23;100010000010001000010000
23;100010000010000100010000
24;000010000010000100010000
23;100001010000000001000100
24;100001010000000010000100
24;110000000100001000001000
24;110000010000000010000100
24;100100010000000100010000
23;000001010000000010010000
23;010000100000001000000100
23;000001010000000010010000
23;010000000010010000001000
24;110000000010010000001000
23;010000000010000100100000
24;001000000010000100100000
24;100001000100010000010000
23;101000100000000010001000
23;000100000010000100100000
24;100100000010000100100000
24;110000010000000100000100
23;010000100000001000010000
23;010000000100000010010000
24;110000000100000010010000
23;000001000010010000100000
23;000100100000000010100000
24;100100100000000010100000
24;110000000100010000001000
23;010000000100000010001000
24;110000000100000010001000
23;000001010000001000000100
24;100001010000001000000100
24;110000000100010000100000
23;000001100000000100010000
24;100001100000000100010000
24;100100000100010000100000
23;101000000010001000100000
23;010000100000001000010000
23;000001100000000010010000
24;000010100000000010010000
23;000001000010001000010000
23;010000000100000010100000
24;001000000100000010100000
23;010000100000000100000100
24;100100000010000010100000
23;100100010000000100000001
24;100100010000000100001000
23;000100000100001000010000
24;100100000100001000010000
23;101000000100000100100000
23;010000100000000100000100
23;000001010000000010000100
24;100001010000000010000100
23;000001010000000100100000
24;100001010000000100100000
23;000001010000010000000100
24;100001010000010000000100
23;000001000100010000001000
24;100001000100010000001000
23;010000010000000010100000
24;001000010000000010100000
24;001000100000000100010000
23;000001000010010000100000
24;110000010000000100001000
23;000001010000000100001000
24;100001010000000100001000
24;100001010000001000010000
23;010000010000000100010000
24;110000010000000100010000
23;100010000010001000100000
23;010000100000001000000100
24;100100010000000010000100
23;100010100000000010001000
23;000001010000000010100000
24;000010010000000010100000
23;010000000100000100100000
23;000001000100000100010000
24;100001000100000100010000
23;101000100000000010100000
24;100100000100001000010000
23;000100000100001000010000
24;100100000100001000010000
23;000001100000001000000100
24;100001100000001000000100
23;000001000100010000100000
24;100001000100010000100000
23;101000010000000010100000
24;001000010000000010100000
24;000010000100000010100000
23;000001000100000010100000
24;000010000100000010100000
24;100001010000000100010000
23;100010000100000010010000
24;000010000100000010010000
23;000100000100000100010000
24;100100000100000100010000
23;100010000010000010010000
23;000001010000000010001000
24;100100000100010000010000
23;100001000100000001010000
24;100001000100000010010000
23;100001000001000100010000
24;100001000010000100010000
24;110000000100001000001000
23;010000100000001000010000
23;000001100000000100010000
24;100001100000000100010000
24;001000100000000100010000
23;100010000010000010100000
24;001000010000000100100000
23;000100000100000100010000
24;100100000100000100010000
24;100001010000001000010000
23;000001010000000010000100
24;100001010000000010000100
23;100010000010000010010000
23;010000100000001000010000
24;100100010000000100000100
24;100100000100010000100000
24;110000010000000100001000
23;000100000100001000010000
24;100100000100001000010000
23;101000000010001000100000
23;100010010000000010010000
23;010000000010000100100000
24;001000000010000100100000
24;100100010000000100010000
23;010000100000001000000100
23;000001000010001000010000
24;110000010000001000000100
23;100010000010001000100000
23;000001100000001000010000
24;100001100000001000010000
24;110000000100010000001000
23;010000000100010000100000
24;110000000100010000100000
23;000001010000000010100000
24;000010010000000010100000
23;010000100000001000000100
23;000001010000000100000100
24;100001010000000100000100
23;101000000100000010001000
23;000001000100010000001000
24;100001000100010000001000
23;000001000010001000010000
23;010000100000000100000100
23;000100100000000010100000
24;100100100000000010100000
23;000001000100010000100000
24;100001000100010000100000
23;000001000010010000100000
23;010000010000000010100000
24;001000010000000010100000
23;010000000100000100010000
24;110000000100000100010000
23;000001010000001000100000
24;100001010000001000100000
24;100100000100001000010000
23;000001010000000100100000
24;100001010000000100100000
23;000001010000000010001000
24;100100000010000010100000
23;010000000100000100100000
23;000100000100000010010000
24;100100000100000010010000
23;100100010000000100000001
24;100100010000000100001000
23;010000010000000100010000
24;110000010000000100010000
23;000001100000010000000100
24;100001100000010000000100
23;110000000001000100010000
24;110000100000000100010000
23;010000000100010000000100
24;110000000100010000000100
23;010000100000000010010000
23;101000010000000010100000
24;001000010000000010100000
23;010000100000000010010000
24;110000010000000010000100
23;100010000010000100010000
24;000010000010000100010000
24;110000000100000100001000
23;000001100000001000000100
24;100001100000001000000100
23;000001010000010000000100
24;100001010000010000000100
24;000010000100000010100000
23;010000000100000010100000
24;001000000100000010100000
23;000001000100000010100000
24;000010000100000010100000
23;000001000010010000100000
23;000100000010000100010000
24;100100000010000100010000
23;100010100000000010001000
24;100100000100010000010000
23;010000000100010000010000
24;110000000100010000010000
24;100001010000000100010000
24;110000000100010000100000
23;010000000010010000000100
24;110000000010010000000100
23;100010010000001000001000
23;010000000010010000001000
24;110000000010010000001000
23;100001010000000001000100
24;100001010000000010000100
23;100010000100000010010000
24;000010000100000010010000
24;100100010000000010000100
23;010000100000000100000100
23;000001010000000100001000
24;100001010000000100001000
23;000001010000000010010000
23;000001000100001000010000
24;100001000100001000010000
24;110000010000000100000100
23;110000010000000100000001
24;110000010000000100100000
23;100010100000000010100000
23;010000000100000100100000
23;100001000100000001010000
24;100001000100000010010000
23;000001010000001000000100
24;100001010000001000000100
24;100001000100010000010000
23;000100000010000100100000
24;100100000010000100100000
23;101000100000000010001000
23;101000000010000100001000
23;100010010000000010001000
23;000001100000000010010000
24;000010100000000010010000
24;100100010000000100001000
24;100100010000000100010000
23;100010000010000100010000
24;000010000010000100010000
23;101000100000001000000100
23;000100100000000010100000
24;100100100000000010100000
23;110000000001000100010000
24;110000100000000100010000
23;000001010000000010000100
24;100001010000000010000100
23;010000000100000010100000
24;001000000100000010100000
23;010000100000000100000100
23;000001000100001000010000
24;100001000100001000010000
23;000001010000010000000100
24;100001010000010000000100
23;010000010000000010100000
24;001000010000000010100000
23;110000010000000100000001
24;110000010000000100100000
23;100010000010000010100000
23;010000000100010000010000
24;110000000100010000010000
23;100010000010010000100000
24;110000000100010000001000
23;100010100000000010100000
24;110000000100001000001000
23;010000100000000100000100
23;100010000010001000100000
24;110000000100000100001000
23;010000000100000100100000
24;100100010000000100001000
24;100100000100001000010000
24;110000010000001000000100
23;010000100000000010010000
24;100001010000001000010000
23;000001000010010000100000
23;100001010000000001000100
24;100001010000000010000100
24;001000100000000100010000
23;000001000100010000100000
24;100001000100010000100000
23;000001010000000100001000
24;100001010000000100001000
23;000001010000000010001000
23;000001100000010000000100
24;100001100000010000000100
24;000010000100000010100000
23;010000000100010000000100
24;110000000100010000000100
24;110000000100010000100000
23;000001000100000100010000
24;100001000100000100010000
23;000001010000001000001000
24;100001010000001000001000
23;010000100000000010010000
23;010000000010010000000100
24;110000000010010000000100
23;010000000100000010001000
24;110000000100000010001000
24;110000010000000100000100
23;000001010000000100100000
24;100001010000000100100000
23;100010100000000010001000
23;100010000100000010010000
24;000010000100000010010000
23;000001000100010000001000
24;100001000100010000001000
23;101000000010001000100000
23;000100000100001000010000
24;100100000100001000010000
23;101000100000000010001000
23;000100100000000100010000
24;001000100000000100010000
23;000100000010000100010000
24;100100000010000100010000
23;010000000100010000100000
24;110000000100010000100000
23;000001000100000010100000
24;000010000100000010100000
24;001000010000000100100000
23;010000000010010000001000
24;110000000010010000001000
23;010000010000000100010000
24;110000010000000100010000
23;100010010000000010001000
23;000001010000000010010000
24;100001010000000100010000
24;100100010000000100000100
24;100001000100010000010000
23;101000000010000100001000
23;010000100000001000010000
23;000001010000001000100000
24;100001010000001000100000
23;000001000010001000010000
23;000001100000001000000100
24;100001100000001000000100
23;000001010000001000000100
24;100001010000001000000100
24;110000010000000010000100
23;100001000001000100010000
24;100001000010000100010000
23;100010000010001000010000
23;000001010000000100000100
24;100001010000000100000100
23;100010100000001000010000
24;100100010000000010000100
24;110000010000000100001000
23;010000000100000100010000
24;110000000100000100010000
23;000001010000000010100000
24;000010010000000010100000
23;100100010000000100000001
24;100100010000000100001000
24;100100000010000010100000
23;101000010000000010100000
24;001000010000000010100000
24;100100000100010000100000
23;000001100000000010010000
24;000010100000000010010000
23;010000100000001000010000
23;000100000010000100100000
24;001000000010000100100000
23;010000000100000100100000
23;100010000010000010010000
23;010000000100000010010000
24;110000000100000010010000
23;100001000100000001010000
24;100001000100000010010000
24;100100000100010000010000
23;010000000010000100100000
24;001000000010000100100000
23;000001010000000010010000
23;010000100000001000000100
23;100100010000000100000001
24;100100010000000100001000
23;100010000010000010100000
24;100100010000000100001000
24;100100010000000100010000
23;010000010000000010100000
24;001000010000000010100000
23;100010100000000010100000
23;000001000010001000010000
23;010000000100000010001000
24;110000000100000010001000
23;101000100000000010001000
23;100010000010001000100000
24;110000010000000010000100
24;100100000100010000010000
24;100001010000001000010000
23;000001010000001000001000
24;100001010000001000001000
24;110000010000000100000100
24;100001000100010000010000
23;010000000010000100100000
24;001000000010000100100000
23;100010010000001000100000
23;101000010000000010100000
24;001000010000000010100000
23;101000000100000100100000
23;010000100000000100000100
24;100001010000000100010000
23;010000100000000100000100
23;010000100000000010010000
23;000001010000000010010000
23;000100000010000100100000
24;100100000010000100100000
23;000001010000000010001000
23;000001100000000010010000
24;000010100000000010010000
23;010000000100000010010000
24;110000000100000010010000
23;010000000100000100100000
23;000001000100000100010000
24;100001000100000100010000
24;110000010000001000000100
23;101000100000000010100000
23;000001010000000100001000
24;100001010000000100001000
24;110000000100010000001000
23;010000000100001000010000
24;110000000100001000010000
24;100100010000000010000100
23;010000100000000010010000
23;010000100000001000000100
23;000001100000001000010000
24;100001100000001000010000
24;001000010000000100100000
23;000001010000010000000100
24;100001010000010000000100
24;100100010000000100000100
23;000100010000000100100000
24;001000010000000100100000
23;010000100000001000010000
23;000100000100001000010000
24;100100000100001000010000
23;000001100000010000000100
24;100001100000010000000100
24;000010000100000010100000
23;000001000100010000100000
24;100001000100010000100000
23;101000000010001000100000
23;100010000010001000010000
23;000100000100000100010000
24;100100000100000100010000
23;010000000100010000000100
24;110000000100010000000100
23;010000010000000100010000
24;110000010000000100010000
23;000001010000000010010000
23;010000000100000010100000
24;001000000100000010100000
24;110000000100001000001000
23;000001010000000010100000
24;000010010000000010100000
24;110000000100000100001000
23;010000000010010000000100
24;110000000010010000000100
23;100001010000000001000100
24;100001010000000010000100
23;100010000010000100010000
24;000010000010000100010000
23;000001010000000010001000
23;000001010000000010000100
24;100001010000000010000100
23;000001100000000100010000
24;100001100000000100010000
23;010000000100010000100000
24;110000000100010000100000
23;100010100000000010001000
23;100010000010010000100000
23;100001000001000100010000
24;100001000010000100010000
23;100010000100000010010000
24;000010000100000010010000
24;110000010000000100001000
24;001000100000000100010000
23;010000100000001000010000
23;000001000100010000001000
24;100001000100010000001000
23;010000100000001000000100
23;100010000010000010010000
23;000001000010010000100000
23;010000000010000100010000
24;110000000010000100010000
24;100100000100010000100000
24;100100000010000010100000
24;110000000100010000100000
23;110000000001000100010000
24;110000100000000100010000
23;000001000100000010100000
24;000010000100000010100000
23;010000000010010000001000
24;110000000010010000001000
23;000001010000001000000100
24;100001010000001000000100
23;000001010000000100000100
24;100001010000000100000100
23;000001100000001000000100
24;100001100000001000000100
23;010000000100010000010000
24;110000000100010000010000
24;100100000100001000010000
23;110000010000000100000001
24;110000010000000100100000
23;010000000010000100001000
24;110000000010000100001000
23;100001000100000001010000
24;100001000100000010010000
23;101000000010001000100000
24;001000100000000100010000
24;110000010000000100001000
23;000001010000010000000100
24;100001010000010000000100
23;010000000100000100100000
23;010000000100010000010000
24;110000000100010000010000
23;000001000100000010100000
24;000010000100000010100000
23;110000000001000100010000
24;110000100000000100010000
24;110000000100000100001000
24;100001010000000100010000
23;100010000010000010100000
23;000001000010010000100000
23;000100000100001000010000
24;100100000100001000010000
23;000001010000000010100000
24;000010010000000010100000
23;000001000010010000100000
23;100010000010000100010000
24;000010000010000100010000
23;100001000100000001010000
24;100001000100000010010000
23;010000000010000100001000
24;110000000010000100001000
23;000100000100000100010000
24;100100000100000100010000
23;010000010000000010100000
24;001000010000000010100000
23;101000000100000010001000
24;100100010000000100001000
23;000100010000000100100000
24;001000010000000100100000
23;000100000100000100010000
24;100100000100000100010000
24;110000000100010000100000
23;000100100000000010010000
24;100100100000000010010000
23;010000100000000100000100
23;101000100000000010001000
23;101000100000000100000100
24;001000010000000100100000
23;010000100000001000010000
23;010000100000001000010000
23;000001000100001000010000
24;100001000100001000010000
24;100100000100001000010000
23;100001000001000100010000
24;100001000010000100010000
23;101000100000000010100000
23;000001000010001000010000
23;101000010000000010100000
24;001000010000000010100000
24;100100000100010000100000
23;000001010000000100001000
24;100001010000000100001000
23;010000000010000100100000
24;001000000010000100100000
23;100010100000000010001000
24;100100000010000010100000
23;000001010000000010001000
24;100100000100010000010000
23;000001010000001000001000
24;100001010000001000001000
23;010000100000001000000100
23;000001000100010000100000
24;100001000100010000100000
23;010000000100010000100000
24;110000000100010000100000
24;100001010000001000010000
23;101000100000001000000100
23;100100010000000100000001
24;100100010000000100001000
23;101000000100000100100000
23;000001100000000100010000
24;100001100000000100010000
23;010000000010010000001000
24;110000000010010000001000
23;000001000100010000001000
24;100001000100010000001000
23;100010010000000010001000
23;100001010000000001000100
24;100001010000000010000100
23;000100000010000100100000
24;100100000010000100100000
24;000010000100000010100000
24;110000000100001000001000
23;000001010000000010010000
23;010000010000000100010000
24;110000010000000100010000
23;000001010000001000000100
24;100001010000001000000100
23;000001010000000010000100
24;100001010000000010000100
23;000001100000000010010000
24;000010100000000010010000
24;110000010000001000000100
23;100010000010000010010000
23;000001010000000100000100
24;100001010000000100000100
23;000001100000001000000100
24;100001100000001000000100
24;110000000100010000001000
23;100010000100000010010000
24;000010000100000010010000
23;000100000100000010010000
24;100100000100000010010000
23;100010010000001000100000
23;100010000010001000100000
23;010000000100010000000100
24;110000000100010000000100
24;100100010000000010000100
23;100010100000001000010000
23;010000000010010000000100
24;110000000010010000000100
23;110000010000000100000001
24;110000010000000100100000
23;000001000010001000010000
24;100100010000000100010000
23;000001100000010000000100
24;100001100000010000000100
23;010000100000000010010000
23;010000000010000100010000
24;110000000010000100010000
24;100001000100010000010000
23;000001010000000010010000
24;110000010000000010000100
23;010000000100000010100000
24;001000000100000010100000
24;100100010000000100000100
23;100010100000000010100000
24;110000010000000100000100
23;010000000100000100100000
24;100100000100010000100000
24;110000000100001000001000
23;010000000100001000010000
24;110000000100001000010000
23;100001010000000001000100
24;100001010000000010000100
23;010000000100010000100000
24;110000000100010000100000
23;000001100000001000000100
24;100001100000001000000100
24;100100000100001000010000
23;000100010000000100100000
24;001000010000000100100000
23;100010010000001000100000
24;100100010000000100001000
24;110000010000001000000100
23;100010100000000010001000
23;100100010000000100000001
24;100100010000000100001000
23;010000100000001000000100
23;000100000100001000010000
24;100100000100001000010000
23;000001100000010000000100
24;100001100000010000000100
24;100001010000000100010000
24;110000000100010000100000
23;101000010000000010100000
24;001000010000000010100000
23;010000100000000100000100
23;000100100000000100010000
24;100100100000000100010000
23;010000100000000100000100
23;010000000100000010010000
24;110000000100000010010000
24;110000010000000010000100
24;100100000100010000010000
23;000001000100010000001000
24;100001000100010000001000
23;000001010000000100001000
24;100001010000000100001000
23;010000010000000010100000
24;001000010000000010100000
24;110000000100010000001000
23;010000100000001000010000
23;100001000100000001010000
24;100001000100000010010000
23;000001100000001000010000
24;100001100000001000010000
24;100100010000000100010000
23;000001100000000010010000
24;000010100000000010010000
23;000001000010001000010000
23;110000010000000100000001
24;110000010000000100100000
23;000001000100000010100000
24;000010000100000010100000
23;000001000100000100010000
24;100001000100000100010000
23;010000000010000100010000
24;110000000010000100010000
23;000100000010000100100000
24;100100000010000100100000
23;100010000010000100010000
24;000010000010000100010000
23;000001010000000010100000
24;000010010000000010100000
23;100010000010000010100000
23;110000000001000100010000
24;110000100000000100010000
24;100100000010000010100000
23;100010010000000010010000
23;010000000100000010100000
24;001000000100000010100000
23;010000000010000100100000
24;001000000010000100100000
23;010000100000000010010000
23;100010000100000010010000
24;000010000100000010010000
24;110000010000000100000100
23;000100100000000010100000
24;100100100000000010100000
24;001000100000000100010000
23;010000010000000100010000
24;110000010000000100010000
24;110000000100000100001000
23;000001000100010000100000
24;100001000100010000100000
23;010000000010010000001000
24;110000000010010000001000
24;100001010000001000010000
23;000001010000000100000100
24;100001010000000100000100
23;010000100000001000010000
23;010000000010010000000100
24;110000000010010000000100
23;101000100000000010100000
23;000001000010010000100000
23;010000100000001000000100
23;100001000001000100010000
24;100001000010000100010000
23;010000000100010000010000
24;110000000100010000010000
23;000001010000010000000100
24;100001010000010000000100
23;000001010000001000000100
24;100001010000001000000100
23;101000000010001000100000
23;000001000010010000100000
24;000010000100000010100000
23;000100000100000100010000
24;100100000100000100010000
23;100010000010000010010000
23;010000000010000100001000
24;110000000010000100001000
23;000001010000001000001000
24;100001010000001000001000
24;001000010000000100100000
23;101000000100000010001000
23;100010010000000010001000
23;100010000010001000100000
24;100001000100010000010000
23;100010000010001000010000
23;000001010000000010000100
24;100001010000000010000100
24;100100010000000100000100
23;000001010000000010010000
23;010000100000000010010000
23;101000100000000010001000
24;110000010000000100001000
23;000001010000000010001000
23;010000000100010000000100
24;110000000100010000000100
24;100100010000000010000100
23;010000000100000100100000
24;001000010000000100100000
23;100010000010010000100000
23;000001000100010000100000
24;100001000100010000100000
23;010000100000000100000100
23;010000100000001000000100
23;100010100000000010001000
23;000001000100001000010000
24;100001000100001000010000
23;100001000001000100010000
24;100001000010000100010000
23;100010000010001000100000
23;101000000100000010001000
24;100100010000000010000100
24;110000000100010000001000
23;100010000100000010010000
24;000010000100000010010000
23;100010010000000010001000
23;000001100000001000000100
24;100001100000001000000100
23;010000100000000100000100
23;000001010000000010100000
24;000010010000000010100000
24;100100000100001000010000
23;010000100000000010010000
23;010000100000001000010000
23;100100010000000100000001
24;100100010000000100001000
23;100010000010000010100000
23;000001000010010000100000
24;110000000100010000100000
23;000100000010000100010000
24;000010000010000100010000
23;000001010000000100001000
24;100001010000000100001000
23;010000100000001000000100
23;000100100000000010100000
24;100100100000000010100000
23;000100000010000100100000
24;100100000010000100100000
24;100100010000000100000100
24;110000010000000100001000
23;010000000100000100100000
23;010000000010010000001000
24;110000000010010000001000
24;100001010000000100010000
23;000001010000010000000100
24;100001010000010000000100
23;101000010000000010100000
24;001000010000000010100000
23;010000000010010000000100
24;110000000010010000000100
23;000001010000000010010000
23;000001010000000010001000
23;010000000100001000010000
24;110000000100001000010000
24;110000000100000100001000
23;101000100000000010001000
23;000001010000001000100000
24;100001010000001000100000
23;010000000100010000010000
24;110000000100010000010000
23;010000010000000100010000
24;110000010000000100010000
23;010000000100000100010000
24;110000000100000100010000
23;010000000100010000000100
24;110000000100010000000100
23;000001010000000100000100
24;100001010000000100000100
24;110000010000000100000100
24;100100000100010000100000
23;010000010000000010100000
24;001000010000000010100000
23;110000000001000100010000
24;110000100000000100010000
23;101000000010000100001000
23;010000000100000010100000
24;001000000100000010100000
24;100001010000001000010000
23;000001000100010000001000
24;100001000100010000001000
24;110000010000000010000100
23;010000000010000100100000
24;001000000010000100100000
24;100001000100010000010000
23;000001010000001000001000
24;100001010000001000001000
23;100010000010000010010000
24;000010000100000010100000
23;100010100000001000010000
23;010000100000000010010000
24;110000010000001000000100
23;000001000100000100010000
24;100001000100000100010000
24;100100000010000010100000
23;101000000010001000100000
23;010000100000001000010000
23;000100010000000100100000
24;100100010000000100100000
24;110000000100001000001000
24;100100000100010000010000
23;100010010000000010010000
23;010000000100010000100000
24;110000000100010000100000
24;100100010000000100010000
24;100100010000000100001000
23;000001000010001000010000
23;000001100000010000000100
24;100001100000010000000100
23;100001000100000001010000
24;100001000100000010010000
23;110000010000000100000001
24;110000010000000100100000
23;000100100000000010100000
24;100100100000000010100000
23;100001010000000001000100
24;100001010000000010000100
23;100010000010001000010000
23;000001100000000100010000
24;100001100000000100010000
23;100010000010000100010000
24;000010000010000100010000
23;000001000100000010100000
24;000010000100000010100000
23;000001010000000010000100
24;100001010000000010000100
24;001000100000000100010000
23;000100000100000010010000
24;000010000100000010010000
23;000001100000000010010000
24;000010100000000010010000
23;000001010000001000000100
24;100001010000001000000100
23;101000000100000100100000
24;100100000100001000010000
23;000001000100000010100000
24;000010000100000010100000
23;100010000010000100010000
24;000010000010000100010000
23;010000010000000100010000
24;110000010000000100010000
23;000001010000001000100000
24;100001010000001000100000
23;100010000010000010100000
23;101000000010001000100000
23;010000000100000010100000
24;001000000100000010100000
23;100001000001000100010000
24;100001000010000100010000
23;000100100000000010100000
24;100100100000000010100000
24;000010000100000010100000
23;000001000100010000100000
24;100001000100010000100000
24;100100000100010000100000
23;000100000010000100010000
24;100100000010000100010000
23;010000000100010000000100
24;110000000100010000000100
23;010000100000001000010000
23;000100000100001000010000
24;100100000100001000010000
23;000100100000000010100000
24;100100100000000010100000
23;000001000010001000010000
23;000100000100000010010000
24;000010000100000010010000
23;000001100000000100010000
24;100001100000000100010000
23;101000100000000010001000
24;110000010000000010000100
24;100100010000000100000100
23;000001000010010000100000
23;000001010000000100100000
24;100001010000000100100000
23;000001010000000010000100
24;100001010000000010000100
23;000001010000000010010000
23;101000010000000010100000
24;001000010000000010100000
23;010000100000001000010000
23;000001100000010000000100
24;100001100000010000000100
24;110000010000001000000100
23;101000000010000100001000
23;101000100000001000000100
23;010000100000000100000100
24;110000000100000100001000
24;110000010000000100000100
23;100010100000000010001000
24;100001010000000100010000
23;000001010000000010100000
24;000010010000000010100000
23;101000000100000010001000
23;000001010000001000000100
24;100001010000001000000100
24;110000000100001000001000
23;000001010000000100000100
24;100001010000000100000100
23;010000100000000010010000
23;010000000100000100100000
24;001000010000000100100000
23;100001010000000001000100
24;100001010000000010000100
23;010000000100001000010000
24;110000000100001000010000
24;001000100000000100010000
23;100001000100000001010000
24;100001000100000010010000
23;100100010000000100000001
24;100100010000000100001000
24;110000000100010000100000
23;010000100000001000000100
24;100001010000001000010000
23;100010000100000010010000
24;000010000100000010010000
24;100001000100010000010000
23;010000010000000010100000
24;001000010000000010100000
23;100010000010001000100000
24;100100010000000010000100
24;100100010000000100010000
24;100100010000000100001000
23;010000000100010000010000
24;110000000100010000010000
23;010000000010000100100000
24;001000000010000100100000
23;000001100000001000000100
24;100001100000001000000100
23;000100000010000100100000
24;001000000010000100100000
23;010000000100010000100000
24;110000000100010000100000
23;000001000010010000100000
23;000001010000010000000100
24;100001010000010000000100
23;110000010000000100000001
24;110000010000000100100000
24;110000010000000100001000
23;000100100000000010010000
24;100100100000000010010000
23;010000000100000100100000
23;010000000010010000000100
24;110000000010010000000100
23;010000000100000100010000
24;110000000100000100010000
23;010000100000000100000100
24;100100000010000010100000
23;000001010000000010001000
23;110000000001000100010000
24;110000100000000100010000
24;100100000100010000010000
23;000001010000000010010000
23;000001010000000010001000
23;000001000100010000001000
24;100001000100010000001000
23;000001000100000100010000
24;100001000100000100010000
23;000001010000000100001000
24;100001010000000100001000
23;100010010000001000001000
23;100010100000001000010000
24;110000000100010000001000
23;000001000010001000010000
23;100010000010000010010000
23;010000000010010000001000
24;110000000010010000001000
23;000001100000000010010000
24;000010100000000010010000
23;101000000010000100001000
23;010000000100001000010000
24;110000000100001000010000
23;010000000100000100100000
23;100001010000000001000100
24;100001010000000010000100
23;101000100000000010001000
24;100100010000000100001000
23;010000000010000100010000
24;110000000010000100010000
23;010000000010010000000100
24;110000000010010000000100
23;010000100000000010010000
23;010000000100000100010000
24;110000000100000100010000
23;010000000100000010010000
24;110000000100000010010000
23;100010010000001000100000
23;100010000010000010010000
24;110000010000000010000100
24;110000010000001000000100
23;010000100000000100000100
23;100010000010000100010000
24;000010000010000100010000
23;100010100000000010001000
24;100001000100010000010000
23;000001010000000100100000
24;100001010000000100100000
23;000001100000001000010000
24;100001100000001000010000
23;010000000100010000100000
24;110000000100010000100000
23;110000010000000100000001
24;110000010000000100100000
23;101000100000001000000100
23;010000010000000100010000
24;110000010000000100010000
24;100100000010000010100000
23;010000010000000010100000
24;001000010000000010100000
23;000001100000000010010000
24;000010100000000010010000
23;110000000001000100010000
24;110000100000000100010000
23;000001000100010000001000
24;100001000100010000001000
23;000001000100000010100000
24;000010000100000010100000
23;000001100000001000000100
24;100001100000001000000100
23;000001000010010000100000
24;100100000100001000010000
24;100100010000000100010000
24;100100000100010000010000
23;000100100000000010010000
24;000010100000000010010000
24;110000000100010000100000
23;010000000010000100100000
24;001000000010000100100000
24;110000000100001000001000
24;110000000100010000001000
23;000001010000001000000100
24;100001010000001000000100
23;000001100000010000000100
24;100001100000010000000100
23;000001010000000100000100
24;100001010000000100000100
23;010000100000001000010000
23;100001000100000001010000
24;100001000100000010010000
23;100100010000000100000001
24;100100010000000100001000
23;000001010000000010010000
23;000001010000000010001000
24;100001010000000100010000
24;110000010000000100001000
23;000100000100000100010000
24;100100000100000100010000
23;010000100000001000000100
23;010000000100000010100000
24;001000000100000010100000
23;010000000010010000001000
24;110000000010010000001000
23;010000000100010000010000
24;110000000100010000010000
23;000001010000010000000100
24;100001010000010000000100
24;110000010000000100000100
23;000001000010010000100000
23;010000100000001000010000
23;100010000100000010010000
24;000010000100000010010000
23;100010010000001000001000
23;010000000100010000000100
24;110000000100010000000100
23;000001000100001000010000
24;100001000100001000010000
23;100010000010001000100000
24;001000100000000100010000
24;100100000100010000100000
23;000001010000000100001000
24;100001010000000100001000
23;000001000010001000010000
23;000001010000000010001000
23;000100100000000100010000
24;001000100000000100010000
23;000001000100010000100000
24;100001000100010000100000
23;000100100000000010100000
24;100100100000000010100000
23;000100000010000100100000
24;001000000010000100100000
23;101000000010001000100000
24;100100010000000100000100
23;101000000100000010001000
23;000001010000000010000100
24;100001010000000010000100
24;100001010000001000010000
23;100010000010001000010000
24;100100010000000010000100
23;000001010000000010010000
23;100010000010000010100000
23;000001010000000010100000
24;000010010000000010100000
23;000100100000000010100000
24;100100100000000010100000
23;101000010000000010100000
24;001000010000000010100000
23;101000100000000100000100
24;110000000100000100001000
23;010000000100000100100000
24;001000010000000100100000
24;000010000100000010100000
23;100001000001000100010000
24;100001000010000100010000
23;000001010000001000100000
24;100001010000001000100000
24;100100000010000010100000
23;010000000100000100010000
24;110000000100000100010000
23;000001010000001000001000
24;100001010000001000001000
23;010000100000000010010000
23;000001010000001000000100
24;100001010000001000000100
23;000001100000000010010000
24;000010100000000010010000
24;100100010000000100010000
23;010000000010010000001000
24;110000000010010000001000
23;000001010000010000000100
24;100001010000010000000100
24;100100010000000100001000
23;100010000010000010100000
23;010000000010010000000100
24;110000000010010000000100
23;000001100000000100010000
24;100001100000000100010000
23;101000100000000010001000
23;010000000100000010100000
24;001000000100000010100000
24;110000010000001000000100
23;010000100000001000010000
24;110000000100010000001000
23;000100000010000100100000
24;001000000010000100100000
23;101000000100000010001000
23;100010000010000100010000
24;000010000010000100010000
23;010000010000000100010000
24;110000010000000100010000
23;000001010000000010001000
23;101000010000000010100000
24;001000010000000010100000
23;010000100000001000010000
23;000001000100000010100000
24;000010000100000010100000
23;010000000010000100100000
24;001000000010000100100000
23;101000000010001000100000
23;000100100000000010100000
24;100100100000000010100000
23;010000000100010000010000
24;110000000100010000010000
24;110000000100000100001000
23;100010000010001000100000
24;001000010000000100100000
23;000001100000001000000100
24;100001100000001000000100
23;000001100000010000000100
24;100001100000010000000100
23;110000010000000100000001
24;110000010000000100100000
24;100100000100010000010000
23;010000000100000100100000
23;000001010000000010000100
24;100001010000000010000100
24;110000010000000010000100
24;100100010000000010000100
23;010000000100010000000100
24;110000000100010000000100
23;010000010000000010100000
24;001000010000000010100000
24;100001010000001000010000
23;010000100000001000000100
23;010000000100010000100000
24;110000000100010000100000
23;000100000100001000010000
24;100100000100001000010000
23;010000100000000010010000
23;000100000100001000010000
24;100100000100001000010000
23;101000100000000100000100
23;000001100000001000010000
24;100001100000001000010000
24;110000010000000100001000
24;100001010000000100010000
23;000001000010001000010000
23;100010000010000010010000
23;110000000001000100010000
24;110000100000000100010000
23;100100010000000100000001
24;100100010000000100001000
23;010000000100000010010000
24;110000000100000010010000
23;100010000010010000100000
23;100001010000000001000100
24;100001010000000010000100
23;000001000100010000001000
24;100001000100010000001000
24;100100000100001000010000
24;000010000100000010100000
23;100001000001000100010000
24;100001000010000100010000
23;010000100000001000000100
24;100001000100010000010000
24;110000010000000100000100
23;100010100000000010100000
24;110000000100010000100000
23;010000100000000100000100
23;000001010000000010010000
23;100010100000000010001000
23;000100000100000100010000
24;100100000100000100010000
23;000001010000000100001000
24;100001010000000100001000
23;100010000010001000010000
23;010000000100000100100000
23;100001000100000001010000
24;100001000100000010010000
23;000001010000000010010000
23;000001000100010000100000
24;100001000100010000100000
23;101000000010000100001000
23;000001010000000100000100
24;100001010000000100000100
24;110000000100001000001000
23;100010000100000010010000
24;000010000100000010010000
24;100100010000000100000100
23;010000000010000100010000
24;110000000010000100010000
24;100100000100010000100000
23;000001010000000010001000
23;000001010000000010100000
24;000010010000000010100000
23;000001000010010000100000
24;001000100000000100010000
23;000001010000000100100000
24;100001010000000100100000
23;101000100000001000000100
23;000100100000000010100000
24;100100100000000010100000
24;110000010000000100000100
24;110000000100010000100000
24;110000000100000100001000
23;101000000100000100100000
23;010000000010010000000100
24;110000000010010000000100
23;010000000100000100010000
24;110000000100000100010000
23;010000100000000100000100
23;010000100000001000000100
23;010000000010000100100000
24;001000000010000100100000
23;101000100000000010001000
23;010000000100010000010000
24;110000000100010000010000
23;000001010000010000000100
24;100001010000010000000100
23;000001010000000100000100
24;100001010000000100000100
23;101000000010001000100000
24;100100000010000010100000
24;100100010000000010000100
23;000001010000000010000100
24;100001010000000010000100
23;101000010000000010100000
24;001000010000000010100000
24;110000000100010000001000
23;000100000010000100100000
24;100100000010000100100000
23;100010000010000010100000
24;110000010000000100001000
23;000100000100001000010000
24;100100000100001000010000
24;100100010000000100000100
24;001000010000000100100000
23;010000100000001000010000
23;100010000010010000100000
24;100100010000000100010000
23;000001010000000010100000
24;000010010000000010100000
23;010000000010010000001000
24;110000000010010000001000
24;100100010000000100001000
23;000001000010010000100000
23;010000100000001000010000
23;000001000100010000100000
24;100001000100010000100000
23;010000100000000100000100
23;100010100000000010001000
24;110000010000001000000100
23;010000010000000100010000
24;110000010000000100010000
23;000001010000000100001000
24;100001010000000100001000
23;000100000100001000010000
24;100100000100001000010000
24;110000010000000010000100
23;100100010000000100000001
24;100100010000000100001000
24;100100000100001000010000
23;000001100000000010010000
24;000010100000000010010000
23;010000000100000010010000
24;110000000100000010010000
23;000001100000001000010000
24;100001100000001000010000
24;000010000100000010100000
23;000001100000010000000100
24;100001100000010000000100
24;110000000100001000001000
23;000001100000001000000100
24;100001100000001000000100
23;010000000100010000100000
24;110000000100010000100000
23;100010010000001000100000
23;110000010000000100000001
24;110000010000000100100000
23;000001010000000010001000
23;000001010000000010001000
23;100010000010001000100000
23;100010100000000010100000
23;000100100000000010010000
24;100100100000000010010000
24;001000100000000100010000
23;110000000001000100010000
24;110000100000000100010000
23;000001000100000010100000
24;000010000100000010100000
24;100001000100010000010000
23;100001000100000001010000
24;100001000100000010010000
23;000001010000000100100000
24;100001010000000100100000
23;100010010000001000001000
24;100100000100010000100000
24;100001010000000100010000
23;010000000100010000000100
24;110000000100010000000100
23;010000010000000010100000
24;001000010000000010100000
23;000100000100000100010000
24;100100000100000100010000
23;100010000010000100010000
24;000010000010000100010000
23;010000000100000010100000
24;001000000100000010100000
23;100001010000000001000100
24;100001010000000010000100
23;101000000100000010001000
23;000001100000000100010000
24;100001100000000100010000
23;010000000010000100010000
24;110000000010000100010000
23;000001010000001000000100
24;100001010000001000000100
23;100010010000000010010000
23;000001000010001000010000
23;100001000001000100010000
24;100001000010000100010000
23;101000000010000100001000
23;100010000100000010010000
24;000010000100000010010000
24;100001010000001000010000
23;000001010000000010010000
24;100100000100010000010000
23;010000000100000100100000
23;100010000010000010010000
23;010000100000000010010000
23;100010000010001000010000
23;000001000100010000001000
24;100001000100010000001000
23;000100100000000010100000
24;100100100000000010100000
23;010000000100010000000100
24;110000000100010000000100
24;100100010000000010000100
23;000001100000000100010000
24;100001100000000100010000
23;010000000010010000000100
24;110000000010010000000100
23;100010000010000010010000
23;110000010000000100000001
24;110000010000000100100000
24;100100000100001000010000
23;100010000100000010010000
24;000010000100000010010000
24;100001000100010000010000
23;100100010000000100000001
24;100100010000000100001000
23;010000000010010000001000
24;110000000010010000001000
23;000100000010000100100000
24;100100000010000100100000
23;000001010000000100001000
24;100001010000000100001000
23;000001000010010000100000
23;110000000001000100010000
24;110000100000000100010000
23;000001000100000010100000
24;000010000100000010100000
23;100010100000000010001000
23;000001000100010000001000
24;100001000100010000001000
23;000001010000000100000100
24;100001010000000100000100
23;010000000010000100001000
24;110000000010000100001000
23;000100000100001000010000
24;100100000100001000010000
23;101000000100000100100000
24;100100000100010000100000
23;000001010000000010100000
24;000010010000000010100000
23;100010000010001000010000
24;100100010000000100010000
24;110000010000000010000100
23;010000010000000010100000
24;001000010000000010100000
23;010000010000000100010000
24;110000010000000100010000
23;010000000100010000010000
24;110000000100010000010000
23;100010010000001000100000
23;000001000010001000010000
23;000001100000000010010000
24;000010100000000010010000
23;101000100000000010001000
24;110000010000001000000100
23;000001010000000010000100
24;100001010000000010000100
23;010000100000000100000100
24;110000010000000100001000
23;101000010000000010100000
24;001000010000000010100000
23;101000000010001000100000
23;100010100000001000010000
23;010000000100000010010000
24;110000000100000010010000
24;000010000100000010100000
23;000001010000001000000100
24;100001010000001000000100
23;000001010000000010001000
23;010000000100000100100000
24;110000010000000100000100
23;000001010000000010001000
23;000001010000000100100000
24;100001010000000100100000
24;110000000100010000100000
23;010000100000001000010000
23;000100000100000100010000
24;100100000100000100010000
24;100100000100010000010000
23;010000000100010000100000
24;110000000100010000100000
23;000001010000000010010000
23;010000000010000100010000
24;110000000010000100010000
23;000001010000010000000100
24;100001010000010000000100
24;110000000100000100001000
24;001000100000000100010000
23;100010000010001000100000
24;001000010000000100100000
24;100100010000000100001000
23;010000000010000100100000
24;001000000010000100100000
24;100001010000001000010000
23;000001000100000100010000
24;100001000100000100010000
23;010000100000000010010000
23;000001100000010000000100
24;100001100000010000000100
23;010000100000001000010000
23;100001000100000001010000
24;100001000100000010010000
23;100010000010000100010000
24;000010000010000100010000
23;010000000100000010100000
24;001000000100000010100000
24;100100000010000010100000
24;110000000100001000001000
23;100001000001000100010000
24;100001000010000100010000
23;100010000010000010100000
23;100010100000000010100000
23;100010010000000010010000
23;100001010000000001000100
24;100001010000000010000100
24;110000000100010000001000
23;000100100000000010010000
24;000010100000000010010000
23;100010010000001000001000
23;101000000100000010001000
23;010000100000001000000100
23;010000100000001000000100
23;000100000100001000010000
24;100100000100001000010000
24;100001010000000100010000
24;100100010000000100000100
23;000001100000001000000100
24;100001100000001000000100
23;101000100000000100000100
23;000001000100010000100000
24;100001000100010000100000
23;000001000010010000100000
24;100100010000000100001000
23;100010000010000100010000
24;000010000010000100010000
23;010000100000001000010000
23;000001010000001000000100
24;100001010000001000000100
23;000001010000000100001000
24;100001010000000100001000
23;100001010000000001000100
24;100001010000000010000100
23;000001010000010000000100
24;100001010000010000000100
24;110000010000001000000100
23;000001000010010000100000
24;100100000010000010100000
23;100010100000000010100000
23;010000100000000100000100
23;000001100000000100010000
24;100001100000000100010000
23;010000100000000010010000
23;000001000100010000001000
24;100001000100010000001000
23;000001010000000010100000
24;000010010000000010100000
24;110000000100000100001000
24;110000000100010000100000
24;000010000100000010100000
23;010000010000000010100000
24;001000010000000010100000
24;001000100000000100010000
23;010000000100010000010000
24;110000000100010000010000
23;010000000010010000000100
24;110000000010010000000100
23;000001100000001000010000
24;100001100000001000010000
23;110000000001000100010000
24;110000100000000100010000
23;000100000100001000010000
24;100100000100001000010000
23;100100010000000100000001
24;100100010000000100001000
23;100010010000000010010000
23;000001100000000010010000
24;000010100000000010010000
24;100001010000001000010000
24;100001000100010000010000
23;000100000010000100010000
24;000010000010000100010000
23;100010000100000010010000
24;000010000100000010010000
23;000001000100000100010000
24;100001000100000100010000
23;010000100000000010010000
23;100010100000000010001000
23;100001000001000100010000
24;100001000010000100010000
24;001000010000000100100000
23;110000010000000100000001
24;110000010000000100100000
23;000001100000001000000100
24;100001100000001000000100
23;100010000010000010100000
23;000001010000000010001000
23;010000000100000010010000
24;110000000100000010010000
23;100010000010000010010000
24;110000010000000100001000
23;101000010000000010100000
24;001000010000000010100000
23;100010010000001000100000
24;100100010000000100000100
23;010000000010000100100000
24;001000000010000100100000
23;010000010000000100010000
24;110000010000000100010000
24;100100010000000010000100
23;000100000100001000010000
24;100100000100001000010000
24;100100000100010000010000
23;000100000010000100100000
24;001000000010000100100000
24;110000000100010000001000
23;100010000010001000010000
24;110000000100001000001000
24;110000010000000010000100
23;101000000100000010001000
23;010000000100000100010000
24;110000000100000100010000
24;100100000100010000100000
24;100100000100001000010000
23;100010010000001000001000
23;000100010000000100100000
24;001000010000000100100000
24;100001010000000100010000
23;010000000100000010100000
24;001000000100000010100000
23;000001010000000100000100
24;100001010000000100000100
23;010000000100010000000100
24;110000000100010000000100
23;101000100000001000000100
23;010000100000000100000100
23;101000000100000100100000
23;000001100000010000000100
24;100001100000010000000100
23;000001010000000010001000
23;101000100000000010001000
23;010000100000001000000100
23;000001010000000010000100
24;100001010000000010000100
23;000001010000000010010000
23;000001000010001000010000
23;010000000010010000001000
24;110000000010010000001000
23;000001000100010000100000
24;100001000100010000100000
23;010000100000001000010000
23;010000000100010000100000
24;110000000100010000100000
24;110000010000000100000100
24;100100010000000100010000
23;100010000010001000100000
23;000001000010010000100000
23;000001000100000010100000
24;000010000100000010100000
23;100001000100000001010000
24;100001000100000010010000
23;000100100000000010100000
24;100100100000000010100000
23;101000000010001000100000
23;101000000010000100001000
23;010000000100000100100000
23;010000100000000010010000
23;101000100000000010001000
23;100010000010000100010000
24;000010000010000100010000
23;010000000010000100001000
24;110000000010000100001000
24;110000000100010000100000
23;000001010000000010100000
24;000010010000000010100000
23;100010100000001000010000
23;000100000100000100010000
24;100100000100000100010000
23;101000100000000100000100
24;001000100000000100010000
24;110000000100000100001000
23;100010000010000010010000
24;100100010000000010000100
23;000001010000010000000100
24;100001010000010000000100
23;000100000010000100100000
24;001000000010000100100000
24;100100000010000010100000
23;010000000100000010100000
24;001000000100000010100000
23;010000010000000010100000
24;001000010000000010100000
23;100010010000000010001000
23;000001100000010000000100
24;100001100000010000000100
24;100100010000000100001000
24;100001010000001000010000
24;110000010000000100000100
23;010000000100000100100000
23;010000000100010000100000
24;110000000100010000100000
24;100100000100010000010000
23;000001000010010000100000
23;010000000010010000001000
24;110000000010010000001000
23;000001010000001000001000
24;100001010000001000001000
23;010000000010000100010000
24;110000000010000100010000
23;010000100000000100000100
23;010000010000000100010000
24;110000010000000100010000
23;100010000010001000100000
23;010000100000001000010000
23;000001010000000010000100
24;100001010000000010000100
23;000001000100010000100000
24;100001000100010000100000
23;010000000100000100100000
23;000100100000000100010000
24;100100100000000100010000
23;000001010000001000000100
24;100001010000001000000100
23;000001010000000100000100
24;100001010000000100000100
23;010000100000001000010000
23;000001000100010000001000
24;100001000100010000001000
23;000001000010010000100000
23;000001100000001000000100
24;100001100000001000000100
23;010000100000000010010000
23;010000000100010000000100
24;110000000100010000000100
24;000010000100000010100000
23;100010010000000010010000
24;110000010000000100001000
23;010000100000001000000100
23;010000000010000100100000
24;001000000010000100100000
23;100010000010000010100000
24;110000010000001000000100
24;110000000100010000001000
23;110000010000000100000001
24;110000010000000100100000
23;101000100000001000000100
23;000001010000000100001000
24;100001010000000100001000
23;100010010000001000100000
23;010000000100010000010000
24;110000000100010000010000
23;000001000100000010100000
24;000010000100000010100000
24;100100000100010000100000
24;110000000100001000001000
23;000100000100001000010000
24;100100000100001000010000
23;100100010000000100000001
24;100100010000000100001000
24;100100010000000100010000
23;101000010000000010100000
24;001000010000000010100000
24;100100000100001000010000
23;010000000010010000000100
24;110000000010010000000100
23;000100000100000010010000
24;100100000100000010010000
23;101000000010001000100000
23;000001000010001000010000
23;100001010000000001000100
24;100001010000000010000100
23;000001010000000010010000
23;000100100000000010100000
24;100100100000000010100000
23;100010000100000010010000
24;000010000100000010010000
24;100001010000000100010000
23;000001000010001000010000
23;100001000001000100010000
24;100001000010000100010000
24;100100010000000100000100
23;000001010000000010001000
24;100001000100010000010000
23;101000100000000010100000
23;110000000001000100010000
24;110000100000000100010000
23;000001010000000100100000
24;100001010000000100100000
23;100001000100000001010000
24;100001000100000010010000
23;000100000100000100010000
24;100100000100000100010000
24;001000010000000100100000
23;100010100000000010001000
23;010000000100000010001000
24;110000000100000010001000
24;110000010000000010000100
23;000001100000000010010000
24;000010100000000010010000
23;000100000100001000010000
24;100100000100001000010000
23;100010000100000010010000
24;000010000100000010010000
23;010000100000000010010000
24;110000010000000100000100
24;110000000100001000001000
23;101000010000000010100000
24;001000010000000010100000
24;110000010000001000000100
23;000001010000000010100000
24;000010010000000010100000
23;010000000100000010001000
24;110000000100000010001000
24;100001010000000100010000
23;000100010000000100100000
24;001000010000000100100000
23;000001000010010000100000
23;010000000010000100010000
24;110000000010000100010000
23;010000100000000100000100
23;100010000010000010010000
23;000001010000000010001000
24;100100010000000100010000
24;110000000100010000001000
24;100001000100010000010000
23;010000000100010000010000
24;110000000100010000010000
23;000001010000010000000100
24;100001010000010000000100
23;000001010000001000001000
24;100001010000001000001000
23;000001010000000010010000
23;101000000010000100001000
23;010000000010000100100000
24;001000000010000100100000
23;000100000100001000010000
24;100100000100001000010000
23;000001000100010000001000
24;100001000100010000001000
23;000001010000001000000100
24;100001010000001000000100
23;000100000010000100100000
24;001000000010000100100000
23;100100010000000100000001
24;100100010000000100001000
23;010000000010010000001000
24;110000000010010000001000
24;100100010000000010000100
23;000100000100000100010000
24;100100000100000100010000
23;000001010000000010001000
23;000001010000001000100000
24;100001010000001000100000
23;010000000100010000100000
24;110000000100010000100000
23;100001000100000001010000
24;100001000100000010010000
23;010000010000000100010000
24;110000010000000100010000
23;010000000010010000000100
24;110000000010010000000100
23;010000100000001000000100
23;101000100000000010100000
24;110000000100010000100000
23;100010100000001000010000
23;000001010000000010000100
24;100001010000000010000100
23;100001010000000001000100
24;100001010000000010000100
23;100010000010010000100000
24;110000010000000100001000
23;010000010000000010100000
24;001000010000000010100000
23;010000000100000010100000
24;001000000100000010100000
24;100001010000001000010000
24;110000010000000010000100
23;100010000010001000100000
23;101000100000000010001000
24;100100000010000010100000
23;000001010000000100000100
24;100001010000000100000100
24;001000100000000100010000
23;000001000100001000010000
24;100001000100001000010000
23;010000100000000100000100
24;100100000100010000100000
24;110000000100000100001000
23;010000100000001000010000
23;110000010000000100000001
24;110000010000000100100000
23;000001010000000010010000
23;100010100000000010001000
24;100100000100010000010000
23;100001000001000100010000
24;100001000010000100010000
24;100100000100001000010000
23;100010000010001000010000
23;000001000100000010100000
24;000010000100000010100000
23;000001000010001000010000
23;000001010000000100001000
24;100001010000000100001000
23;010000000100000100100000
23;010000100000001000010000
23;010000000100000100010000
24;110000000100000100010000
23;010000100000000010010000
23;010000000100000100100000
24;000010000100000010100000
23;110000000001000100010000
24;110000100000000100010000
23;100010000010000010100000
23;000100000100000010010000
24;000010000100000010010000
23;100010000010000100010000
24;000010000010000100010000
23;000100100000000010100000
24;100100100000000010100000
23;010000000100010000000100
24;110000000100010000000100
23;000001100000010000000100
24;100001100000010000000100
23;010000100000001000000100
24;100100010000000100000100
23;101000000010001000100000
23;000001000100010000100000
24;100001000100010000100000
23;000001100000000100010000
24;100001100000000100010000
23;000001100000000010010000
24;000010100000000010010000
24;100100010000000100001000
24;001000010000000100100000
23;000001100000001000000100
24;100001100000001000000100
23;100100010000000100000001
24;100100010000000100001000
23;100010000010000100010000
24;000010000010000100010000
24;110000000100010000001000
23;010000000100000100010000
24;110000000100000100010000
23;101000000010000100001000
24;001000010000000100100000
23;000001010000000010100000
24;000010010000000010100000
23;010000000100000100100000
24;001000100000000100010000
23;000001000100000010100000
24;000010000100000010100000
23;010000100000001000000100
23;101000100000000010001000
23;010000010000000010100000
24;001000010000000010100000
23;100010000010001000100000
24;100100000100010000010000
24;100100000100010000100000
24;100001010000001000010000
23;000001010000010000000100
24;100001010000010000000100
23;101000000010001000100000
23;100010000010000010100000
23;000100010000000100100000
24;001000010000000100100000
23;000001010000000010010000
23;000001000010001000010000
24;100100010000000100010000
23;010000100000000100000100
23;110000000001000100010000
24;110000100000000100010000
23;010000100000000010010000
24;100100010000000010000100
23;000001100000001000000100
24;100001100000001000000100
23;101000010000000010100000
24;001000010000000010100000
24;100001000100010000010000
23;010000000100000010100000
24;001000000100000010100000
23;000001010000001000000100
24;100001010000001000000100
23;100010100000000010001000
24;100100000100001000010000
23;010000000100010000000100
24;110000000100010000000100
23;010000000010010000001000
24;110000000010010000001000
23;100010010000000010010000
23;100010010000000010001000
23;000001010000000010000100
24;100001010000000010000100
23;010000000010000100010000
24;110000000010000100010000
24;100100010000000100000100
24;100100000010000010100000
23;000001000010010000100000
23;000001100000000010010000
24;000010100000000010010000
23;000100100000000100010000
24;001000100000000100010000
23;000100000100000010010000
24;100100000100000010010000
23;100010100000001000010000
23;000100000010000100100000
24;001000000010000100100000
24;110000010000000100000100
23;010000100000001000000100
23;100010000010000010010000
24;000010000100000010100000
23;010000100000000100000100
23;000001010000001000100000
24;100001010000001000100000
23;010000100000000010010000
23;000100100000000010100000
24;100100100000000010100000
24;110000010000000100001000
23;010000010000000100010000
24;110000010000000100010000
23;110000010000000100000001
24;110000010000000100100000
24;110000010000001000000100
23;000001000010010000100000
23;010000000010010000000100
24;110000000010010000000100
23;000001000100010000100000
24;100001000100010000100000
23;000001010000001000001000
24;100001010000001000001000
23;100010000100000010010000
24;000010000100000010010000
23;100010100000000010100000
23;010000100000001000010000
23;000001000100010000001000
24;100001000100010000001000
23;000001010000000010001000
23;010000000010000100100000
24;001000000010000100100000
23;100001000100000001010000
24;100001000100000010010000
23;010000100000001000010000
24;110000000100010000100000
23;100001010000000001000100
24;100001010000000010000100
24;110000000100000100001000
23;010000000100010000010000
24;110000000100010000010000
24;110000010000000010000100
23;000100000100001000010000
24;100100000100001000010000
23;100001000001000100010000
24;100001000010000100010000
23;101000000100000010001000
23;000001010000000100000100
24;100001010000000100000100
23;000001010000000100001000
24;100001010000000100001000
23;101000000100000100100000
24;100100010000000100001000
23;010000000100010000100000
24;110000000100010000100000
23;000001100000010000000100
24;100001100000010000000100
23;000001000010001000010000
24;110000000100001000001000
24;100001010000000100010000
23;000001000100000100010000
24;100001000100000100010000
23;000001000100001000010000
24;100001000100001000010000
24;001000010000000100100000
23;010000100000001000000100
23;000100000100000100010000
24;100100000100000100010000
24;110000000100010000100000
24;110000010000000100000100
23;010000100000000010010000
23;000001000100000010100000
24;000010000100000010100000
23;000001010000000100000100
24;100001010000000100000100
24;000010000100000010100000
23;100010000010010000100000
24;100001000100010000010000
24;100100000100001000010000
24;110000010000000010000100
23;101000000010001000100000
23;110000000001000100010000
24;110000100000000100010000
23;100001010000000001000100
24;100001010000000010000100
23;000100000010000100100000
24;001000000010000100100000
23;010000100000001000000100
24;110000000100010000001000
23;000001010000000010010000
23;100001000100000001010000
24;100001000100000010010000
23;010000100000001000010000
23;100010010000001000100000
23;000001100000010000000100
24;100001100000010000000100
23;000100000100000010010000
24;100100000100000010010000
23;000001000010010000100000
23;110000010000000100000001
24;110000010000000100100000
23;000001000100010000100000
24;100001000100010000100000
23;010000000010000100010000
24;110000000010000100010000
23;010000000100000010001000
24;110000000100000010001000
23;000100010000000100100000
24;001000010000000100100000
23;010000100000000100000100
24;100100010000000010000100
23;010000000010010000001000
24;110000000010010000001000
23;000001000010001000010000
24;100100000010000010100000
23;000001010000001000000100
24;100001010000001000000100
23;010000000010000100100000
24;001000000010000100100000
23;101000100000000100000100
24;100100000100010000100000
23;000001100000000010010000
24;000010100000000010010000
23;000100000100000100010000
24;100100000100000100010000
23;100010000010001000100000
23;100010000010000100010000
24;000010000010000100010000
23;000001000100010000001000
24;100001000100010000001000
24;100100010000000100010000
23;000001010000000010001000
23;100010000100000010010000
24;000010000100000010010000
23;010000100000001000010000
24;110000010000000100001000
23;010000000100010000000100
24;110000000100010000000100
24;110000010000001000000100
24;100001010000001000010000
23;101000100000000010001000
23;010000100000000010010000
23;100100010000000100000001
24;100100010000000100001000
23;010000000100000100100000
24;001000100000000100010000
23;000100000100001000010000
24;100100000100001000010000
23;010000000010010000000100
24;110000000010010000000100
23;000001010000000100001000
24;100001010000000100001000
23;100010100000000010100000
24;110000000100001000001000
23;000001100000001000000100
24;100001100000001000000100
23;010000000100001000010000
24;110000000100001000010000
23;000100100000000010100000
24;100100100000000010100000
24;110000000100000100001000
23;010000010000000010100000
24;001000010000000010100000
24;100100010000000100000100
23;010000000100010000100000
24;110000000100010000100000
23;000001010000010000000100
24;100001010000010000000100
23;101000010000000010100000
24;001000010000000010100000
23;100010100000001000010000
23;010000010000000100010000
24;110000010000000100010000
23;100010100000000010001000
23;000001010000000010100000
24;000010010000000010100000
23;010000000010000100001000
24;110000000010000100001000
24;100001010000000100010000
23;100010000010001000010000
23;100010000010000010100000
23;010000000100000100100000
23;100001000001000100010000
24;100001000010000100010000
23;100010010000000010010000
23;000100100000000100010000
24;100100100000000100010000
23;000001010000000010000100
24;100001010000000010000100
23;010000000100010000010000
24;110000000100010000010000
23;000001010000001000001000
24;100001010000001000001000
23;100010000010000010010000
23;010000000100000010100000
24;001000000100000010100000
23;100010010000000010001000
24;100100010000000100001000
24;100100000100010000010000
23;000001000010001000010000
24;110000010000001000000100
23;100100010000000100000001
24;100100010000000100001000
24;110000010000000100000100
23;000001000100000010100000
24;000010000100000010100000
24;100100000100010000100000
23;110000010000000100000001
24;110000010000000100100000
23;000001010000001000001000
24;100001010000001000001000
23;010000000010000100010000
24;110000000010000100010000
23;000001000010010000100000
23;000001100000001000000100
24;100001100000001000000100
24;000010000100000010100000
23;101000010000000010100000
24;001000010000000010100000
23;010000000100010000100000
24;110000000100010000100000
23;000100000100000100010000
24;100100000100000100010000
24;100100000100010000010000
23;000100000100001000010000
24;100100000100001000010000
23;100010010000001000100000
23;000001010000000100100000
24;100001010000000100100000
23;100010000100000010010000
24;000010000100000010010000
23;101000000010001000100000
23;000001010000010000000100
24;100001010000010000000100
23;000001000100010000001000
24;100001000100010000001000
24;110000000100001000001000
23;010000000100000010010000
24;110000000100000010010000
23;000100000010000100100000
24;001000000010000100100000
24;100100010000000010000100
23;000100100000000010100000
24;100100100000000010100000
23;100001000100000001010000
24;100001000100000010010000
23;110000000001000100010000
24;110000100000000100010000
23;000001100000010000000100
24;100001100000010000000100
23;000001100000000010010000
24;000010100000000010010000
23;100010000010000010100000
23;010000100000000100000100
24;100100010000000100010000
23;010000010000000010100000
24;001000010000000010100000
23;101000100000000100000100
23;010000100000001000000100
23;100010100000000010100000
23;101000100000000010001000
23;010000000010010000001000
24;110000000010010000001000
23;010000000010000100100000
24;001000000010000100100000
24;100100010000000100000100
23;010000000100000010100000
24;001000000100000010100000
23;000100000100001000010000
24;100100000100001000010000
23;000001000010001000010000
23;010000000100000010001000
24;110000000100000010001000
24;100001010000000100010000
23;010000000100010000000100
24;110000000100010000000100
23;100001000001000100010000
24;100001000010000100010000
24;001000100000000100010000
23;010000000100000100010000
24;110000000100000100010000
23;010000100000001000010000
24;110000010000000100001000
23;000001010000000100001000
24;100001010000000100001000
23;100010000010000010010000
23;000001010000000010010000
23;100001010000000001000100
24;100001010000000010000100
23;010000100000000010010000
23;010000000100010000010000
24;110000000100010000010000
23;010000000010010000000100
24;110000000010010000000100
23;000001000010010000100000
23;000100100000000100010000
24;001000100000000100010000
23;000001010000001000000100
24;100001010000001000000100
24;001000010000000100100000
24;110000000100000100001000
24;110000010000000010000100
24;100001000100010000010000
23;100010000010001000100000
24;100100000100001000010000
24;100001010000001000010000
24;110000000100010000001000
23;010000100000001000000100
23;000001010000000010001000
23;010000000100000100100000
23;100010000010000100010000
24;000010000010000100010000
24;110000000100010000100000
23;000001010000000010001000
23;000001010000000010100000
24;000010010000000010100000
23;010000100000001000010000
23;000001000100010000100000
24;100001000100010000100000
23;100010010000000010010000
23;100010100000000010001000
24;100100010000000100001000
23;010000010000000100010000
24;110000010000000100010000
23;000001010000000010000100
24;100001010000000010000100
23;000001010000000100000100
24;100001010000000100000100
23;010000000100000100100000
23;010000100000000010010000
24;100100000010000010100000
23;101000000010000100001000
23;000001100000001000010000
24;100001100000001000010000
23;100100010000000100000001
24;100100010000000100001000
23;010000100000001000010000
23;000001010000000010001000
23;100010000010000010100000
23;000100100000000010010000
24;000010100000000010010000
24;110000000100010000001000
24;110000000100010000100000
24;100100000100010000100000
23;010000100000001000000100
23;100010100000000010001000
24;001000100000000100010000
23;000001010000010000000100
24;100001010000010000000100
23;100001010000000001000100
24;100001010000000010000100
23;100001000100000001010000
24;100001000100000010010000
23;000001010000000100000100
24;100001010000000100000100
23;010000100000000100000100
24;000010000100000010100000
23;100010000010000100010000
24;000010000010000100010000
23;101000000010001000100000
23;101000010000000010100000
24;001000010000000010100000
24;100001010000001000010000
23;000001010000001000100000
24;100001010000001000100000
23;010000000100000010001000
24;110000000100000010001000
23;110000010000000100000001
24;110000010000000100100000
23;010000000100000100010000
24;110000000100000100010000
23;000001100000000100010000
24;100001100000000100010000
23;100010010000001000001000
23;000100000010000100100000
24;001000000010000100100000
23;010000000010000100100000
24;001000000010000100100000
24;100001010000000100010000
23;000001000010010000100000
23;100010100000000010100000
23;100001000001000100010000
24;100001000010000100010000
23;010000000100000100100000
23;000001010000000100001000
24;100001010000000100001000
23;100010000010000010010000
23;000001010000000010010000
23;010000010000000010100000
24;001000010000000010100000
23;010000000010010000000100
24;110000000010010000000100
24;110000010000000010000100
23;000001100000000010010000
24;000010100000000010010000
23;000001010000000010100000
24;000010010000000010100000
23;010000100000000010010000
24;110000010000000100000100
24;001000010000000100100000
24;100100010000000100010000
24;100100010000000010000100
23;010000100000001000000100
24;100001000100010000010000
24;110000010000000100001000
24;110000000100000100001000
24;100100000100001000010000
23;000001010000000010000100
24;100001010000000010000100
23;000001000100000010100000
24;000010000100000010100000
23;000001000100010000001000
24;100001000100010000001000
23;010000100000000100000100
23;000001000100010000100000
24;100001000100010000100000
23;010000000100000010100000
24;001000000100000010100000
24;100100000100010000010000
23;100010000100000010010000
24;000010000100000010010000
23;100010100000001000010000
23;101000000100000100100000
23;000001000010010000100000
23;010000010000000100010000
24;110000010000000100010000
23;101000100000000010001000
23;000001010000000100100000
24;100001010000000100100000
24;110000010000001000000100
23;000001100000010000000100
24;100001100000010000000100
24;100100000010000010100000
23;110000000001000100010000
24;110000100000000100010000
23;100010000010001000100000
23;010000100000001000010000
23;000100100000000010100000
24;100100100000000010100000
23;000001000010001000010000
23;010000000100010000000100
24;110000000100010000000100
23;000100000100001000010000
24;100100000100001000010000
23;000001000010001000010000
23;000100000010000100010000
24;100100000010000100010000
23;000001010000000010001000
23;010000000100010000010000
24;110000000100010000010000
24;110000000100001000001000
23;000001000100001000010000
24;100001000100001000010000
24;100100010000000100000100
24;100100010000000100001000
23;010000000100010000100000
24;110000000100010000100000
23;000001010000000010010000
23;000100000100000100010000
24;100100000100000100010000
23;000001100000001000000100
24;100001100000001000000100
23;101000000010000100001000
23;010000000010010000001000
24;110000000010010000001000
23;010000000100000010010000
24;110000000100000010010000
23;000001010000001000000100
24;100001010000001000000100
23;100010000100000010010000
24;000010000100000010010000
23;000100100000000010010000
24;100100100000000010010000
23;000001010000000010010000
23;100100010000000100000001
24;100100010000000100001000
23;000001100000000010010000
24;000010100000000010010000
23;000001000100010000100000
24;100001000100010000100000
23;000001000100000010100000
24;000010000100000010100000
23;010000000100010000100000
24;110000000100010000100000
23;101000000100000010001000
24;001000010000000100100000
23;100010000010000010100000
24;100100010000000100000100
23;000100100000000010100000
24;100100100000000010100000
24;100100010000000010000100
23;101000100000000010100000
23;100010010000001000001000
24;110000010000000100000100
23;010000000100001000010000
24;110000000100001000010000
24;110000000100000100001000
24;110000000100010000001000
24;110000010000001000000100
23;000100000100000100010000
24;100100000100000100010000
23;000001010000000100001000
24;100001010000000100001000
24;001000100000000100010000
23;000001000010001000010000
24;100001010000000100010000
23;000001010000000010000100
24;100001010000000010000100
23;000001100000010000000100
24;100001100000010000000100
23;010000000010000100010000
24;110000000010000100010000
23;100010000010001000100000
23;101000000010001000100000
23;000001010000001000000100
24;100001010000001000000100
23;100010000010000100010000
24;000010000010000100010000
23;010000000010010000000100
24;110000000010010000000100
23;010000100000001000000100
23;010000100000000100000100
23;000100010000000100100000
24;100100010000000100100000
23;010000000100000100100000
24;110000000100001000001000
24;110000000100010000100000
23;000100000010000100100000
24;001000000010000100100000
23;000001000100010000001000
24;100001000100010000001000
23;100010000010010000100000
23;010000010000000100010000
24;110000010000000100010000
24;110000010000000100001000
23;100001010000000001000100
24;100001010000000010000100
23;110000000001000100010000
24;110000100000000100010000
23;100001000001000100010000
24;100001000010000100010000
23;100010000010001000010000
23;000001010000010000000100
24;100001010000010000000100
23;010000000100000010100000
24;001000000100000010100000
23;100010000010000010010000
24;100001010000001000010000
23;010000100000001000010000
23;000001010000000010001000
23;100010100000001000010000
23;010000100000000010010000
23;101000100000000010001000
24;100100010000000100001000
23;010000000010000100100000
24;001000000010000100100000
23;000001010000000010001000
24;100100000100010000010000
24;000010000100000010100000
23;010000010000000010100000
24;001000010000000010100000
24;110000010000000010000100
23;000001010000000010010000
23;010000000100000100100000
23;010000000010010000001000
24;110000000010010000001000
23;110000010000000100000001
24;110000010000000100100000
23;000100000100000100010000
24;100100000100000100010000
23;010000000100010000000100
24;110000000100010000000100
23;000001010000000100000100
24;100001010000000100000100
23;010000000100010000010000
24;110000000100010000010000
24;100001000100010000010000
24;100100010000000100010000
24;100100000100010000100000
23;010000000100000010010000
24;110000000100000010010000
24;100100000100001000010000
23;101000000010000100001000
24;100100000010000010100000
23;000001000010010000100000
23;100001000100000001010000
24;100001000100000010010000
23;010000100000001000000100
23;000100000100001000010000
24;100100000100001000010000
23;010000100000001000010000
23;100010010000001000100000
23;101000010000000010100000
24;001000010000000010100000
23;000001010000000010100000
24;000010010000000010100000
23;100010100000000010001000
23;000001100000001000000100
24;100001100000001000000100
23;000100100000000100010000
24;100100100000000100010000
23;010000100000000100000100
24;110000010000000010000100
24;100100000100001000010000
23;100010000010000100010000
24;000010000010000100010000
24;110000010000000100000100
23;100010000010000010010000
23;010000000100010000100000
24;110000000100010000100000
23;010000000010000100100000
24;001000000010000100100000
24;100001010000001000010000
23;010000000100000010001000
24;110000000100000010001000
23;000001000100010000100000
24;100001000100010000100000
23;010000100000001000010000
23;100100010000000100000001
24;100100010000000100001000
23;000001000010010000100000
24;100100010000000100001000
24;100100000100010000100000
23;000100000100000100010000
24;100100000100000100010000
23;101000000010001000100000
23;010000100000001000010000
23;010000100000001000000100
24;100001010000000100010000
23;100010000010000010100000
23;100001000100000001010000
24;100001000100000010010000
23;010000100000000100000100
23;000001000010001000010000
24;110000000100001000001000
23;100010000010001000100000
23;100010000010010000100000
23;000001100000010000000100
24;100001100000010000000100
23;100010000100000010010000
24;000010000100000010010000
24;110000000100010000001000
23;000001100000000010010000
24;000010100000000010010000
23;100010010000000010001000
23;101000010000000010100000
24;001000010000000010100000
24;110000010000000100001000
23;000001000100000100010000
24;100001000100000100010000
23;000001100000001000000100
24;100001100000001000000100
23;000001010000000010100000
24;000010010000000010100000
23;110000000001000100010000
24;110000100000000100010000
24;110000000100000100001000
23;000001010000001000000100
24;100001010000001000000100
24;000010000100000010100000
24;110000000100010000100000
24;100100000100010000010000
23;000001010000010000000100
24;100001010000010000000100
24;001000010000000100100000
23;010000000100000100100000
23;000100010000000100100000
24;100100010000000100100000
23;100001000001000100010000
24;100001000010000100010000
23;010000000100010000000100
24;110000000100010000000100
23;000001010000000010001000
23;000001000010001000010000
23;000100100000000010100000
24;100100100000000010100000
23;010000000100000100100000
23;000100000010000100100000
24;001000000010000100100000
23;010000010000000010100000
24;001000010000000010100000
23;100010100000000010100000
23;000001010000000100000100
24;100001010000000100000100
23;010000100000000010010000
24;100001000100010000010000
24;100100000010000010100000
23;000001010000000010010000
23;010000000010010000001000
24;110000000010010000001000
23;010000100000001000000100
23;000100000100000010010000
24;000010000100000010010000
23;010000100000000100000100
23;000001010000000010000100
24;100001010000000010000100
24;100100010000000010000100
23;100001010000000001000100
24;100001010000000010000100
23;000100000100001000010000
24;100100000100001000010000
23;000001100000001000010000
24;100001100000001000010000
23;000001010000000100001000
24;100001010000000100001000
23;000001000100000010100000
24;000010000100000010100000
23;010000000010000100001000
24;110000000010000100001000
23;101000100000000010001000
24;001000100000000100010000
23;010000000010000100010000
24;110000000010000100010000
23;100010010000000010010000
23;100010010000001000100000
23;010000010000000100010000
24;110000010000000100010000
23;010000000010010000000100
24;110000000010010000000100
23;110000010000000100000001
24;110000010000000100100000
24;110000010000001000000100
23;000001100000000100010000
24;100001100000000100010000
23;100010100000000010001000
24;100100010000000100000100
23;000001000100010000001000
24;100001000100010000001000
23;000001010000001000001000
24;100001010000001000001000
23;010000000100001000010000
24;110000000100001000010000
23;010000000100010000010000
24;110000000100010000010000
24;100100010000000100010000
23;010000000100000010100000
24;001000000100000010100000
23;010000100000000010010000
23;010000000100000010100000
24;001000000100000010100000
24;001000010000000100100000
23;100001000100000001010000
24;100001000100000010010000
23;000001010000000010010000
23;000001000100010000100000
24;100001000100010000100000
24;110000000100001000001000
23;010000000010010000001000
24;110000000010010000001000
23;010000000100010000010000
24;110000000100010000010000
23;100010010000001000100000
24;100100010000000100010000
23;000100000100001000010000
24;100100000100001000010000
23;100010000010010000100000
23;000001100000000010010000
24;000010100000000010010000
24;110000010000000100000100
23;000001010000000100100000
24;100001010000000100100000
24;100100000100010000010000
24;100100010000000100001000
24;100100010000000100000100
23;100010010000001000001000
23;010000010000000010100000
24;001000010000000010100000
23;010000000100010000100000
24;110000000100010000100000
24;100001010000001000010000
24;001000100000000100010000
23;000100000010000100100000
24;100100000010000100100000
23;101000010000000010100000
24;001000010000000010100000
23;101000100000000010001000
23;010000100000001000010000
23;010000000100010000000100
24;110000000100010000000100
23;000001010000000010000100
24;100001010000000010000100
23;100010000010001000100000
23;010000000100000010001000
24;110000000100000010001000
23;100001000001000100010000
24;100001000010000100010000
23;000001010000000010001000
23;000001010000000100001000
24;100001010000000100001000
23;010000100000001000000100
23;000100100000000100010000
24;100100100000000100010000
24;100001010000000100010000
23;100010010000000010001000
23;101000100000000010100000
23;000001000100000010100000
24;000010000100000010100000
24;100100000100010000100000
23;000001000100000100010000
24;100001000100000100010000
23;010000100000001000010000
23;100001010000000001000100
24;100001010000000010000100
24;100100000010000010100000
23;000001010000000010100000
24;000010010000000010100000
24;100100010000000010000100
23;000100000100001000010000
24;100100000100001000010000
23;010000100000000100000100
23;100010000010000100010000
24;000010000010000100010000
23;100010000010000010100000
23;000001010000010000000100
24;100001010000010000000100
23;000001000100010000001000
24;100001000100010000001000
23;000100000100000010010000
24;000010000100000010010000
23;010000000010000100100000
24;001000000010000100100000
23;000100000100000100010000
24;100100000100000100010000
23;100010000100000010010000
24;000010000100000010010000
23;000001100000001000000100
24;100001100000001000000100
24;110000000100010000100000
24;110000010000000010000100
23;000001010000000010010000
23;100010100000000010001000
24;000010000100000010100000
24;110000000100010000001000
23;110000010000000100000001
24;110000010000000100100000
23;100010000010000010010000
23;010000000100000100100000
23;101000000010001000100000
24;110000000100000100001000
23;110000000001000100010000
24;110000100000000100010000
23;000001000010010000100000
23;010000000010010000000100
24;110000000010010000000100
23;000001010000000100000100
24;100001010000000100000100
23;010000010000000100010000
24;110000010000000100010000
23;000001010000001000000100
24;100001010000001000000100
24;100100000100001000010000
23;000001000010001000010000
23;010000000010000100010000
24;110000000010000100010000
23;010000100000000010010000
23;000001100000010000000100
24;100001100000010000000100
23;000001000010001000010000
24;110000010000001000000100
24;100001000100010000010000
23;010000100000000100000100
23;010000100000000010010000
23;010000100000001000000100
23;010000000010000100001000
24;110000000010000100001000
24;110000010000000100001000
23;000100100000000010100000
24;100100100000000010100000
23;100100010000000100000001
24;100100010000000100001000
23;010000000100000100100000
23;100010100000001000010000
23;000001000100010000100000
24;100001000100010000100000
23;010000000100000100100000
23;000001000100001000010000
24;100001000100001000010000
23;101000100000000010001000
23;000001010000000100000100
24;100001010000000100000100
24;100001010000000100010000
23;101000010000000010100000
24;001000010000000010100000
23;000001000100000100010000
24;100001000100000100010000
23;110000010000000100000001
24;110000010000000100100000
23;010000000100000010100000
24;001000000100000010100000
23;000001000010010000100000
24;100100010000000100001000
23;010000000100010000100000
24;110000000100010000100000
23;000100100000000010100000
24;100100100000000010100000
23;010000000010010000000100
24;110000000010010000000100
24;100100010000000010000100
23;000001010000000010010000
23;000001010000000100001000
#<Time>=3.40139s/900
#<PlanCost>=single integer value
#<State>=Atom door-open();Atom elevator-at(f1);Atom elevator-at(f2);Atom elevator-at(f3);Atom elevator-at(f4);Atom elevator-at(f5);Atom passenger-at(p3, f1);Atom passenger-at(p3, f2);Atom passenger-at(p3, f3);Atom passenger-at(p3, f4);Atom passenger-at(p3, f5);Atom passenger-in-elevator(p3);Atom passenger-at(p2, f1);Atom passenger-at(p2, f2);Atom passenger-at(p2, f3);Atom passenger-at(p2, f4);Atom passenger-at(p2, f5);Atom passenger-in-elevator(p2);Atom passenger-at(p1, f1);Atom passenger-at(p1, f2);Atom passenger-at(p1, f3);Atom passenger-at(p1, f4);Atom passenger-at(p1, f5);Atom passenger-in-elevator(p1);
24;100001010000000100001000
23;100010000010001000010000
23;000001010000000010001000
23;010000010000000010100000
24;001000010000000010100000
24;100100010000000100010000
23;100001000100000001010000
24;100001000100000010010000
23;010000010000000100010000
24;110000010000000100010000
24;110000000100010000100000
23;000001010000000100100000
24;100001010000000100100000
24;100001000100010000010000
23;110000000001000100010000
24;110000100000000100010000
23;010000100000001000010000
24;100100000100010000010000
23;010000000010000100010000
24;110000000010000100010000
23;000001010000000010010000
23;100010000010000010100000
23;000100000100000010010000
24;000010000100000010010000
23;010000000100000100010000
24;110000000100000100010000
23;000001010000010000000100
24;100001010000010000000100
23;100010010000001000100000
23;010000000010000100001000
24;110000000010000100001000
23;100010100000000010001000
24;100100000100001000010000
23;010000000100010000010000
24;110000000100010000010000
23;100010000010000010010000
23;010000100000001000010000
24;110000010000000100000100
24;001000100000000100010000
24;110000010000001000000100
23;000100100000000100010000
24;100100100000000100010000
23;010000000100010000000100
24;110000000100010000000100
23;000001100000010000000100
24;100001100000010000000100
23;000001000100000010100000
24;000010000100000010100000
24;000010000100000010100000
23;000001000100010000001000
24;100001000100010000001000
23;100010000010000100010000
24;000010000010000100010000
23;101000000010001000100000
24;100100010000000100000100
23;100100010000000100000001
24;100100010000000100001000
23;000001010000000010001000
23;100010000010001000100000
23;000001010000001000000100
24;100001010000001000000100
23;000100100000000010010000
24;000010100000000010010000
23;000100000100001000010000
24;100100000100001000010000
23;000001010000000010100000
24;000010010000000010100000
23;000001100000000010010000
24;000010100000000010010000
23;000001100000001000010000
24;100001100000001000010000
24;100100000100010000100000
23;010000100000000100000100
23;100010010000001000001000
23;000100000010000100100000
24;001000000010000100100000
24;100001010000001000010000
23;010000100000001000000100
23;100010000100000010010000
24;000010000100000010010000
23;101000100000000100000100
24;110000010000000100001000
24;001000010000000100100000
24;110000000100001000001000
23;000001000010001000010000
24;110000010000000010000100
23;100001000001000100010000
24;100001000010000100010000
23;000001010000000010000100
24;100001010000000010000100
23;100001010000000001000100
24;100001010000000010000100
23;010000100000000010010000
24;110000000100000100001000
23;010000000010010000001000
24;110000000010010000001000
23;010000100000001000000100
23;010000000010000100100000
24;001000000010000100100000
23;000001100000001000000100
24;100001100000001000000100
23;101000000100000100100000
24;100100000010000010100000
24;110000000100010000001000
23;100010100000000010100000
23;101000000100000010001000
23;000001000010010000100000
24;110000000100010000100000
23;100010000010001000100000
23;100001000001000100010000
24;100001000010000100010000
23;100010000010000010100000
23;100010010000000010001000
23;110000010000000100000001
24;110000010000000100100000
23;101000010000000010100000
24;001000010000000010100000
24;100100000100001000010000
24;110000010000000010000100
24;100001010000001000010000
23;000001010000000100000100
24;100001010000000100000100
23;010000000100000100100000
23;010000000100000100100000
23;000001000010001000010000
23;000001010000000010100000
24;000010010000000010100000
23;000001000100001000010000
24;100001000100001000010000
24;100100000100010000010000
24;100100000010000010100000
23;010000000100001000010000
24;110000000100001000010000
23;010000000100010000100000
24;110000000100010000100000
23;000001010000010000000100
24;100001010000010000000100
23;000001010000000100100000
24;100001010000000100100000
23;010000000100000010100000
24;001000000100000010100000
24;001000100000000100010000
23;010000000100000010010000
24;110000000100000010010000
24;110000000100000100001000
23;000001010000000100001000
24;100001010000000100001000
24;100100010000000100001000
23;010000000100010000000100
24;110000000100010000000100
23;010000000100010000010000
24;110000000100010000010000
23;000001010000001000100000
24;100001010000001000100000
23;101000100000001000000100
23;101000100000000100000100
24;000010000100000010100000
24;100001000100010000010000
24;100001010000000100010000
23;101000000010001000100000
24;110000000100010000001000
23;000001000010010000100000
23;100010100000001000010000
23;000001000100000010100000
24;000010000100000010100000
23;100010010000000010010000
23;100100010000000100000001
24;100100010000000100001000
23;100010010000001000001000
23;000001000010010000100000
23;100010000010000010010000
24;001000010000000100100000
23;010000100000000010010000
24;100100010000000010000100
24;100100010000000100010000
23;010000100000001000010000
23;010000010000000010100000
24;001000010000000010100000
23;100001000100000001010000
24;100001000100000010010000
24;110000010000001000000100
24;110000010000000100001000
23;100010000100000010010000
24;000010000100000010010000
23;010000100000000100000100
23;000001000100010000001000
24;100001000100010000001000
23;010000000010010000001000
24;110000000010010000001000
23;000001100000000100010000
24;100001100000000100010000
23;000001100000010000000100
24;100001100000010000000100
23;000001010000000010010000
23;000100000010000100100000
24;100100000010000100100000
23;101000000010000100001000
23;101000100000000010001000
23;010000100000001000010000
23;010000010000000100010000
24;110000010000000100010000
24;110000000100001000001000
23;010000100000000010010000
23;000001010000001000000100
24;100001010000001000000100
23;100010000010000100010000
24;000010000010000100010000
23;100010100000000010100000
23;010000000100000100010000
24;110000000100000100010000
23;000001000010001000010000
23;100001010000000001000100
24;100001010000000010000100
23;110000000001000100010000
24;110000100000000100010000
23;010000100000001000000100
23;000001000100010000100000
24;100001000100010000100000
24;110000010000000100000100
23;000100000100000100010000
24;100100000100000100010000
23;000001100000000010010000
24;000010100000000010010000
23;010000000010010000000100
24;110000000010010000000100
23;010000000010000100100000
24;001000000010000100100000
23;000001100000001000000100
24;100001100000001000000100
23;100010100000000010001000
23;010000000010000100010000
24;110000000010000100010000
23;000100100000000010100000
24;100100100000000010100000
23;000001010000000010001000
24;100100000100010000100000
23;101000000100000010001000
23;000001010000000010000100
24;100001010000000010000100
24;100100010000000100000100
23;000100000100000100010000
24;100100000100000100010000
23;100001000001000100010000
24;100001000010000100010000
23;101000010000000010100000
24;001000010000000010100000
24;110000000100001000001000
23;010000000010010000001000
24;110000000010010000001000
24;100100010000000010000100
23;100010000010001000100000
23;101000100000000010001000
23;101000100000001000000100
23;010000000010000100010000
24;110000000010000100010000
23;010000000010000100001000
24;110000000010000100001000
24;000010000100000010100000
23;000001000010010000100000
23;000001010000000100000100
24;100001010000000100000100
23;100100010000000100000001
24;100100010000000100001000
23;100001010000000001000100
24;100001010000000010000100
23;000100100000000010100000
24;100100100000000010100000
23;010000000010000100100000
24;001000000010000100100000
23;000100000100001000010000
24;100100000100001000010000
23;000001000100010000100000
24;100001000100010000100000
23;000100100000000100010000
24;100100100000000100010000
24;110000010000000100000100
23;010000010000000010100000
24;001000010000000010100000
24;110000000100010000100000
23;110000000001000100010000
24;110000100000000100010000
23;100010010000000010001000
23;010000000100010000010000
24;110000000100010000010000
24;110000000100000100001000
23;010000000100001000010000
24;110000000100001000010000
24;100100010000000100000100
24;110000010000001000000100
24;100001010000000100010000
23;000100000010000100100000
24;001000000010000100100000
24;100100000100010000010000
23;000001000100000100010000
24;100001000100000100010000
23;100010100000000010001000
23;000001000010010000100000
24;100100000100001000010000
23;000001100000001000000100
24;100001100000001000000100
23;000001010000000010010000
23;010000000100010000100000
24;110000000100010000100000
23;000001010000000010001000
23;101000000100000010001000
23;110000010000000100000001
24;110000010000000100100000
23;010000100000000010010000
23;010000000100000010100000
24;001000000100000010100000
23;000001010000000010010000
24;001000010000000100100000
23;000001000100010000001000
24;100001000100010000001000
23;010000000100000100100000
23;000001100000000010010000
24;000010100000000010010000
23;000100000100000010010000
24;100100000100000010010000
23;100010000010000100010000
24;000010000010000100010000
24;110000000100010000001000
23;000001010000001000000100
24;100001010000001000000100
23;000001010000001000100000
24;100001010000001000100000
23;000001010000000010100000
24;000010010000000010100000
23;010000100000000100000100
24;110000010000000010000100
23;101000100000000100000100
23;000001000100000010100000
24;000010000100000010100000
23;000001000010001000010000
23;100001000100000001010000
24;100001000100000010010000
23;100010000010000010100000
24;100100000100010000100000
23;010000100000001000010000
24;100001000100010000010000
24;100001010000001000010000
24;100100000010000010100000
23;000001010000000100100000
24;100001010000000100100000
23;000001000010001000010000
24;110000010000000100001000
23;101000000010001000100000
23;000001100000001000010000
24;100001100000001000010000
23;010000000100000100100000
24;100100010000000100010000
23;010000010000000100010000
24;110000010000000100010000
24;100100010000000100001000
23;000001010000000010000100
24;100001010000000010000100
23;000001010000010000000100
24;100001010000010000000100
23;010000000010010000000100
24;110000000010010000000100
23;100010000010000010010000
23;010000100000000010010000
23;000001100000010000000100
24;100001100000010000000100
23;010000100000001000010000
23;010000000100010000000100
24;110000000100010000000100
23;000001010000000100001000
24;100001010000000100001000
24;001000100000000100010000
23;100010010000001000001000
23;010000100000001000000100
23;100010000100000010010000
24;000010000100000010010000
23;100010100000000010100000
24;110000000100010000100000
23;000001010000000100000100
24;100001010000000100000100
23;000100000100000100010000
24;100100000100000100010000
23;010000100000001000010000
23;010000000010000100100000
24;001000000010000100100000
23;010000100000001000010000
23;100010000100000010010000
24;000010000100000010010000
23;000100100000000010010000
24;100100100000000010010000
23;101000100000000010001000
23;000100000010000100100000
24;100100000010000100100000
24;100100010000000100001000
24;110000010000001000000100
23;010000100000001000000100
24;000010000100000010100000
24;110000010000000100001000
23;100010000010000010100000
24;110000010000000100000100
24;001000100000000100010000
23;100010100000000010100000
24;100100010000000100000100
23;010000100000000100000100
23;010000010000000010100000
24;001000010000000010100000
23;000001100000000010010000
24;000010100000000010010000
23;000001100000000100010000
24;100001100000000100010000
23;010000000100000010100000
24;001000000100000010100000
23;010000100000000010010000
23;000001000010010000100000
23;010000000010010000000100
24;110000000010010000000100
23;100010000010001000100000
23;000001000100010000001000
24;100001000100010000001000
23;000001000010010000100000
23;000001010000010000000100
24;100001010000010000000100
23;000001010000001000001000
24;100001010000001000001000
24;100100000010000010100000
23;010000000100000100100000
24;100100010000000100010000
23;101000000100000100100000
23;010000000100010000000100
24;110000000100010000000100
24;001000010000000100100000
23;100010000010000010010000
23;000001010000001000000100
24;100001010000001000000100
24;100001010000000100010000
24;110000000100010000001000
23;101000000100000010001000
23;000100000100000010010000
24;000010000100000010010000
24;100100000100010000100000
23;000001010000000010000100
24;100001010000000010000100
23;100001000001000100010000
24;100001000010000100010000
24;110000000100001000001000
23;101000100000000010100000
23;010000000100010000100000
24;110000000100010000100000
24;110000010000000010000100
23;000001010000001000100000
24;100001010000001000100000
23;000001010000000010010000
23;000001000010001000010000
24;100100000100001000010000
23;000001010000000100100000
24;100001010000000100100000
24;100100000100010000010000
23;000001100000001000000100
24;100001100000001000000100
24;100001000100010000010000
24;100001010000001000010000
23;100010100000001000010000
23;110000000001000100010000
24;110000100000000100010000
23;010000000010010000001000
24;110000000010010000001000
23;100001010000000001000100
24;100001010000000010000100
23;101000100000000100000100
23;000100000010000100010000
24;000010000010000100010000
23;010000100000001000000100
23;000001000100010000100000
24;100001000100010000100000
23;000100000100001000010000
24;100100000100001000010000
23;110000010000000100000001
24;110000010000000100100000
23;000100000100001000010000
24;100100000100001000010000
23;000001100000010000000100
24;100001100000010000000100
23;101000000010001000100000
24;100100010000000010000100
23;100010100000000010001000
23;010000010000000100010000
24;110000010000000100010000
23;000001010000000010001000
23;101000000010000100001000
23;100001000100000001010000
24;100001000100000010010000
23;010000000100010000010000
24;110000000100010000010000
23;000001010000000010001000
23;000100000100000100010000
24;100100000100000100010000
23;100100010000000100000001
24;100100010000000100001000
23;100010010000000010010000
23;100010000010000100010000
24;000010000010000100010000
23;100010000010001000010000
23;000001010000000100001000
24;100001010000000100001000
24;110000000100000100001000
23;101000010000000010100000
24;001000010000000010100000
23;000001000100000010100000
24;000010000100000010100000
23;000001010000000010100000
24;000010010000000010100000
23;010000100000001000000100
23;010000000010000100100000
24;001000000010000100100000
23;010000000010000100001000
24;110000000010000100001000
23;000001010000001000100000
24;100001010000001000100000
24;100100000100010000100000
24;100100010000000100001000
23;000001010000000100000100
24;100001010000000100000100
24;110000010000000010000100
24;100100010000000100010000
23;100010000100000010010000
24;000010000100000010010000
23;010000000100000100100000
23;000001000100010000100000
24;100001000100010000100000
23;100010000010000010100000
23;000001010000001000000100
24;100001010000001000000100
23;000001010000000010100000
24;000010010000000010100000
24;110000010000001000000100
23;000100000100001000010000
24;100100000100001000010000
23;010000000100000100010000
24;110000000100000100010000
23;010000100000000100000100
24;100100010000000010000100
23;000001010000000100001000
24;100001010000000100001000
23;000001000100000100010000
24;100001000100000100010000
23;101000000010001000100000
24;100100000100010000010000
23;000100100000000010100000
24;100100100000000010100000
23;000001000010001000010000
23;000001010000000010000100
24;100001010000000010000100
23;000001000010010000100000
23;000100100000000010010000
24;000010100000000010010000
23;100010100000000010001000
24;001000010000000100100000
23;010000000100010000000100
24;110000000100010000000100
23;000001010000000100100000
24;100001010000000100100000
23;110000000001000100010000
24;110000100000000100010000
23;010000000100000100100000
23;000001100000001000010000
24;100001100000001000010000
23;100010000010001000100000
23;000001010000000010010000
23;110000010000000100000001
24;110000010000000100100000
24;110000010000000100001000
23;000100100000000010100000
24;100100100000000010100000
24;110000000100010000100000
24;110000000100010000001000
23;000001000010001000010000
24;100100010000000100000100
23;100010000010000010010000
23;010000000100010000100000
24;110000000100010000100000
23;000001100000001000000100
24;100001100000001000000100
23;100100010000000100000001
24;100100010000000100001000
23;010000000100010000010000
24;110000000100010000010000
23;010000000100000010001000
24;110000000100000010001000
23;100001000100000001010000
24;100001000100000010010000
23;010000000100000010100000
24;001000000100000010100000
23;000001000100000010100000
24;000010000100000010100000
23;101000010000000010100000
24;001000010000000010100000
24;100100000100001000010000
24;000010000100000010100000
23;010000100000000010010000
23;000001100000000100010000
24;100001100000000100010000
23;000001100000010000000100
24;100001100000010000000100
23;100001010000000001000100
24;100001010000000010000100
23;000001000100010000001000
24;100001000100010000001000
23;010000100000001000010000
23;100010000010000100010000
24;000010000010000100010000
23;010000000010010000000100
24;110000000010010000000100
24;100100000010000010100000
23;010000100000001000000100
23;000100000100000010010000
24;100100000100000010010000
23;000001010000000010001000
23;100001000001000100010000
24;100001000010000100010000
24;110000010000000100000100
23;000001100000000010010000
24;000010100000000010010000
24;110000000100000100001000
24;001000100000000100010000
23;000100000010000100100000
24;001000000010000100100000
24;100001010000001000010000
23;100010000010010000100000
23;010000010000000010100000
24;001000010000000010100000
23;101000100000000010001000
23;010000000010010000001000
24;110000000010010000001000
23;000001010000001000001000
24;100001010000001000001000
23;010000100000001000010000
23;000100000010000100010000
24;000010000010000100010000
24;100001000100010000010000
23;010000100000000100000100
23;000001010000000010010000
23;000100000100001000010000
24;100100000100001000010000
23;000001010000000010001000
23;000001010000010000000100
24;100001010000010000000100
24;110000000100001000001000
24;100001010000000100010000
23;010000010000000100010000
24;110000010000000100010000
24;100001000100010000010000
23;100010010000001000001000
23;010000010000000010100000
24;001000010000000010100000
23;000001100000010000000100
24;100001100000010000000100
23;000001000010001000010000
23;101000100000001000000100
23;010000000100010000000100
24;110000000100010000000100
23;010000000010000100001000
24;110000000010000100001000
23;010000010000000100010000
24;110000010000000100010000
23;010000100000001000000100
23;000001000100001000010000
24;100001000100001000010000
23;000001010000001000000100
24;100001010000001000000100
23;010000000100000100100000
23;010000100000001000010000
23;010000100000000100000100
23;010000100000000010010000
23;101000100000000010001000
24;100001010000001000010000
23;000001010000000010010000
24;110000000100010000100000
24;110000000100010000001000
24;100100010000000100010000
23;100001010000000001000100
24;100001010000000010000100
23;100001000100000001010000
24;100001000100000010010000
23;000001010000000100001000
24;100001010000000100001000
23;100010000010000010100000
23;100010010000000010001000
23;010000100000001000010000
23;000001010000010000000100
24;100001010000010000000100
23;000001000100010000100000
24;100001000100010000100000
23;000001000100000010100000
24;000010000100000010100000
23;010000000100000010100000
24;001000000100000010100000
23;100010000100000010010000
24;000010000100000010010000
24;110000000100001000001000
23;010000000100000100010000
24;110000000100000100010000
23;000001010000000100000100
24;100001010000000100000100
24;110000010000001000000100
23;000001000010010000100000
23;110000010000000100000001
24;110000010000000100100000
23;100010100000000010001000
23;100010100000001000010000
23;010000000100000010001000
24;110000000100000010001000
23;000001100000001000000100
24;100001100000001000000100
24;110000000100000100001000
23;000100000100000010010000
24;000010000100000010010000
23;010000000010010000000100
24;110000000010010000000100
23;100010000010001000010000
23;000001000100000100010000
24;100001000100000100010000
23;010000100000000010010000
23;010000000100010000010000
24;110000000100010000010000
23;000100000010000100010000
24;000010000010000100010000
23;010000100000000100000100
23;101000000010001000100000
23;000100100000000010100000
24;100100100000000010100000
23;000001010000000010010000
24;001000010000000100100000
23;100100010000000100000001
24;100100010000000100001000
24;100100000100001000010000
23;010000000010010000001000
24;110000000010010000001000
24;100100010000000100000100
23;000001010000001000100000
24;100001010000001000100000
23;101000000100000100100000
24;100100010000000010000100
24;110000010000000100000100
23;000001000010010000100000
23;100001000001000100010000
24;100001000010000100010000
23;110000000001000100010000
24;110000100000000100010000
23;100010000010000010010000
23;100010100000000010100000
23;000001000100010000001000
24;100001000100010000001000
23;000100000100001000010000
24;100100000100001000010000
23;000001100000000100010000
24;100001100000000100010000
24;100100010000000100001000
23;100010000010000100010000
24;000010000010000100010000
23;000100000010000100100000
24;001000000010000100100000
24;100100000010000010100000
23;101000010000000010100000
24;001000010000000010100000
24;001000100000000100010000
23;000001010000000010100000
24;000010010000000010100000
23;100010000010001000100000
23;000001100000000010010000
24;000010100000000010010000
23;000001010000000010000100
24;100001010000000010000100
23;010000000100010000100000
24;110000000100010000100000
23;000001010000000010001000
23;000100010000000100100000
24;001000010000000100100000
23;010000000010000100100000
24;001000000010000100100000
24;110000010000000100001000
24;100100000100010000010000
24;100001010000000100010000
24;110000010000000010000100
24;100100000100010000100000
24;000010000100000010100000
24;100100010000000010000100
23;000001010000000010000100
24;100001010000000010000100
23;010000000010000100100000
24;001000000010000100100000
24;110000010000000100001000
23;010000010000000010100000
24;001000010000000010100000
23;100010000100000010010000
24;000010000100000010010000
23;000100000100000010010000
24;000010000100000010010000
23;000100000100001000010000
24;100100000100001000010000
23;010000100000000010010000
23;010000000100010000010000
24;110000000100010000010000
23;010000000100000100100000
24;110000000100010000001000
23;010000010000000100010000
24;110000010000000100010000
23;010000100000001000010000
23;000001010000000010010000
24;100100010000000100000100
23;010000000100000010001000
24;110000000100000010001000
23;010000000010000100001000
24;110000000010000100001000
23;000001000010010000100000
24;100001010000000100010000
23;010000000100010000000100
24;110000000100010000000100
23;101000100000001000000100
23;101000100000000010100000
23;000100100000000010100000
24;100100100000000010100000
23;010000000010010000001000
24;110000000010010000001000
23;000001100000001000000100
24;100001100000001000000100
23;000001100000001000010000
24;100001100000001000010000
23;000100100000000010010000
24;000010100000000010010000
23;000001010000000010100000
24;000010010000000010100000
23;000001010000000100100000
24;100001010000000100100000
24;110000010000001000000100
23;100010010000001000001000
23;010000100000001000010000
23;000001000100001000010000
24;100001000100001000010000
23;000100000010000100100000
24;100100000010000100100000
23;000001000010001000010000
24;001000010000000100100000
23;110000000001000100010000
24;110000100000000100010000
23;100001010000000001000100
24;100001010000000010000100
23;000001000100010000100000
24;100001000100010000100000
23;101000010000000010100000
24;001000010000000010100000
23;100001000001000100010000
24;100001000010000100010000
23;100010010000000010010000
23;000001010000000010001000
23;000001100000000010010000
24;000010100000000010010000
23;010000000100010000100000
24;110000000100010000100000
23;100010000010000010010000
24;100100010000000100010000
24;110000000100000100001000
24;110000010000000010000100
23;010000100000001000000100
23;100010000010001000100000
23;000100000100000100010000
24;100100000100000100010000
23;101000100000000010001000
24;100100010000000100001000
24;110000010000000100000100
23;110000010000000100000001
24;110000010000000100100000
23;000001100000010000000100
24;100001100000010000000100
24;100001000100010000010000
23;101000000010001000100000
23;100010000010000100010000
24;000010000010000100010000
24;001000100000000100010000
23;000001010000010000000100
24;100001010000010000000100
23;100100010000000100000001
24;100100010000000100001000
23;000001010000001000000100
24;100001010000001000000100
23;010000000010010000000100
24;110000000010010000000100
24;100100000010000010100000
23;000001010000000100000100
24;100001010000000100000100
23;000001000100010000001000
24;100001000100010000001000
24;110000000100010000100000
23;010000000100000100100000
24;100100000100010000100000
23;100010100000000010001000
24;000010000100000010100000
23;010000100000000100000100
23;000001010000000100001000
24;100001010000000100001000
23;010000100000000100000100
23;000001010000000010001000
24;110000000100001000001000
23;000100100000000100010000
24;001000100000000100010000
23;000100000100000100010000
24;100100000100000100010000
23;100010000010010000100000
24;100100000100001000010000
23;100010000010000010100000
23;000001000010001000010000
24;100001010000001000010000
23;010000000010000100010000
24;110000000010000100010000
23;100010010000001000100000
23;010000000100000010100000
24;001000000100000010100000
24;100100000100010000010000
23;000001000100000010100000
24;000010000100000010100000
23;100001000100000001010000
24;100001000100000010010000
23;010000000010000100100000
24;001000000010000100100000
23;010000100000001000000100
24;100001010000000100010000
24;110000000100000100001000
23;000001010000000100000100
24;100001010000000100000100
23;000001000100010000001000
24;100001000100010000001000
23;101000100000000100000100
23;000001010000001000100000
24;100001010000001000100000
23;110000010000000100000001
24;110000010000000100100000
23;110000000001000100010000
24;110000100000000100010000
23;000100000100001000010000
24;100100000100001000010000
23;000001010000000010010000
23;100001000100000001010000
24;100001000100000010010000
24;100100010000000100000100
24;110000010000000010000100
23;000001100000000010010000
24;000010100000000010010000
23;100010000010000100010000
24;000010000010000100010000
23;010000100000001000010000
23;100010000010000010010000
23;000001010000000010001000
23;010000000100010000100000
24;110000000100010000100000
24;001000100000000100010000
24;110000010000000100001000
23;010000000100000010010000
24;110000000100000010010000
23;010000000100000100100000
23;000100100000000010010000
24;000010100000000010010000
23;010000000100001000010000
24;110000000100001000010000
24;100001010000001000010000
24;100100000100010000010000
23;010000000100000100100000
23;010000100000000010010000
24;100100000100010000100000
23;000100000010000100100000
24;100100000010000100100000
23;100010000010010000100000
23;000100100000000010100000
24;100100100000000010100000
23;010000000100000010100000
24;001000000100000010100000
23;000001000010010000100000
23;000001010000001000000100
24;100001010000001000000100
24;110000010000001000000100
23;010000100000001000010000
23;000001000010001000010000
23;101000010000000010100000
24;001000010000000010100000
23;010000100000001000000100
23;000001100000000100010000
24;100001100000000100010000
23;010000000100010000000100
24;110000000100010000000100
23;000001000010001000010000
23;010000000010010000000100
24;110000000010010000000100
23;100001010000000001000100
24;100001010000000010000100
23;000100000010000100010000
24;000010000010000100010000
24;100100000100001000010000
23;000001010000000010100000
24;000010010000000010100000
24;001000010000000100100000
24;100100010000000100001000
23;010000100000000100000100
23;100010100000001000010000
23;000001010000000100001000
24;100001010000000100001000
23;100010000010001000100000
23;010000000100000010001000
24;110000000100000010001000
23;000001010000000010010000
23;000001010000010000000100
24;100001010000010000000100
23;000001100000010000000100
24;100001100000010000000100
23;100010000100000010010000
24;000010000100000010010000
24;100100000010000010100000
23;100100010000000100000001
24;100100010000000100001000
23;000100100000000010100000
24;100100100000000010100000
23;100010010000001000001000
23;000001000100000010100000
24;000010000100000010100000
23;000001100000001000000100
24;100001100000001000000100
23;010000010000000010100000
24;001000010000000010100000
23;100010100000000010001000
24;110000000100001000001000
24;110000000100010000001000
23;000001010000000010000100
24;100001010000000010000100
24;100001000100010000010000
23;010000000010010000001000
24;110000000010010000001000
24;000010000100000010100000
23;000001000100010000100000
24;100001000100010000100000
23;101000000010001000100000
23;101000000010000100001000
23;000100010000000100100000
24;100100010000000100100000
23;010000010000000100010000
24;110000010000000100010000
24;100100010000000010000100
23;100010000010000010100000
23;000001000100000100010000
24;100001000100000100010000
23;010000000100010000010000
24;110000000100010000010000
23;000100000100000100010000
24;100100000100000100010000
23;100010010000000010001000
24;110000000100010000100000
23;101000100000000010001000
24;100100010000000100010000
23;100001000001000100010000
24;100001000010000100010000
24;110000010000000100000100
23;101000000010000100001000
23;100001000001000100010000
24;100001000010000100010000
23;000001100000000010010000
24;000010100000000010010000
23;000100000010000100100000
24;001000000010000100100000
24;100001010000001000010000
23;100010100000000010100000
23;100001010000000001000100
24;100001010000000010000100
24;110000000100000100001000
23;101000100000000010001000
24;100100010000000010000100
23;100010100000000010001000
23;010000000010010000000100
24;110000000010010000000100
23;100010000100000010010000
24;000010000100000010010000
24;000010000100000010100000
23;010000000100010000100000
24;110000000100010000100000
23;010000010000000100010000
24;110000010000000100010000
23;010000010000000010100000
24;001000010000000010100000
23;000100000010000100010000
24;000010000010000100010000
23;000001000010010000100000
23;000001010000000010000100
24;100001010000000010000100
23;010000000010000100100000
24;001000000010000100100000
23;101000100000000010100000
24;100100010000000100001000
23;100010000010000010100000
24;110000000100001000001000
23;000001010000001000000100
24;100001010000001000000100
23;010000000100000010010000
24;110000000100000010010000
23;100010000010000100010000
24;000010000010000100010000
23;110000010000000100000001
24;110000010000000100100000
24;100001000100010000010000
23;000001000100000010100000
24;000010000100000010100000
23;110000000001000100010000
24;110000100000000100010000
23;101000000100000100100000
23;101000000100000010001000
23;000001010000000010010000
23;100010000010001000100000
24;110000010000000100000100
24;100100010000000100000100
23;100010100000001000010000
24;100100010000000100010000
23;010000100000000100000100
23;000001010000000010100000
24;000010010000000010100000
23;010000000100010000010000
24;110000000100010000010000
24;100100000100001000010000
23;101000010000000010100000
24;001000010000000010100000
23;010000000010010000001000
24;110000000010010000001000
23;100010000010001000010000
23;000001000100010000100000
24;100001000100010000100000
23;000001010000000010010000
23;000100000100001000010000
24;100100000100001000010000
24;110000010000001000000100
23;000001000010010000100000
24;001000010000000100100000
24;100001010000000100010000
23;000100100000000100010000
24;100100100000000100010000
23;010000100000001000000100
23;000001100000010000000100
24;100001100000010000000100
23;000001010000001000100000
24;100001010000001000100000
23;000001010000000100000100
24;100001010000000100000100
23;010000100000001000010000
24;110000010000000010000100
24;110000000100010000001000
23;000100000100001000010000
24;100100000100001000010000
23;000001010000001000001000
24;100001010000001000001000
23;000100010000000100100000
24;100100010000000100100000
23;000100000100000100010000
24;100100000100000100010000
23;010000000100010000000100
24;110000000100010000000100
24;100100000100010000100000
24;110000010000000100001000
23;000001100000001000000100
24;100001100000001000000100
23;000001010000000100001000
24;100001010000000100001000
23;010000100000001000010000
23;000001010000000010001000
23;010000100000000100000100
23;000001000100000100010000
24;100001000100000100010000
24;100100000010000010100000
23;010000100000000010010000
23;100001000100000001010000
24;100001000100000010010000
24;001000100000000100010000
23;010000000100000010100000
24;001000000100000010100000
23;101000000010001000100000
23;101000100000001000000100
23;000001000010001000010000
23;010000000100000100100000
23;100010000010000010010000
23;010000100000000010010000
23;000001010000000010001000
23;100100010000000100000001
24;100100010000000100001000
24;100100000100010000010000
23;000001010000010000000100
24;100001010000010000000100
23;000001000100010000001000
24;100001000100010000001000
24;110000000100010000100000
23;010000000100010000000100
24;110000000100010000000100
23;010000100000000010010000
23;010000100000000100000100
23;100010100000001000010000
23;100010000100000010010000
24;000010000100000010010000
23;010000000010000100010000
24;110000000010000100010000
23;101000100000000010100000
24;110000010000000100000100
23;110000010000000100000001
24;110000010000000100100000
23;000001010000000100001000
24;100001010000000100001000
24;110000010000001000000100
23;010000100000000010010000
23;100001000100000001010000
24;100001000100000010010000
24;100100000100001000010000
24;110000000100001000001000
24;100100000010000010100000
24;100001010000001000010000
23;101000010000000010100000
24;001000010000000010100000
23;101000000010000100001000
23;101000100000000010001000
23;010000000100010000010000
24;110000000100010000010000
23;101000000100000100100000
23;010000100000001000000100
23;000001000100000010100000
24;000010000100000010100000
24;100100010000000010000100
23;100010100000000010100000
23;100010000010010000100000
23;000001000010001000010000
23;100001000001000100010000
24;100001000010000100010000
23;000001100000010000000100
24;100001100000010000000100
23;000001010000001000000100
24;100001010000001000000100
23;000001100000000010010000
24;000010100000000010010000
23;010000100000001000010000
23;010000100000001000010000
23;110000000001000100010000
24;110000100000000100010000
23;100001010000000001000100
24;100001010000000010000100
23;100010010000001000001000
24;100001000100010000010000
24;110000000100010000100000
23;010000010000000100010000
24;110000010000000100010000
23;010000010000000010100000
24;001000010000000010100000
24;100100010000000100000100
23;100010000010000100010000
24;000010000010000100010000
24;100100010000000100010000
23;010000000100010000100000
24;110000000100010000100000
23;100010000010001000100000
23;010000000010010000000100
24;110000000010010000000100
23;000001000100010000001000
24;100001000100010000001000
23;000100100000000100010000
24;100100100000000100010000
23;000001100000001000000100
24;100001100000001000000100
23;000100000100000010010000
24;100100000100000010010000
23;000100000010000100100000
24;100100000010000100100000
23;010000000100000010100000
24;001000000100000010100000
24;001000010000000100100000
23;000100000100000100010000
24;100100000100000100010000
24;110000000100010000001000
23;000001010000000010001000
23;100010000010001000010000
24;100100010000000100001000
23;010000000100000100100000
23;000001010000010000000100
24;100001010000010000000100
23;000001010000000100100000
24;100001010000000100100000
24;000010000100000010100000
24;110000010000000010000100
23;010000000010010000001000
24;110000000010010000001000
24;110000000100000100001000
23;100010100000000010001000
23;000100000100001000010000
24;100100000100001000010000
24;100001010000000100010000
23;000001010000000010000100
24;100001010000000010000100
24;001000100000000100010000
23;100010010000000010001000
23;000001010000000100000100
24;100001010000000100000100
23;100100010000000100000001
24;100100010000000100001000
23;100010000010000010010000
23;000001010000000010010000
23;100010010000000010010000
23;010000100000000100000100
23;010000100000001000000100
23;010000000100001000010000
24;110000000100001000010000
24;100100000100010000100000
23;000001000100000100010000
24;100001000100000100010000
23;000001000010010000100000
23;100010000010000010100000
23;100010010000001000100000
23;010000000100000010001000
24;110000000100000010001000
24;100100000100010000010000
24;110000010000000100001000
23;000001010000000010100000
24;000010010000000010100000
23;000001000100010000100000
24;100001000100010000100000
23;010000000010000100100000
24;001000000010000100100000
23;101000000010001000100000
24;100100000010000010100000
23;101000000100000100100000
23;000001000010001000010000
23;100001000100000001010000
24;100001000100000010010000
24;110000010000000010000100
23;010000100000000010010000
23;100010010000000010001000
23;000100100000000010100000
24;100100100000000010100000
23;000001010000000100001000
24;100001010000000100001000
23;000001000100010000100000
24;100001000100010000100000
23;010000100000001000000100
23;100010000010001000100000
24;100100010000000100010000
23;000001010000000100000100
24;100001010000000100000100
23;100010100000000010001000
23;000001000100001000010000
24;100001000100001000010000
23;000001000100000010100000
24;000010000100000010100000
23;000001010000001000001000
24;100001010000001000001000
23;101000100000000010001000
23;100100010000000100000001
24;100100010000000100001000
23;010000000100010000100000
24;110000000100010000100000
23;010000000010000100100000
24;001000000010000100100000
23;000001010000000010010000
23;000100000010000100100000
24;001000000010000100100000
23;000001100000010000000100
24;100001100000010000000100
23;010000100000001000010000
23;000100100000000010010000
24;100100100000000010010000
23;010000000010010000001000
24;110000000010010000001000
23;101000010000000010100000
24;001000010000000010100000
23;000001100000000100010000
24;100001100000000100010000
23;000001010000000010100000
24;000010010000000010100000
23;100010000010000010100000
23;100010000100000010010000
24;000010000100000010010000
23;010000100000001000010000
23;100010010000001000100000
23;010000000100000100100000
24;100001010000000100010000
23;010000100000000100000100
24;100100010000000100000100
23;000001010000010000000100
24;100001010000010000000100
23;000100000100000100010000
24;100100000100000100010000
23;010000010000000100010000
24;110000010000000100010000
24;000010000100000010100000
23;000001100000000010010000
24;000010100000000010010000
23;010000000100000010100000
24;001000000100000010100000
23;000100010000000100100000
24;001000010000000100100000
23;000100000100000100010000
24;100100000100000100010000
24;100001000100010000010000
23;000100000010000100010000
24;000010000010000100010000
23;000001010000000010001000
23;100010010000000010010000
24;110000000100010000100000
24;001000010000000100100000
23;000001000010001000010000
24;100100010000000100001000
23;100001010000000001000100
24;100001010000000010000100
23;010000000100000010010000
24;110000000100000010010000
23;000001010000000010000100
24;100001010000000010000100
23;101000000100000010001000
24;100100000100010000010000
23;010000100000000100000100
23;010000010000000010100000
24;001000010000000010100000
24;110000000100010000001000
23;010000100000001000000100
24;110000010000000100000100
23;000001100000001000000100
24;100001100000001000000100
24;110000010000001000000100
24;110000000100000100001000
23;100010000010000010010000
23;010000000010010000000100
24;110000000010010000000100
23;100010100000001000010000
23;000001000010010000100000
23;010000000100010000000100
24;110000000100010000000100
24;100100000100010000100000
24;110000010000000100001000
23;010000000100001000010000
24;110000000100001000010000
23;000001010000001000000100
24;100001010000001000000100
23;010000000100010000010000
24;110000000100010000010000
24;100100000100001000010000
23;101000000010000100001000
24;110000000100001000001000
24;100001010000001000010000
23;000001000100010000001000
24;100001000100010000001000
23;100010100000000010100000
24;100100010000000010000100
23;100010000010000100010000
24;000010000010000100010000
23;110000000001000100010000
24;110000100000000100010000
23;100010000010010000100000
23;110000010000000100000001
24;110000010000000100100000
23;100001000001000100010000
24;100001000010000100010000
23;101000000010001000100000
24;001000100000000100010000
23;010000010000000010100000
24;001000010000000010100000
23;000001010000000010010000
23;000001010000001000001000
24;100001010000001000001000
23;010000000010000100001000
24;110000000010000100001000
24;100100010000000100001000
23;010000100000000010010000
23;010000000010010000001000
24;110000000010010000001000
23;101000010000000010100000
24;001000010000000010100000
24;110000000100010000001000
24;100001010000001000010000
24;100100000100010000010000
23;000001000100010000100000
24;100001000100010000100000
23;000001000100000010100000
24;000010000100000010100000
23;010000100000000100000100
24;110000000100001000001000
23;100001000001000100010000
24;100001000010000100010000
23;000001100000001000000100
24;100001100000001000000100
24;100001000100010000010000
23;000100000100000100010000
24;100100000100000100010000
23;000001100000001000010000
24;100001100000001000010000
23;010000000100000010100000
24;001000000100000010100000
24;110000010000000010000100
24;100100010000000100000100
23;010000000100010000010000
24;110000000100010000010000
24;110000010000000100000100
24;001000100000000100010000
23;010000000010010000000100
24;110000000010010000000100
23;000001000010001000010000
23;010000000100010000000100
24;110000000100010000000100
23;100001010000000001000100
24;100001010000000010000100
23;000001000100010000001000
24;100001000100010000001000
23;010000100000000100000100
23;010000100000001000000100
24;000010000100000010100000
23;010000000100000100100000
23;000001010000010000000100
24;100001010000010000000100
24;100100000100001000010000
23;010000100000000010010000
23;000001000010010000100000
23;000100000100000100010000
24;100100000100000100010000
23;000001000010001000010000
23;100010100000000010100000
24;100100010000000100010000
23;010000100000001000010000
23;100010010000000010010000
23;101000100000000010001000
24;001000010000000100100000
23;100010000010001000100000
24;110000010000001000000100
23;000001010000001000000100
24;100001010000001000000100
24;110000000100010000100000
23;000100100000000010100000
24;100100100000000010100000
23;000001100000000100010000
24;100001100000000100010000
23;010000000100000010001000
24;110000000100000010001000
24;100001010000000100010000
23;010000000010000100100000
24;001000000010000100100000
23;000001000010010000100000
23;010000100000001000010000
23;010000000100010000100000
24;110000000100010000100000
23;100010000010000010010000
23;100010000010000100010000
24;000010000010000100010000
23;000001010000000100000100
24;100001010000000100000100
23;000100000100001000010000
24;100100000100001000010000
23;100010000100000010010000
24;000010000100000010010000
23;000100000100000010010000
24;100100000100000010010000
23;101000000010001000100000
23;000001010000000010100000
24;000010010000000010100000
23;000001010000000010001000
23;110000010000000100000001
24;110000010000000100100000
23;100010000010000010100000
23;100010100000000010001000
23;000001010000001000100000
24;100001010000001000100000
23;000100010000000100100000
24;100100010000000100100000
23;000001100000010000000100
24;100001100000010000000100
23;000001010000000010000100
24;100001010000000010000100
23;000001100000000010010000
24;000010100000000010010000
24;100100000010000010100000
23;101000100000001000000100
23;100100010000000100000001
24;100100010000000100001000
23;000100000010000100010000
24;100100000010000100010000
23;100010010000000010001000
23;000001010000000100001000
24;100001010000000100001000
24;110000010000000100001000
23;010000010000000100010000
24;110000010000000100010000
23;000100000010000100100000
24;100100000010000100100000
23;110000000001000100010000
24;110000100000000100010000
23;100001000100000001010000
24;100001000100000010010000
23;101000000100000100100000
24;110000000100000100001000
23;000001000100001000010000
24;100001000100001000010000
24;100100010000000010000100
24;100100000100010000100000
23;101000000010001000100000
23;100010100000000010001000
24;100100010000000100000100
23;100010000010001000100000
24;110000000100000100001000
24;100100000100010000100000
24;001000010000000100100000
23;010000100000001000000100
23;000001010000000100001000
24;100001010000000100001000
23;000001010000000010010000
23;000001000100010000100000
24;100001000100010000100000
24;100100010000000100001000
23;000001100000001000000100
24;100001100000001000000100
24;100100000010000010100000
23;100001000001000100010000
24;100001000010000100010000
23;100010000010000010100000
23;000001000010010000100000
23;010000000010000100100000
24;001000000010000100100000
23;010000000100010000000100
24;110000000100010000000100
23;000001100000010000000100
24;100001100000010000000100
23;000001010000000010100000
24;000010010000000010100000
23;010000100000000010010000
23;100010100000000010100000
23;000001000010010000100000
23;010000100000001000010000
23;000001010000000100000100
24;100001010000000100000100
23;010000000100010000100000
24;110000000100010000100000
23;010000000100010000010000
24;110000000100010000010000
23;000100000100001000010000
24;100100000100001000010000
23;000001010000001000100000
24;100001010000001000100000
24;100100000100001000010000
23;000100010000000100100000
24;100100010000000100100000
23;010000000010000100001000
24;110000000010000100001000
23;100100010000000100000001
24;100100010000000100001000
23;101000100000000010100000
23;010000100000000010010000
23;100010000010000100010000
24;000010000010000100010000
24;100100010000000100010000
23;010000000100000100100000
23;100010000010000010010000
23;000001010000001000000100
24;100001010000001000000100
23;010000100000001000010000
23;110000000001000100010000
24;110000100000000100010000
23;010000100000001000000100
24;100100010000000010000100
23;000001100000000010010000
24;000010100000000010010000
23;000100000010000100100000
24;100100000010000100100000
23;110000010000000100000001
24;110000010000000100100000
23;000001000100010000001000
24;100001000100010000001000
23;000100000100001000010000
24;100100000100001000010000
24;000010000100000010100000
23;010000100000000100000100
24;110000010000001000000100
23;100010010000000010010000
24;100001010000000100010000
23;000001010000001000001000
24;100001010000001000001000
23;101000100000000010001000
23;010000100000000100000100
24;110000010000000010000100
24;110000000100010000100000
23;000001000100000100010000
24;100001000100000100010000
24;001000100000000100010000
23;100001010000000001000100
24;100001010000000010000100
23;010000010000000100010000
24;110000010000000100010000
23;000001100000000100010000
24;100001100000000100010000
23;101000000100000100100000
23;101000000100000010001000
23;010000000010010000000100
24;110000000010010000000100
23;010000000100000010100000
24;001000000100000010100000
24;110000000100001000001000
24;100100000100010000010000
24;110000000100010000001000
23;000100000010000100010000
24;000010000010000100010000
23;100010100000001000010000
24;100001010000001000010000
24;100001000100010000010000
23;000001000010001000010000
23;000001000010001000010000
24;110000010000000100001000
23;000001010000000010001000
23;010000000010010000001000
24;110000000010010000001000
23;000001010000010000000100
24;100001010000010000000100
23;000001000100000010100000
24;000010000100000010100000
23;101000010000000010100000
24;001000010000000010100000
23;010000010000000010100000
24;001000010000000010100000
23;100010010000000010001000
24;110000010000000100000100
23;000001010000000010000100
24;100001010000000010000100
23;100010000100000010010000
24;000010000100000010010000
23;000100000100000010010000
24;000010000100000010010000
23;100001000100000001010000
24;100001000100000010010000
23;000100000100000100010000
24;100100000100000100010000
23;010000000010010000000100
24;110000000010010000000100
23;100010000010000010010000
23;000100100000000010010000
24;100100100000000010010000
24;100100010000000100000100
23;000100000100000100010000
24;100100000100000100010000
24;110000000100001000001000
23;010000000100000010001000
24;110000000100000010001000
24;100001010000001000010000
24;110000010000001000000100
23;101000000010001000100000
23;000001100000000100010000
24;100001100000000100010000
23;010000100000000100000100
23;010000010000000010100000
24;001000010000000010100000
23;000001010000000010100000
24;000010010000000010100000
23;000001010000001000000100
24;100001010000001000000100
23;010000010000000100010000
24;110000010000000100010000
24;100100010000000010000100
23;010000000100010000000100
24;110000000100010000000100
23;000100000100000100010000
24;100100000100000100010000
23;101000010000000010100000
24;001000010000000010100000
23;100010000010000010100000
23;000001100000010000000100
24;100001100000010000000100
23;100001000100000001010000
24;100001000100000010010000
24;110000000100000100001000
23;000001010000000100100000
24;100001010000000100100000
24;000010000100000010100000
23;100010010000000010001000
23;110000010000000100000001
24;110000010000000100100000
23;000001010000000010010000
23;000001010000001000100000
24;100001010000001000100000
24;110000000100010000001000
24;100100010000000100010000
24;100100000100010000010000
23;100010100000000010001000
23;000100000100000010010000
24;100100000100000010010000
23;100010000010001000100000
23;010000100000000010010000
24;100100000100010000100000
23;000001100000000010010000
24;000010100000000010010000
23;000001000100010000100000
24;100001000100010000100000
24;100100000010000010100000
23;000100100000000010100000
24;100100100000000010100000
23;010000100000001000000100
23;010000100000001000010000
23;000001100000001000000100
24;100001100000001000000100
23;100100010000000100000001
24;100100010000000100001000
23;000001010000001000001000
24;100001010000001000001000
23;000001010000010000000100
24;100001010000010000000100
23;101000000010000100001000
24;110000010000000100000100
24;100001000100010000010000
23;101000100000000010001000
23;000001000010010000100000
23;000100100000000010100000
24;100100100000000010100000
23;100001000001000100010000
24;100001000010000100010000
23;000001000010001000010000
23;000001000100010000001000
24;100001000100010000001000
23;010000100000001000000100
23;000100000010000100100000
24;100100000010000100100000
23;000100000010000100010000
24;100100000010000100010000
23;010000100000000100000100
23;000001000100000010100000
24;000010000100000010100000
24;100100000100001000010000
23;000001010000000100001000
24;100001010000000100001000
24;110000000100010000100000
24;001000100000000100010000
23;100010000100000010010000
24;000010000100000010010000
24;001000010000000100100000
23;000001010000000100000100
24;100001010000000100000100
23;010000000100000100100000
23;000100000100001000010000
24;100100000100001000010000
24;110000010000000010000100
23;010000000010000100100000
24;001000000010000100100000
23;010000000010010000001000
24;110000000010010000001000
24;100100010000000100001000
23;100010100000001000010000
24;110000010000000100001000
23;100010000010000100010000
24;000010000010000100010000
23;000001010000000010001000
23;000100000100001000010000
24;100100000100001000010000
23;010000100000001000010000
23;000001000010010000100000
23;010000000100010000010000
24;110000000100010000010000
23;000001010000000010010000
23;000001000010001000010000
23;000001010000000010000100
24;100001010000000010000100
23;010000000100000010100000
24;001000000100000010100000
23;100001010000000001000100
24;100001010000000010000100
23;110000000001000100010000
24;110000100000000100010000
23;010000000100010000100000
24;110000000100010000100000
23;010000000100000100100000
24;100001010000000100010000
23;100010000010000100010000
24;000010000010000100010000
24;110000000100010000001000
24;100100010000000100000100
24;100001000100010000010000
24;001000100000000100010000
24;110000010000001000000100
23;000001010000000100000100
24;100001010000000100000100
23;010000100000000010010000
23;010000010000000100010000
24;110000010000000100010000
23;010000000010000100100000
24;001000000010000100100000
24;100100010000000100010000
23;000001010000001000100000
24;100001010000001000100000
23;110000000001000100010000
24;110000100000000100010000
24;000010000100000010100000
23;101000100000000010001000
23;000001010000000010001000
23;100001000100000001010000
24;100001000100000010010000
23;100010000010000010010000
23;101000000100000010001000
23;100001010000000001000100
24;100001010000000010000100
23;010000100000001000000100
23;010000000100010000000100
24;110000000100010000000100
24;100100000100010000100000
23;000001010000000100100000
24;100001010000000100100000
23;010000000010000100010000
24;110000000010000100010000
24;100100000010000010100000
23;010000010000000010100000
24;001000010000000010100000
23;101000000010001000100000
23;000001010000000010010000
23;101000100000000100000100
23;000001010000000010010000
23;100010010000000010001000
23;010000000010000100001000
24;110000000010000100001000
23;100010000010001000010000
24;110000010000000100000100
23;000001000100001000010000
24;100001000100001000010000
24;110000010000000100001000
23;101000010000000010100000
24;001000010000000010100000
23;010000100000001000000100
23;010000100000001000010000
23;110000010000000100000001
24;110000010000000100100000
23;000001010000000100001000
24;100001010000000100001000
23;000001010000000010100000
24;000010010000000010100000
23;000100000010000100100000
24;100100000010000100100000
23;000001100000000100010000
24;100001100000000100010000
24;100100000100010000010000
23;000001000100010000100000
24;100001000100010000100000
23;100010100000001000010000
23;010000000100010000100000
24;110000000100010000100000
23;000100000100000100010000
24;100100000100000100010000
23;010000000100000100100000
23;000001010000000010000100
24;100001010000000010000100
23;010000000010010000001000
24;110000000010010000001000
23;100010000010010000100000
23;010000000100001000010000
24;110000000100001000010000
24;110000000100001000001000
23;010000000100000010100000
24;001000000100000010100000
23;100010000100000010010000
24;000010000100000010010000
23;000001100000001000000100
24;100001100000001000000100
23;100010000010001000100000
23;000001010000001000001000
24;100001010000001000001000
23;000100000100000100010000
24;100100000100000100010000
23;000001100000010000000100
24;100001100000010000000100
24;110000000100000100001000
23;010000100000000100000100
23;101000000100000100100000
24;100100010000000010000100
24;001000010000000100100000
23;000001100000000010010000
24;000010100000000010010000
24;110000000100010000100000
23;100010100000000010001000
23;000001010000010000000100
24;100001010000010000000100
23;010000000100010000010000
24;110000000100010000010000
24;110000010000000010000100
24;100100000100001000010000
23;000001010000001000000100
24;100001010000001000000100
23;010000000010010000000100
24;110000000010010000000100
23;100010000010000010100000
23;000001000010010000100000
23;000001000100000010100000
24;000010000100000010100000
23;000001000100010000001000
24;100001000100010000001000
24;100100010000000100001000
23;000100100000000010100000
24;100100100000000010100000
23;100001000001000100010000
24;100001000010000100010000
24;100001010000001000010000
24;100001010000000100010000
23;000001000010001000010000
23;000100000100000010010000
24;100100000100000010010000
23;100100010000000100000001
24;100100010000000100001000
23;010000100000001000010000
23;000100100000000010010000
24;000010100000000010010000
23;101000100000000010100000
23;000001010000000010001000
23;100010000010000100010000
24;000010000010000100010000
23;100010010000001000100000
23;010000100000000100000100
23;101000000010000100001000
24;100100000100001000010000
23;101000010000000010100000
24;001000010000000010100000
23;110000000001000100010000
24;110000100000000100010000
23;000100000100000010010000
24;000010000100000010010000
23;010000100000001000010000
23;100100010000000100000001
24;100100010000000100001000
24;100001010000001000010000
23;000100100000000010100000
24;100100100000000010100000
23;101000000010001000100000
23;000001000100000010100000
24;000010000100000010100000
23;000001010000000100100000
24;100001010000000100100000
23;100010010000000010001000
23;000001000100001000010000
24;100001000100001000010000
24;110000010000001000000100
24;001000100000000100010000
24;110000010000000100000100
23;100010000010000010010000
23;010000100000001000010000
23;000001010000000100000100
24;100001010000000100000100
23;100010000010001000010000
23;000001010000000100001000
24;100001010000000100001000
24;100001010000000100010000
23;010000100000001000000100
23;000001100000000100010000
24;100001100000000100010000
23;100010010000001000001000
24;100100010000000100001000
23;100010000100000010010000
24;000010000100000010010000
23;010000000010000100100000
24;001000000010000100100000
23;100010100000001000010000
24;100100000100010000100000
23;000100100000000010100000
24;100100100000000010100000
23;000001010000010000000100
24;100001010000010000000100
24;100100010000000100010000
23;000100000010000100100000
24;100100000010000100100000
23;000001000010010000100000
23;100010100000000010001000
24;100001000100010000010000
23;000001010000000010100000
24;000010010000000010100000
23;000001000010001000010000
23;101000000100000010001000
23;010000100000000010010000
23;000001100000001000000100
24;100001100000001000000100
23;010000000010010000000100
24;110000000010010000000100
23;010000000100010000000100
24;110000000100010000000100
23;000001100000010000000100
24;100001100000010000000100
24;110000010000000010000100
23;000001000100010000001000
24;100001000100010000001000
24;000010000100000010100000
23;000001100000000010010000
24;000010100000000010010000
23;010000000100000100100000
23;000001010000001000000100
24;100001010000001000000100
24;100100000100010000010000
24;110000000100000100001000
24;110000000100001000001000
23;000001000100000100010000
24;100001000100000100010000
23;010000000100010000100000
24;110000000100010000100000
24;110000000100010000100000
23;010000010000000010100000
24;001000010000000010100000
23;010000000100000100100000
23;100010000010010000100000
23;010000000100010000010000
24;110000000100010000010000
24;100100010000000010000100
23;010000100000001000000100
23;100001000001000100010000
24;100001000010000100010000
23;100001000100000001010000
24;100001000100000010010000
24;001000010000000100100000
23;110000010000000100000001
24;110000010000000100100000
24;110000010000000100001000
23;100010000010001000100000
23;000001010000000010010000
23;010000000010010000001000
24;110000000010010000001000
23;000001010000000010010000
23;101000100000000100000100
23;100001010000000001000100
24;100001010000000010000100
23;100010000010000010100000
23;010000000100001000010000
24;110000000100001000010000
23;010000100000000010010000
23;010000000100000010100000
24;001000000100000010100000
23;000001000100010000100000
24;100001000100010000100000
24;110000000100010000001000
23;000100000010000100010000
24;100100000010000100010000
24;100100000010000010100000
24;100100010000000100000100
23;010000010000000100010000
24;110000010000000100010000
23;000100000100000100010000
24;100100000100000100010000
23;101000100000000010001000
23;000001010000000010000100
24;100001010000000010000100
23;100010000010000010100000
23;100010010000000010001000
24;001000010000000100100000
24;000010000100000010100000
23;010000000100010000010000
24;110000000100010000010000
23;000001010000000010010000
24;100100000100010000100000
23;000001010000000010100000
24;000010010000000010100000
24;100100010000000100001000
24;001000100000000100010000
23;101000010000000010100000
24;001000010000000010100000
23;000001000010010000100000
23;010000000100000100010000
24;110000000100000100010000
23;010000000010000100010000
24;110000000010000100010000
24;100100010000000100010000
23;010000100000001000000100
24;100001000100010000010000
23;000001100000010000000100
24;100001100000010000000100
23;000001010000000100100000
24;100001010000000100100000
23;000001100000001000000100
24;100001100000001000000100
23;000001000100010000100000
24;100001000100010000100000
24;110000010000000010000100
23;010000100000001000010000
23;010000000100010000100000
24;110000000100010000100000
23;000100000100000010010000
24;100100000100000010010000
23;101000100000000010001000
23;100010000100000010010000
24;000010000100000010010000
23;010000000100000100100000
23;010000000100010000000100
24;110000000100010000000100
23;100001010000000001000100
24;100001010000000010000100
23;000001100000000100010000
24;100001100000000100010000
23;101000000010000100001000
23;000100000010000100100000
24;001000000010000100100000
24;110000010000000100000100
24;100100000010000010100000
23;100010100000000010001000
24;100100000100010000010000
23;000001100000000010010000
24;000010100000000010010000
23;100010100000001000010000
23;100001000001000100010000
24;100001000010000100010000
24;110000000100010000001000
23;100010000010001000010000
23;010000100000000010010000
23;010000100000001000000100
23;000001000010001000010000
23;100010000010000100010000
24;000010000010000100010000
23;000001000100010000001000
24;100001000100010000001000
23;100010000010001000100000
23;000001010000000100000100
24;100001010000000100000100
23;010000000010010000001000
24;110000000010010000001000
24;110000000100000100001000
23;000001000010010000100000
24;100001010000001000010000
23;100010000010000010010000
24;100100010000000010000100
23;000001010000000100001000
24;100001010000000100001000
23;010000100000000100000100
24;110000010000000100001000
23;000100000100001000010000
24;100100000100001000010000
23;000001010000000010000100
24;100001010000000010000100
24;110000010000001000000100
23;100010010000000010010000
23;110000010000000100000001
24;110000010000000100100000
23;000001010000001000001000
24;100001010000001000001000
23;010000000100000010001000
24;110000000100000010001000
23;010000000010010000000100
24;110000000010010000000100
23;010000100000000010010000
23;010000000010000100100000
24;001000000010000100100000
23;000100000100000100010000
24;100100000100000100010000
23;000001010000000010001000
23;010000000100000010100000
24;001000000100000010100000
23;010000010000000100010000
24;110000010000000100010000
23;000001010000001000100000
24;100001010000001000100000
23;100010100000000010100000
23;000001010000010000000100
24;100001010000010000000100
23;101000100000000100000100
24;100100000100001000010000
23;101000000010001000100000
23;010000100000001000010000
23;100100010000000100000001
24;100100010000000100001000
23;100001000100000001010000
24;100001000100000010010000
23;010000010000000010100000
24;001000010000000010100000
23;000001000100001000010000
24;100001000100001000010000
24;100100010000000100000100
23;010000000100000100100000
24;110000000100010000100000
24;100001010000000100010000
23;000001010000001000000100
24;100001010000001000000100
23;101000100000000010100000
23;000001000100000010100000
24;000010000100000010100000
24;110000000100001000001000
23;110000000001000100010000
24;110000100000000100010000
24;110000000100001000001000
24;100100000100010000010000
23;100010010000000010010000
23;010000000100010000010000
24;110000000100010000010000
24;110000010000001000000100
23;010000000100000010100000
24;001000000100000010100000
24;100100010000000100001000
24;110000000100010000100000
24;100001010000001000010000
23;010000100000001000010000
24;100100010000000100010000
23;100001000001000100010000
24;100001000010000100010000
23;010000010000000100010000
24;110000010000000100010000
23;100010000010000100010000
24;000010000010000100010000
24;110000010000000010000100
23;000001000010010000100000
24;100100000100001000010000
23;010000100000001000010000
24;110000000100000100001000
23;010000000100010000100000
24;110000000100010000100000
23;110000000001000100010000
24;110000100000000100010000
23;000001010000001000000100
24;100001010000001000000100
23;010000000100001000010000
24;110000000100001000010000
23;101000000100000100100000
23;000001010000000010010000
23;010000100000001000000100
23;000100100000000010100000
24;100100100000000010100000
23;010000000100000010001000
24;110000000100000010001000
23;000001000100010000100000
24;100001000100010000100000
23;100010100000001000010000
24;100001010000000100010000
23;010000010000000010100000
24;001000010000000010100000
23;000001010000000010001000
23;000001010000000010000100
24;100001010000000010000100
23;000001010000000100100000
24;100001010000000100100000
23;100001000100000001010000
24;100001000100000010010000
23;000001000100001000010000
24;100001000100001000010000
23;100001010000000001000100
24;100001010000000010000100
24;100100000010000010100000
23;100010010000001000100000
24;100100000100010000100000
23;000001100000000010010000
24;000010100000000010010000
23;100100010000000100000001
24;100100010000000100001000
23;101000100000000010001000
23;100010100000000010001000
23;000001100000001000000100
24;100001100000001000000100
24;100100010000000010000100
23;000001100000010000000100
24;100001100000010000000100
23;100010000010010000100000
23;101000100000001000000100
24;001000100000000100010000
23;000001000100000010100000
24;000010000100000010100000
23;000001010000001000001000
24;100001010000001000001000
23;000001000100000100010000
24;100001000100000100010000
23;010000000010000100100000
24;001000000010000100100000
23;010000000010010000001000
24;110000000010010000001000
23;000001000010001000010000
23;000001100000000100010000
24;100001100000000100010000
23;010000100000000010010000
23;000001010000000010100000
24;000010010000000010100000
23;000100100000000010100000
24;100100100000000010100000
23;000001010000000100001000
24;100001010000000100001000
23;000001010000010000000100
24;100001010000010000000100
23;000100000100000100010000
24;100100000100000100010000
24;001000010000000100100000
23;110000010000000100000001
24;110000010000000100100000
23;100010000100000010010000
24;000010000100000010010000
24;110000010000000100001000
23;000100000010000100100000
24;100100000010000100100000
23;000100000010000100010000
24;000010000010000100010000
23;100010000010001000100000
23;000001000100010000001000
24;100001000100010000001000
24;100100010000000100000100
23;100010000010000010010000
23;101000000010001000100000
23;000001010000000100000100
24;100001010000000100000100
23;100010000010001000010000
23;010000100000000100000100
24;110000000100010000001000
23;101000010000000010100000
24;001000010000000010100000
24;100001000100010000010000
23;010000100000000010010000
23;010000000100000010010000
24;110000000100000010010000
23;010000000100010000000100
24;110000000100010000000100
23;010000000100000100100000
23;010000000010010000000100
24;110000000010010000000100
23;000001010000000010001000
24;110000010000000100000100
23;010000100000000100000100
23;010000000010000100001000
24;110000000010000100001000
23;100010000010000010100000
24;000010000100000010100000
23;000100010000000100100000
24;001000010000000100100000
23;000100000010000100100000
24;100100000010000100100000
23;000100000100001000010000
24;100100000100001000010000
23;010000100000000100000100
24;100100000100010000010000
24;100100010000000010000100
23;010000100000001000000100
23;010000100000001000010000
23;000001000100000010100000
24;000010000100000010100000
23;010000100000001000010000
24;110000000100010000100000
23;000100000100001000010000
24;100100000100001000010000
23;101000100000000010001000
23;010000000010000100100000
24;001000000010000100100000
23;100010010000000010001000
24;100100000100001000010000
23;110000010000000100000001
24;110000010000000100100000
23;010000000010000100010000
24;110000000010000100010000
23;000001000100010000001000
24;100001000100010000001000
23;010000000100010000100000
24;110000000100010000100000
24;100001000100010000010000
24;110000010000000010000100
23;000100100000000100010000
24;001000100000000100010000
23;010000010000000100010000
24;110000010000000100010000
23;110000000001000100010000
24;110000100000000100010000
23;000001010000000010010000
23;000001100000000010010000
24;000010100000000010010000
23;010000000100000010100000
24;001000000100000010100000
24;110000010000001000000100
24;100100000100010000100000
23;100010100000000010100000
23;100001000001000100010000
24;100001000010000100010000
23;000001010000000010001000
23;100010000010001000010000
24;110000000100010000001000
23;000001010000000010100000
24;000010010000000010100000
23;100010000010000100010000
24;000010000010000100010000
23;100001010000000001000100
24;100001010000000010000100
23;010000000100010000000100
24;110000000100010000000100
23;101000000010001000100000
23;010000000010010000000100
24;110000000010010000000100
23;000100000100000100010000
24;100100000100000100010000
24;100001010000000100010000
23;000001100000010000000100
24;100001100000010000000100
23;000001010000000100000100
24;100001010000000100000100
23;100010000010000010100000
23;000001010000000010000100
24;100001010000000010000100
24;100100010000000100000100
23;000001000010001000010000
23;010000000010010000001000
24;110000000010010000001000
23;000001000010010000100000
23;000100100000000010100000
24;100100100000000010100000
23;100010100000001000010000
23;010000000100000010001000
24;110000000100000010001000
24;000010000100000010100000
23;101000100000000100000100
23;000001100000001000000100
24;100001100000001000000100
23;010000100000000010010000
23;100010010000001000001000
23;100010000010000010010000
24;110000000100001000001000
23;010000000100000100100000
24;100001010000001000010000
23;000001010000001000000100
24;100001010000001000000100
24;110000010000000100000100
23;100010100000000010001000
23;100010000010010000100000
23;010000000100000100100000
23;101000000010000100001000
23;000100000100000010010000
24;100100000100000010010000
24;110000000100000100001000
23;000001010000010000000100
24;100001010000010000000100
24;100100010000000100010000
23;010000100000001000000100
24;001000010000000100100000
24;100100010000000100001000
23;010000010000000010100000
24;001000010000000010100000
23;100100010000000100000001
24;100100010000000100001000
23;000001010000000010010000
24;100100000010000010100000
23;000001010000000100001000
24;100001010000000100001000
23;100001000100000001010000
24;100001000100000010010000
23;000001000100010000100000
24;100001000100010000100000
24;110000010000000100001000
23;010000000100010000010000
24;110000000100010000010000
24;001000100000000100010000
23;100010010000001000100000
23;100010000100000010010000
24;000010000100000010010000
23;010000000100000100010000
24;110000000100000100010000
23;010000100000000010010000
23;101000010000000010100000
24;001000010000000010100000
23;100010000010001000100000
24;100001010000000100010000
24;100100000010000010100000
23;010000000100000100100000
23;101000010000000010100000
24;001000010000000010100000
23;010000000010010000001000
24;110000000010010000001000
24;110000000100010000001000
23;000001000010001000010000
23;010000010000000010100000
24;001000010000000010100000
23;101000100000000010100000
23;010000100000001000010000
23;000001100000010000000100
24;100001100000010000000100
23;010000000100001000010000
24;110000000100001000010000
23;010000000100000010001000
24;110000000100000010001000
24;000010000100000010100000
23;000001010000010000000100
24;100001010000010000000100
23;100010000010000010010000
23;000001000100010000001000
24;100001000100010000001000
23;010000010000000100010000
24;110000010000000100010000
23;100001010000000001000100
24;100001010000000010000100
23;100100010000000100000001
24;100100010000000100001000
23;010000000010000100001000
24;110000000010000100001000
23;100010100000001000010000
23;010000000010000100100000
24;001000000010000100100000
23;100010010000001000001000
23;010000000100010000010000
24;110000000100010000010000
23;100010100000000010100000
23;100010010000001000100000
23;010000000100000010010000
24;110000000100000010010000
23;010000100000000010010000
23;010000000010010000000100
24;110000000010010000000100
23;000100000010000100100000
24;100100000010000100100000
24;100100000100010000010000
23;000001000100010000100000
24;100001000100010000100000
24;100100000100010000100000
23;000001100000001000000100
24;100001100000001000000100
24;110000010000000100001000
23;010000100000000010010000
23;101000000010001000100000
24;110000010000000010000100
23;000100000100001000010000
24;100100000100001000010000
23;101000100000001000000100
23;000001010000000100000100
24;100001010000000100000100
23;101000100000000010001000
23;010000100000001000000100
23;110000000001000100010000
24;110000100000000100010000
23;010000000100010000000100
24;110000000100010000000100
23;100001000100000001010000
24;100001000100000010010000
23;100010000010000010100000
23;100010000010001000100000
23;101000000100000100100000
23;100010000100000010010000
24;000010000100000010010000
23;100001000001000100010000
24;100001000010000100010000
24;110000010000001000000100
23;000001010000000010001000
24;100001010000001000010000
24;110000010000000100000100
23;000001100000000010010000
24;000010100000000010010000
23;010000000100010000100000
24;110000000100010000100000
24;100100010000000010000100
23;010000000010000100010000
24;110000000010000100010000
24;110000000100001000001000
23;110000010000000100000001
24;110000010000000100100000
23;000001100000000100010000
24;100001100000000100010000
24;110000000100010000100000
24;001000010000000100100000
24;100100010000000100001000
23;000100010000000100100000
24;001000010000000100100000
24;110000000100000100001000
24;100100010000000100010000
23;000001010000000100001000
24;100001010000000100001000
23;000100000100000100010000
24;100100000100000100010000
23;000001000100000010100000
24;000010000100000010100000
23;101000100000000100000100
23;000001000100000100010000
24;100001000100000100010000
23;010000100000000100000100
23;000001010000000010000100
24;100001010000000010000100
23;000001010000000010001000
23;000001010000001000000100
24;100001010000001000000100
23;010000000100000010100000
24;001000000100000010100000
23;000001010000000010010000
24;100100010000000100000100
23;000001010000000010010000
24;100100000100001000010000
23;010000100000001000010000
24;001000100000000100010000
23;000001000010010000100000
23;100010100000000010001000
23;000001000010001000010000
24;100001000100010000010000
23;000001010000000010100000
24;000010010000000010100000
23;100010000010010000100000
23;100010000010000100010000
24;000010000010000100010000
23;010000100000000010010000
24;100001000100010000010000
23;000001010000000010001000
23;010000000100010000010000
24;110000000100010000010000
23;010000000100000100100000
23;000001000100010000001000
24;100001000100010000001000
23;000001010000000010100000
24;000010010000000010100000
23;000100100000000100010000
24;001000100000000100010000
24;110000010000000010000100
24;100100010000000100000100
23;010000000010010000001000
24;110000000010010000001000
23;010000100000000100000100
23;000001000100010000100000
24;100001000100010000100000
24;100100000100001000010000
23;010000010000000100010000
24;110000010000000100010000
23;010000000100010000100000
24;110000000100010000100000
23;000001000010001000010000
23;010000000010010000000100
24;110000000010010000000100
23;110000000001000100010000
24;110000100000000100010000
23;000100000100000100010000
24;100100000100000100010000
24;110000000100010000001000
24;001000010000000100100000
23;010000100000001000000100
24;100001010000000100010000
23;000100000100000010010000
24;000010000100000010010000
23;010000100000001000010000
24;100001010000001000010000
23;100001000100000001010000
24;100001000100000010010000
23;000100100000000010100000
24;100100100000000010100000
23;100001010000000001000100
24;100001010000000010000100
24;110000000100010000100000
23;000001010000000010010000
23;100010100000000010001000
24;001000100000000100010000
23;000001100000000010010000
24;000010100000000010010000
23;000001010000001000100000
24;100001010000001000100000
23;100010010000001000001000
23;010000000100000010100000
24;001000000100000010100000
23;100001000001000100010000
24;100001000010000100010000
23;101000000010001000100000
23;000001000010010000100000
23;101000000100000010001000
24;110000010000001000000100
23;000001100000001000010000
24;100001100000001000010000
24;110000010000000100000100
23;101000010000000010100000
24;001000010000000010100000
23;010000000100000100100000
24;100100000100010000010000
23;000100100000000010100000
24;100100100000000010100000
23;010000010000000010100000
24;001000010000000010100000
23;010000000010000100100000
24;001000000010000100100000
24;100100010000000100001000
23;100010000010000010010000
24;110000000100001000001000
23;000001010000000100000100
24;100001010000000100000100
23;000001010000010000000100
24;100001010000010000000100
23;010000100000000010010000
23;000001010000001000000100
24;100001010000001000000100
23;101000100000000010001000
23;000001000100000010100000
24;000010000100000010100000
23;000001100000001000000100
24;100001100000001000000100
23;101000100000000100000100
24;100100000100010000100000
24;110000000100000100001000
23;100010000010001000010000
23;010000000100010000000100
24;110000000100010000000100
23;010000100000001000010000
24;000010000100000010100000
23;010000000010000100010000
24;110000000010000100010000
23;010000000010000100001000
24;110000000010000100001000
23;100010000010001000100000
23;100010000010010000100000
23;000100000100000100010000
24;100100000100000100010000
23;000001010000000100100000
24;100001010000000100100000
23;000001000100001000010000
24;100001000100001000010000
24;100100010000000100010000
23;000001100000010000000100
24;100001100000010000000100
23;000001010000000010001000
23;110000010000000100000001
24;110000010000000100100000
23;000001010000000100001000
24;100001010000000100001000
24;100100000010000010100000
23;101000100000001000000100
23;100010000100000010010000
24;000010000100000010010000
23;000100000010000100100000
24;100100000010000100100000
23;000001010000000010010000
24;100100010000000010000100
23;000100000100001000010000
24;100100000100001000010000
23;000001010000000010000100
24;100001010000000010000100
23;100010000010000100010000
24;000010000010000100010000
24;110000010000000100001000
23;100100010000000100000001
24;100100010000000100001000
23;100010000010000010100000
23;010000000100000010100000
24;001000000100000010100000
24;110000000100000100001000
23;000001010000000010010000
23;010000100000001000010000
24;100100000100001000010000
23;010000100000001000000100
24;100100010000000010000100
23;101000000010000100001000
23;000100100000000010010000
24;000010100000000010010000
23;000100000010000100100000
24;100100000010000100100000
23;100010010000001000100000
23;101000100000000010001000
23;000001000100010000100000
24;100001000100010000100000
23;010000010000000010100000
24;001000010000000010100000
24;110000010000000100001000
23;100001000001000100010000
24;100001000010000100010000
24;110000000100010000100000
23;110000010000000100000001
24;110000010000000100100000
23;100010000010000100010000
24;000010000010000100010000
23;010000000100000100100000
23;000001010000000010010000
24;100001010000001000010000
24;100001000100010000010000
23;100001010000000001000100
24;100001010000000010000100
23;000001010000010000000100
24;100001010000010000000100
23;010000100000000100000100
23;000001010000000010000100
24;100001010000000010000100
24;100100000100010000010000
23;100010010000000010001000
23;010000100000001000000100
23;000001010000000010001000
23;000100000100000010010000
24;000010000100000010010000
23;000001100000001000000100
24;100001100000001000000100
23;000001000100000010100000
24;000010000100000010100000
23;000001000010001000010000
23;100010000100000010010000
24;000010000100000010010000
23;101000100000000100000100
23;010000100000000010010000
23;101000000010001000100000
24;100100000010000010100000
24;110000000100010000001000
23;000100000100000100010000
24;100100000100000100010000
23;000001010000000010100000
24;000010010000000010100000
23;100100010000000100000001
24;100100010000000100001000
23;100010000010000010100000
24;100100000100010000100000
23;000001100000010000000100
24;100001100000010000000100
23;000001000100000100010000
24;100001000100000100010000
24;100100010000000100010000
23;010000100000001000010000
23;010000010000000100010000
24;110000010000000100010000
23;010000000100001000010000
24;110000000100001000010000
23;010000000010000100100000
24;001000000010000100100000
24;110000000100001000001000
23;000100000100001000010000
24;100100000100001000010000
24;000010000100000010100000
23;010000000010010000001000
24;110000000010010000001000
23;000001010000000100001000
24;100001010000000100001000
23;000100100000000010100000
24;100100100000000010100000
23;010000000100010000100000
24;110000000100010000100000
23;000001000010010000100000
23;010000000100010000000100
24;110000000100010000000100
23;000001010000000100000100
24;100001010000000100000100
24;100001010000000100010000
24;100100010000000100001000
24;001000010000000100100000
23;100001000100000001010000
24;100001000100000010010000
23;101000000100000010001000
24;110000010000001000000100
23;100010100000001000010000
23;101000010000000010100000
24;001000010000000010100000
23;100010100000000010001000
23;000001000010010000100000
24;001000100000000100010000
23;000001010000001000000100
24;100001010000001000000100
24;100100010000000100000100
23;100010000010001000100000
24;110000010000000010000100
24;110000010000000100000100
23;000001010000000100100000
24;100001010000000100100000
23;000001000010001000010000
23;000001000100010000001000
24;100001000100010000001000
23;100010010000001000001000
23;010000000100010000010000
24;110000000100010000010000
23;110000000001000100010000
24;110000100000000100010000
23;101000000100000100100000
23;000100000010000100010000
24;100100000010000100010000
23;100010100000000010100000
23;000100100000000100010000
24;100100100000000100010000
23;100010000010000010010000
23;010000000010010000000100
24;110000000010010000000100
23;000001100000000010010000
24;000010100000000010010000
23;000001100000010000000100
24;100001100000010000000100
24;100100010000000100001000
23;101000100000000100000100
23;010000000100010000100000
24;110000000100010000100000
23;000001010000001000100000
24;100001010000001000100000
24;100100010000000100010000
23;010000010000000010100000
24;001000010000000010100000
23;100001000100000001010000
24;100001000100000010010000
24;100100010000000100000100
23;000100000010000100010000
24;100100000010000100010000
23;000001000010001000010000
23;000001100000001000010000
24;100001100000001000010000
23;000001010000000100000100
24;100001010000000100000100
24;100001000100010000010000
23;010000000100000010100000
24;001000000100000010100000
23;000001100000000010010000
24;000010100000000010010000
23;100100010000000100000001
24;100100010000000100001000
23;100010000010001000100000
23;100001010000000001000100
24;100001010000000010000100
24;001000100000000100010000
23;100010100000000010001000
23;000001010000000010000100
24;100001010000000010000100
23;100010010000000010010000
23;000100000010000100100000
24;001000000010000100100000
23;010000100000001000010000
24;100100010000000010000100
23;100010000100000010010000
24;000010000100000010010000
23;010000000010000100100000
24;001000000010000100100000
24;110000010000000100000100
23;010000000100010000000100
24;110000000100010000000100
23;000001010000000100001000
24;100001010000000100001000
24;110000010000001000000100
23;100010000010001000010000
23;000001010000000010010000
24;110000010000000010000100
23;010000000010010000000100
24;110000000010010000000100
23;010000000100000100100000
24;110000000100010000100000
24;000010000100000010100000
23;010000100000000010010000
24;110000000100000100001000
23;000100100000000010100000
24;100100100000000010100000
23;000100100000000010100000
24;100100100000000010100000
23;010000100000000100000100
23;101000100000000010001000
24;100100000100001000010000
23;101000000010001000100000
24;100001010000001000010000
24;110000000100001000001000
23;010000100000001000000100
24;110000010000000100001000
23;100010000010000010100000
23;100001000001000100010000
24;100001000010000100010000
23;000100100000000100010000
24;001000100000000100010000
23;000100010000000100100000
24;100100010000000100100000
23;101000010000000010100000
24;001000010000000010100000
23;010000000100000010010000
24;110000000100000010010000
23;010000010000000100010000
24;110000010000000100010000
23;000001010000000010100000
24;000010010000000010100000
23;000001010000000010001000
23;010000000100000010001000
24;110000000100000010001000
23;000001000100010000001000
24;100001000100010000001000
24;110000000100010000001000
23;100010000010000100010000
24;000010000010000100010000
23;110000000001000100010000
24;110000100000000100010000
24;100100000100010000100000
23;110000010000000100000001
24;110000010000000100100000
23;010000000100000100100000
23;000001010000001000001000
24;100001010000001000001000
23;000001000100001000010000
24;100001000100001000010000
23;100010010000000010001000
23;100010000010000010010000
23;000001100000001000000100
24;100001100000001000000100
23;000001000010010000100000
23;010000100000001000010000
23;000001010000010000000100
24;100001010000010000000100
23;010000000100010000010000
24;110000000100010000010000
23;000100000100000100010000
24;100100000100000100010000
23;000001010000001000000100
24;100001010000001000000100
23;010000000010000100001000
24;110000000010000100001000
24;001000010000000100100000
23;010000000100000100010000
24;110000000100000100010000
23;101000100000001000000100
24;100100000100010000010000
23;010000000100001000010000
24;110000000100001000010000
23;000100100000000010010000
24;100100100000000010010000
24;100001010000000100010000
23;000001000100000010100000
24;000010000100000010100000
23;000001000010010000100000
23;010000000010010000001000
24;110000000010010000001000
23;000001000100010000100000
24;100001000100010000100000
24;100100000010000010100000
23;010000000100000010001000
24;110000000100000010001000
23;101000100000000100000100
23;010000000010010000000100
24;110000000010010000000100
23;100010000010000010010000
23;101000100000000010100000
23;100010000010001000100000
24;100100010000000100000100
23;100010100000000010001000
23;010000100000000100000100
23;010000100000001000000100
24;100100000100010000100000
23;010000000100000010100000
24;001000000100000010100000
23;000001010000000010000100
24;100001010000000010000100
24;100100010000000100001000
23;100001010000000001000100
24;100001010000000010000100
23;000100100000000010100000
24;100100100000000010100000
24;100100010000000010000100
23;110000010000000100000001
24;110000010000000100100000
24;110000000100000100001000
23;000100000010000100100000
24;100100000010000100100000
24;001000010000000100100000
24;100100010000000100010000
24;110000010000000010000100
24;110000000100010000001000
23;010000000010000100001000
24;110000000010000100001000
23;100010000010000010100000
23;100010000010010000100000
23;010000100000001000010000
23;010000000100000100100000
24;110000010000000100001000
23;000001010000000010001000
23;010000000010010000001000
24;110000000010010000001000
23;010000000010000100100000
24;001000000010000100100000
23;010000100000000010010000
23;000001010000001000100000
24;100001010000001000100000
23;010000100000001000010000
23;000001000100010000100000
24;100001000100010000100000
23;100001000001000100010000
24;100001000010000100010000
23;000100010000000100100000
24;001000010000000100100000
23;000001010000000100001000
24;100001010000000100001000
23;000001100000000010010000
24;000010100000000010010000
24;100100000100010000010000
24;000010000100000010100000
23;010000100000000010010000
23;000001010000000010001000
23;000001100000010000000100
24;100001100000010000000100
24;100001000100010000010000
24;110000010000001000000100
23;101000000010001000100000
23;100010100000001000010000
23;000001010000010000000100
24;100001010000010000000100
23;000001000100010000001000
24;100001000100010000001000
23;000001010000000100000100
24;100001010000000100000100
24;100100000010000010100000
24;110000010000000100000100
23;100001000100000001010000
24;100001000100000010010000
23;000100000100000100010000
24;100100000100000100010000
23;010000100000001000000100
23;010000000100001000010000
24;110000000100001000010000
24;100001010000001000010000
23;000001000100001000010000
24;100001000100001000010000
23;100100010000000100000001
24;100100010000000100001000
23;010000000100010000100000
24;110000000100010000100000
23;000001000100000100010000
24;100001000100000100010000
23;101000100000000010001000
23;000001000100000010100000
24;000010000100000010100000
23;010000010000000100010000
24;110000010000000100010000
23;000100000100000010010000
24;000010000100000010010000
23;000001010000001000000100
24;100001010000001000000100
23;010000000100010000000100
24;110000000100010000000100
23;000001010000000010100000
24;000010010000000010100000
23;000001010000000010010000
24;100001010000000100010000
23;110000000001000100010000
24;110000100000000100010000
23;000001000010010000100000
23;000001010000001000001000
24;100001010000001000001000
23;010000000100010000010000
24;110000000100010000010000
24;001000100000000100010000
23;100010000010000100010000
24;000010000010000100010000
23;010000000100000100100000
23;000001000010001000010000
23;010000000010000100010000
24;110000000010000100010000
24;110000000100010000100000
23;000001000010001000010000
23;100010000100000010010000
24;000010000100000010010000
23;000001010000000010010000
23;101000010000000010100000
24;001000010000000010100000
23;000001100000000100010000
24;100001100000000100010000
24;100100000100001000010000
23;000001100000001000000100
24;100001100000001000000100
24;110000000100001000001000
23;010000010000000010100000
24;001000010000000010100000
23;100010100000000010001000
23;010000000100010000000100
24;110000000100010000000100
24;100100010000000100000100
23;000001010000000100000100
24;100001010000000100000100
23;000001000100001000010000
24;100001000100001000010000
23;010000100000000100000100
23;100001000001000100010000
24;100001000010000100010000
23;100010000010000100010000
24;000010000010000100010000
23;010000000100010000100000
24;110000000100010000100000
23;000001000010010000100000
24;110000000100010000100000
24;110000010000001000000100
23;000001100000010000000100
24;100001100000010000000100
23;010000000010000100001000
24;110000000010000100001000
23;010000000010010000000100
24;110000000010010000000100
23;000001010000000010010000
23;000100100000000010010000
24;000010100000000010010000
23;010000000100000100100000
24;001000100000000100010000
23;100010000010000010100000
24;100001000100010000010000
23;000001100000001000000100
24;100001100000001000000100
23;000001010000000010000100
24;100001010000000010000100
23;000001000010001000010000
24;100001010000001000010000
23;010000000010010000001000
24;110000000010010000001000
23;100100010000000100000001
24;100100010000000100001000
24;110000000100001000001000
23;000100010000000100100000
24;001000010000000100100000
23;000100000010000100100000
24;001000000010000100100000
23;010000010000000100010000
24;110000010000000100010000
23;000001010000001000001000
24;100001010000001000001000
23;000001100000000010010000
24;000010100000000010010000
23;100010100000001000010000
23;000001000010001000010000
23;000001010000010000000100
24;100001010000010000000100
23;100010010000001000100000
23;100010000100000010010000
24;000010000100000010010000
23;000001100000000100010000
24;100001100000000100010000
23;000001010000000010100000
24;000010010000000010100000
23;000001000100000010100000
24;000010000100000010100000
23;101000100000000010001000
24;100100010000000100001000
23;100010000010001000100000
23;000001010000000010001000
23;000100000100001000010000
24;100100000100001000010000
24;110000000100010000001000
23;000001010000000010010000
23;000001000010010000100000
24;100100000100001000010000
23;100001000100000001010000
24;100001000100000010010000
23;010000100000001000010000
24;100100000010000010100000
23;000001000100000100010000
24;100001000100000100010000
23;000001000100010000100000
24;100001000100010000100000
24;100100000100010000010000
23;000001000100010000001000
24;100001000100010000001000
23;101000000010001000100000
24;100001010000000100010000
23;010000100000001000000100
23;101000100000001000000100
23;010000000100000100100000
23;000100000100000010010000
24;100100000100000010010000
23;100010000010000010010000
24;100100010000000010000100
24;001000010000000100100000
23;101000100000000100000100
24;110000000100000100001000
23;010000000100000100010000
24;110000000100000100010000
24;110000010000000100001000
24;100100000100010000100000
23;110000010000000100000001
24;110000010000000100100000
23;110000000001000100010000
24;110000100000000100010000
23;010000000100000010100000
24;001000000100000010100000
23;010000100000001000010000
23;000001010000000100001000
24;100001010000000100001000
24;100100010000000100010000
23;101000010000000010100000
24;001000010000000010100000
23;101000100000000010100000
23;010000000100010000010000
24;110000000100010000010000
23;100010010000000010001000
23;000100000010000100010000
24;100100000010000100010000
23;101000000100000010001000
23;100010100000000010100000
23;010000000010000100100000
24;001000000010000100100000
23;010000010000000010100000
24;001000010000000010100000
23;000001010000001000000100
24;100001010000001000000100
24;110000010000000010000100
23;010000100000000010010000
23;100001010000000001000100
24;100001010000000010000100
24;110000010000000100000100
24;000010000100000010100000
23;010000000100000010010000
24;110000000100000010010000
24;110000010000000100000100
23;000001100000001000000100
24;100001100000001000000100
24;000010000100000010100000
23;000100100000000010010000
24;000010100000000010010000
23;100001000100000001010000
24;100001000100000010010000
23;000001000010001000010000
23;010000000100000100010000
24;110000000100000100010000
23;010000010000000100010000
24;110000010000000100010000
23;100010000010000100010000
24;000010000010000100010000
24;100001010000000100010000
23;010000000100010000010000
24;110000000100010000010000
23;100010010000000010001000
24;110000000100000100001000
23;010000100000000100000100
23;000001100000000010010000
24;000010100000000010010000
23;010000100000001000010000
23;110000000001000100010000
24;110000100000000100010000
23;000001010000000100001000
24;100001010000000100001000
23;101000010000000010100000
24;001000010000000010100000
23;000001010000010000000100
24;100001010000010000000100
24;110000010000001000000100
23;010000000010010000000100
24;110000000010010000000100
23;100010000010010000100000
23;000001000100010000001000
24;100001000100010000001000
23;000001010000001000001000
24;100001010000001000001000
23;101000000100000010001000
23;100001010000000001000100
24;100001010000000010000100
23;101000100000000010100000
23;100010010000001000100000
23;110000010000000100000001
24;110000010000000100100000
23;000001100000010000000100
24;100001100000010000000100
23;000001010000000010001000
24;100100010000000100000100
23;100010000010000010010000
23;000001010000000010100000
24;000010010000000010100000
23;010000000010000100100000
24;001000000010000100100000
23;101000000010001000100000
23;100100010000000100000001
24;100100010000000100001000
23;010000100000001000000100
23;000100100000000100010000
24;100100100000000100010000
24;001000010000000100100000
23;010000100000000010010000
23;000100000100000100010000
24;100100000100000100010000
23;101000100000000010001000
24;100100000100010000100000
23;010000000100010000000100
24;110000000100010000000100
24;100100010000000100010000
24;110000010000000010000100
23;000100000100001000010000
24;100100000100001000010000
23;101000000100000100100000
23;000001010000000010000100
24;100001010000000010000100
24;110000000100001000001000
23;000001000010001000010000
23;100010000010001000100000
23;100010010000000010010000
23;100010000100000010010000
24;000010000100000010010000
23;010000010000000010100000
24;001000010000000010100000
23;010000000100010000100000
24;110000000100010000100000
23;100001000001000100010000
24;100001000010000100010000
24;001000100000000100010000
23;000001010000000010010000
23;010000000010000100001000
24;110000000010000100001000
24;100100010000000010000100
23;000100000010000100010000
24;000010000010000100010000
23;000001000010010000100000
23;010000000100000100100000
24;100100000010000010100000
23;000100000010000100100000
24;100100000010000100100000
24;110000000100010000001000
23;100010000010000010100000
23;010000000010010000001000
24;110000000010010000001000
23;010000100000000100000100
23;010000100000001000000100
24;100100010000000100001000
23;000001100000001000010000
24;100001100000001000010000
24;110000010000000100001000
23;010000100000001000010000
23;100010100000000010100000
23;000100010000000100100000
24;001000010000000100100000
23;010000000100001000010000
24;110000000100001000010000
24;100100000100001000010000
24;100100000100010000010000
23;000001000100010000100000
24;100001000100010000100000
24;110000000100010000100000
23;000001010000001000000100
24;100001010000001000000100
23;100010100000000010001000
24;100001010000001000010000
23;010000000100000010100000
24;001000000100000010100000
23;000001010000000100000100
24;100001010000000100000100
23;000001000100000010100000
24;000010000100000010100000
24;100001000100010000010000
24;100100000100001000010000
23;100010100000000010001000
24;100100010000000100001000
23;100010000010000100010000
24;000010000010000100010000
23;000100000100000100010000
24;100100000100000100010000
24;110000000100010000001000
24;110000000100010000100000
23;101000000010000100001000
23;100010000010010000100000
23;010000000010010000000100
24;110000000010010000000100
23;000100000010000100010000
24;100100000010000100010000
23;000001010000000100001000
24;100001010000000100001000
23;010000000100001000010000
24;110000000100001000010000
24;001000010000000100100000
23;000001010000000010000100
24;100001010000000010000100
23;000001010000000010100000
24;000010010000000010100000
23;100010000010001000100000
23;010000100000000100000100
23;000001100000001000010000
24;100001100000001000010000
23;000001000010001000010000
23;100010000010000010010000
23;100001010000000001000100
24;100001010000000010000100
24;110000000100000100001000
23;000100000100000100010000
24;100100000100000100010000
23;100100010000000100000001
24;100100010000000100001000
23;010000000100000010001000
24;110000000100000010001000
23;010000010000000100010000
24;110000010000000100010000
23;101000100000000010001000
23;000001010000010000000100
24;100001010000010000000100
23;010000000100010000010000
24;110000000100010000010000
23;010000000010000100100000
24;001000000010000100100000
24;110000010000000100000100
23;000100100000000010010000
24;000010100000000010010000
23;100001000001000100010000
24;100001000010000100010000
23;010000000100000100100000
23;101000000100000100100000
24;100100010000000010000100
23;110000000001000100010000
24;110000100000000100010000
24;001000100000000100010000
23;010000100000001000010000
23;010000000100010000100000
24;110000000100010000100000
24;100001000100010000010000
23;010000000100000010010000
24;110000000100000010010000
23;000001100000000100010000
24;100001100000000100010000
23;010000100000000010010000
23;000001000100000010100000
24;000010000100000010100000
23;010000100000001000010000
23;010000010000000010100000
24;001000010000000010100000
24;100001010000000100010000
23;000001000100010000001000
24;100001000100010000001000
23;000001010000000010010000
24;100100000010000010100000
23;100010000010000010100000
23;000001000100001000010000
24;100001000100001000010000
23;100001000100000001010000
24;100001000100000010010000
23;101000000010001000100000
23;100010010000001000100000
23;101000100000000100000100
23;101000100000000010100000
23;010000000100010000000100
24;110000000100010000000100
23;000001100000001000000100
24;100001100000001000000100
23;101000010000000010100000
24;001000010000000010100000
23;000001010000000010001000
23;000001010000001000000100
24;100001010000001000000100
24;100100010000000100010000
23;010000000010010000001000
24;110000000010010000001000
24;100100010000000100000100
24;110000010000000010000100
23;000001100000010000000100
24;100001100000010000000100
23;000100010000000100100000
24;100100010000000100100000
23;100010100000000010100000
23;000001000100010000100000
24;100001000100010000100000
23;010000000100000010100000
24;001000000100000010100000
23;000001010000000100000100
24;100001010000000100000100
23;100010000100000010010000
24;000010000100000010010000
23;110000010000000100000001
24;110000010000000100100000
24;000010000100000010100000
24;100100000100010000100000
24;100001010000001000010000
23;000001010000000010001000
24;100100000100010000010000
23;000001010000000010010000
23;000100000010000100100000
24;001000000010000100100000
24;110000000100001000001000
23;000001000010010000100000
23;101000100000001000000100
23;010000100000001000000100
24;110000010000001000000100
23;000001010000001000001000
24;100001010000001000001000
24;110000010000000100001000
23;000001000010001000010000
23;000001100000000010010000
24;000010100000000010010000
24;100001010000001000010000
23;010000000100010000000100
24;110000000100010000000100
23;100010000010001000010000
23;000100000100000100010000
24;100100000100000100010000
23;000001010000000010001000
23;000001000010010000100000
24;000010000100000010100000
23;010000000010010000000100
24;110000000010010000000100
23;101000010000000010100000
24;001000010000000010100000
24;110000000100010000100000
23;000001000100000010100000
24;000010000100000010100000
23;000001000100010000100000
24;100001000100010000100000
23;000001000100010000001000
24;100001000100010000001000
24;100100010000000010000100
23;100010000010001000100000
23;010000000100000010100000
24;001000000100000010100000
23;010000010000000100010000
24;110000010000000100010000
23;101000000100000010001000
23;100010010000000010001000
23;100001010000000001000100
24;100001010000000010000100
23;000100000100000100010000
24;100100000100000100010000
23;100010100000000010001000
23;000001010000001000001000
24;100001010000001000001000
23;110000000001000100010000
24;110000100000000100010000
23;010000100000000100000100
23;000001000010010000100000
23;101000100000000010100000
23;100001000100000001010000
24;100001000100000010010000
23;100010000010000010010000
24;001000010000000100100000
24;100100000100010000100000
24;001000100000000100010000
23;000100000010000100010000
24;100100000010000100010000
23;010000000100000010010000
24;110000000100000010010000
23;000001100000001000010000
24;100001100000001000010000
24;100100010000000100000100
23;110000010000000100000001
24;110000010000000100100000
23;100010000100000010010000
24;000010000100000010010000
23;010000000010010000001000
24;110000000010010000001000
24;110000000100010000001000
23;010000100000001000000100
23;000001100000001000000100
24;100001100000001000000100
23;000001010000000100100000
24;100001010000000100100000
23;101000100000000010001000
23;010000000100000100100000
23;000001010000000010100000
24;000010010000000010100000
24;100100000010000010100000
23;000100100000000100010000
24;001000100000000100010000
23;100100010000000100000001
24;100100010000000100001000
23;000001010000001000000100
24;100001010000001000000100
24;110000010000000100001000
23;101000000100000100100000
24;110000010000000100000100
23;100001000001000100010000
24;100001000010000100010000
24;110000000100001000001000
24;100100000100010000010000
23;010000100000001000010000
24;110000000100000100001000
23;000001010000010000000100
24;100001010000010000000100
24;110000010000000010000100
23;000001010000000010000100
24;100001010000000010000100
23;010000000100010000010000
24;110000000100010000010000
23;100010000010000100010000
24;000010000010000100010000
24;100001000100010000010000
23;010000000010000100100000
24;001000000010000100100000
23;010000000100010000100000
24;110000000100010000100000
24;110000010000001000000100
24;100100000100001000010000
24;100100010000000100001000
23;000001010000000010010000
24;100001010000000100010000
23;000100100000000010100000
24;100100100000000010100000
23;010000100000001000000100
23;000001010000000100001000
24;100001010000000100001000
23;000001100000000010010000
24;000010100000000010010000
24;100100010000000100010000
23;101000000010001000100000
23;000001010000000010010000
23;000001010000001000100000
24;100001010000001000100000
23;010000100000001000010000
23;010000000100001000010000
24;110000000100001000010000
23;000001100000010000000100
24;100001100000010000000100
23;010000000010000100001000
24;110000000010000100001000
23;010000100000000100000100
23;000001000010001000010000
23;100010000010000010100000
23;000001010000000100000100
24;100001010000000100000100
23;010000010000000010100000
24;001000010000000010100000
23;010000100000000010010000
23;000001000100001000010000
24;100001000100001000010000
23;000100000010000100100000
24;100100000010000100100000
23;010000100000000010010000
23;100010000010000010010000
23;000001010000000010000100
24;100001010000000010000100
23;100010010000001000001000
23;100001000100000001010000
24;100001000100000010010000
23;010000010000000100010000
24;110000010000000100010000
23;000001010000010000000100
24;100001010000010000000100
23;010000000100000010100000
24;001000000100000010100000
23;010000000100000100100000
24;110000010000000100000100
23;100001000001000100010000
24;100001000010000100010000
23;101000000100000010001000
23;010000000010000100100000
24;001000000010000100100000
23;110000000001000100010000
24;110000100000000100010000
24;100100000010000010100000
24;110000010000000010000100
23;000001010000001000000100
24;100001010000001000000100
24;001000010000000100100000
23;010000000100001000010000
24;110000000100001000010000
24;100100010000000010000100
23;101000100000001000000100
23;100100010000000100000001
24;100100010000000100001000
23;100010010000000010010000
23;100010000010001000100000
23;000001000100000010100000
24;000010000100000010100000
23;000001000010001000010000
23;010000100000001000010000
24;100100010000000100000100
24;110000000100010000100000
23;100001010000000001000100
24;100001010000000010000100
24;100001000100010000010000
23;101000100000000010100000
23;000001010000000010001000
23;010000000100000010010000
24;110000000100000010010000
23;000001100000010000000100
24;100001100000010000000100
23;000001010000000010001000
23;100010000010000100010000
24;000010000010000100010000
23;000100010000000100100000
24;001000010000000100100000
24;100001010000001000010000
24;000010000100000010100000
23;010000010000000010100000
24;001000010000000010100000
23;010000100000000100000100
24;110000000100001000001000
23;000001010000000010010000
23;000001000100010000100000
24;100001000100010000100000
23;100010000010010000100000
23;100010100000001000010000
24;100100000100010000100000
23;101000000010000100001000
23;101000000010001000100000
23;010000000100000100100000
24;100100010000000100001000
24;110000000100010000001000
23;100010100000000010100000
23;010000100000000010010000
23;010000100000000100000100
23;101000010000000010100000
24;001000010000000010100000
23;000100000010000100100000
24;001000000010000100100000
23;010000000010010000000100
24;110000000010010000000100
24;100100000100010000010000
23;010000000010010000001000
24;110000000010010000001000
23;000001000010001000010000
23;101000100000000010001000
23;000001100000000100010000
24;100001100000000100010000
24;100100010000000100010000
24;100100000100001000010000
23;000001010000000010100000
24;000010010000000010100000
23;010000100000000010010000
23;010000100000001000010000
23;110000010000000100000001
24;110000010000000100100000
23;000001000100000100010000
24;100001000100000100010000
23;010000000100010000000100
24;110000000100010000000100
23;000001000100010000001000
24;100001000100010000001000
23;000001100000001000000100
24;100001100000001000000100
24;110000010000000100001000
24;100001010000000100010000
23;000001000100001000010000
24;100001000100001000010000
23;100010100000000010001000
23;000001100000000010010000
24;000010100000000010010000
23;000001000010010000100000
23;010000100000001000000100
23;100010000100000010010000
24;000010000100000010010000
23;100010010000001000100000
24;110000010000001000000100
23;000100000100000100010000
24;100100000100000100010000
23;010000000100010000010000
24;110000000100010000010000
24;110000000100000100001000
24;001000100000000100010000
23;010000000100010000100000
24;110000000100010000100000
23;000001010000000100000100
24;100001010000000100000100
23;000100000010000100010000
24;000010000010000100010000
23;100010000010000010100000
23;000001010000000100001000
24;100001010000000100001000
23;010000000010010000000100
24;110000000010010000000100
23;000001000100010000100000
24;100001000100010000100000
23;100001000100000001010000
24;100001000100000010010000
24;000010000100000010100000
23;000001010000000010000100
24;100001010000000010000100
24;100001010000001000010000
23;100010000010000010100000
23;010000000100010000000100
24;110000000100010000000100
23;100010000010001000100000
23;000001100000001000000100
24;100001100000001000000100
23;000001000100000100010000
24;100001000100000100010000
23;101000010000000010100000
24;001000010000000010100000
23;000100000100001000010000
24;100100000100001000010000
24;100100010000000100001000
23;010000000100000100100000
23;100010000010000010010000
23;010000000100010000010000
24;110000000100010000010000
23;010000000010000100100000
24;001000000010000100100000
24;100100000100010000010000
23;010000100000000010010000
24;110000010000000100000100
23;010000000100000100100000
24;110000000100010000001000
24;100001010000000100010000
23;010000100000001000010000
24;110000010000001000000100
23;100010000010010000100000
24;100001000100010000010000
23;010000000010010000001000
24;110000000010010000001000
23;010000100000001000000100
24;100100000100001000010000
23;101000000010001000100000
23;000001100000001000010000
24;100001100000001000010000
23;000001100000010000000100
24;100001100000010000000100
23;010000100000001000010000
23;000001010000001000000100
24;100001010000001000000100
23;101000000010000100001000
23;101000100000000010100000
23;000100000010000100100000
24;100100000010000100100000
23;100100010000000100000001
24;100100010000000100001000
24;100100010000000010000100
23;101000100000000010001000
24;110000010000000010000100
23;000100100000000010100000
24;100100100000000010100000
23;000001010000000010100000
24;000010010000000010100000
23;010000010000000010100000
24;001000010000000010100000
23;000001010000000100001000
24;100001010000000100001000
23;010000100000000100000100
23;100001010000000001000100
24;100001010000000010000100
24;110000000100010000100000
23;101000000100000010001000
23;100010010000001000100000
24;100100000010000010100000
23;000001010000000100100000
24;100001010000000100100000
23;000001010000000010001000
23;000001010000000010010000
23;010000000100000010010000
24;110000000100000010010000
23;100010100000000010001000
23;010000000100010000100000
24;110000000100010000100000
24;110000000100001000001000
23;010000100000001000000100
24;001000100000000100010000
23;100010010000000010010000
24;110000010000000100001000
23;100010000010000100010000
24;000010000010000100010000
24;001000010000000100100000
23;000001000100010000001000
24;100001000100010000001000
23;010000000100000010100000
24;001000000100000010100000
23;000001000010010000100000
23;010000100000000010010000
23;110000000001000100010000
24;110000100000000100010000
23;000001000100000010100000
24;000010000100000010100000
23;000001100000000010010000
24;000010100000000010010000
23;100010010000001000001000
24;100100010000000100000100
24;100100010000000100010000
23;000001010000010000000100
24;100001010000010000000100
23;110000010000000100000001
24;110000010000000100100000
23;010000010000000100010000
24;110000010000000100010000
23;000100000100000100010000
24;100100000100000100010000
23;010000000010000100010000
24;110000000010000100010000
23;000001010000000100000100
24;100001010000000100000100
23;100010000010001000010000
23;000001000100001000010000
24;100001000100001000010000
23;100010000100000010010000
24;000010000100000010010000
23;010000100000000100000100
23;000001010000000010001000
23;000001000010001000010000
24;110000000100000100001000
23;100001000001000100010000
24;100001000010000100010000
23;000100100000000100010000
24;100100100000000100010000
24;100100000100010000100000
23;100001000100000001010000
24;100001000100000010010000
23;010000100000001000010000
23;100010100000000010001000
23;000001010000001000001000
24;100001010000001000001000
24;110000000100010000001000
23;100010010000001000100000
24;110000000100000100001000
23;000001100000000010010000
24;000010100000000010010000
23;000100000100000100010000
24;100100000100000100010000
24;100100010000000010000100
23;100010010000000010001000
23;000001010000000010100000
24;000010010000000010100000
23;100010000010000010100000
23;000001010000001000000100
24;100001010000001000000100
23;000001000100001000010000
24;100001000100001000010000
23;101000100000001000000100
24;001000100000000100010000
23;110000010000000100000001
24;110000010000000100100000
23;010000100000000100000100
23;100010100000000010100000
23;000001000010001000010000
23;100001010000000001000100
24;100001010000000010000100
24;100100000100010000010000
23;000001000010010000100000
23;000001100000010000000100
24;100001100000010000000100
24;110000010000001000000100
23;010000000100000100100000
23;000001100000001000000100
24;100001100000001000000100
23;010000010000000010100000
24;001000010000000010100000
23;010000000010010000000100
24;110000000010010000000100
23;100010000010001000100000
23;100010000010001000010000
23;010000010000000100010000
24;110000010000000100010000
23;010000000100000010010000
24;110000000100000010010000
23;101000010000000010100000
24;001000010000000010100000
23;010000100000001000000100
24;100001010000001000010000
23;010000000100000010001000
24;110000000100000010001000
23;100010000010000100010000
24;000010000010000100010000
23;101000100000000100000100
23;010000000100000100010000
24;110000000100000100010000
23;010000000100000010100000
24;001000000100000010100000
23;000100000010000100100000
24;100100000010000100100000
24;100001010000000100010000
23;010000000010010000001000
24;110000000010010000001000
23;000001010000000010000100
24;100001010000000010000100
24;110000010000000100001000
24;100100000010000010100000
24;100100010000000100010000
23;110000000001000100010000
24;110000100000000100010000
23;100010000100000010010000
24;000010000100000010010000
23;000001010000000010001000
23;010000000010000100010000
24;110000000010000100010000
23;000100100000000100010000
24;001000100000000100010000
23;000001010000000100001000
24;100001010000000100001000
24;100100000100010000100000
24;100100000100001000010000
23;010000000100010000010000
24;110000000100010000010000
23;100010000010000010010000
23;000001000100000010100000
24;000010000100000010100000
23;010000100000001000010000
23;010000000010000100100000
24;001000000010000100100000
23;000001010000000010010000
23;010000000100001000010000
24;110000000100001000010000
23;101000100000000010100000
23;010000100000000010010000
23;000001000100010000001000
24;100001000100010000001000
24;000010000100000010100000
23;000001010000000100100000
24;100001010000000100100000
24;110000010000000100000100
23;101000100000000010001000
23;100010000010010000100000
24;100001000100010000010000
23;010000000100010000000100
24;110000000100010000000100
24;001000010000000100100000
23;100100010000000100000001
24;100100010000000100001000
23;010000100000000010010000
23;100001000001000100010000
24;100001000010000100010000
24;110000000100010000100000
23;100010100000001000010000
23;010000000010000100001000
24;110000000010000100001000
23;101000000010001000100000
24;110000000100001000001000
23;010000000100010000100000
24;110000000100010000100000
24;100100010000000100001000
23;100010010000000010010000
24;110000010000000010000100
23;000001000100010000100000
24;100001000100010000100000
23;000001010000000100000100
24;100001010000000100000100
24;100100010000000100000100
23;000001010000010000000100
24;100001010000010000000100
23;101000000100000100100000
23;010000000100000100010000
24;110000000100000100010000
24;110000010000000010000100
23;100010000010000010100000
23;100010000010010000100000
23;010000010000000010100000
24;001000010000000010100000
23;010000000100000100100000
23;010000000010010000000100
24;110000000010010000000100
23;000100100000000010010000
24;100100100000000010010000
24;100100000010000010100000
24;100001010000001000010000
24;100100010000000010000100
23;000100000100001000010000
24;100100000100001000010000
23;101000000010001000100000
23;000001000100010000100000
24;100001000100010000100000
23;100001000001000100010000
24;100001000010000100010000
23;101000100000000010001000
23;010000000100010000000100
24;110000000100010000000100
23;000001010000000010100000
24;000010010000000010100000
23;000001000010010000100000
23;000001010000001000100000
24;100001010000001000100000
24;110000000100000100001000
23;000001000100010000001000
24;100001000100010000001000
23;000001000010001000010000
24;100100010000000100001000
24;001000010000000100100000
23;101000100000000100000100
23;000001010000001000001000
24;100001010000001000001000
23;000100000010000100100000
24;100100000010000100100000
24;100100000100001000010000
23;010000100000001000000100
23;000001010000001000000100
24;100001010000001000000100
23;010000000100010000100000
24;110000000100010000100000
23;100010000010000010010000
23;100010000010001000100000
23;010000010000000100010000
24;110000010000000100010000
23;100010100000001000010000
23;000001100000000010010000
24;000010100000000010010000
23;010000100000000010010000
23;101000100000000010100000
23;010000000100010000010000
24;110000000100010000010000
23;000001000010001000010000
23;000001010000000010001000
23;000001010000000010010000
24;100001010000000100010000
23;000001000100000100010000
24;100001000100000100010000
23;110000000001000100010000
24;110000100000000100010000
23;000001010000010000000100
24;100001010000010000000100
23;000001000100000010100000
24;000010000100000010100000
24;100001000100010000010000
23;100010100000000010001000
23;100010100000000010100000
23;000001000100001000010000
24;100001000100001000010000
23;100001000100000001010000
24;100001000100000010010000
23;101000000100000010001000
24;100100000100010000010000
24;110000010000000100001000
23;010000000010010000001000
24;110000000010010000001000
24;001000100000000100010000
23;010000100000000100000100
23;010000000010000100010000
24;110000000010000100010000
24;110000010000001000000100
23;110000010000000100000001
24;110000010000000100100000
23;010000100000001000010000
23;010000000100000010100000
24;001000000100000010100000
24;100100010000000100000100
23;101000010000000010100000
24;001000010000000010100000
23;010000000100000010010000
24;110000000100000010010000
24;110000010000000100000100
23;000001010000000010010000
24;100100010000000100010000
23;000001100000001000000100
24;100001100000001000000100
24;110000000100010000100000
24;110000000100010000001000
24;100100000100010000100000
23;000001100000010000000100
24;100001100000010000000100
23;100010000010000100010000
24;000010000010000100010000
24;000010000100000010100000
23;000001010000000100100000
24;100001010000000100100000
23;010000100000001000010000
23;000001010000000100000100
24;100001010000000100000100
23;000001010000000010001000
23;100010000100000010010000
24;000010000100000010010000
23;010000000010000100100000
24;001000000010000100100000
23;000001100000000100010000
24;100001100000000100010000
23;010000000100000100100000
23;000001010000000100001000
24;100001010000000100001000
23;100100010000000100000001
24;100100010000000100001000
23;010000000010000100001000
24;110000000010000100001000
23;100001010000000001000100
24;100001010000000010000100
23;101000100000001000000100
24;110000000100001000001000
23;000001010000000010000100
24;100001010000000010000100
23;000001010000000010001000
23;100001010000000001000100
24;100001010000000010000100
24;100100010000000100010000
23;010000000100010000000100
24;110000000100010000000100
23;000001010000000010100000
24;000010010000000010100000
23;010000100000001000000100
23;010000000100010000010000
24;110000000100010000010000
23;000001010000000010000100
24;100001010000000010000100
24;100100000100001000010000
23;000001010000000100001000
24;100001010000000100001000
23;100010010000000010010000
23;000001100000000100010000
24;100001100000000100010000
23;101000000010001000100000
23;000100010000000100100000
24;001000010000000100100000
24;000010000100000010100000
24;100100000010000010100000
23;010000100000000010010000
23;010000000100000010001000
24;110000000100000010001000
24;100100000100010000010000
23;010000000100000010100000
24;001000000100000010100000
24;110000000100001000001000
24;110000000100000100001000
23;010000000100000100100000
23;100010000010001000100000
23;100001000001000100010000
24;100001000010000100010000
24;100001000100010000010000
23;010000000010010000000100
24;110000000010010000000100
24;110000010000001000000100
24;110000010000000010000100
24;100100000100010000100000
23;000001100000001000010000
24;100001100000001000010000
23;100010000010000010010000
23;100010000010000010100000
23;000001000010010000100000
23;010000000010010000001000
24;110000000010010000001000
24;110000000100010000100000
23;010000000100000100010000
24;110000000100000100010000
23;100100010000000100000001
24;100100010000000100001000
23;010000000010000100010000
24;110000000010000100010000
23;100010000010000100010000
24;000010000010000100010000
23;010000100000000010010000
24;110000010000000100001000
23;000001100000010000000100
24;100001100000010000000100
23;101000000010000100001000
23;010000100000000100000100
23;000001000100010000100000
24;100001000100010000100000
23;000100000100001000010000
24;100100000100001000010000
23;000100000100001000010000
24;100100000100001000010000
23;000001100000001000000100
24;100001100000001000000100
23;000001010000000010001000
23;000001010000000010010000
23;010000000100000010010000
24;110000000100000010010000
24;110000010000000100000100
23;000100100000000010100000
24;100100100000000010100000
24;100100010000000100000100
23;100010000100000010010000
24;000010000100000010010000
23;100010100000000010001000
23;000001010000001000000100
24;100001010000001000000100
23;010000010000000100010000
24;110000010000000100010000
23;010000100000001000010000
23;101000100000000010001000
23;000001010000001000001000
24;100001010000001000001000
24;100001010000000100010000
23;000001010000001000100000
24;100001010000001000100000
23;000001100000000010010000
24;000010100000000010010000
24;001000100000000100010000
23;100001000100000001010000
24;100001000100000010010000
24;110000000100010000001000
23;000001010000000100000100
24;100001010000000100000100
23;110000010000000100000001
24;110000010000000100100000
23;000001000010001000010000
23;000001000010010000100000
23;010000000010000100100000
24;001000000010000100100000
23;010000100000000100000100
23;000001000100010000001000
24;100001000100010000001000
23;010000100000001000000100
23;010000000100010000100000
24;110000000100010000100000
24;100100010000000100001000
23;000001000100000010100000
24;000010000100000010100000
23;000001000010001000010000
23;110000000001000100010000
24;110000100000000100010000
23;010000000100000100100000
23;010000010000000010100000
24;001000010000000010100000
23;000100000010000100100000
24;100100000010000100100000
23;000001000100000100010000
24;100001000100000100010000
23;000100100000000010100000
24;100100100000000010100000
24;001000010000000100100000
24;100001010000001000010000
23;101000010000000010100000
24;001000010000000010100000
24;100100010000000010000100
23;000001010000010000000100
24;100001010000010000000100
23;010000100000001000010000
23;010000100000000010010000
23;100010000010000100010000
24;000010000010000100010000
23;000001000010001000010000
24;100001010000001000010000
23;000100000100001000010000
24;100100000100001000010000
24;100001000100010000010000
24;001000100000000100010000
23;010000100000000100000100
23;000001010000001000000100
24;100001010000001000000100
23;100010010000001000100000
23;100010010000001000001000
23;000001010000000010000100
24;100001010000000010000100
23;100010100000000010001000
23;000001010000000010100000
24;000010010000000010100000
23;000100000010000100010000
24;000010000010000100010000
24;110000010000000100000100
24;100100000100010000100000
23;100010000010001000100000
24;110000000100010000001000
23;010000100000001000000100
24;100100010000000010000100
23;110000000001000100010000
24;110000100000000100010000
23;100010010000000010010000
23;010000100000000100000100
23;101000100000000010001000
24;100100010000000100001000
23;010000000010010000001000
24;110000000010010000001000
23;010000000100000010100000
24;001000000100000010100000
23;000001000010010000100000
24;110000010000000010000100
23;100001000001000100010000
24;100001000010000100010000
23;000001010000000010001000
23;000001100000010000000100
24;100001100000010000000100
23;010000000100000100010000
24;110000000100000100010000
23;010000000100010000010000
24;110000000100010000010000
24;100001010000000100010000
24;100100000100001000010000
24;100100000100010000010000
23;100001010000000001000100
24;100001010000000010000100
23;010000100000001000010000
23;100001000100000001010000
24;100001000100000010010000
23;101000010000000010100000
24;001000010000000010100000
24;100100010000000100000100
23;010000000100000100100000
23;000001100000000010010000
24;000010100000000010010000
24;110000000100001000001000
24;100100010000000100010000
24;110000000100000100001000
23;000001000100000010100000
24;000010000100000010100000
23;000001000010001000010000
24;000010000100000010100000
23;000100100000000100010000
24;100100100000000100010000
23;000001000100000100010000
24;100001000100000100010000
23;000001010000000100000100
24;100001010000000100000100
23;101000100000001000000100
23;000001010000010000000100
24;100001010000010000000100
23;000001100000001000000100
24;100001100000001000000100
23;101000000010001000100000
24;001000010000000100100000
23;000100100000000010100000
24;100100100000000010100000
23;000001000100010000100000
24;100001000100010000100000
23;110000010000000100000001
24;110000010000000100100000
24;110000000100010000100000
23;100010000010000010100000
23;010000100000001000010000
23;010000000100010000000100
24;110000000100010000000100
23;000001000010010000100000
23;000100100000000010100000
24;100100100000000010100000
23;010000000100001000010000
24;110000000100001000010000
23;000001010000000010010000
23;010000000010010000000100
24;110000000010010000000100
23;100100010000000100000001
24;100100010000000100001000
23;000100000100000010010000
24;100100000100000010010000
23;010000000010000100100000
24;001000000010000100100000
23;010000000100000100100000
23;100010000010000010010000
23;000001010000000100001000
24;100001010000000100001000
23;000100000010000100100000
24;001000000010000100100000
23;100010100000001000010000
24;110000010000001000000100
23;010000000010000100001000
24;110000000010000100001000
23;000001010000000010001000
23;010000010000000010100000
24;001000010000000010100000
23;000001000100010000001000
24;100001000100010000001000
24;100100000010000010100000
23;010000010000000100010000
24;110000010000000100010000
24;110000010000000100001000
23;010000000100010000100000
24;110000000100010000100000
23;000100010000000100100000
24;100100010000000100100000
23;010000100000000010010000
23;100010000100000010010000
24;000010000100000010010000
23;101000000100000010001000
23;100010000010000010010000
24;110000010000000010000100
23;100010000100000010010000
24;000010000100000010010000
24;100100010000000100000100
23;110000000001000100010000
24;110000100000000100010000
23;000001000010001000010000
24;110000010000001000000100
23;000001010000000100001000
24;100001010000000100001000
23;100010000010000100010000
24;000010000010000100010000
23;100001010000000001000100
24;100001010000000010000100
23;100001000100000001010000
24;100001000100000010010000
23;010000010000000010100000
24;001000010000000010100000
24;100100010000000010000100
23;101000000010000100001000
23;010000100000000010010000
23;010000100000000100000100
23;010000000010010000001000
24;110000000010010000001000
23;000001010000000010001000
23;010000000010000100100000
24;001000000010000100100000
23;100100010000000100000001
24;100100010000000100001000
23;010000000100000010010000
24;110000000100000010010000
23;100010000010001000100000
24;000010000100000010100000
23;000001000010010000100000
23;100010100000000010001000
23;000001010000000010010000
24;100100000100010000100000
24;100100010000000100010000
23;000001000100000010100000
24;000010000100000010100000
23;010000100000001000000100
24;100100000100001000010000
24;110000000100010000100000
24;001000010000000100100000
23;000001000100010000001000
24;100001000100010000001000
23;000001100000001000000100
24;100001100000001000000100
24;110000010000000100000100
24;100100010000000100001000
23;000001010000000010100000
24;000010010000000010100000
23;000100000010000100100000
24;100100000010000100100000
23;010000100000001000010000
23;101000000100000100100000
23;000001000010001000010000
23;010000000100000010100000
24;001000000100000010100000
24;100100000100010000010000
23;000001010000000010000100
24;100001010000000010000100
23;010000000100000100100000
23;110000010000000100000001
24;110000010000000100100000
23;100010100000001000010000
23;010000000100010000000100
24;110000000100010000000100
23;000001100000010000000100
24;100001100000010000000100
24;001000100000000100010000
23;000100100000000010100000
24;100100100000000010100000
24;110000000100001000001000
23;000001000100010000100000
24;100001000100010000100000
23;010000000100000100010000
24;110000000100000100010000
23;010000000100000010001000
24;110000000100000010001000
23;010000000010000100010000
24;110000000010000100010000
23;000001010000001000100000
24;100001010000001000100000
23;000100000100000100010000
24;100100000100000100010000
23;000001010000000100100000
24;100001010000000100100000
23;101000100000000010001000
23;010000000100010000010000
24;110000000100010000010000
23;000001010000000010001000
24;100001010000000100010000
24;110000010000000100001000
23;101000010000000010100000
24;001000010000000010100000
24;110000000100010000001000
23;000100100000000010100000
24;100100100000000010100000
23;010000100000001000000100
23;010000100000001000010000
24;110000000100000100001000
23;000001000010010000100000
23;010000000100010000100000
24;110000000100010000100000
23;000100000100001000010000
24;100100000100001000010000
23;000001010000001000000100
24;100001010000001000000100
23;100010010000000010010000
23;100010000010000010100000
23;100001000001000100010000
24;100001000010000100010000
23;000001010000010000000100
24;100001010000010000000100
23;010000010000000100010000
24;110000010000000100010000
24;100001010000001000010000
23;000001100000000010010000
24;000010100000000010010000
23;010000000010010000000100
24;110000000010010000000100
23;000001010000000100000100
24;100001010000000100000100
24;100100000010000010100000
23;010000100000000010010000
23;100010010000001000001000
23;101000100000000100000100
24;100001000100010000010000
23;000100000100001000010000
24;100100000100001000010000
23;101000000010001000100000
23;000001100000000100010000
24;100001100000000100010000
24;110000010000001000000100
24;100100000010000010100000
23;000001010000000010010000
23;000100000010000100010000
24;100100000010000100010000
24;100100010000000100001000
23;010000000100000010100000
24;001000000100000010100000
23;000001010000000010010000
23;100001000001000100010000
24;100001000010000100010000
23;000001000010001000010000
23;100010100000000010100000
23;010000000010000100100000
24;001000000010000100100000
23;100010100000001000010000
24;001000100000000100010000
23;100010000100000010010000
24;000010000100000010010000
24;100100010000000100010000
23;010000000100010000000100
24;110000000100010000000100
24;100100010000000010000100
23;000100000100000100010000
24;100100000100000100010000
23;000001000100010000100000
24;100001000100010000100000
24;100100000100001000010000
23;010000100000000010010000
23;000001000100000010100000
24;000010000100000010100000
23;010000000100010000100000
24;110000000100010000100000
23;100010010000001000001000
23;010000000100000010001000
24;110000000100000010001000
23;000001000100001000010000
24;100001000100001000010000
23;010000000010010000001000
24;110000000010010000001000
23;010000100000001000000100
24;100100000100010000010000
24;100001010000001000010000
23;000100000100000010010000
24;000010000100000010010000
23;100001010000000001000100
24;100001010000000010000100
23;000001010000001000000100
24;100001010000001000000100
23;000001010000000100001000
24;100001010000000100001000
24;001000010000000100100000
23;000001100000010000000100
24;100001100000010000000100
24;100001000100010000010000
23;101000010000000010100000
24;001000010000000010100000
24;110000010000000100001000
24;100001010000000100010000
23;110000000001000100010000
24;110000100000000100010000
23;000001010000000010000100
24;100001010000000010000100
23;010000100000000100000100
24;110000000100000100001000
23;010000000100010000010000
24;110000000100010000010000
23;000001010000000010001000
24;110000010000000010000100
23;000001000100000100010000
24;100001000100000100010000
23;010000100000000010010000
23;010000000010000100001000
24;110000000010000100001000
23;000100000010000100100000
24;100100000010000100100000
23;010000100000001000010000
23;101000100000000010100000
23;010000100000001000000100
23;010000100000001000010000
24;110000000100001000001000
23;100001000100000001010000
24;100001000100000010010000
23;100010000010000100010000
24;000010000010000100010000
23;100010000010010000100000
23;000001010000000100000100
24;100001010000000100000100
23;100010000010000010010000
23;010000000100000100100000
24;110000010000000100000100
23;000001010000000010001000
24;000010000100000010100000
23;100010100000000010001000
23;101000000010001000100000
23;100010000010000010100000
23;000001000010010000100000
23;010000010000000010100000
24;001000010000000010100000
24;110000000100010000100000
23;000100100000000100010000
24;001000100000000100010000
23;101000100000000010001000
23;010000000010010000000100
24;110000000010010000000100
23;110000010000000100000001
24;110000010000000100100000
23;000001010000000100100000
24;100001010000000100100000
23;100010000010001000100000
23;100010000010001000010000
23;010000100000000100000100
23;100100010000000100000001
24;100100010000000100001000
23;010000010000000100010000
24;110000010000000100010000
23;000001100000000010010000
24;000010100000000010010000
24;110000000100010000001000
24;100100000100010000100000
23;000001010000000010100000
24;000010010000000010100000
23;000001100000001000000100
24;100001100000001000000100
23;000001010000010000000100
24;100001010000010000000100
23;101000000100000100100000
23;000100000100001000010000
24;100100000100001000010000
24;100100010000000100000100
23;000001000100010000001000
24;100001000100010000001000
23;100010010000001000100000
24;001000010000000100100000
23;000001010000000010000100
24;100001010000000010000100
23;100010000010001000010000
23;010000010000000100010000
24;110000010000000100010000
23;000001010000000010100000
24;000010010000000010100000
24;000010000100000010100000
23;000001000100001000010000
24;100001000100001000010000
23;000001000100000010100000
24;000010000100000010100000
23;101000000010001000100000
23;010000100000001000010000
23;010000000100010000010000
24;110000000100010000010000
23;000100100000000100010000
24;001000100000000100010000
23;000001010000000010001000
23;010000000010000100010000
24;110000000010000100010000
23;010000100000001000010000
23;010000100000000010010000
23;000001010000000010001000
23;000100000100001000010000
24;100100000100001000010000
23;010000100000001000000100
23;000001000100010000100000
24;100001000100010000100000
23;101000000100000010001000
23;100010000010000100010000
24;000010000010000100010000
23;000001010000001000000100
24;100001010000001000000100
23;010000000010000100100000
24;001000000010000100100000
23;110000000001000100010000
24;110000100000000100010000
24;110000010000001000000100
23;100010000010000010100000
23;010000000010010000001000
24;110000000010010000001000
23;010000000100010000100000
24;110000000100010000100000
24;100100000100010000010000
23;101000000010000100001000
23;010000010000000010100000
24;001000010000000010100000
24;110000000100001000001000
24;100100010000000100010000
23;010000000100000100100000
23;000001010000000100001000
24;100001010000000100001000
24;100001000100010000010000
24;100100000010000010100000
24;100100010000000100000100
23;000001100000001000000100
24;100001100000001000000100
23;010000000010010000000100
24;110000000010010000000100
23;010000000100000100010000
24;110000000100000100010000
23;101000010000000010100000
24;001000010000000010100000
23;000100100000000010100000
24;100100100000000010100000
23;100010000010001000100000
24;110000010000000100001000
23;100010000100000010010000
24;000010000100000010010000
23;000001000010010000100000
23;000001010000000010010000
23;000001100000000010010000
24;000010100000000010010000
23;101000100000000100000100
23;010000100000001000000100
23;010000000100000100100000
23;100001000001000100010000
24;100001000010000100010000
23;010000000100000010100000
24;001000000100000010100000
23;000100000100000010010000
24;000010000100000010010000
23;000001010000000100100000
24;100001010000000100100000
23;000001100000001000010000
24;100001100000001000010000
23;000001000100010000001000
24;100001000100010000001000
23;100010100000000010100000
24;100100000100010000100000
23;010000100000000100000100
23;000001010000001000001000
24;100001010000001000001000
24;100100000100001000010000
24;100001010000001000010000
23;000001000010001000010000
23;000001100000010000000100
24;100001100000010000000100
23;100001010000000001000100
24;100001010000000010000100
23;000001010000000010010000
23;100100010000000100000001
24;100100010000000100001000
24;110000000100000100001000
24;110000010000000100000100
23;000001010000010000000100
24;100001010000010000000100
23;100010010000001000100000
23;000001000010010000100000
23;000100000010000100100000
24;001000000010000100100000
23;100001000100000001010000
24;100001000100000010010000
23;010000000100010000000100
24;110000000100010000000100
24;100001010000000100010000
23;100010000010000010010000
24;110000010000000010000100
23;101000100000000010001000
24;100100010000000100001000
23;000001010000000100000100
24;100001010000000100000100
23;000100100000000010010000
24;000010100000000010010000
23;100010100000000010001000
24;100100010000000010000100
24;110000000100010000100000
23;110000010000000100000001
24;110000010000000100100000
23;000100000100000100010000
24;100100000100000100010000
24;001000100000000100010000
24;110000000100010000001000
24;110000000100010000100000
23;010000000100000100100000
23;000001100000010000000100
24;100001100000010000000100
23;000001000100010000100000
24;100001000100010000100000
23;101000000010000100001000
23;100010000010001000010000
24;110000000100010000001000
23;000100100000000010100000
24;100100100000000010100000
24;110000010000000100001000
23;000001010000000010100000
24;000010010000000010100000
23;100001000100000001010000
24;100001000100000010010000
23;100010000010001000100000
24;110000000100001000001000
23;010000000100000010001000
24;110000000100000010001000
23;010000010000000100010000
24;110000010000000100010000
23;100010010000001000001000
24;100100010000000100010000
23;010000000010010000000100
24;110000000010010000000100
23;110000000001000100010000
24;110000100000000100010000
23;010000000100000100010000
24;110000000100000100010000
23;010000010000000010100000
24;001000010000000010100000
24;100100000100010000100000
24;100001000100010000010000
24;100001010000001000010000
23;100010000010000010100000
23;010000000100010000010000
24;110000000100010000010000
23;000001000010010000100000
23;010000000100000010100000
24;001000000100000010100000
24;110000010000000100000100
#<Time>=3.40139s/900
#<PlanCost>=single integer value
#<State>=Atom door-open();Atom elevator-at(f1);Atom elevator-at(f2);Atom elevator-at(f3);Atom elevator-at(f4);Atom elevator-at(f5);Atom passenger-at(p3, f1);Atom passenger-at(p3, f2);Atom passenger-at(p3, f3);Atom passenger-at(p3, f4);Atom passenger-at(p3, f5);Atom passenger-in-elevator(p3);Atom passenger-at(p2, f1);Atom passenger-at(p2, f2);Atom passenger-at(p2, f3);Atom passenger-at(p2, f4);Atom passenger-at(p2, f5);Atom passenger-in-elevator(p2);Atom passenger-at(p1, f1);Atom passenger-at(p1, f2);Atom passenger-at(p1, f3);Atom passenger-at(p1, f4);Atom passenger-at(p1, f5);Atom passenger-in-elevator(p1);
23;000001100000000010010000
24;000010100000000010010000
23;010000100000001000000100
23;100100010000000100000001
24;100100010000000100001000
23;010000000010010000001000
24;110000000010010000001000
23;000100100000000010100000
24;100100100000000010100000
23;101000100000000010001000
23;000100000010000100100000
24;001000000010000100100000
23;000001000010010000100000
23;000001010000000100001000
24;100001010000000100001000
23;000001010000000010000100
24;100001010000000010000100
23;000001010000000010010000
24;100100000100010000010000
24;100100010000000100000100
23;000001000010001000010000
23;000001010000010000000100
24;100001010000010000000100
24;110000010000001000000100
23;000100000100001000010000
24;100100000100001000010000
23;100010010000001000100000
23;000001000100000100010000
24;100001000100000100010000
23;101000000010001000100000
23;100010100000000010001000
23;000001000100000010100000
24;000010000100000010100000
23;100001000001000100010000
24;100001000010000100010000
24;100100000100001000010000
23;010000000010000100100000
24;001000000010000100100000
23;000001000100001000010000
24;100001000100001000010000
23;000100100000000010010000
24;000010100000000010010000
24;100100010000000010000100
23;110000010000000100000001
24;110000010000000100100000
23;000100000100000010010000
24;000010000100000010010000
23;010000000100000100100000
23;101000100000001000000100
23;000100010000000100100000
24;100100010000000100100000
23;000001010000000100000100
24;100001010000000100000100
23;000001010000000010001000
23;010000000100010000000100
24;110000000100010000000100
23;100010000100000010010000
24;000010000100000010010000
23;010000100000000100000100
24;110000010000000010000100
24;100100010000000100001000
23;000001000100010000001000
24;100001000100010000001000
23;010000100000000010010000
23;100001010000000001000100
24;100001010000000010000100
23;010000000010000100010000
24;110000000010000100010000
24;100001010000000100010000
24;000010000100000010100000
23;100010000010000010010000
24;001000100000000100010000
23;100010100000001000010000
23;100010000010000100010000
24;000010000010000100010000
23;100010010000000010010000
23;000001010000001000000100
24;100001010000001000000100
23;101000010000000010100000
24;001000010000000010100000
23;010000000100010000100000
24;110000000100010000100000
23;010000100000000100000100
24;001000010000000100100000
23;000001100000001000000100
24;100001100000001000000100
23;000001100000000100010000
24;100001100000000100010000
23;000001010000000010001000
24;100100000010000010100000
24;110000000100000100001000
23;010000100000001000010000
23;010000100000001000010000
23;010000000010010000000100
24;110000000010010000000100
23;000001010000000010010000
24;110000000100010000100000
24;001000010000000100100000
23;000001010000000010000100
24;100001010000000010000100
24;100100000100010000010000
24;001000100000000100010000
24;110000010000001000000100
23;010000100000000010010000
23;000001100000000010010000
24;000010100000000010010000
23;000100100000000010010000
24;100100100000000010010000
23;101000000010000100001000
23;100001000100000001010000
24;100001000100000010010000
23;010000000100000010001000
24;110000000100000010001000
23;000001000010001000010000
24;110000000100001000001000
24;100100010000000010000100
23;010000000100000100010000
24;110000000100000100010000
23;000100000100001000010000
24;100100000100001000010000
23;000001010000000100000100
24;100001010000000100000100
23;100010000010000100010000
24;000010000010000100010000
24;100100000100010000100000
23;100010000010001000010000
23;010000000010010000001000
24;110000000010010000001000
24;100001010000000100010000
23;010000100000001000000100
23;100001010000000001000100
24;100001010000000010000100
23;010000000100000100100000
23;000001010000000010010000
24;110000010000000100000100
23;000001010000000100001000
24;100001010000000100001000
23;000001010000000010001000
24;110000010000000010000100
23;000001000100010000001000
24;100001000100010000001000
23;010000010000000100010000
24;110000010000000100010000
23;101000010000000010100000
24;001000010000000010100000
23;000100000100000100010000
24;100100000100000100010000
24;100100010000000100010000
24;100001000100010000010000
23;010000000100001000010000
24;110000000100001000010000
23;000001000100000010100000
24;000010000100000010100000
23;000001100000010000000100
24;100001100000010000000100
23;110000010000000100000001
24;110000010000000100100000
23;010000100000001000010000
23;101000100000001000000100
23;010000000100010000000100
24;110000000100010000000100
23;000001000010010000100000
24;100100000010000010100000
23;000001010000010000000100
24;100001010000010000000100
23;000001010000001000000100
24;100001010000001000000100
23;100010010000001000100000
23;100010000010001000100000
23;000100100000000010100000
24;100100100000000010100000
23;000001000010010000100000
24;110000000100000100001000
24;100100010000000100001000
23;100010100000001000010000
23;110000000001000100010000
24;110000100000000100010000
23;010000000010000100100000
24;001000000010000100100000
23;000001100000001000000100
24;100001100000001000000100
23;010000000100000010100000
24;001000000100000010100000
24;110000000100010000001000
23;100010000100000010010000
24;000010000100000010010000
23;100010000010000010010000
23;000001010000000010100000
24;000010010000000010100000
23;000001010000000010001000
24;110000010000000100001000
23;100100010000000100000001
24;100100010000000100001000
23;000001010000001000001000
24;100001010000001000001000
24;000010000100000010100000
23;101000100000000010001000
23;010000000100010000010000
24;110000000100010000010000
24;100100010000000100000100
23;000001100000000100010000
24;100001100000000100010000
23;000100000010000100100000
24;001000000010000100100000
23;100010000010000010100000
23;010000100000001000010000
23;101000000010001000100000
23;100010100000000010001000
23;010000100000000100000100
23;000001000100010000100000
24;100001000100010000100000
23;010000000100000010010000
24;110000000100000010010000
23;000100100000000010100000
24;100100100000000010100000
23;101000000100000100100000
23;010000000100010000100000
24;110000000100010000100000
23;101000100000000100000100
23;010000010000000010100000
24;001000010000000010100000
24;100100000100001000010000
24;100001010000001000010000
23;000100000010000100010000
24;000010000010000100010000
23;100001000001000100010000
24;100001000010000100010000
23;000100010000000100100000
24;100100010000000100100000
23;010000000100010000000100
24;110000000100010000000100
23;101000000100000100100000
23;000100100000000010010000
24;100100100000000010010000
23;000001010000000010100000
24;000010010000000010100000
24;110000010000000100000100
23;000100000100001000010000
24;100100000100001000010000
23;000100000100001000010000
24;100100000100001000010000
23;000001100000010000000100
24;100001100000010000000100
23;010000000100000010010000
24;110000000100000010010000
24;100100000100001000010000
23;000001000100010000100000
24;100001000100010000100000
24;100100010000000010000100
23;100010000010000010100000
24;110000000100010000001000
24;100001000100010000010000
23;101000000100000010001000
24;100001010000000100010000
23;100010000100000010010000
24;000010000100000010010000
23;000001010000010000000100
24;100001010000010000000100
23;000001010000000010000100
24;100001010000000010000100
23;000100000100000100010000
24;100100000100000100010000
23;000100000100000100010000
24;100100000100000100010000
24;110000010000001000000100
24;000010000100000010100000
23;100010000010001000010000
23;010000100000000010010000
24;100001010000001000010000
23;101000100000001000000100
23;100010100000000010001000
23;010000100000001000010000
23;100010000010001000100000
24;100100000100010000100000
23;100010000010000100010000
24;000010000010000100010000
23;010000100000001000010000
23;000100100000000010100000
24;100100100000000010100000
23;000001010000000010010000
23;000001000010010000100000
23;010000000010000100100000
24;001000000010000100100000
23;010000010000000010100000
24;001000010000000010100000
23;000001010000000010001000
23;000001000010001000010000
23;000001100000000100010000
24;100001100000000100010000
23;010000000010000100010000
24;110000000010000100010000
24;110000000100000100001000
23;100001010000000001000100
24;100001010000000010000100
23;000001000100000010100000
24;000010000100000010100000
23;000100000010000100100000
24;100100000010000100100000
23;000100010000000100100000
24;001000010000000100100000
23;000001100000001000010000
24;100001100000001000010000
24;110000000100010000100000
23;010000000100000100100000
23;100001000100000001010000
24;100001000100000010010000
24;100100010000000100001000
23;100001000001000100010000
24;100001000010000100010000
23;000001010000000010010000
23;100010000010010000100000
23;000001100000000010010000
24;000010100000000010010000
23;000001010000001000001000
24;100001010000001000001000
23;010000010000000100010000
24;110000010000000100010000
23;000001010000001000100000
24;100001010000001000100000
23;101000100000000010001000
23;010000000100010000100000
24;110000000100010000100000
23;010000100000001000000100
23;101000100000000100000100
23;000001010000000100000100
24;100001010000000100000100
23;000001010000000100001000
24;100001010000000100001000
24;001000100000000100010000
23;100010000010000010010000
23;010000000100000010100000
24;001000000100000010100000
23;010000100000000100000100
23;000001000100010000001000
24;100001000100010000001000
24;100100010000000100000100
23;110000000001000100010000
24;110000100000000100010000
23;010000000010010000001000
24;110000000010010000001000
24;100100010000000100010000
24;110000000100001000001000
24;110000010000000100001000
24;110000010000000010000100
23;010000000010010000000100
24;110000000010010000000100
24;001000010000000100100000
23;100010010000000010001000
23;000001100000001000000100
24;100001100000001000000100
23;000100100000000010100000
24;100100100000000010100000
23;110000010000000100000001
24;110000010000000100100000
23;010000000010000100001000
24;110000000010000100001000
24;100100000010000010100000
24;100100000100010000010000
23;000001010000001000000100
24;100001010000001000000100
23;101000000010001000100000
23;010000000100010000010000
24;110000000100010000010000
23;100100010000000100000001
24;100100010000000100001000
23;101000010000000010100000
24;001000010000000010100000
23;110000010000000100000001
24;110000010000000100100000
23;100010010000000010001000
23;010000000100000100100000
23;000100000100000010010000
24;000010000100000010010000
23;000001010000000100000100
24;100001010000000100000100
23;000001010000001000000100
24;100001010000001000000100
23;000001100000010000000100
24;100001100000010000000100
23;101000000100000100100000
23;000001000100010000001000
24;100001000100010000001000
23;010000100000000010010000
23;000001000010010000100000
24;110000000100010000100000
23;100001000100000001010000
24;100001000100000010010000
23;101000100000000100000100
23;100010010000001000100000
23;000001010000000010001000
23;010000000010010000001000
24;110000000010010000001000
23;100010000010010000100000
24;100100000100010000100000
23;010000000100001000010000
24;110000000100001000010000
23;000001100000001000010000
24;100001100000001000010000
24;100001010000000100010000
23;010000000100010000010000
24;110000000100010000010000
23;000100000010000100010000
24;100100000010000100010000
23;000100010000000100100000
24;001000010000000100100000
24;110000000100010000001000
23;000001000100000100010000
24;100001000100000100010000
23;100001000001000100010000
24;100001000010000100010000
23;000001010000000100001000
24;100001010000000100001000
23;000001000010001000010000
24;100100010000000100001000
24;100001010000001000010000
23;100001010000000001000100
24;100001010000000010000100
24;100100010000000100010000
23;000100100000000010100000
24;100100100000000010100000
24;110000000100000100001000
23;000001100000000010010000
24;000010100000000010010000
23;000001000100000010100000
24;000010000100000010100000
23;000100100000000100010000
24;100100100000000100010000
24;001000010000000100100000
24;110000010000000010000100
23;000001000010001000010000
23;010000010000000010100000
24;001000010000000010100000
23;100010000010001000100000
23;000100000010000100100000
24;100100000010000100100000
23;100010000010000010100000
23;000001010000000010000100
24;100001010000000010000100
23;000001000100001000010000
24;100001000100001000010000
23;010000000010010000000100
24;110000000010010000000100
23;101000000010001000100000
23;010000100000001000010000
24;100001000100010000010000
23;000001000100010000100000
24;100001000100010000100000
24;100100010000000100000100
24;100100010000000010000100
23;010000100000000100000100
23;010000100000000010010000
23;100010000100000010010000
24;000010000100000010010000
23;100010000010000010010000
24;110000010000000100000100
23;000001010000000010100000
24;000010010000000010100000
23;000001100000001000000100
24;100001100000001000000100
23;101000000100000010001000
23;010000010000000100010000
24;110000010000000100010000
23;000100100000000010100000
24;100100100000000010100000
23;010000000100010000100000
24;110000000100010000100000
23;101000100000000010001000
23;100010010000000010010000
23;010000100000001000000100
23;010000000010000100100000
24;001000000010000100100000
24;001000100000000100010000
23;000001010000001000001000
24;100001010000001000001000
23;110000000001000100010000
24;110000100000000100010000
23;010000100000001000010000
23;010000000100000010100000
24;001000000100000010100000
23;101000100000001000000100
24;110000010000001000000100
23;000001010000000010010000
23;101000010000000010100000
24;001000010000000010100000
23;010000000010000100001000
24;110000000010000100001000
23;100100010000000100000001
24;100100010000000100001000
23;100010000010000100010000
24;000010000010000100010000
24;110000010000000100001000
24;110000000100001000001000
23;100010100000000010001000
23;010000000100000100010000
24;110000000100000100010000
23;010000000100010000000100
24;110000000100010000000100
23;000001010000010000000100
24;100001010000010000000100
24;000010000100000010100000
24;100100000010000010100000
24;100100000100001000010000
24;100100000100010000010000
24;100100010000000010000100
23;110000000001000100010000
24;110000100000000100010000
23;100010000010000010100000
23;100010000100000010010000
24;000010000100000010010000
23;010000000100010000010000
24;110000000100010000010000
24;100001010000001000010000
23;000001010000000010010000
23;000100000100001000010000
24;100100000100001000010000
23;000001100000001000000100
24;100001100000001000000100
23;000001000100010000100000
24;100001000100010000100000
23;100001010000000001000100
24;100001010000000010000100
24;100100000100001000010000
24;110000000100000100001000
23;000001100000000010010000
24;000010100000000010010000
23;000001000010010000100000
23;101000000100000100100000
23;100001000001000100010000
24;100001000010000100010000
23;000001000010001000010000
23;010000000010010000001000
24;110000000010010000001000
23;100100010000000100000001
24;100100010000000100001000
23;000001010000010000000100
24;100001010000010000000100
23;010000000010010000000100
24;110000000010010000000100
23;000001010000000010000100
24;100001010000000010000100
23;000001000100000010100000
24;000010000100000010100000
23;010000100000001000010000
23;100010010000001000001000
23;010000100000001000010000
23;000100000100000100010000
24;100100000100000100010000
23;010000010000000100010000
24;110000010000000100010000
24;100100000010000010100000
24;100100010000000100010000
23;010000000100000010100000
24;001000000100000010100000
24;110000000100010000001000
23;000001010000000010001000
24;100100000100010000010000
23;110000010000000100000001
24;110000010000000100100000
23;100010000010000010010000
23;010000000100000100010000
24;110000000100000100010000
23;101000010000000010100000
24;001000010000000010100000
23;010000000010000100100000
24;001000000010000100100000
23;100010000010001000100000
23;010000000100000100100000
23;101000100000001000000100
23;010000000100010000000100
24;110000000100010000000100
23;000100100000000100010000
24;100100100000000100010000
23;100001000100000001010000
24;100001000100000010010000
23;000100100000000010100000
24;100100100000000010100000
23;000001000010010000100000
24;001000010000000100100000
23;010000100000000100000100
23;010000010000000010100000
24;001000010000000010100000
23;000001010000000100000100
24;100001010000000100000100
24;110000000100010000100000
23;000100000100001000010000
24;100100000100001000010000
23;010000100000001000000100
23;100010000010000100010000
24;000010000010000100010000
23;100010100000000010001000
23;010000000100000010001000
24;110000000100000010001000
23;000100000010000100100000
24;001000000010000100100000
24;100100000100010000100000
24;100100010000000100001000
23;000001100000001000010000
24;100001100000001000010000
23;000001010000000100001000
24;100001010000000100001000
24;000010000100000010100000
23;000001010000000010100000
24;000010010000000010100000
23;000001010000000100100000
24;100001010000000100100000
23;100010010000001000100000
24;100001010000000100010000
23;000001000100010000001000
24;100001000100010000001000
23;010000000100010000100000
24;110000000100010000100000
23;010000100000000100000100
23;010000100000000010010000
23;101000000010001000100000
23;100010010000000010010000
23;000100000100000010010000
24;100100000100000010010000
24;110000010000000100001000
24;110000010000001000000100
23;000001010000000010001000
24;100001000100010000010000
24;110000010000000100000100
23;000001000010001000010000
23;000001100000010000000100
24;100001100000010000000100
23;100010100000000010100000
23;010000000010000100010000
24;110000000010000100010000
23;101000100000000010001000
24;100100010000000100000100
24;110000000100001000001000
23;010000000010000100001000
24;110000000010000100001000
23;000001010000001000000100
24;100001010000001000000100
24;110000010000000010000100
23;000100100000000010010000
24;000010100000000010010000
24;001000100000000100010000
24;100100010000000100001000
23;000100100000000010100000
24;100100100000000010100000
23;000100100000000100010000
24;100100100000000100010000
23;000001010000000010100000
24;000010010000000010100000
24;100100000100010000010000
23;000001100000000010010000
24;000010100000000010010000
23;000001010000000010000100
24;100001010000000010000100
23;101000010000000010100000
24;001000010000000010100000
23;100010000100000010010000
24;000010000100000010010000
24;110000000100010000001000
24;100100010000000100000100
23;100001000100000001010000
24;100001000100000010010000
24;110000000100001000001000
23;010000000100000100100000
23;100010010000000010010000
24;100100000100010000100000
23;000001010000001000000100
24;100001010000001000000100
23;110000000001000100010000
24;110000100000000100010000
24;001000100000000100010000
23;110000010000000100000001
24;110000010000000100100000
23;000001000010001000010000
23;010000100000000100000100
23;000100100000000010010000
24;000010100000000010010000
23;000001010000000100000100
24;100001010000000100000100
23;100010010000001000001000
23;000100000010000100100000
24;100100000010000100100000
23;000001010000000100001000
24;100001010000000100001000
23;010000000010000100100000
24;001000000010000100100000
23;010000000010010000001000
24;110000000010010000001000
23;000100010000000100100000
24;001000010000000100100000
23;010000000100000010100000
24;001000000100000010100000
23;000001100000001000000100
24;100001100000001000000100
24;000010000100000010100000
23;000001000010010000100000
23;100001010000000001000100
24;100001010000000010000100
23;100010010000001000100000
24;100100000100001000010000
23;010000000010000100001000
24;110000000010000100001000
23;100010100000000010100000
23;100010000010000010010000
23;000001000100010000001000
24;100001000100010000001000
23;010000000100000010010000
24;110000000100000010010000
24;110000010000001000000100
23;000001000100010000100000
24;100001000100010000100000
23;101000000100000010001000
23;100010000010000100010000
24;000010000010000100010000
23;100010000010001000100000
23;000001000010001000010000
24;100100010000000100010000
24;110000000100000100001000
23;010000010000000100010000
24;110000010000000100010000
23;000100000100000100010000
24;100100000100000100010000
23;010000000100010000100000
24;110000000100010000100000
23;000001100000010000000100
24;100001100000010000000100
23;000001100000001000010000
24;100001100000001000010000
23;010000100000000100000100
23;100010100000000010001000
23;101000100000000010001000
23;100001000001000100010000
24;100001000010000100010000
23;000001010000000010010000
24;110000010000000100001000
23;010000000010000100010000
24;110000000010000100010000
23;101000000010001000100000
24;100100010000000010000100
23;010000100000001000010000
24;100001010000000100010000
23;010000100000001000010000
23;000100000100001000010000
24;100100000100001000010000
24;001000010000000100100000
23;000001000100000010100000
24;000010000100000010100000
24;110000010000000010000100
23;010000000100010000010000
24;110000000100010000010000
24;100001010000001000010000
23;100100010000000100000001
24;100100010000000100001000
24;110000010000000100000100
23;010000000100001000010000
24;110000000100001000010000
23;010000000100000100100000
23;100010010000000010001000
23;010000000100010000000100
24;110000000100010000000100
24;100001000100010000010000
23;100010000010010000100000
23;010000100000001000000100
24;100100000010000010100000
23;010000010000000010100000
24;001000010000000010100000
23;010000000010010000000100
24;110000000010010000000100
23;101000100000001000000100
23;000100000100000100010000
24;100100000100000100010000
24;110000000100010000100000
23;010000100000000010010000
23;100010000010000010100000
23;000001010000010000000100
24;100001010000010000000100
23;000001010000000010001000
24;110000000100001000001000
23;000001010000000010010000
23;010000000100001000010000
24;110000000100001000010000
23;010000100000001000010000
23;000001000100000010100000
24;000010000100000010100000
23;000001010000000100001000
24;100001010000000100001000
23;000100100000000010010000
24;100100100000000010010000
23;101000000100000010001000
23;000001100000010000000100
24;100001100000010000000100
24;100100000100010000010000
23;010000000100010000010000
24;110000000100010000010000
23;000100000010000100010000
24;000010000010000100010000
23;100001000100000001010000
24;100001000100000010010000
23;101000100000000100000100
23;000001100000000010010000
24;000010100000000010010000
23;100010000010000010100000
23;000001010000000100000100
24;100001010000000100000100
23;000100000100000100010000
24;100100000100000100010000
24;110000010000000100000100
23;000100100000000010100000
24;100100100000000010100000
23;000100000010000100100000
24;001000000010000100100000
23;010000100000001000000100
23;000001010000000100100000
24;100001010000000100100000
23;100010100000001000010000
23;010000000010010000000100
24;110000000010010000000100
24;110000000100010000100000
24;110000010000000100001000
23;000100100000000100010000
24;100100100000000100010000
23;010000100000001000010000
24;100001010000001000010000
24;100001010000000100010000
24;100100000010000010100000
23;000001000010010000100000
23;100001010000000001000100
24;100001010000000010000100
23;010000010000000100010000
24;110000010000000100010000
23;101000100000000010001000
23;100010000010001000100000
23;010000000010000100100000
24;001000000010000100100000
23;110000000001000100010000
24;110000100000000100010000
23;010000000100000100100000
23;010000000010010000001000
24;110000000010010000001000
24;110000000100010000001000
23;010000000010000100001000
24;110000000010000100001000
23;010000000100000010100000
24;001000000100000010100000
23;000001000100010000100000
24;100001000100010000100000
23;000001010000001000000100
24;100001010000001000000100
24;100100000100001000010000
23;000001010000000010100000
24;000010010000000010100000
24;110000000100000100001000
23;101000000100000100100000
23;010000000100000100010000
24;110000000100000100010000
23;000001000010001000010000
24;110000010000001000000100
23;110000010000000100000001
24;110000010000000100100000
23;100010000010000010010000
24;100100010000000100010000
23;000001000100010000001000
24;100001000100010000001000
23;000001010000000010001000
24;100001000100010000010000
23;000100000100000010010000
24;100100000100000010010000
24;000010000100000010100000
23;000001010000000010001000
24;100100010000000100000100
23;000001000100001000010000
24;100001000100001000010000
23;010000010000000010100000
24;001000010000000010100000
23;000001000010010000100000
23;100010000010000100010000
24;000010000010000100010000
24;110000010000000010000100
23;000001010000001000001000
24;100001010000001000001000
23;100010010000001000100000
23;101000000010001000100000
23;000001010000000010010000
23;010000000100010000000100
24;110000000100010000000100
23;100010000010001000010000
23;010000000100010000100000
24;110000000100010000100000
24;001000100000000100010000
23;000001010000010000000100
24;100001010000010000000100
24;100100010000000100001000
23;101000100000001000000100
23;000001100000001000000100
24;100001100000001000000100
24;100100010000000010000100
23;010000100000000100000100
23;100010100000000010001000
24;100100000100010000100000
23;100001000001000100010000
24;100001000010000100010000
23;000001010000000010000100
24;100001010000000010000100
23;100010000100000010010000
24;000010000100000010010000
23;101000010000000010100000
24;001000010000000010100000
24;001000010000000100100000
23;100100010000000100000001
24;100100010000000100001000
23;000100100000000010100000
24;100100100000000010100000
23;010000100000000010010000
23;100010000010001000100000
23;000100000010000100100000
24;001000000010000100100000
23;100010100000000010100000
23;010000000100010000100000
24;110000000100010000100000
23;101000100000001000000100
23;101000000010001000100000
23;100100010000000100000001
24;100100010000000100001000
23;010000000010000100001000
24;110000000010000100001000
23;000001000100000100010000
24;100001000100000100010000
23;100010010000000010001000
23;100010010000001000001000
24;100100000100010000100000
23;010000000100010000000100
24;110000000100010000000100
23;000001100000001000010000
24;100001100000001000010000
24;000010000100000010100000
23;100010100000000010001000
23;100010010000000010010000
23;010000100000000100000100
24;100100010000000100001000
24;100100010000000100000100
23;010000000010010000000100
24;110000000010010000000100
23;000001100000001000000100
24;100001100000001000000100
23;100010000010000100010000
24;000010000010000100010000
24;110000000100000100001000
24;110000010000000010000100
24;110000010000000100001000
23;000001010000000100000100
24;100001010000000100000100
23;101000000100000100100000
23;000100100000000010010000
24;100100100000000010010000
23;000001000010010000100000
23;000100000100000010010000
24;000010000100000010010000
23;010000000010010000001000
24;110000000010010000001000
23;010000000100001000010000
24;110000000100001000010000
23;010000010000000010100000
24;001000010000000010100000
23;000001000010001000010000
23;000001010000000010000100
24;100001010000000010000100
24;100001000100010000010000
24;100001010000000100010000
23;000001000100010000100000
24;100001000100010000100000
23;101000000100000010001000
23;010000100000001000010000
24;100100000100010000010000
23;100001000001000100010000
24;100001000010000100010000
23;010000100000000010010000
23;100010010000001000100000
23;100001010000000001000100
24;100001010000000010000100
23;010000000100010000010000
24;110000000100010000010000
23;000001010000000100001000
24;100001010000000100001000
23;000001010000001000000100
24;100001010000001000000100
23;110000000001000100010000
24;110000100000000100010000
23;010000100000001000010000
23;010000100000000100000100
23;100010000100000010010000
24;000010000100000010010000
23;101000010000000010100000
24;001000010000000010100000
23;010000100000001000000100
23;000001000100010000001000
24;100001000100010000001000
23;000001000010010000100000
23;010000000010000100100000
24;001000000010000100100000
23;000001000100000010100000
24;000010000100000010100000
24;001000100000000100010000
23;010000000100000100010000
24;110000000100000100010000
23;000001100000000010010000
24;000010100000000010010000
23;010000010000000100010000
24;110000010000000100010000
23;100010000010000010100000
24;110000000100010000100000
23;010000000010000100010000
24;110000000010000100010000
23;000001010000000010100000
24;000010010000000010100000
24;100100010000000100010000
23;000001010000010000000100
24;100001010000010000000100
24;110000000100010000001000
23;010000000100000010100000
24;001000000100000010100000
24;100100000100001000010000
23;010000000100000100100000
23;100010000010001000010000
23;000001010000000010001000
23;100010000010000010010000
23;101000100000000010100000
23;000100010000000100100000
24;100100010000000100100000
23;110000010000000100000001
24;110000010000000100100000
23;000001010000000010010000
24;100001010000001000010000
24;110000000100001000001000
23;000001000100001000010000
24;100001000100001000010000
23;101000100000000010001000
23;000001100000010000000100
24;100001100000010000000100
23;100001000100000001010000
24;100001000100000010010000
24;100100010000000010000100
24;001000010000000100100000
23;000001100000000100010000
24;100001100000000100010000
24;110000010000001000000100
24;100100000010000010100000
24;110000010000000100000100
24;100001010000001000010000
23;010000000010010000001000
24;110000000010010000001000
23;100010000010010000100000
23;000100000100000010010000
24;000010000100000010010000
23;000001010000001000000100
24;100001010000001000000100
23;010000000100000100100000
23;000100100000000010100000
24;100100100000000010100000
23;000100010000000100100000
24;001000010000000100100000
23;100010000010000010100000
23;000001010000000100001000
24;100001010000000100001000
23;010000000100001000010000
24;110000000100001000010000
23;100001010000000001000100
24;100001010000000010000100
23;000100000100000100010000
24;100100000100000100010000
23;010000000010000100010000
24;110000000010000100010000
23;010000000010010000000100
24;110000000010010000000100
23;000001010000000100000100
24;100001010000000100000100
23;000001000100010000001000
24;100001000100010000001000
23;101000000100000010001000
24;100100010000000100010000
23;100001000100000001010000
24;100001000100000010010000
23;000100100000000010100000
24;100100100000000010100000
23;010000100000001000010000
24;110000010000001000000100
23;000001010000000010010000
23;100010000100000010010000
24;000010000100000010010000
23;100010100000000010001000
23;000001000010001000010000
23;000001010000010000000100
24;100001010000010000000100
23;000001100000001000010000
24;100001100000001000010000
23;100100010000000100000001
24;100100010000000100001000
23;000001010000000010000100
24;100001010000000010000100
23;000001100000000100010000
24;100001100000000100010000
24;100100010000000100000100
23;110000000001000100010000
24;110000100000000100010000
24;100001000100010000010000
23;100010010000001000100000
23;000001100000001000000100
24;100001100000001000000100
23;000001000010010000100000
23;010000010000000100010000
24;110000010000000100010000
24;100100010000000100001000
23;000100100000000010010000
24;000010100000000010010000
23;101000010000000010100000
24;001000010000000010100000
23;010000100000000100000100
23;101000000010000100001000
23;000001100000010000000100
24;100001100000010000000100
24;100100010000000010000100
23;000001010000000010001000
23;100001000001000100010000
24;100001000010000100010000
23;010000100000000100000100
24;100100000010000010100000
23;010000000100000100010000
24;110000000100000100010000
23;000001000100001000010000
24;100001000100001000010000
23;101000100000000010001000
23;100010000010001000010000
23;101000000100000100100000
24;110000000100001000001000
24;100001010000000100010000
23;000001100000000010010000
24;000010100000000010010000
24;110000000100010000100000
23;010000000010000100100000
24;001000000010000100100000
23;100010010000001000001000
23;010000100000001000000100
23;110000010000000100000001
24;110000010000000100100000
23;101000000010001000100000
24;001000010000000100100000
23;000100000010000100100000
24;100100000010000100100000
23;010000000100010000010000
24;110000000100010000010000
23;100010000010000100010000
24;000010000010000100010000
23;000001010000000010001000
24;110000000100000100001000
23;010000100000001000010000
23;100010010000000010010000
24;100100000100010000100000
23;010000100000000010010000
23;100010000010000010010000
24;000010000100000010100000
23;000001000100010000100000
24;100001000100010000100000
23;010000000100000010100000
24;001000000100000010100000
23;010000010000000010100000
24;001000010000000010100000
23;010000000100010000100000
24;110000000100010000100000
23;100010000010001000100000
24;100100000100001000010000
23;000001000100000010100000
24;000010000100000010100000
24;110000010000000100000100
24;001000100000000100010000
24;110000000100010000001000
24;110000010000000100001000
23;101000100000001000000100
23;010000000100010000000100
24;110000000100010000000100
23;000001010000000010100000
24;000010010000000010100000
24;110000010000000010000100
24;100100000100010000010000
23;010000000100000010100000
24;001000000100000010100000
23;010000000010000100001000
24;110000000010000100001000
24;100100010000000100000100
23;101000000100000010001000
23;100001000100000001010000
24;100001000100000010010000
24;100100010000000100001000
24;001000100000000100010000
23;101000100000000100000100
23;101000100000001000000100
24;100001010000001000010000
23;100010000010001000100000
24;110000000100000100001000
23;010000010000000010100000
24;001000010000000010100000
23;110000010000000100000001
24;110000010000000100100000
23;000100000100000010010000
24;000010000100000010010000
24;100100000100010000100000
24;110000010000000100000100
24;100100010000000100010000
23;000100000100000100010000
24;100100000100000100010000
23;000100000100000100010000
24;100100000100000100010000
23;000001100000001000000100
24;100001100000001000000100
23;010000000100000100100000
23;100010100000000010001000
23;110000000001000100010000
24;110000100000000100010000
23;000001010000010000000100
24;100001010000010000000100
23;000001010000000100000100
24;100001010000000100000100
23;100010000010000010010000
23;000001100000000010010000
24;000010100000000010010000
23;000100100000000010100000
24;100100100000000010100000
23;100010000010001000010000
24;100100010000000010000100
24;100001010000000100010000
23;000001010000000010001000
23;000001010000000010010000
23;000100010000000100100000
24;001000010000000100100000
23;000001000010010000100000
23;000001010000001000000100
24;100001010000001000000100
23;100001010000000001000100
24;100001010000000010000100
23;000001000100000010100000
24;000010000100000010100000
23;000001000100010000001000
24;100001000100010000001000
24;110000010000000010000100
23;010000000010010000000100
24;110000000010010000000100
23;010000000100000100100000
23;100010010000000010010000
23;010000100000001000010000
24;110000010000001000000100
23;101000010000000010100000
24;001000010000000010100000
24;100100000100010000010000
23;100010010000001000100000
23;010000100000000010010000
23;000001000100001000010000
24;100001000100001000010000
23;100001000001000100010000
24;100001000010000100010000
24;110000010000000100001000
23;010000000010000100100000
24;001000000010000100100000
24;110000000100010000100000
23;000001010000000010000100
24;100001010000000010000100
23;010000100000001000010000
23;010000000010000100010000
24;110000000010000100010000
23;100010100000001000010000
23;000100000100001000010000
24;100100000100001000010000
24;001000010000000100100000
23;010000000100010000010000
24;110000000100010000010000
24;110000000100001000001000
23;010000000010010000001000
24;110000000010010000001000
23;100010000100000010010000
24;000010000100000010010000
23;100010010000000010001000
23;000100100000000100010000
24;100100100000000100010000
23;010000100000001000000100
23;101000100000000010001000
23;100010000010000100010000
24;000010000010000100010000
23;000100000010000100100000
24;001000000010000100100000
23;000001100000010000000100
24;100001100000010000000100
23;000001000010010000100000
23;100100010000000100000001
24;100100010000000100001000
23;010000100000000010010000
23;010000000100010000100000
24;110000000100010000100000
24;110000000100010000001000
23;000001010000000010100000
24;000010010000000010100000
23;100010000010000010100000
23;000001000100010000100000
24;100001000100010000100000
23;101000100000000010100000
23;000001010000000100001000
24;100001010000000100001000
23;010000010000000100010000
24;110000010000000100010000
23;010000100000000100000100
24;100001000100010000010000
24;000010000100000010100000
23;000001010000001000001000
24;100001010000001000001000
23;000001000010001000010000
24;100100000100001000010000
23;010000000100010000000100
24;110000000100010000000100
23;101000000010001000100000
24;100100000010000010100000
24;110000010000001000000100
23;000001010000000100000100
24;100001010000000100000100
23;010000000010010000000100
24;110000000010010000000100
23;000001010000000010001000
23;000001010000000100001000
24;100001010000000100001000
23;101000000100000100100000
23;100010010000000010010000
23;100100010000000100000001
24;100100010000000100001000
23;101000100000000100000100
23;000100000100000010010000
24;100100000100000010010000
23;010000000100010000100000
24;110000000100010000100000
23;000100000010000100010000
24;100100000010000100010000
24;110000000100001000001000
23;100001000100000001010000
24;100001000100000010010000
23;010000100000001000010000
24;100100010000000100000100
23;000001100000010000000100
24;100001100000010000000100
23;100010000010000010010000
24;100100010000000100001000
23;000001010000000010001000
24;110000010000000100001000
24;100001000100010000010000
23;010000000100000010100000
24;001000000100000010100000
23;000001010000000010000100
24;100001010000000010000100
23;100010000100000010010000
24;000010000100000010010000
24;000010000100000010100000
23;100001010000000001000100
24;100001010000000010000100
24;110000000100010000001000
23;000001000100010000001000
24;100001000100010000001000
23;010000100000001000000100
23;000001010000010000000100
24;100001010000010000000100
24;100100010000000010000100
23;101000100000000010001000
24;100100000100010000100000
24;100100000010000010100000
23;000001000010010000100000
23;100010000010000100010000
24;000010000010000100010000
23;000001000010001000010000
23;100010100000000010001000
24;110000010000000100000100
24;100100000100010000010000
23;101000000010001000100000
23;101000010000000010100000
24;001000010000000010100000
24;110000000100000100001000
23;000001000100000010100000
24;000010000100000010100000
23;101000000010000100001000
23;000001100000000010010000
24;000010100000000010010000
23;000001000010010000100000
23;010000000010010000001000
24;110000000010010000001000
23;000100100000000010100000
24;100100100000000010100000
23;010000010000000100010000
24;110000010000000100010000
23;000001010000000010010000
23;010000100000000010010000
24;110000000100010000100000
24;100001010000000100010000
23;010000000010000100100000
24;001000000010000100100000
23;000100000100000100010000
24;100100000100000100010000
23;000001000100010000100000
24;100001000100010000100000
24;100001010000001000010000
23;000001010000000010100000
24;000010010000000010100000
23;000100000100001000010000
24;100100000100001000010000
23;010000000100001000010000
24;110000000100001000010000
23;100010000010001000100000
23;000001010000001000000100
24;100001010000001000000100
23;010000000100000100100000
24;110000010000000010000100
23;010000100000000010010000
23;000001000010001000010000
24;001000010000000100100000
23;000100100000000010100000
24;100100100000000010100000
24;100100000100001000010000
23;000100100000000100010000
24;100100100000000100010000
23;010000000100010000010000
24;110000000100010000010000
23;000001100000001000000100
24;100001100000001000000100
23;010000000100000010001000
24;110000000100000010001000
23;000001010000000100100000
24;100001010000000100100000
23;000100000010000100100000
24;001000000010000100100000
23;110000000001000100010000
24;110000100000000100010000
23;010000100000001000010000
23;000001100000001000010000
24;100001100000001000010000
23;000001010000001000001000
24;100001010000001000001000
23;010000010000000010100000
24;001000010000000010100000
23;100010000010000010100000
23;100001000001000100010000
24;100001000010000100010000
23;100010010000001000100000
23;010000100000001000000100
24;001000100000000100010000
23;010000100000000100000100
24;100100010000000100010000
23;010000000100010000000100
24;110000000100010000000100
23;110000010000000100000001
24;110000010000000100100000
23;010000000100000100010000
24;110000000100000100010000
23;000001010000000010010000
23;000100010000000100100000
24;001000010000000100100000
23;100010010000000010001000
23;010000000100000010100000
24;001000000100000010100000
23;101000100000001000000100
23;000001010000001000001000
24;100001010000001000001000
23;000001000100001000010000
24;100001000100001000010000
23;100001000001000100010000
24;100001000010000100010000
23;010000100000001000000100
23;000100000100000100010000
24;100100000100000100010000
23;010000000100000010010000
24;110000000100000010010000
23;100010000010000010010000
23;010000100000000100000100
23;000001010000000100000100
24;100001010000000100000100
23;010000000010010000001000
24;110000000010010000001000
23;010000000010010000000100
24;110000000010010000000100
24;001000010000000100100000
23;010000100000001000010000
24;001000100000000100010000
23;000001000010001000010000
23;100010010000000010010000
23;010000000100001000010000
24;110000000100001000010000
23;010000100000000100000100
23;000001010000000010100000
24;000010010000000010100000
23;100010000010010000100000
23;000001100000001000010000
24;100001100000001000010000
24;100001010000001000010000
23;010000000100000100100000
23;010000000100010000010000
24;110000000100010000010000
23;000001100000000100010000
24;100001100000000100010000
23;000001000010010000100000
23;010000000100010000000100
24;110000000100010000000100
23;000100000010000100100000
24;100100000010000100100000
23;100010000010000010100000
23;100010010000001000100000
23;000001000100010000001000
24;100001000100010000001000
23;110000000001000100010000
24;110000100000000100010000
23;100010000100000010010000
24;000010000100000010010000
23;000001000100010000100000
24;100001000100010000100000
23;010000000100000100010000
24;110000000100000100010000
23;101000000010000100001000
23;000001010000000010001000
24;110000000100001000001000
23;010000000010000100100000
24;001000000010000100100000
23;010000100000001000010000
23;000001010000000100001000
24;100001010000000100001000
24;100001010000000100010000
24;100100010000000100000100
23;000001100000010000000100
24;100001100000010000000100
23;000001010000001000000100
24;100001010000001000000100
24;110000010000000100001000
24;000010000100000010100000
24;100001000100010000010000
24;110000010000000010000100
23;000001010000010000000100
24;100001010000010000000100
23;100100010000000100000001
24;100100010000000100001000
24;100100000100010000100000
23;100001010000000001000100
24;100001010000000010000100
24;100100010000000100001000
23;010000100000000010010000
23;000001100000000010010000
24;000010100000000010010000
23;000100100000000010010000
24;100100100000000010010000
24;110000010000001000000100
23;100010000010000100010000
24;000010000010000100010000
23;100010100000000010100000
23;101000000010001000100000
24;110000000100010000100000
23;000100000010000100010000
24;100100000010000100010000
24;100100000010000010100000
23;100001000100000001010000
24;100001000100000010010000
23;000001000100000010100000
24;000010000100000010100000
24;100100010000000010000100
23;100010000010001000100000
23;010000010000000100010000
24;110000010000000100010000
24;110000000100000100001000
23;010000010000000010100000
24;001000010000000010100000
24;110000010000000100000100
23;101000010000000010100000
24;001000010000000010100000
23;010000000100000100100000
24;110000000100010000001000
23;101000100000000010001000
23;000001100000001000000100
24;100001100000001000000100
23;100010100000000010001000
24;100100000100010000010000
23;000001010000000010000100
24;100001010000000010000100
23;100010000010001000010000
23;000100100000000010100000
24;100100100000000010100000
23;010000000100010000100000
24;110000000100010000100000
23;101000000100000010001000
24;100100010000000100010000
23;110000010000000100000001
24;110000010000000100100000
24;100100000100001000010000
23;010000100000001000000100
23;000100100000000010010000
24;000010100000000010010000
23;010000000100000100010000
24;110000000100000100010000
23;000001010000000010001000
24;100100010000000100000100
23;010000000100010000010000
24;110000000100010000010000
24;001000100000000100010000
23;100001010000000001000100
24;100001010000000010000100
23;000001010000000010010000
23;100010100000001000010000
23;010000000100000010010000
24;110000000100000010010000
23;000001100000001000000100
24;100001100000001000000100
23;010000100000001000010000
23;000100000100000100010000
24;100100000100000100010000
24;001000010000000100100000
23;000100000100001000010000
24;100100000100001000010000
23;000100010000000100100000
24;001000010000000100100000
23;100001000100000001010000
24;100001000100000010010000
24;100001010000001000010000
23;100010100000000010100000
23;100010000010000010100000
23;101000100000000100000100
23;010000000100000010100000
24;001000000100000010100000
23;000001000010010000100000
23;010000010000000010100000
24;001000010000000010100000
24;100100010000000100010000
24;100100000100001000010000
24;000010000100000010100000
23;010000000010000100100000
24;001000000010000100100000
23;000100100000000010100000
24;100100100000000010100000
23;110000000001000100010000
24;110000100000000100010000
23;000100000100001000010000
24;100100000100001000010000
24;100001000100010000010000
23;101000000100000100100000
23;000001100000000100010000
24;100001100000000100010000
23;010000000100010000000100
24;110000000100010000000100
24;110000000100000100001000
23;000001010000001000001000
24;100001010000001000001000
23;010000000100000010001000
24;110000000100000010001000
24;110000000100010000100000
23;000100000010000100010000
24;100100000010000100010000
24;110000000100010000001000
23;000001010000000010001000
23;000001100000000010010000
24;000010100000000010010000
23;010000000010010000001000
24;110000000010010000001000
23;100010000010000010010000
23;100010000010000100010000
24;000010000010000100010000
23;000001010000010000000100
24;100001010000010000000100
23;010000100000000010010000
24;100100010000000010000100
23;100100010000000100000001
24;100100010000000100001000
24;110000010000000100001000
23;000001000100000010100000
24;000010000100000010100000
23;000001010000001000000100
24;100001010000001000000100
24;110000000100001000001000
23;000001010000000010000100
24;100001010000000010000100
24;100100000010000010100000
23;101000010000000010100000
24;001000010000000010100000
23;010000100000001000000100
24;110000010000000100000100
24;100100010000000100001000
23;000001100000010000000100
24;100001100000010000000100
24;100100000100010000010000
23;100010010000001000100000
23;010000000100000100100000
24;110000010000001000000100
23;000001010000000010010000
23;100010000010001000100000
23;000001010000000100001000
24;100001010000000100001000
23;010000000100010000100000
24;110000000100010000100000
24;100001010000000100010000
23;101000100000000010001000
23;000001000010001000010000
23;000100000010000100100000
24;100100000010000100100000
23;010000100000001000010000
23;010000000010000100001000
24;110000000010000100001000
23;000001000100010000100000
24;100001000100010000100000
23;000001000100010000001000
24;100001000100010000001000
23;100001000001000100010000
24;100001000010000100010000
23;100010100000000010001000
23;010000010000000100010000
24;110000010000000100010000
23;000001010000000100000100
24;100001010000000100000100
24;110000010000000010000100
23;000001000010001000010000
23;100010000100000010010000
24;000010000100000010010000
23;000001010000000010100000
24;000010010000000010100000
23;010000000010010000000100
24;110000000010010000000100
23;101000000010001000100000
23;110000010000000100000001
24;110000010000000100100000
23;100010000010010000100000
24;100100000100010000100000
23;010000100000000100000100
24;000010000100000010100000
23;000001000100000010100000
24;000010000100000010100000
23;010000010000000010100000
24;001000010000000010100000
24;110000000100001000001000
23;010000100000000100000100
23;000100100000000010010000
24;000010100000000010010000
23;010000000100010000100000
24;110000000100010000100000
23;010000100000000010010000
23;000001010000000010100000
24;000010010000000010100000
23;010000100000001000010000
23;000001010000000100100000
24;100001010000000100100000
23;010000000100010000000100
24;110000000100010000000100
23;000100000010000100010000
24;000010000010000100010000
23;010000000010010000000100
24;110000000010010000000100
23;100010000010001000100000
23;000001100000000100010000
24;100001100000000100010000
23;000100100000000010100000
24;100100100000000010100000
23;100001000100000001010000
24;100001000100000010010000
24;100001010000001000010000
24;100100000100001000010000
24;110000010000000100000100
23;100100010000000100000001
24;100100010000000100001000
23;000001010000000100001000
24;100001010000000100001000
23;100010010000000010001000
24;110000010000000010000100
23;000100000100000100010000
24;100100000100000100010000
24;001000100000000100010000
23;010000000100000010001000
24;110000000100000010001000
24;100100000100010000100000
23;100010000010000010100000
23;000001010000001000001000
24;100001010000001000001000
24;001000010000000100100000
23;100010000010000010010000
24;110000000100000100001000
23;010000000100000100100000
24;110000000100010000001000
24;100100000010000010100000
23;101000100000001000000100
23;110000010000000100000001
24;110000010000000100100000
23;101000000010001000100000
24;100001010000000100010000
23;101000100000000010100000
23;000001100000010000000100
24;100001100000010000000100
23;010000100000001000000100
23;000001010000001000100000
24;100001010000001000100000
23;100010000010000100010000
24;000010000010000100010000
23;000001010000010000000100
24;100001010000010000000100
23;000001100000001000000100
24;100001100000001000000100
23;010000000100000100100000
23;000001010000001000000100
24;100001010000001000000100
24;100100000100010000010000
23;000100000010000100100000
24;001000000010000100100000
23;000001000010010000100000
23;010000000010000100100000
24;001000000010000100100000
24;100100010000000100010000
23;000001000100010000100000
24;100001000100010000100000
24;110000010000000100001000
23;000001010000000100000100
24;100001010000000100000100
23;010000000100001000010000
24;110000000100001000010000
23;000001000100010000001000
24;100001000100010000001000
23;110000000001000100010000
24;110000100000000100010000
24;100100010000000100000100
23;000100000100001000010000
24;100100000100001000010000
23;100010000100000010010000
24;000010000100000010010000
23;010000100000000100000100
23;101000010000000010100000
24;001000010000000010100000
23;100010000010010000100000
23;101000100000000010001000
23;000001010000000010010000
23;000001000010001000010000
23;000100000100000010010000
24;100100000100000010010000
24;100001000100010000010000
23;010000000010010000001000
24;110000000010010000001000
24;100100010000000010000100
23;000001010000000010000100
24;100001010000000010000100
23;000001100000001000010000
24;100001100000001000010000
23;010000100000001000010000
23;100001010000000001000100
24;100001010000000010000100
24;100100010000000100001000
23;100010100000000010001000
23;000001000010001000010000
24;110000010000001000000100
24;110000000100010000100000
23;010000000100000010100000
24;001000000100000010100000
23;010000000010000100001000
24;110000000010000100001000
23;000001010000000010001000
23;010000000100010000010000
24;110000000100010000010000
23;100001000001000100010000
24;100001000010000100010000
23;000100000100000100010000
24;100100000100000100010000
23;010000010000000100010000
24;110000010000000100010000
23;000001010000000010010000
23;000001100000000010010000
24;000010100000000010010000
23;000100000100001000010000
24;100100000100001000010000
24;100100010000000100000100
23;100010100000000010100000
23;000001100000000100010000
24;100001100000000100010000
23;000001010000000100100000
24;100001010000000100100000
23;100010010000000010001000
23;100010000010000100010000
24;000010000010000100010000
23;110000000001000100010000
24;110000100000000100010000
24;001000100000000100010000
23;010000000010010000001000
24;110000000010010000001000
24;100001010000000100010000
24;100100000100010000100000
23;000001000100001000010000
24;100001000100001000010000
23;101000000100000100100000
23;010000010000000010100000
24;001000010000000010100000
23;100010100000000010001000
23;010000100000001000010000
23;101000100000000010001000
23;100001000100000001010000
24;100001000100000010010000
23;010000100000000010010000
24;110000010000000010000100
23;000001010000000010001000
24;001000010000000100100000
23;000001100000000010010000
24;000010100000000010010000
23;101000010000000010100000
24;001000010000000010100000
23;100010000010000010100000
23;000100100000000010010000
24;000010100000000010010000
23;010000000100010000100000
24;110000000100010000100000
23;000001010000010000000100
24;100001010000010000000100
23;000001100000001000000100
24;100001100000001000000100
23;010000000100000010010000
24;110000000100000010010000
23;000001000010010000100000
23;010000000010010000000100
24;110000000010010000000100
24;110000000100000100001000
23;010000000100000010100000
24;001000000100000010100000
23;010000000100010000000100
24;110000000100010000000100
23;010000100000001000000100
23;100010000010000010010000
24;100100000100010000010000
23;000100000010000100010000
24;000010000010000100010000
23;100100010000000100000001
24;100100010000000100001000
23;000001100000010000000100
24;100001100000010000000100
24;100100000100001000010000
23;010000000010000100001000
24;110000000010000100001000
23;000001010000000010100000
24;000010010000000010100000
23;101000100000000010100000
23;100010100000001000010000
24;110000010000001000000100
23;000001000100010000100000
24;100001000100010000100000
23;000001000100010000001000
24;100001000100010000001000
24;110000000100001000001000
23;010000010000000100010000
24;110000010000000100010000
24;100100000010000010100000
23;000001010000000010010000
23;100010000010001000100000
23;010000000100010000010000
24;110000000100010000010000
23;110000010000000100000001
24;110000010000000100100000
23;000100000010000100100000
24;001000000010000100100000
23;000001010000001000000100
24;100001010000001000000100
23;000001000010010000100000
24;110000010000000100001000
23;000001010000000100000100
24;100001010000000100000100
24;100001010000001000010000
23;010000100000001000000100
23;000001000010001000010000
23;100001000001000100010000
24;100001000010000100010000
24;110000010000000100000100
23;010000000100000100010000
24;110000000100000100010000
23;010000100000000100000100
23;000001010000000100001000
24;100001010000000100001000
23;000001000100000010100000
24;000010000100000010100000
23;100001010000000001000100
24;100001010000000010000100
24;100100010000000100010000
23;010000000100000010001000
24;110000000100000010001000
24;100100010000000010000100
24;100001000100010000010000
23;010000100000000100000100
23;100010010000001000100000
24;110000000100010000001000
24;000010000100000010100000
23;100010000100000010010000
24;000010000100000010010000
24;110000000100010000100000
23;000001010000000010000100
24;100001010000000010000100
23;000001010000001000001000
24;100001010000001000001000
23;010000000100000100100000
23;010000000010000100100000
24;001000000010000100100000
24;100100010000000100001000
23;010000100000001000010000
23;100010000010001000010000
23;101000000010001000100000
23;000001000100000100010000
24;100001000100000100010000
23;000001010000000010010000
23;000100000010000100100000
24;100100000010000100100000
23;100100010000000100000001
24;100100010000000100001000
23;100010010000000010001000
23;010000010000000100010000
24;110000010000000100010000
24;110000010000000100000100
23;000100100000000100010000
24;001000100000000100010000
23;000001100000001000010000
24;100001100000001000010000
23;000001000100000010100000
24;000010000100000010100000
24;100100010000000100010000
23;010000100000000100000100
23;000001000010001000010000
23;101000000100000010001000
24;110000010000000100001000
23;000001010000000010010000
23;100001000001000100010000
24;100001000010000100010000
23;000001000010001000010000
23;010000000100000100100000
23;000100100000000010100000
24;100100100000000010100000
24;100100000100001000010000
23;000001000100000100010000
24;100001000100000100010000
23;000001010000000100000100
24;100001010000000100000100
23;000001000100010000001000
24;100001000100010000001000
23;000001010000000100100000
24;100001010000000100100000
23;000001000010010000100000
23;100001000100000001010000
24;100001000100000010010000
23;100010000010000100010000
24;000010000010000100010000
24;110000000100010000001000
23;100010000010000010010000
23;101000000010000100001000
23;010000000010000100100000
24;001000000010000100100000
23;100010000010001000100000
23;100001010000000001000100
24;100001010000000010000100
23;010000000010010000001000
24;110000000010010000001000
23;010000000100000100100000
24;000010000100000010100000
23;010000000100000010100000
24;001000000100000010100000
23;010000100000000010010000
23;100010000100000010010000
24;000010000100000010010000
23;110000000001000100010000
24;110000100000000100010000
24;100100000010000010100000
23;000001010000000010010000
23;010000100000001000000100
23;000001010000000010000100
24;100001010000000010000100
23;010000100000001000010000
23;010000010000000010100000
24;001000010000000010100000
23;000001000100010000100000
24;100001000100010000100000
24;110000010000001000000100
24;110000000100001000001000
24;100100000100010000100000
23;010000000100010000010000
24;110000000100010000010000
24;001000100000000100010000
23;000100000100001000010000
24;100100000100001000010000
23;010000000100001000010000
24;110000000100001000010000
23;000001010000001000100000
24;100001010000001000100000
24;110000000100000100001000
23;000100000100000010010000
24;000010000100000010010000
23;010000100000000010010000
23;000001100000010000000100
24;100001100000010000000100
23;000001100000001000000100
24;100001100000001000000100
24;001000010000000100100000
23;000001010000000100001000
24;100001010000000100001000
24;100100010000000100000100
23;010000100000001000000100
23;000001010000000010001000
23;110000010000000100000001
24;110000010000000100100000
24;100001010000000100010000
24;110000010000000010000100
23;010000000100010000000100
24;110000000100010000000100
23;010000000100010000100000
24;110000000100010000100000
23;000001100000000010010000
24;000010100000000010010000
23;101000100000000010001000
23;000001010000010000000100
24;100001010000010000000100
24;100100010000000010000100
23;000001010000001000000100
24;100001010000001000000100
23;100010100000000010001000
24;110000000100010000100000
23;000001000010010000100000
24;100001000100010000010000
23;000100000100000100010000
24;100100000100000100010000
23;100010100000000010100000
23;000001010000000010100000
24;000010010000000010100000
23;010000100000001000010000
23;100010010000001000001000
23;100010000010000010100000
23;101000010000000010100000
24;001000010000000010100000
23;010000100000000100000100
24;100100000100010000010000
24;100100010000000100001000
24;100001010000001000010000
23;101000000010001000100000
23;010000000010010000000100
24;110000000010010000000100
23;010000000010000100010000
24;110000000010000100010000
23;000001010000001000000100
24;100001010000001000000100
23;101000100000000010100000
24;100100000010000010100000
23;000001100000010000000100
24;100001100000010000000100
23;101000100000000010001000
23;100010000010000010010000
23;101000000010000100001000
23;000001100000001000010000
24;100001100000001000010000
23;010000000100010000100000
24;110000000100010000100000
23;000001000100010000001000
24;100001000100010000001000
23;100010000010001000100000
23;000001010000000010100000
24;000010010000000010100000
23;101000100000001000000100
24;001000010000000100100000
24;100100010000000100001000
24;110000010000000100001000
24;110000000100000100001000
23;100001010000000001000100
24;100001010000000010000100
24;001000100000000100010000
23;010000100000000100000100
23;100010000010000010100000
23;101000000100000100100000
23;000100000100000010010000
24;000010000100000010010000
24;110000010000000010000100
24;100100010000000100010000
23;010000100000001000000100
23;100010000010010000100000
23;100001000001000100010000
24;100001000010000100010000
23;010000100000001000010000
24;110000010000001000000100
23;000100000010000100100000
24;001000000010000100100000
23;010000000100010000010000
24;110000000100010000010000
23;100010000010000100010000
24;000010000010000100010000
23;110000000001000100010000
24;110000100000000100010000
24;110000010000000100000100
23;101000000010001000100000
23;010000000010010000001000
24;110000000010010000001000
23;000001100000001000000100
24;100001100000001000000100
23;101000010000000010100000
24;001000010000000010100000
23;000001010000010000000100
24;100001010000010000000100
23;000001010000000100100000
24;100001010000000100100000
23;000001000010001000010000
24;100001010000000100010000
23;100010010000001000100000
23;010000010000000010100000
24;001000010000000010100000
23;000100100000000010010000
24;100100100000000010010000
23;010000000010000100010000
24;110000000010000100010000
23;010000100000001000010000
23;000001010000000010000100
24;100001010000000010000100
23;000100100000000100010000
24;001000100000000100010000
23;000001010000001000001000
24;100001010000001000001000
23;000001010000000010010000
23;000001000100000010100000
24;000010000100000010100000
24;100100010000000010000100
23;000001010000000100000100
24;100001010000000100000100
23;100001000100000001010000
24;100001000100000010010000
24;100001000100010000010000
24;100100000100010000010000
24;110000000100010000100000
23;000001100000000010010000
24;000010100000000010010000
23;000100000100000100010000
24;100100000100000100010000
23;100010000100000010010000
24;000010000100000010010000
23;000001000010010000100000
23;010000000100001000010000
24;110000000100001000010000
23;100010010000000010001000
23;100100010000000100000001
24;100100010000000100001000
24;100001010000001000010000
23;000001010000000100001000
24;100001010000000100001000
24;100100010000000100000100
23;100010100000000010100000
23;010000000100010000000100
24;110000000100010000000100
24;100100000100001000010000
23;010000000010010000000100
24;110000000010010000000100
23;010000000100000010001000
24;110000000100000010001000
23;000100000100001000010000
24;100100000100001000010000
23;010000000010000100100000
24;001000000010000100100000
23;010000000100000100100000
24;000010000100000010100000
23;100010010000000010010000
23;010000010000000100010000
24;110000010000000100010000
24;110000000100010000001000
23;010000100000000100000100
23;100010100000000010001000
23;010000000100000010100000
24;001000000100000010100000
23;110000010000000100000001
24;110000010000000100100000
24;110000000100001000001000
23;000001010000000010001000
23;000001000100000100010000
24;100001000100000100010000
23;010000100000000010010000
24;100100000100010000100000
23;000001000010001000010000
23;000001000100010000100000
24;100001000100010000100000
24;001000010000000100100000
24;100100000100010000100000
24;110000000100000100001000
23;000001100000010000000100
24;100001100000010000000100
23;100001000100000001010000
24;100001000100000010010000
24;100100010000000100010000
23;000100000010000100100000
24;100100000010000100100000
24;100100000010000010100000
23;000001000010010000100000
23;000001100000001000010000
24;100001100000001000010000
23;110000010000000100000001
24;110000010000000100100000
23;000001010000001000000100
24;100001010000001000000100
23;010000010000000100010000
24;110000010000000100010000
23;010000100000001000010000
24;100001010000001000010000
23;000001010000000010010000
24;100001000100010000010000
23;010000100000001000010000
23;000001010000000010000100
24;100001010000000010000100
24;110000010000000100000100
23;010000100000001000000100
23;000001000010010000100000
23;000100100000000010010000
24;000010100000000010010000
23;010000000100000100100000
24;110000010000001000000100
23;000001010000000010100000
24;000010010000000010100000
23;000001010000000100100000
24;100001010000000100100000
23;100100010000000100000001
24;100100010000000100001000
24;100100010000000010000100
24;110000000100001000001000
24;110000010000000010000100
23;000001000100000100010000
24;100001000100000100010000
23;010000000100010000000100
24;110000000100010000000100
23;000001000100000010100000
24;000010000100000010100000
23;101000100000000100000100
23;000001000100001000010000
24;100001000100001000010000
24;110000000100010000001000
23;000001010000000100001000
24;100001010000000100001000
23;010000000100010000010000
24;110000000100010000010000
23;101000000010001000100000
23;000001000010001000010000
23;000001010000000010010000
24;001000100000000100010000
23;000100000100000010010000
24;100100000100000010010000
23;100010000010000010100000
24;100001010000000100010000
23;110000000001000100010000
24;110000100000000100010000
23;010000000100010000100000
24;110000000100010000100000
23;101000000100000010001000
23;100010000100000010010000
24;000010000100000010010000
23;010000000100000010100000
24;001000000100000010100000
23;000001010000010000000100
24;100001010000010000000100
23;100001000001000100010000
24;100001000010000100010000
24;000010000100000010100000
23;000001000010001000010000
24;100100010000000100001000
23;000001010000000100000100
24;100001010000000100000100
24;100100000100010000010000
23;010000000100000100100000
23;000001010000001000100000
24;100001010000001000100000
23;010000000010000100001000
24;110000000010000100001000
23;100010100000000010001000
23;000001010000000010001000
23;101000100000000010001000
23;000001100000000010010000
24;000010100000000010010000
24;110000000100010000100000
24;100100000100001000010000
23;100010010000000010001000
23;000100100000000100010000
24;001000100000000100010000
23;100010000010000100010000
24;000010000010000100010000
23;010000000010010000001000
24;110000000010010000001000
23;000001000100010000001000
24;100001000100010000001000
23;100010010000001000001000
23;101000100000000010100000
23;000001100000001000000100
24;100001100000001000000100
23;010000100000000100000100
23;000001000100010000100000
24;100001000100010000100000
23;100001010000000001000100
24;100001010000000010000100
23;000100000100000100010000
24;100100000100000100010000
23;000100100000000010100000
24;100100100000000010100000
23;100010000010001000100000
23;101000010000000010100000
24;001000010000000010100000
23;010000010000000010100000
24;001000010000000010100000
23;010000000100001000010000
24;110000000100001000010000
24;100100010000000100000100
23;100010000010000010010000
23;010000000010010000000100
24;110000000010010000000100
23;010000100000000010010000
24;110000010000000100001000
23;010000000010000100010000
24;110000000010000100010000
23;010000000010000100100000
24;001000000010000100100000
23;010000100000001000000100
23;100010000010000100010000
24;000010000010000100010000
23;010000000100010000100000
24;110000000100010000100000
23;101000010000000010100000
24;001000010000000010100000
24;110000010000000100001000
23;000001000100000010100000
24;000010000100000010100000
23;000001010000000010010000
23;010000000100001000010000
24;110000000100001000010000
23;010000000100000100010000
24;110000000100000100010000
23;010000100000000100000100
23;010000100000001000010000
23;110000000001000100010000
24;110000100000000100010000
24;110000010000000100000100
23;000001000010001000010000
23;010000000100010000010000
24;110000000100010000010000
23;100100010000000100000001
24;100100010000000100001000
23;010000000010010000000100
24;110000000010010000000100
23;100010010000000010001000
23;101000000010001000100000
23;010000000010000100100000
24;001000000010000100100000
23;010000100000001000000100
23;100010000010000010010000
23;100010000010000010100000
24;100100000100010000010000
23;100010010000001000100000
23;000001010000000010001000
23;000001000100010000100000
24;100001000100010000100000
23;000001010000001000000100
24;100001010000001000000100
23;000100100000000010010000
24;100100100000000010010000
23;101000000100000010001000
24;100100010000000100010000
24;110000010000000010000100
23;100010000100000010010000
24;000010000100000010010000
23;000100100000000100010000
24;001000100000000100010000
23;000001010000000100100000
24;100001010000000100100000
23;000100000100001000010000
24;100100000100001000010000
23;100010000010001000100000
24;100001000100010000010000
24;100100000100001000010000
24;100001010000000100010000
23;010000100000000010010000
23;100001010000000001000100
24;100001010000000010000100
23;100010000010010000100000
23;010000010000000010100000
24;001000010000000010100000
24;000010000100000010100000
23;000001000100010000001000
24;100001000100010000001000
24;100100000100010000100000
23;000001000010010000100000
24;110000000100010000001000
23;000100100000000010100000
24;100100100000000010100000
23;101000100000000010001000
23;010000100000001000000100
23;000100000010000100100000
24;100100000010000100100000
24;100001010000001000010000
23;100001000001000100010000
24;100001000010000100010000
23;000001000100000100010000
24;100001000100000100010000
24;110000000100001000001000
23;010000000010000100010000
24;110000000010000100010000
23;000001010000000010100000
24;000010010000000010100000
23;010000000100000100100000
23;110000010000000100000001
24;110000010000000100100000
23;100010100000001000010000
23;100010010000001000001000
23;101000100000000010100000
24;110000010000001000000100
23;010000010000000100010000
24;110000010000000100010000
23;000001100000010000000100
24;100001100000010000000100
24;100100010000000010000100
23;000001010000000100001000
24;100001010000000100001000
24;100100010000000100000100
23;100001000100000001010000
24;100001000100000010010000
24;100100010000000100001000
23;010000000100000010100000
24;001000000100000010100000
23;100010100000000010001000
24;001000010000000100100000
24;110000000100010000100000
23;000001100000000010010000
24;000010100000000010010000
23;010000000010010000001000
24;110000000010010000001000
23;000001010000010000000100
24;100001010000010000000100
23;010000000100010000000100
24;110000000100010000000100
23;000001000010001000010000
23;010000100000001000010000
23;100010010000000010010000
23;101000000100000100100000
23;010000000010000100001000
24;110000000010000100001000
23;010000100000000100000100
24;100100000010000010100000
23;000001100000001000000100
24;100001100000001000000100
24;110000000100000100001000
24;001000100000000100010000
23;000001010000000100000100
24;100001010000000100000100
23;000100000100000010010000
24;000010000100000010010000
23;000001010000000010000100
24;100001010000000010000100
23;000001010000000010001000
24;100100000010000010100000
24;100100010000000010000100
23;000001010000001000000100
24;100001010000001000000100
23;100010000100000010010000
24;000010000100000010010000
23;010000000100000100100000
23;100010000010010000100000
23;100100010000000100000001
24;100100010000000100001000
23;010000000010000100010000
24;110000000010000100010000
23;000001100000010000000100
24;100001100000010000000100
23;010000000010010000000100
24;110000000010010000000100
24;110000010000000100000100
23;101000100000000010001000
24;100100010000000100000100
23;000001010000000100001000
24;100001010000000100001000
23;010000000100010000000100
24;110000000100010000000100
24;110000010000000100001000
23;000100000100000010010000
24;000010000100000010010000
24;100100010000000100010000
23;100010010000000010010000
23;100010010000001000100000
23;101000000100000100100000
24;000010000100000010100000
23;010000100000001000010000
23;000100000010000100100000
24;100100000010000100100000
24;100001000100010000010000
23;010000000100000100010000
24;110000000100000100010000
23;100001000100000001010000
24;100001000100000010010000
23;000001100000000010010000
24;000010100000000010010000
23;000001000100010000001000
24;100001000100010000001000
23;100010000010001000010000
24;110000000100010000001000
24;110000010000000010000100
23;000001000100000010100000
24;000010000100000010100000
23;100010100000001000010000
23;000001010000000010100000
24;000010010000000010100000
23;100010100000000010001000
23;010000100000001000000100
23;000100100000000010100000
24;100100100000000010100000
24;100100010000000100001000
23;100001000001000100010000
24;100001000010000100010000
23;010000000100010000010000
24;110000000100010000010000
23;000001010000000010001000
23;010000100000000100000100
24;110000010000001000000100
24;100001010000001000010000
23;101000010000000010100000
24;001000010000000010100000
23;010000000010010000001000
24;110000000010010000001000
24;100100000100010000010000
23;100010000010000100010000
24;000010000010000100010000
23;010000100000001000010000
23;000001000100010000100000
24;100001000100010000100000
24;110000000100000100001000
23;100010010000001000001000
23;010000100000001000000100
23;000001000010010000100000
23;000100100000000100010000
24;100100100000000100010000
23;101000000010001000100000
24;001000100000000100010000
24;100100000100001000010000
23;000100000100001000010000
24;100100000100001000010000
23;101000000010000100001000
24;001000010000000100100000
23;000100000100001000010000
24;100100000100001000010000
23;000001100000001000000100
24;100001100000001000000100
23;000100100000000010100000
24;100100100000000010100000
23;000100010000000100100000
24;100100010000000100100000
23;000001010000000010010000
23;010000010000000100010000
24;110000010000000100010000
23;010000010000000010100000
24;001000010000000010100000
24;100001010000000100010000
23;100001010000000001000100
24;100001010000000010000100
24;110000000100001000001000
23;100010000010000010010000
23;101000100000000100000100
23;110000010000000100000001
24;110000010000000100100000
23;010000000010000100100000
24;001000000010000100100000
23;000001010000000010000100
24;100001010000000010000100
23;000001010000010000000100
24;100001010000010000000100
24;110000000100010000100000
23;010000000100000010001000
24;110000000100000010001000
23;100010000010001000100000
23;010000100000000010010000
23;010000100000000010010000
23;000001000010001000010000
24;100100000100010000100000
23;000100000100000100010000
24;100100000100000100010000
23;000001010000000100000100
24;100001010000000100000100
23;010000000100010000100000
24;110000000100010000100000
23;100010000010000010100000
23;010000000100000010100000
24;001000000100000010100000
23;110000000001000100010000
24;110000100000000100010000
23;010000000100010000100000
24;110000000100010000100000
24;100100010000000100000100
23;100010100000001000010000
24;100100010000000100010000
23;100010100000000010001000
23;000100000100000100010000
24;100100000100000100010000
23;010000000010000100100000
24;001000000010000100100000
24;110000000100000100001000
24;100001010000000100010000
23;000001010000000010001000
23;010000100000000010010000
23;100010000010000010010000
23;100001000100000001010000
24;100001000100000010010000
24;110000010000000100000100
24;100100000010000010100000
24;001000100000000100010000
23;000001100000010000000100
24;100001100000010000000100
24;000010000100000010100000
23;010000100000000100000100
23;000001010000000010000100
24;100001010000000010000100
24;100001010000001000010000
23;010000000010010000000100
24;110000000010010000000100
23;101000000010000100001000
23;010000000010010000001000
24;110000000010010000001000
23;000001000100000100010000
24;100001000100000100010000
24;100001000100010000010000
24;110000010000000010000100
23;010000000100000010001000
24;110000000100000010001000
23;010000000100000010100000
24;001000000100000010100000
23;000001100000001000000100
24;100001100000001000000100
23;010000010000000100010000
24;110000010000000100010000
23;100010000010001000100000
23;100010100000000010100000
23;000001000010001000010000
23;101000000010001000100000
23;100010000100000010010000
24;000010000100000010010000
23;000001000010001000010000
24;001000010000000100100000
24;100100010000000100001000
23;101000100000000010100000
23;100010000010000010100000
23;101000000100000100100000
23;110000000001000100010000
24;110000100000000100010000
23;000001010000000100000100
24;100001010000000100000100
23;100010000010000100010000
24;000010000010000100010000
23;000001010000000100100000
24;100001010000000100100000
23;000100000100000010010000
24;100100000100000010010000
23;000001010000000100001000
24;100001010000000100001000
23;100100010000000100000001
24;100100010000000100001000
24;100100000100010000100000
23;010000000010000100010000
24;110000000010000100010000
24;110000010000000100001000
23;000001000010010000100000
23;100001010000000001000100
24;100001010000000010000100
23;000100000010000100100000
24;001000000010000100100000
23;010000100000001000000100
23;101000100000000010001000
23;010000000100010000000100
24;110000000100010000000100
23;010000100000001000010000
23;010000000100010000010000
24;110000000100010000010000
23;010000100000000100000100
23;000001000100010000001000
24;100001000100010000001000
23;000001010000000010010000
23;000001000100010000100000
24;100001000100010000100000
23;000001100000000010010000
24;000010100000000010010000
23;000001010000001000001000
24;100001010000001000001000
24;110000000100010000001000
24;110000000100010000100000
23;010000100000001000000100
24;100100000100001000010000
23;000001010000010000000100
24;100001010000010000000100
23;000001100000000100010000
24;100001100000000100010000
24;110000000100001000001000
23;101000010000000010100000
24;001000010000000010100000
23;010000010000000010100000
24;001000010000000010100000
23;000001000100001000010000
24;100001000100001000010000
23;100010010000001000100000
23;010000000100000100100000
23;000001010000000010001000
23;000001010000000010010000
23;010000100000000010010000
23;000100000100001000010000
24;100100000100001000010000
24;110000010000001000000100
23;010000100000001000010000
23;000001000100000010100000
24;000010000100000010100000
23;000001010000000010100000
24;000010010000000010100000
23;100001000001000100010000
24;100001000010000100010000
23;000001000010010000100000
23;000001010000001000000100
24;100001010000001000000100
24;100100010000000010000100
23;110000010000000100000001
24;110000010000000100100000
24;100100000100010000010000
24;100100000100001000010000
23;100010010000000010010000
23;000001000100001000010000
24;100001000100001000010000
24;110000000100010000100000
23;100001000100000001010000
24;100001000100000010010000
23;000001010000001000000100
24;100001010000001000000100
24;110000000100001000001000
24;110000010000000100000100
24;100100000100010000100000
23;010000100000001000010000
23;010000100000000100000100
23;010000000100010000000100
24;110000000100010000000100
23;010000000010000100100000
24;001000000010000100100000
23;000001010000000100001000
24;100001010000000100001000
23;101000000100000010001000
23;000100000100001000010000
24;100100000100001000010000
23;000001000010010000100000
23;100010100000001000010000
23;100001000001000100010000
24;100001000010000100010000
24;100100010000000100010000
23;000001010000000100000100
24;100001010000000100000100
23;000001010000000100100000
24;100001010000000100100000
23;000001000100010000001000
24;100001000100010000001000
24;001000100000000100010000
23;000001100000010000000100
24;100001100000010000000100
23;100010000010010000100000
23;000100000100000010010000
24;000010000100000010010000
23;110000010000000100000001
24;110000010000000100100000
24;100001010000001000010000
23;100010000010000010100000
23;000001000100000010100000
24;000010000100000010100000
23;100010000010000010010000
23;010000100000000100000100
23;010000100000000010010000
24;100100010000000100001000
23;100010100000000010100000
24;100001010000000100010000
23;010000000010010000001000
24;110000000010010000001000
23;100100010000000100000001
24;100100010000000100001000
23;000001010000000010000100
24;100001010000000010000100
24;100100000100010000010000
24;110000000100000100001000
23;010000000100000010100000
24;001000000100000010100000
23;010000100000001000000100
23;100010010000000010001000
23;101000010000000010100000
24;001000010000000010100000
24;110000010000001000000100
23;100010010000001000100000
23;000001000010001000010000
24;110000000100010000001000
23;010000100000001000000100
23;000001010000000010001000
23;100010000010001000100000
23;010000000100010000100000
24;110000000100010000100000
23;101000000010001000100000
24;100100010000000010000100
23;000001000100000100010000
24;100001000100000100010000
23;010000100000001000010000
24;110000010000000100001000
23;000100000010000100010000
24;100100000010000100010000
23;000100000100000100010000
24;100100000100000100010000
23;000001000010001000010000
23;010000010000000100010000
24;110000010000000100010000
23;000100100000000010100000
24;100100100000000010100000
23;100001010000000001000100
24;100001010000000010000100
23;010000000100000100100000
23;010000000010000100001000
24;110000000010000100001000
23;000001010000001000001000
24;100001010000001000001000
24;000010000100000010100000
23;100010000010000100010000
24;000010000010000100010000
23;101000100000000010001000
23;010000100000000010010000
23;010000000100000100100000
24;110000010000000010000100
23;010000000010010000000100
24;110000000010010000000100
23;100010100000000010001000
23;000100000010000100100000
24;100100000010000100100000
23;000100100000000100010000
24;001000100000000100010000
24;001000010000000100100000
24;100100010000000100000100
24;100100000010000010100000
23;000001010000000010100000
24;000010010000000010100000
23;010000000100010000010000
24;110000000100010000010000
23;000001010000010000000100
24;100001010000010000000100
23;110000000001000100010000
24;110000100000000100010000
23;000001000100010000100000
24;100001000100010000100000
23;000001100000001000000100
24;100001100000001000000100
23;100010000100000010010000
24;000010000100000010010000
23;000001010000000010010000
23;010000010000000010100000
24;001000010000000010100000
24;100001000100010000010000
23;000001100000000010010000
24;000010100000000010010000
23;000001010000000010000100
24;100001010000000010000100
23;100010100000000010001000
23;000001010000000010001000
24;100100000100010000100000
23;000001100000010000000100
24;100001100000010000000100
23;000001000100010000001000
24;100001000100010000001000
24;110000010000001000000100
23;000100000100000100010000
24;100100000100000100010000
23;000001000010001000010000
23;010000010000000010100000
24;001000010000000010100000
23;010000010000000100010000
24;110000010000000100010000
23;000001010000000010100000
24;000010010000000010100000
24;110000010000000100000100
23;000001010000001000100000
24;100001010000001000100000
23;010000100000001000010000
24;000010000100000010100000
23;010000100000000010010000
23;110000010000000100000001
24;110000010000000100100000
24;110000000100001000001000
24;100001010000000100010000
24;100100000100001000010000
24;110000010000000100001000
23;110000000001000100010000
24;110000100000000100010000
23;010000000100010000100000
24;110000000100010000100000
23;000001000010001000010000
23;000001100000000010010000
24;000010100000000010010000
23;100010000010010000100000
24;100100000100010000010000
24;100100010000000100010000
23;100001000100000001010000
24;100001000100000010010000
23;000001000010010000100000
23;000001100000001000000100
24;100001100000001000000100
23;000001000100001000010000
24;100001000100001000010000
23;000001010000000010010000
23;101000010000000010100000
24;001000010000000010100000
23;000100000010000100100000
24;001000000010000100100000
23;010000000100000010010000
24;110000000100000010010000
24;001000010000000100100000
23;101000100000000010001000
24;110000000100000100001000
24;110000000100010000001000
23;100001000001000100010000
24;100001000010000100010000
23;010000100000000100000100
23;010000000100000010100000
24;001000000100000010100000
23;000001010000001000001000
24;100001010000001000001000
23;010000100000000100000100
23;010000000100010000000100
24;110000000100010000000100
24;001000100000000100010000
23;000100000100001000010000
24;100100000100001000010000
24;110000000100010000100000
23;000001000100010000100000
24;100001000100010000100000
23;000001010000000100100000
24;100001010000000100100000
23;100010000010000010100000
24;100100010000000100001000
23;010000000010010000000100
24;110000000010010000000100
23;000001010000000010010000
23;000001010000010000000100
24;100001010000010000000100
23;100010100000000010100000
23;101000000100000100100000
23;100100010000000100000001
24;100100010000000100001000
23;010000000010010000001000
24;110000000010010000001000
23;000001010000000100001000
24;100001010000000100001000
23;010000100000001000000100
23;000001000100000100010000
24;100001000100000100010000
23;101000100000000010100000
24;100100010000000100000100
23;100010000010001000100000
24;110000010000000010000100
24;100100000010000010100000
23;101000000100000010001000
23;100001010000000001000100
24;100001010000000010000100
23;100010000010000010010000
23;000001000100000010100000
24;000010000100000010100000
23;100010010000000010001000
23;101000000010000100001000
23;000001010000000100000100
24;100001010000000100000100
23;100010100000001000010000
23;000100100000000010010000
24;100100100000000010010000
23;000001100000000100010000
24;100001100000000100010000
23;010000000100000100100000
23;010000000100010000010000
24;110000000100010000010000
23;010000100000001000000100
23;010000100000001000010000
23;100010000010000100010000
24;000010000010000100010000
23;000001010000001000000100
24;100001010000001000000100
23;000100000010000100010000
24;000010000010000100010000
24;100001010000001000010000
24;100001000100010000010000
23;010000000010000100100000
24;001000000010000100100000
23;101000000010001000100000
23;100010000100000010010000
24;000010000100000010010000
24;100100010000000010000100
24;110000000100010000001000
23;000100000010000100100000
24;100100000010000100100000
23;000001010000001000001000
24;100001010000001000001000
23;100010000010001000010000
23;000001010000000100100000
24;100001010000000100100000
23;000100100000000100010000
24;001000100000000100010000
23;010000000100000100010000
24;110000000100000100010000
24;100001010000001000010000
23;010000000100001000010000
24;110000000100001000010000
23;000001010000000010010000
24;000010000100000010100000
23;100010010000000010010000
24;110000010000001000000100
23;101000100000001000000100
23;101000100000000010100000
23;110000010000000100000001
24;110000010000000100100000
24;100100000010000010100000
24;100001000100010000010000
23;101000000100000100100000
23;101000100000000010001000
24;100100000100001000010000
24;100100010000000100001000
23;100010000010000010010000
23;000001000100001000010000
24;100001000100001000010000
23;000001100000000010010000
24;000010100000000010010000
24;110000010000000100001000
23;010000000010010000001000
24;110000000010010000001000
23;000001010000000010000100
24;100001010000000010000100
23;101000000100000010001000
23;010000100000001000010000
23;010000000100000100100000
23;000001010000001000100000
24;100001010000001000100000
23;010000100000000010010000
23;110000000001000100010000
24;110000100000000100010000
23;100010100000000010001000
23;010000000010000100100000
24;001000000010000100100000
23;000001000010001000010000
23;000001010000000010001000
23;101000000010001000100000
23;010000100000001000000100
23;010000000100010000100000
24;110000000100010000100000
23;000100100000000010100000
24;100100100000000010100000
24;110000000100000100001000
23;000001010000010000000100
24;100001010000010000000100
23;000100000100000010010000
24;100100000100000010010000
23;100001010000000001000100
24;100001010000000010000100
23;100010000010010000100000
24;100001010000000100010000
23;100100010000000100000001
24;100100010000000100001000
23;100001000100000001010000
24;100001000100000010010000
23;010000100000000010010000
24;001000100000000100010000
24;110000010000000010000100
23;000001100000001000010000
24;100001100000001000010000
23;000001000100010000001000
24;100001000100010000001000
23;010000010000000100010000
24;110000010000000100010000
24;110000000100010000100000
23;010000000100000010100000
24;001000000100000010100000
23;010000000100010000000100
24;110000000100010000000100
23;000001010000001000000100
24;100001010000001000000100
23;010000100000001000010000
23;101000100000000100000100
24;100100010000000100000100
24;100100000100010000100000
23;100010000100000010010000
24;000010000100000010010000
23;101000010000000010100000
24;001000010000000010100000
23;100001000001000100010000
24;100001000010000100010000
24;110000010000000100000100
23;101000000010000100001000
23;000001100000010000000100
24;100001100000010000000100
23;010000100000000100000100
23;000001010000000010100000
24;000010010000000010100000
23;010000000010010000000100
24;110000000010010000000100
23;010000000100010000010000
24;110000000100010000010000
23;010000000010000100010000
24;110000000010000100010000
24;100100010000000100010000
24;100100010000000010000100
23;000001000100000100010000
24;100001000100000100010000
23;000001000100000010100000
24;000010000100000010100000
23;100010010000000010001000
23;000001100000001000000100
24;100001100000001000000100
23;100010000010000010100000
23;100010000010001000100000
24;110000000100001000001000
23;000001010000000100000100
24;100001010000000100000100
24;100100000100010000010000
24;001000010000000100100000
23;000001000010010000100000
23;010000010000000010100000
24;001000010000000010100000
23;000001000100010000100000
24;100001000100010000100000
23;100010000010000100010000
24;000010000010000100010000
23;000001010000000100001000
24;100001010000000100001000
23;000001000100010000001000
24;100001000100010000001000
23;100010010000001000100000
23;000001010000000010000100
24;100001010000000010000100
23;010000000100000100100000
23;110000000001000100010000
24;110000100000000100010000
23;000001010000000100000100
24;100001010000000100000100
23;100010000010000010100000
23;000001010000001000000100
24;100001010000001000000100
23;010000000100001000010000
24;110000000100001000010000
23;100010000010010000100000
23;100010000010001000100000
24;000010000100000010100000
24;100100010000000100000100
23;100001010000000001000100
24;100001010000000010000100
23;000001100000001000000100
24;100001100000001000000100
23;000001000100000100010000
24;100001000100000100010000
24;110000000100001000001000
23;100001000001000100010000
24;100001000010000100010000
24;110000000100010000100000
24;110000010000000100001000
23;010000010000000100010000
24;110000010000000100010000
23;010000000100000010100000
24;001000000100000010100000
23;010000000010000100010000
24;110000000010000100010000
23;010000100000001000010000
23;000001010000000100001000
24;100001010000000100001000
23;010000100000000010010000
23;000001010000000010100000
24;000010010000000010100000
23;010000000100000010001000
24;110000000100000010001000
24;001000010000000100100000
23;010000000010000100001000
24;110000000010000100001000
23;010000100000000010010000
24;110000000100010000001000
23;000001010000010000000100
24;100001010000010000000100
24;100100000100010000010000
23;101000100000000010001000
23;100100010000000100000001
24;100100010000000100001000
23;101000000010001000100000
24;100001010000000100010000
23;010000010000000010100000
24;001000010000000010100000
23;000001000100010000100000
24;100001000100010000100000
23;000001000010001000010000
23;000100100000000010100000
24;100100100000000010100000
24;100100010000000100001000
23;010000000100010000100000
24;110000000100010000100000
23;000001010000000010001000
23;100010010000000010001000
23;101000100000000100000100
23;010000000010000100100000
24;001000000010000100100000
23;010000000010010000001000
24;110000000010010000001000
24;001000100000000100010000
24;100100010000000100010000
24;110000010000000100000100
23;010000100000001000010000
24;100001000100010000010000
23;100010000010000010010000
23;101000100000001000000100
23;100010000100000010010000
24;000010000100000010010000
23;000001010000000010010000
23;000100100000000010100000
24;100100100000000010100000
23;000001010000000010010000
23;010000000100010000000100
24;110000000100010000000100
24;110000010000001000000100
23;000100000100001000010000
24;100100000100001000010000
23;100010000010000100010000
24;000010000010000100010000
23;100001000100000001010000
24;100001000100000010010000
23;100010000010001000010000
23;000100010000000100100000
24;100100010000000100100000
23;100010010000001000001000
23;000100000100000010010000
24;000010000100000010010000
23;000001000010010000100000
23;010000100000000100000100
24;100100010000000010000100
23;010000100000001000000100
24;100100000100001000010000
23;101000010000000010100000
24;001000010000000010100000
23;010000000100000100100000
23;010000000100000100010000
24;110000000100000100010000
24;100100000010000010100000
23;010000000010010000000100
24;110000000010010000000100
23;000001100000001000010000
24;100001100000001000010000
23;010000000100010000010000
24;110000000100010000010000
23;000001100000000010010000
24;000010100000000010010000
24;100001010000001000010000
24;110000010000000010000100
23;000001100000010000000100
24;100001100000010000000100
23;000100000010000100100000
24;100100000010000100100000
23;110000010000000100000001
24;110000010000000100100000
24;100100000100010000100000
23;100010100000000010001000
23;000001100000000100010000
24;100001100000000100010000
24;110000000100000100001000
23;000001000100000010100000
24;000010000100000010100000
23;100010000010010000100000
23;010000000100010000010000
24;110000000100010000010000
23;000001100000001000010000
24;100001100000001000010000
24;000010000100000010100000
23;100010000100000010010000
24;000010000100000010010000
23;101000000010001000100000
24;110000010000001000000100
23;010000000100010000100000
24;110000000100010000100000
23;010000000010010000000100
24;110000000010010000000100
24;100100000100010000010000
23;101000010000000010100000
24;001000010000000010100000
24;100001000100010000010000
23;010000000100010000000100
24;110000000100010000000100
24;110000000100001000001000
24;110000000100010000001000
24;110000010000000010000100
23;000001100000001000000100
24;100001100000001000000100
23;100010010000000010010000
23;000100100000000100010000
24;100100100000000100010000
24;110000010000000100000100
23;000100100000000010010000
24;000010100000000010010000
24;100100010000000100010000
23;010000000010010000001000
24;110000000010010000001000
23;101000000100000100100000
24;100100000100001000010000
24;100001010000000100010000
23;000001010000010000000100
24;100001010000010000000100
24;100100010000000100001000
23;010000100000000010010000
23;000100000100000100010000
24;100100000100000100010000
23;010000000010000100100000
24;001000000010000100100000
23;010000000100001000010000
24;110000000100001000010000
23;000001010000000100000100
24;100001010000000100000100
23;101000000100000010001000
23;000100000100000010010000
24;100100000100000010010000
24;001000100000000100010000
23;110000000001000100010000
24;110000100000000100010000
23;100100010000000100000001
24;100100010000000100001000
23;010000000100000010100000
24;001000000100000010100000
23;101000100000000100000100
23;000100010000000100100000
24;001000010000000100100000
24;100100010000000010000100
24;100100010000000100000100
23;010000100000001000000100
23;000001010000001000001000
24;100001010000001000001000
23;000100000010000100100000
24;001000000010000100100000
23;101000100000000010001000
24;100100000010000010100000
23;000100000100001000010000
24;100100000100001000010000
24;110000010000000100001000
23;100001000100000001010000
24;100001000100000010010000
23;101000000010000100001000
23;010000000010000100010000
24;110000000010000100010000
23;010000100000000100000100
23;000001000100000010100000
24;000010000100000010100000
24;110000000100010000100000
23;000001010000000010000100
24;100001010000000010000100
23;000001100000000010010000
24;000010100000000010010000
23;000001100000010000000100
24;100001100000010000000100
24;001000010000000100100000
23;000001010000000010010000
23;000001010000001000100000
24;100001010000001000100000
23;100010000010000010100000
23;110000010000000100000001
24;110000010000000100100000
23;100001010000000001000100
24;100001010000000010000100
23;000001000010010000100000
24;110000000100000100001000
23;000001010000001000000100
24;100001010000001000000100
23;000001010000000010001000
23;000001000100010000001000
24;100001000100010000001000
23;000001000100010000100000
24;100001000100010000100000
23;000001000010001000010000
23;000001000010001000010000
23;010000010000000010100000
24;001000010000000010100000
23;010000100000001000010000
23;100010100000000010001000
23;100010000010001000100000
23;000001010000000100001000
24;100001010000000100001000
23;100001000001000100010000
24;100001000010000100010000
23;000100100000000010100000
24;100100100000000010100000
23;010000000100000100100000
23;000100100000000010100000
24;100100100000000010100000
24;100001010000001000010000
23;010000100000001000010000
23;010000100000001000000100
23;000001010000000010001000
23;000001010000000010100000
24;000010010000000010100000
23;100010000010000100010000
24;000010000010000100010000
24;100100000100010000100000
23;010000010000000100010000
24;110000010000000100010000
23;100010000010000010010000
23;010000000100000100010000
24;110000000100000100010000
23;000100000100000100010000
24;100100000100000100010000
23;100010000010000100010000
24;000010000010000100010000
23;110000000001000100010000
24;110000100000000100010000
24;100100010000000100010000
23;000001010000010000000100
24;100001010000010000000100
23;010000000100001000010000
24;110000000100001000010000
23;010000000100010000100000
24;110000000100010000100000
24;110000000100000100001000
23;100100010000000100000001
24;100100010000000100001000
23;100010000010001000010000
23;101000010000000010100000
24;001000010000000010100000
23;010000000010010000001000
24;110000000010010000001000
23;010000000100010000000100
24;110000000100010000000100
23;100001010000000001000100
24;100001010000000010000100
24;110000010000000010000100
24;001000010000000100100000
23;000100000100000010010000
24;100100000100000010010000
23;010000000010010000000100
24;110000000010010000000100
24;100001000100010000010000
23;000001010000000010001000
24;110000010000001000000100
23;101000100000001000000100
23;010000000010000100100000
24;001000000010000100100000
23;010000100000000100000100
23;000001000100010000001000
24;100001000100010000001000
24;100100010000000010000100
23;000001000100000010100000
24;000010000100000010100000
23;000001100000010000000100
24;100001100000010000000100
23;010000000100000010001000
24;110000000100000010001000
23;110000010000000100000001
24;110000010000000100100000
23;000001010000001000001000
24;100001010000001000001000
23;010000100000001000000100
23;000001010000000010010000
23;000100000100001000010000
24;100100000100001000010000
23;000001100000001000000100
24;100001100000001000000100
23;010000000100000010100000
24;001000000100000010100000
23;000001010000000010100000
24;000010010000000010100000
23;010000100000000010010000
23;100010000010010000100000
24;110000010000000100000100
23;010000010000000100010000
24;110000010000000100010000
23;000001100000000100010000
24;100001100000000100010000
23;100010000100000010010000
24;000010000100000010010000
23;000100100000000010100000
24;100100100000000010100000
23;010000000010000100001000
24;110000000010000100001000
23;000001000010010000100000
24;000010000100000010100000
23;100010000010000010010000
23;101000100000000010001000
24;100001010000000100010000
23;000001100000000010010000
24;000010100000000010010000
23;010000100000001000010000
23;000100010000000100100000
24;001000010000000100100000
24;110000000100010000100000
23;000100000100000100010000
24;100100000100000100010000
23;101000000010001000100000
24;110000000100001000001000
24;110000010000000100001000
24;100100000100010000010000
23;100010000010000010100000
23;000001000010001000010000
23;000001010000000010000100
24;100001010000000010000100
23;100010100000000010001000
24;100100000100001000010000
23;000100000010000100100000
24;100100000010000100100000
23;010000000100010000010000
24;110000000100010000010000
23;100010010000000010001000
24;100100010000000100001000
24;100100000010000010100000
23;010000100000000010010000
24;001000100000000100010000
24;100100000100010000100000
23;100010000010001000100000
24;100100010000000100000100
23;101000100000000010100000
23;101000100000000100000100
23;100010100000001000010000
23;000001010000001000100000
24;100001010000001000100000
23;000001010000000100000100
24;100001010000000100000100
23;100001000001000100010000
24;100001000010000100010000
23;000001000100010000100000
24;100001000100010000100000
23;010000000100000100100000
23;000001010000001000000100
24;100001010000001000000100
23;000001010000000010010000
23;010000000100000100100000
23;010000100000001000010000
24;100001010000001000010000
23;100001000100000001010000
24;100001000100000010010000
23;000100000010000100010000
24;000010000010000100010000
23;000001010000000100001000
24;100001010000000100001000
23;010000010000000010100000
24;001000010000000010100000
24;110000000100010000001000
23;100010010000001000100000
24;100100000100010000100000
23;000001010000000010000100
24;100001010000000010000100
24;001000010000000100100000
23;000100010000000100100000
24;100100010000000100100000
23;010000000100010000000100
24;110000000100010000000100
23;000001000100001000010000
24;100001000100001000010000
23;010000100000000100000100
23;000100000010000100100000
24;001000000010000100100000
23;010000000100000100100000
23;000100100000000010010000
24;100100100000000010010000
23;010000100000001000010000
23;000100000100000100010000
24;100100000100000100010000
23;101000000010001000100000
23;000100100000000010100000
24;100100100000000010100000
24;100100000100010000010000
23;101000100000000010001000
23;010000100000000100000100
23;100010000010000010010000
23;000001100000010000000100
24;100001100000010000000100
23;000001010000000100001000
24;100001010000000100001000
23;100010000010001000100000
23;010000000010010000000100
24;110000000010010000000100
23;010000000100010000010000
24;110000000100010000010000
23;010000100000001000010000
23;100001000001000100010000
24;100001000010000100010000
23;010000000100010000100000
24;110000000100010000100000
24;110000010000000100001000
23;000100100000000010100000
24;100100100000000010100000
23;000001000010001000010000
24;100001010000001000010000
23;000001000100010000001000
24;100001000100010000001000
23;101000000100000010001000
23;010000000100000010100000
24;001000000100000010100000
23;100001000100000001010000
24;100001000100000010010000
23;100010000100000010010000
24;000010000100000010010000
23;100010000010000010100000
24;100001000100010000010000
23;010000010000000010100000
24;001000010000000010100000
23;010000000010000100001000
24;110000000010000100001000
24;110000000100000100001000
23;100010000010000100010000
24;000010000010000100010000
23;000001100000001000000100
24;100001100000001000000100
23;010000000010010000001000
24;110000000010010000001000
23;000001010000001000001000
24;100001010000001000001000
23;000001010000000010001000
23;000100000100001000010000
24;100100000100001000010000
23;010000010000000100010000
24;110000010000000100010000
23;000001010000000100000100
24;100001010000000100000100
24;100100010000000100001000
24;100100000010000010100000
24;100100010000000100000100
23;010000100000000010010000
23;010000100000001000000100
23;000001010000010000000100
24;100001010000010000000100
24;110000010000000100000100
23;110000010000000100000001
24;110000010000000100100000
23;101000010000000010100000
24;001000010000000010100000
23;000001100000000100010000
24;100001100000000100010000
23;100010010000000010010000
23;101000100000001000000100
23;010000000010000100100000
24;001000000010000100100000
23;100010010000000010001000
23;010000000100000100100000
23;110000000001000100010000
24;110000100000000100010000
23;100010000010010000100000
24;110000010000001000000100
23;000001000100000010100000
24;000010000100000010100000
23;000001000100010000100000
24;100001000100010000100000
24;110000000100010000100000
24;100001010000000100010000
23;000001010000000010010000
24;110000000100010000001000
23;000001000010010000100000
23;100010100000000010001000
24;000010000100000010100000
23;000001010000000010100000
24;000010010000000010100000
23;100001010000000001000100
24;100001010000000010000100
24;100100000100001000010000
23;010000000010000100010000
24;110000000010000100010000
24;110000010000000010000100
23;010000000100000010010000
24;110000000100000010010000
24;100100010000000010000100
24;100100010000000100010000
24;110000000100001000001000
23;000001010000001000000100
24;100001010000001000000100
23;000100000100000100010000
24;100100000100000100010000
23;100010100000001000010000
24;001000100000000100010000
23;100100010000000100000001
24;100100010000000100001000
23;000001100000000010010000
24;000010100000000010010000
23;100010000010001000010000
23;010000100000000100000100
23;000100100000000010010000
24;100100100000000010010000
24;000010000100000010100000
23;000001000010010000100000
24;100001010000001000010000
23;000001010000000010000100
24;100001010000000010000100
23;100010000010001000100000
23;010000100000000100000100
23;000001010000010000000100
24;100001010000010000000100
23;000001000010001000010000
23;010000010000000100010000
24;110000010000000100010000
24;100100000100010000010000
23;000001010000000010010000
23;010000000100010000000100
24;110000000100010000000100
24;100100010000000100010000
23;100010010000000010001000
23;100010000010000010010000
24;110000000100010000001000
23;010000100000001000010000
23;000001000100000100010000
24;100001000100000100010000
23;000001100000001000010000
24;100001100000001000010000
24;100100000100010000100000
23;010000000010000100100000
24;001000000010000100100000
23;000001100000010000000100
24;100001100000010000000100
23;000100000100000010010000
24;000010000100000010010000
23;010000000100010000100000
24;110000000100010000100000
24;001000010000000100100000
24;100100010000000100001000
23;010000000100000010100000
24;001000000100000010100000
23;000001010000001000000100
24;100001010000001000000100
23;010000100000000010010000
23;101000100000000010100000
23;000001010000000100001000
24;100001010000000100001000
24;110000010000000100001000
24;001000100000000100010000
23;100001010000000001000100
24;100001010000000010000100
24;110000010000000100000100
23;100010100000000010100000
24;100001010000000100010000
23;010000000100001000010000
24;110000000100001000010000
23;100010000100000010010000
24;000010000100000010010000
23;110000010000000100000001
24;110000010000000100100000
24;100100010000000100000100
23;000001000010010000100000
23;000001000010001000010000
24;110000010000000010000100
23;010000100000001000010000
23;010000000010010000000100
24;110000000010010000000100
23;101000010000000010100000
24;001000010000000010100000
23;010000000010010000001000
24;110000000010010000001000
23;000001100000000010010000
24;000010100000000010010000
23;101000100000001000000100
24;100100000010000010100000
23;000001000100000010100000
24;000010000100000010100000
23;000001010000000010001000
24;110000000100001000001000
23;000100000100001000010000
24;100100000100001000010000
23;100010000010000010100000
24;100100010000000010000100
23;010000000010000100010000
24;110000000010000100010000
23;010000000100010000010000
24;110000000100010000010000
23;000001000100010000001000
24;100001000100010000001000
23;010000100000001000000100
23;000001010000000100000100
24;100001010000000100000100
23;100001000100000001010000
24;100001000100000010010000
23;000100000100000100010000
24;100100000100000100010000
23;101000000010001000100000
23;100010010000001000001000
23;101000000100000100100000
23;101000000010000100001000
23;100001000001000100010000
24;100001000010000100010000
23;010000000100000010001000
24;110000000100000010001000
23;000001000100010000100000
24;100001000100010000100000
23;000001010000000010010000
24;110000010000001000000100
23;101000100000000010001000
23;100010000010000100010000
24;000010000010000100010000
24;110000000100000100001000
24;100001000100010000010000
23;000100010000000100100000
24;100100010000000100100000
23;000001100000000100010000
24;100001100000000100010000
23;100010010000001000100000
23;000100000010000100100000
24;100100000010000100100000
23;010000010000000010100000
24;001000010000000010100000
23;010000000100000100100000
23;000001100000001000000100
24;100001100000001000000100
23;000001010000000010100000
24;000010010000000010100000
23;100100010000000100000001
24;100100010000000100001000
24;100100000100001000010000
24;110000000100010000100000
23;100010100000000010001000
23;110000000001000100010000
24;110000100000000100010000
23;000001000100000100010000
24;100001000100000100010000
24;110000010000001000000100
23;100010100000001000010000
24;110000010000000100000100
23;010000010000000010100000
24;001000010000000010100000
23;000001100000000010010000
24;000010100000000010010000
23;100010010000001000100000
23;000001010000000100000100
24;100001010000000100000100
23;010000010000000100010000
24;110000010000000100010000
23;100001010000000001000100
24;100001010000000010000100
24;100100000100010000100000
24;110000000100010000001000
24;100100000100001000010000
23;010000100000000010010000
23;010000000010010000000100
24;110000000010010000000100
23;101000000100000010001000
23;100001000100000001010000
24;100001000100000010010000
24;110000000100001000001000
23;000100100000000100010000
24;100100100000000100010000
23;010000100000001000000100
23;101000000010000100001000
24;100100010000000010000100
24;110000010000000010000100
23;100001000001000100010000
24;100001000010000100010000
23;010000100000000100000100
24;100100010000000100001000
23;100100010000000100000001
24;100100010000000100001000
24;000010000100000010100000
24;100100010000000100010000
23;000001100000001000000100
24;100001100000001000000100
23;010000100000001000010000
23;000001010000000100001000
24;100001010000000100001000
23;010000000100010000100000
24;110000000100010000100000
23;000001010000000010000100
24;100001010000000010000100
23;100010000010000010100000
23;000001000100010000001000
24;100001000100010000001000
23;110000010000000100000001
24;110000010000000100100000
23;010000100000000010010000
24;001000100000000100010000
23;100010010000001000001000
23;101000100000000010001000
23;000100000010000100010000
24;100100000010000100010000
24;110000010000000100001000
24;100100000010000010100000
24;100001010000001000010000
23;010000100000001000010000
23;100010100000000010001000
23;000100100000000010100000
24;100100100000000010100000
23;000001010000000010001000
23;100010000010010000100000
23;010000000010010000001000
24;110000000010010000001000
23;010000000100010000000100
24;110000000100010000000100
23;010000100000001000000100
23;000001000100010000100000
24;100001000100010000100000
23;101000000010001000100000
23;000001010000000010001000
23;000001010000000010010000
23;101000100000000100000100
23;000100000010000100100000
24;001000000010000100100000
23;000001010000000010100000
24;000010010000000010100000
24;110000000100000100001000
23;010000000100001000010000
24;110000000100001000010000
23;010000000100000010100000
24;001000000100000010100000
23;100010000100000010010000
24;000010000100000010010000
23;000100000100000010010000
24;100100000100000010010000
23;000001000010010000100000
23;000001100000010000000100
24;100001100000010000000100
24;110000000100010000100000
23;100010000010001000100000
24;100001000100010000010000
24;001000010000000100100000
24;100001010000000100010000
23;100010000010000010010000
23;010000000100000100100000
23;101000010000000010100000
24;001000010000000010100000
23;010000000100000100100000
24;100100010000000100000100
23;000001010000001000000100
24;100001010000001000000100
23;010000000100000100010000
24;110000000100000100010000
23;000001000010001000010000
23;000001010000000010010000
23;010000000010000100100000
24;001000000010000100100000
23;000001000010001000010000
24;100100000100010000010000
23;100010000010000100010000
24;000010000010000100010000
23;000001010000010000000100
24;100001010000010000000100
23;000100000100001000010000
24;100100000100001000010000
23;000100100000000010100000
24;100100100000000010100000
23;000001000100000010100000
24;000010000100000010100000
23;110000000001000100010000
24;110000100000000100010000
23;000100010000000100100000
24;001000010000000100100000
23;010000000100010000010000
24;110000000100010000010000
24;110000010000000100000100
24;100100010000000100001000
23;100001000100000001010000
24;100001000100000010010000
23;000100000100000010010000
24;000010000100000010010000
23;000001000100010000100000
24;100001000100010000100000
23;000001010000000010001000
23;000001100000000100010000
24;100001100000000100010000
23;010000000100010000010000
24;110000000100010000010000
23;000001010000000010010000
23;010000100000000010010000
23;010000000100000010001000
24;110000000100000010001000
23;000100000100001000010000
24;100100000100001000010000
23;100010010000001000100000
23;000001100000000010010000
24;000010100000000010010000
23;000001010000000010001000
23;010000100000001000000100
23;010000010000000100010000
24;110000010000000100010000
24;100100000100001000010000
23;000001010000010000000100
24;100001010000010000000100
23;000100100000000010100000
24;100100100000000010100000
24;100001000100010000010000
23;010000000010010000001000
24;110000000010010000001000
23;101000100000000010001000
23;010000000010010000000100
24;110000000010010000000100
23;100001010000000001000100
24;100001010000000010000100
23;000001000010010000100000
23;010000100000000100000100
23;000001100000001000000100
24;100001100000001000000100
23;010000000010000100100000
24;001000000010000100100000
23;100010000010010000100000
23;100010000010000100010000
24;000010000010000100010000
23;100100010000000100000001
24;100100010000000100001000
23;000001010000000100000100
24;100001010000000100000100
23;100010100000001000010000
23;010000000100000100010000
24;110000000100000100010000
23;010000100000001000010000
23;000001000010001000010000
24;110000000100010000100000
23;100010010000000010010000
23;101000000010000100001000
23;110000010000000100000001
24;110000010000000100100000
24;100100000100010000010000
24;110000010000000100001000
23;000100000100000100010000
24;100100000100000100010000
23;000001000100010000001000
24;100001000100010000001000
24;100100010000000100010000
24;001000010000000100100000
24;110000000100000100001000
23;100010000100000010010000
24;000010000100000010010000
23;010000100000000010010000
23;010000100000001000010000
23;000001010000000010100000
24;000010010000000010100000
24;110000010000001000000100
24;110000000100001000001000
23;000001000100000010100000
24;000010000100000010100000
24;001000100000000100010000
23;010000010000000010100000
24;001000010000000010100000
23;000100100000000010100000
24;100100100000000010100000
23;101000000010001000100000
23;000001010000000100001000
24;100001010000000100001000
23;010000000100000010100000
24;001000000100000010100000
23;010000100000000100000100
23;100010000010000010100000
24;100001010000000100010000
23;100010000010001000100000
23;000001000100001000010000
24;100001000100001000010000
23;000001010000001000000100
24;100001010000001000000100
23;101000000100000100100000
23;010000000010000100010000
24;110000000010000100010000
23;010000000100010000100000
24;110000000100010000100000
23;010000000100000100100000
24;100001010000001000010000
23;000001010000000100100000
24;100001010000000100100000
23;100010000010000010010000
24;100100000010000010100000
24;000010000100000010100000
23;110000000001000100010000
24;110000100000000100010000
24;100100000100010000100000
23;100010100000000010001000
24;110000010000000010000100
23;010000100000001000000100
23;101000010000000010100000
24;001000010000000010100000
23;000001100000010000000100
24;100001100000010000000100
23;100010000010001000010000
24;110000000100010000001000
24;100100010000000010000100
23;000100000010000100100000
24;001000000010000100100000
23;000001010000001000001000
24;100001010000001000001000
23;100001000001000100010000
24;100001000010000100010000
24;100100010000000100000100
23;000001010000000010000100
24;100001010000000010000100
23;010000000100010000000100
24;110000000100010000000100
23;100001000100000001010000
24;100001000100000010010000
23;010000000010000100001000
24;110000000010000100001000
23;000001100000000010010000
24;000010100000000010010000
24;100001000100010000010000
23;110000010000000100000001
24;110000010000000100100000
24;001000100000000100010000
23;100010010000000010001000
23;100010000010010000100000
23;010000000010000100100000
24;001000000010000100100000
23;101000010000000010100000
24;001000010000000010100000
23;000001100000000100010000
24;100001100000000100010000
23;010000100000001000000100
23;000001000100000100010000
24;100001000100000100010000
23;000100100000000010010000
24;000010100000000010010000
23;000001010000001000001000
24;100001010000001000001000
23;000001010000000100100000
24;100001010000000100100000
24;100100000010000010100000
24;100001010000001000010000
24;100100010000000100010000
23;010000000010010000000100
24;110000000010010000000100
23;101000100000000100000100
23;000001100000010000000100
24;100001100000010000000100
23;100100010000000100000001
24;100100010000000100001000
24;110000000100001000001000
23;000001000010001000010000
23;100010100000000010001000
24;100100010000000100001000
23;000001000100001000010000
24;100001000100001000010000
23;000100000010000100010000
24;000010000010000100010000
24;110000010000000100001000
23;100010000010000010100000
23;000001100000001000000100
24;100001100000001000000100
24;000010000100000010100000
23;100010000010000010010000
24;110000010000000100000100
23;000001000010001000010000
23;100010000010000100010000
24;000010000010000100010000
23;101000000010001000100000
24;110000000100010000001000
24;110000000100010000100000
23;010000010000000100010000
24;110000010000000100010000
23;010000000100010000010000
24;110000000100010000010000
23;100001010000000001000100
24;100001010000000010000100
23;010000000100000100100000
23;010000000010010000001000
24;110000000010010000001000
23;000001010000000010001000
24;110000000100000100001000
23;010000100000000010010000
23;110000000001000100010000
24;110000100000000100010000
24;100001010000000100010000
23;000001000100010000001000
24;100001000100010000001000
23;101000000100000010001000
23;010000100000001000010000
23;101000100000000010001000
23;010000000100000010100000
24;001000000100000010100000
23;100010000010001000100000
24;001000010000000100100000
23;100001000001000100010000
24;100001000010000100010000
23;000001010000000010010000
23;000100000100000100010000
24;100100000100000100010000
23;000100100000000010100000
24;100100100000000010100000
23;010000100000001000000100
23;000001000100000010100000
24;000010000100000010100000
23;000001010000000100001000
24;100001010000000100001000
24;100100010000000010000100
23;010000000100010000100000
24;110000000100010000100000
23;000001010000010000000100
24;100001010000010000000100
23;100010100000001000010000
23;000001010000001000000100
24;100001010000001000000100
23;000001000100010000100000
24;100001000100010000100000
23;100010010000001000100000
23;000001000010010000100000
23;000100000010000100100000
24;100100000010000100100000
23;100010000100000010010000
24;000010000100000010010000
23;000001010000000010100000
24;000010010000000010100000
23;010000000100000100100000
23;000100000100000010010000
24;000010000100000010010000
24;110000010000001000000100
23;010000100000000100000100
24;100100010000000100000100
23;010000100000001000010000
24;100100000100010000010000
23;000100000100001000010000
24;100100000100001000010000
23;000001010000000010010000
23;000001010000000010000100
24;100001010000000010000100
24;100100000100001000010000
23;000100100000000010100000
24;100100100000000010100000
24;110000010000000010000100
23;010000000100010000000100
24;110000000100010000000100
24;100100000100010000100000
23;000001010000000100000100
24;100001010000000100000100
23;010000010000000010100000
24;001000010000000010100000
23;010000100000000010010000
23;000001010000000100100000
24;100001010000000100100000
23;000001000100000010100000
24;000010000100000010100000
23;100001010000000001000100
24;100001010000000010000100
23;010000100000000100000100
23;010000000010010000000100
24;110000000010010000000100
23;010000000010000100100000
24;001000000010000100100000
23;000001010000000010010000
23;010000000010000100010000
24;110000000010000100010000
23;000001000100001000010000
24;100001000100001000010000
23;000100000010000100100000
24;001000000010000100100000
23;100010000100000010010000
24;000010000100000010010000
23;000001100000001000000100
24;100001100000001000000100
23;000100000100000100010000
24;100100000100000100010000
24;001000100000000100010000
23;000001010000000010001000
24;110000010000001000000100
23;100010000010000010100000
23;100001000100000001010000
24;100001000100000010010000
24;100100000010000010100000
23;101000000100000010001000
23;000100100000000010100000
24;100100100000000010100000
23;000001010000000010100000
24;000010010000000010100000
24;100100010000000100010000
23;010000100000001000000100
24;100100010000000010000100
24;000010000100000010100000
23;000001010000000010000100
24;100001010000000010000100
23;010000000100001000010000
24;110000000100001000010000
24;110000000100010000001000
23;100010010000000010001000
23;100010000010000010010000
23;100001000001000100010000
24;100001000010000100010000
23;010000010000000100010000
24;110000010000000100010000
23;100010000010000100010000
24;000010000010000100010000
23;101000000100000100100000
23;000001100000000010010000
24;000010100000000010010000
23;101000000010001000100000
24;100001010000001000010000
24;100100010000000100001000
23;000001010000000010010000
23;000100100000000010100000
24;100100100000000010100000
23;101000010000000010100000
24;001000010000000010100000
23;000100000100000100010000
24;100100000100000100010000
24;001000010000000100100000
24;100100000100010000100000
24;100100000100010000010000
23;010000000100010000100000
24;110000000100010000100000
23;100010100000001000010000
23;000001010000000100000100
24;100001010000000100000100
23;101000000010000100001000
23;010000100000001000010000
23;100010000010001000100000
23;110000010000000100000001
24;110000010000000100100000
24;110000000100000100001000
23;100010010000001000001000
23;010000000100010000000100
24;110000000100010000000100
24;110000000100010000100000
23;010000000100010000010000
24;110000000100010000010000
23;010000000100000010010000
24;110000000100000010010000
23;010000000100000010100000
24;001000000100000010100000
23;000001010000001000000100
24;100001010000001000000100
23;100100010000000100000001
24;100100010000000100001000
23;000001000010010000100000
24;110000010000000100000100
23;000001100000010000000100
24;100001100000010000000100
23;010000100000001000010000
23;000001000100010000001000
24;100001000100010000001000
24;110000000100001000001000
24;100100000100001000010000
23;100010000010001000010000
24;100100010000000100000100
23;010000100000000010010000
23;000001000100010000100000
24;100001000100010000100000
23;100010000010010000100000
23;000001010000010000000100
24;100001010000010000000100
23;010000010000000010100000
24;001000010000000010100000
23;010000000010010000001000
24;110000000010010000001000
23;010000100000000100000100
24;110000010000000100001000
23;101000100000000010001000
23;000001000010001000010000
24;100001000100010000010000
23;010000000100000100100000
24;110000010000000010000100
24;100001010000000100010000
23;100010100000000010001000
23;110000000001000100010000
24;110000100000000100010000
23;100010010000001000100000
23;000100100000000100010000
24;001000100000000100010000
23;000001010000000100001000
24;100001010000000100001000
23;010000100000001000000100
24;001000100000000100010000
23;101000100000000010001000
24;110000010000000010000100
24;100100000010000010100000
23;000001000100010000001000
24;100001000100010000001000
23;010000010000000100010000
24;110000010000000100010000
23;100010000010001000100000
23;000001000100010000100000
24;100001000100010000100000
23;010000000100001000010000
24;110000000100001000010000
23;000001000010001000010000
23;010000100000001000000100
23;100001000001000100010000
24;100001000010000100010000
24;110000010000001000000100
23;000001010000001000100000
24;100001010000001000100000
24;001000010000000100100000
23;000100000010000100010000
24;000010000010000100010000
23;100100010000000100000001
24;100100010000000100001000
23;000001000100000010100000
24;000010000100000010100000
23;101000100000001000000100
23;000100100000000100010000
24;001000100000000100010000
23;000100000100001000010000
24;100100000100001000010000
23;101000010000000010100000
24;001000010000000010100000
23;010000100000000100000100
23;010000000010010000000100
24;110000000010010000000100
23;010000000010000100100000
24;001000000010000100100000
23;000001100000000010010000
24;000010100000000010010000
23;010000000010010000001000
24;110000000010010000001000
23;000001010000000100001000
24;100001010000000100001000
23;010000000100000100100000
23;000100000100000100010000
24;100100000100000100010000
24;100100000100001000010000
23;000001010000001000001000
24;100001010000001000001000
23;000001000010001000010000
23;000001000010010000100000
23;000001000010010000100000
24;110000000100001000001000
24;110000000100010000100000
24;110000010000000100001000
23;100010100000000010001000
23;000001010000000100100000
24;100001010000000100100000
23;101000000100000010001000
23;000001010000000010010000
23;010000000100000100100000
24;110000000100000100001000
24;110000010000000100000100
24;100100010000000100001000
23;100001000100000001010000
24;100001000100000010010000
23;010000000100010000000100
24;110000000100010000000100
23;000001010000000100000100
24;100001010000000100000100
23;010000000100010000100000
24;110000000100010000100000
23;100010000010000010010000
23;100010000010000010100000
23;010000010000000010100000
24;001000010000000010100000
23;000001100000001000000100
24;100001100000001000000100
23;100001010000000001000100
24;100001010000000010000100
23;100010000010000100010000
24;000010000010000100010000
23;010000100000001000010000
23;010000100000001000010000
23;010000000010000100001000
24;110000000010000100001000
23;010000000100010000010000
24;110000000100010000010000
24;000010000100000010100000
23;100010100000000010100000
24;100001010000000100010000
23;100010000100000010010000
24;000010000100000010010000
24;100100000100010000100000
24;100100000100010000010000
24;100001000100010000010000
23;010000000100000010010000
24;110000000100000010010000
23;000001010000010000000100
24;100001010000010000000100
23;100010100000001000010000
24;100100010000000100000100
23;100010010000000010001000
24;110000000100010000001000
23;000001000100000100010000
24;100001000100000100010000
23;000001010000000010001000
23;010000100000000010010000
23;110000010000000100000001
24;110000010000000100100000
23;000001100000010000000100
24;100001100000010000000100
23;000001010000000010100000
24;000010010000000010100000
23;000100100000000010010000
24;000010100000000010010000
23;000100100000000010100000
24;100100100000000010100000
23;010000000100000010100000
24;001000000100000010100000
24;100001010000001000010000
24;100100010000000010000100
23;110000000001000100010000
24;110000100000000100010000
23;000001010000001000000100
24;100001010000001000000100
23;010000100000000100000100
23;000100000010000100100000
24;100100000010000100100000
24;100100010000000100010000
23;101000000010001000100000
23;100010010000000010010000
23;000001010000000010000100
24;100001010000000010000100
23;000001010000010000000100
24;100001010000010000000100
23;000001000010010000100000
23;101000000100000010001000
23;000001010000001000100000
24;100001010000001000100000
24;110000000100001000001000
23;000001000010001000010000
23;100001000100000001010000
24;100001000100000010010000
23;100010000010001000100000
23;000001100000010000000100
24;100001100000010000000100
23;100010010000000010010000
23;101000100000000010001000
23;010000100000000010010000
23;110000000001000100010000
24;110000100000000100010000
24;100100000100010000100000
23;101000100000001000000100
23;000001100000001000000100
24;100001100000001000000100
23;100010000010000100010000
24;000010000010000100010000
23;000001000010001000010000
24;100100010000000100010000
24;100100000010000010100000
23;000100100000000010010000
24;000010100000000010010000
23;101000000010001000100000
23;000100000100000010010000
24;000010000100000010010000
23;100010010000001000001000
23;100001010000000001000100
24;100001010000000010000100
23;000100000100001000010000
24;100100000100001000010000
23;010000100000000100000100
23;000100000010000100010000
24;000010000010000100010000
23;010000010000000010100000
24;001000010000000010100000
23;000001010000000100100000
24;100001010000000100100000
23;010000100000001000000100
23;010000000100010000100000
24;110000000100010000100000
24;100100010000000010000100
23;100010000010000010010000
24;110000000100010000001000
24;110000010000001000000100
24;100001000100010000010000
23;000100100000000010100000
24;100100100000000010100000
24;100001010000001000010000
23;000100000010000100100000
24;100100000010000100100000
23;000001000100010000100000
24;100001000100010000100000
23;101000100000000010100000
23;010000000010010000000100
24;110000000010010000000100
23;000001000100001000010000
24;100001000100001000010000
24;100100000100001000010000
23;100100010000000100000001
24;100100010000000100001000
23;000100000100000100010000
24;100100000100000100010000
23;000001010000000100001000
24;100001010000000100001000
23;000001010000000100000100
24;100001010000000100000100
23;100001000001000100010000
24;100001000010000100010000
23;100010010000000010001000
23;110000010000000100000001
24;110000010000000100100000
23;100010000010000010100000
24;001000100000000100010000
23;000001010000000010001000
24;100100000100010000010000
23;000001010000000010000100
24;100001010000000010000100
23;000001100000000010010000
24;000010100000000010010000
24;110000010000000010000100
23;100010100000000010001000
24;100100010000000100000100
24;100100010000000100001000
23;000001010000000010100000
24;000010010000000010100000
23;000001010000000010010000
23;010000000010010000001000
24;110000000010010000001000
24;110000010000000100000100
24;110000010000000100001000
23;010000000100000100010000
24;110000000100000100010000
24;001000010000000100100000
24;000010000100000010100000
23;101000010000000010100000
24;001000010000000010100000
23;010000000100000010100000
24;001000000100000010100000
23;010000100000001000010000
23;101000000010000100001000
23;010000010000000100010000
24;110000010000000100010000
23;000001010000001000000100
24;100001010000001000000100
23;010000000010000100100000
24;001000000010000100100000
23;010000000100000100100000
23;010000000100000100100000
23;000001000100000010100000
24;000010000100000010100000
23;010000000100010000010000
24;110000000100010000010000
23;100010000100000010010000
24;000010000100000010010000
24;100001010000000100010000
23;010000100000001000010000
23;010000000100010000000100
24;110000000100010000000100
23;000001000100010000001000
24;100001000100010000001000
24;110000000100010000100000
24;110000000100000100001000
23;000001100000001000010000
24;100001100000001000010000
23;010000100000000100000100
23;000100100000000100010000
24;001000100000000100010000
23;000001000010010000100000
23;010000000010010000000100
24;110000000010010000000100
23;000001010000001000000100
24;100001010000001000000100
23;010000000010000100100000
24;001000000010000100100000
23;101000000010000100001000
23;000001010000000010001000
24;100100000100010000010000
23;010000000100000100100000
23;101000000010001000100000
23;100001010000000001000100
24;100001010000000010000100
24;100100010000000100001000
23;000001100000001000000100
24;100001100000001000000100
23;010000010000000100010000
24;110000010000000100010000
23;100010100000000010001000
24;100001000100010000010000
23;000001000100010000001000
24;100001000100010000001000
23;101000100000000100000100
23;000100100000000100010000
24;001000100000000100010000
23;010000000100000010100000
24;001000000100000010100000
23;010000000100000100100000
24;110000010000000100001000
24;110000010000000010000100
23;100010000010000010100000
24;100100000100001000010000
23;000100000100001000010000
24;100100000100001000010000
23;000001100000000010010000
24;000010100000000010010000
23;000100000010000100100000
24;001000000010000100100000
23;000001000100000100010000
24;100001000100000100010000
23;010000100000000100000100
23;010000100000001000000100
24;100100000100010000100000
23;100010010000001000100000
23;000001010000000010010000
24;110000010000001000000100
24;110000000100000100001000
23;000001010000000010100000
24;000010010000000010100000
23;000001010000000010010000
23;000001000100000010100000
24;000010000100000010100000
23;101000010000000010100000
24;001000010000000010100000
23;010000000100010000100000
24;110000000100010000100000
23;000001010000010000000100
24;100001010000010000000100
23;010000000100010000000100
24;110000000100010000000100
23;100001000100000001010000
24;100001000100000010010000
23;010000000010010000001000
24;110000000010010000001000
23;000001000010001000010000
24;110000000100001000001000
23;010000010000000010100000
24;001000010000000010100000
23;000001010000001000001000
24;100001010000001000001000
24;110000010000000100000100
23;010000100000000010010000
23;000001010000000100001000
24;100001010000000100001000
24;100100010000000100000100
24;001000010000000100100000
23;000001000010010000100000
23;010000100000001000010000
23;010000100000000010010000
23;110000010000000100000001
24;110000010000000100100000
23;000001010000000010001000
24;110000000100010000001000
24;110000000100010000100000
23;100010000010000100010000
24;000010000010000100010000
23;010000000100010000010000
24;110000000100010000010000
23;100100010000000100000001
24;100100010000000100001000
24;100100010000000010000100
23;100010000010001000100000
23;100010000010000010010000
23;010000100000001000000100
23;010000100000001000010000
24;100100000010000010100000
23;000100010000000100100000
24;100100010000000100100000
23;000001000010001000010000
23;000001000100001000010000
24;100001000100001000010000
24;001000100000000100010000
23;000001010000000010000100
24;100001010000000010000100
24;100001010000000100010000
24;100001010000001000010000
23;000100100000000010100000
24;100100100000000010100000
23;101000100000000010001000
24;100100010000000100010000
23;110000000001000100010000
24;110000100000000100010000
23;100001000001000100010000
24;100001000010000100010000
23;100010000100000010010000
24;000010000100000010010000
23;000001000100010000100000
24;100001000100010000100000
23;000001100000010000000100
24;100001100000010000000100
23;010000000010000100010000
24;110000000010000100010000
24;000010000100000010100000
23;000001010000000100000100
24;100001010000000100000100
23;000100000100000100010000
24;100100000100000100010000
23;010000000100000010001000
24;110000000100000010001000
23;000001100000001000010000
24;100001100000001000010000
23;101000100000000010100000
23;010000000100000010010000
24;110000000100000010010000
23;000001000010010000100000
24;001000010000000100100000
24;100100000010000010100000
24;100001000100010000010000
23;100001000100000001010000
24;100001000100000010010000
23;100010100000001000010000
23;010000000100000010100000
24;001000000100000010100000
23;000001000010010000100000
23;100010000010001000100000
23;010000100000001000010000
23;100010000010000100010000
24;000010000010000100010000
23;100010100000000010001000
24;100100000100010000010000
23;000001010000010000000100
24;100001010000010000000100
24;100100010000000010000100
23;010000010000000010100000
24;001000010000000010100000
24;110000010000000100001000
23;000001010000000010010000
24;100100000100001000010000
23;010000100000000010010000
23;010000100000001000000100
23;000001000100000010100000
24;000010000100000010100000
23;000100000100000010010000
24;100100000100000010010000
23;000001010000000010010000
23;010000100000000100000100
23;010000010000000100010000
24;110000010000000100010000
23;110000000001000100010000
24;110000100000000100010000
23;100001000001000100010000
24;100001000010000100010000
23;000001010000000010001000
23;000100100000000100010000
24;001000100000000100010000
23;000001100000001000000100
24;100001100000001000000100
23;000001010000000100001000
24;100001010000000100001000
23;100010000100000010010000
24;000010000100000010010000
24;110000000100010000100000
23;000001010000001000000100
24;100001010000001000000100
23;100010000010000010100000
24;110000000100010000001000
24;110000000100001000001000
23;010000000010000100100000
24;001000000010000100100000
23;000001000010010000100000
24;100100010000000100010000
24;100001010000001000010000
23;000100000010000100010000
24;100100000010000100010000
23;010000000100010000010000
24;110000000100010000010000
23;000001010000000010000100
24;100001010000000010000100
24;000010000100000010100000
23;100001010000000001000100
24;100001010000000010000100
23;101000100000000010001000
23;010000100000000010010000
24;100100010000000100000100
23;010000000100000100100000
23;000001010000000010100000
24;000010010000000010100000
24;110000010000000100000100
23;010000000100001000010000
24;110000000100001000010000
23;101000100000001000000100
23;010000000100000010001000
24;110000000100000010001000
24;100100000100010000100000
23;010000000100000100100000
23;100010010000001000100000
23;100010000010000010010000
23;010000100000000100000100
23;000001010000000100000100
24;100001010000000100000100
23;101000000010001000100000
23;000001000010001000010000
23;101000000010000100001000
23;000001010000000010001000
23;010000000100010000000100
24;110000000100010000000100
23;000100010000000100100000
24;100100010000000100100000
23;100100010000000100000001
24;100100010000000100001000
23;010000000100000100010000
24;110000000100000100010000
23;000100000100000100010000
24;100100000100000100010000
23;010000000010010000001000
24;110000000010010000001000
23;000100000010000100100000
24;001000000010000100100000
23;110000010000000100000001
24;110000010000000100100000
23;000001000100010000100000
24;100001000100010000100000
23;101000100000000010100000
24;110000010000001000000100
24;100001010000000100010000
23;101000010000000010100000
24;001000010000000010100000
24;001000100000000100010000
23;010000000100010000100000
24;110000000100010000100000
23;010000100000001000010000
23;000001100000000010010000
24;000010100000000010010000
23;100010000010001000010000
23;000001000100010000001000
24;100001000100010000001000
23;010000000010010000000100
24;110000000010010000000100
24;110000000100000100001000
23;000100000100001000010000
24;100100000100001000010000
23;000100100000000010100000
24;100100100000000010100000
24;110000010000000010000100
23;000001010000001000001000
24;100001010000001000001000
24;100100010000000100001000
23;000001100000010000000100
24;100001100000010000000100
23;000001010000000100001000
24;100001010000000100001000
23;000100000100001000010000
24;100100000100001000010000
24;100100010000000100001000
23;000001100000000100010000
24;100001100000000100010000
23;010000100000000010010000
23;010000000010000100100000
24;001000000010000100100000
23;010000000100000010100000
24;001000000100000010100000
23;100010010000001000100000
24;100100010000000010000100
23;000100000010000100010000
24;100100000010000100010000
23;010000100000000100000100
24;100001010000001000010000
24;100100010000000100010000
23;000001000010001000010000
23;101000100000000010100000
24;001000010000000100100000
23;101000100000000100000100
23;000001000010010000100000
23;000001000010010000100000
23;100010100000000010001000
23;100010000010000100010000
24;000010000010000100010000
23;000100000100000010010000
24;100100000100000010010000
24;110000010000000100001000
23;100010000010000010010000
23;000001010000000010001000
23;100010100000001000010000
23;100010000010001000010000
23;110000000001000100010000
24;110000100000000100010000
23;100010000010000010100000
23;000001010000001000001000
24;100001010000001000001000
23;010000000100010000000100
24;110000000100010000000100
#<Time>=3.40139s/900
#<PlanCost>=single integer value
#<State>=Atom door-open();Atom elevator-at(f1);Atom elevator-at(f2);Atom elevator-at(f3);Atom elevator-at(f4);Atom elevator-at(f5);Atom passenger-at(p3, f1);Atom passenger-at(p3, f2);Atom passenger-at(p3, f3);Atom passenger-at(p3, f4);Atom passenger-at(p3, f5);Atom passenger-in-elevator(p3);Atom passenger-at(p2, f1);Atom passenger-at(p2, f2);Atom passenger-at(p2, f3);Atom passenger-at(p2, f4);Atom passenger-at(p2, f5);Atom passenger-in-elevator(p2);Atom passenger-at(p1, f1);Atom passenger-at(p1, f2);Atom passenger-at(p1, f3);Atom passenger-at(p1, f4);Atom passenger-at(p1, f5);Atom passenger-in-elevator(p1);
17;000100001000000100100000
10;010000010000000001000010
20;000100000001010000000100
22;000010010000001000001000
16;000010001000010000100000
21;010000000010001000100000
15;101000000001000001001000
11;101000001000000001000001
15;010000000010100000100000
15;100010000010100000001000
11;000100001000000010000010
0;100001001000100000000010
9;010000001000100000010000
19;000100000010000010000100
23;010000000010010000001000
10;100010000001100000000100
21;101000000100010000010000
17;100010001000000010001000
21;101000000010010000000100
23;000001000010010000100000
11;100001001000001000000001
21;000001010000010000001000
16;000010001000010000000100
22;110000010000000010001000
23;100010000010010000001000
12;100001000001000010000001
15;101000000100100000010000
18;100100000010000010001000
14;101000001000000001000100
20;100100100000001000000100
12;000100001000000001100000
22;010000000001000100100000
16;100100100000100000001000
12;100001000010000010000010
18;010000000001001000100000
14;001000100000100000001000
15;100010001000000100100000
17;000100100000100000010000
18;000001000100000001000100
22;001000010000000100000100
16;000010001000010000000100
14;100100000001000001100000
21;100001010000000001010000
20;100001000100000100000100
18;000010000010000010000100
19;101000000010010000100000
24;100001010000010000000100
19;000100000100001000000100
14;000001001000000001000100
21;100001010000000001010000
20;101000000100001000000001
20;000001000100000001100000
18;000100100000000001000100
17;010000000001010000000001
20;001000000010001000000100
12;000100000001000100000010
16;100010000010000100000001
20;001000100000010000000100
14;110000000001000001000100
15;000010000010000010000001
3;001000001000000001000010
15;110000010000000001001000
20;110000001000000100001000
19;110000000010000010000001
11;000010001000000010000001
19;000010000001010000010000
18;000010000100001000000100
19;000100100000001000100000
9;101000001000001000000010
17;010000010000000100000010
23;100010100000000010001000
19;000100010000010000010000
18;010000000100000001001000
8;100001001000000010000010
20;000010000010000010001000
18;000100010000000001100000
11;101000000010100000000010
17;001000000001010000010000
12;010000000001000001000001
14;000010010000001000000010
14;110000010000000001000001
16;100100000010001000000010
19;001000000010000100000001
20;000010000010001000001000
11;010000000010100000000010
20;100001000010000010001000
13;100001100000000001000010
10;100010000001001000000010
12;101000001000000001010000
21;100010100000000100010000
13;100001000001000100000010
20;100001000010001000000100
23;010000000100010000001000
23;000001100000000100010000
19;000100001000000010100000
11;101000000010100000000010
19;000010100000000001010000
22;000010010000010000000100
19;000010000100010000000001
18;100100000010010000000010
15;000001000001000100000001
16;000010001000010000000100
8;000010001000100000001000
11;100001001000001000000001
25;010000100000000100010000
17;100010000010001000000100
19;001000010000000010000001
19;100100000100000001001000
21;000010000001000100010000
20;100001000010001000100000
17;000010000001001000100000
12;100100001000000010000010
20;101000000100000100000001
14;000100001000010000000001
18;010000000010000001000100
18;000100000010000001001000
11;000010000100100000000001
13;100100001000000001100000
12;100010001000000100000001
0;000100001000100000000010
21;010000000100001000000100
25;000001000010000100010000
15;000001010000010000000010
23;101000000010000100001000
23;101000000100000100001000
20;000001100000000001010000
18;110000000010001000000010
18;000010100000100000000100
23;100010100000001000010000
19;100010001000000010010000
13;001000000001100000100000
17;100010000010010000000010
16;100010000001001000000100
14;000010000010000010000010
16;000010001000010000100000
14;100100000001001000000001
15;100010010000100000001000
19;100100000100000001001000
20;010000000001000010000100
8;100001000100100000000010
15;100100000001000010001000
22;100100100000000100100000
24;100100000010000010100000
13;110000000010000001000010
18;101000000001010000000100
19;010000010000000010000010
23;000001000100010000001000
17;101000100000000100000010
14;000100001000000001001000
8;100100001000010000000010
21;100001000001010000000100
24;110000000100001000001000
19;001000000100000100000001
20;000001100000000001000100
22;100001100000000010010000
23;101000100000000010001000
24;110000000100010000100000
14;101000100000100000000001
19;000100001000000010100000
15;010000000010100000000100
24;100001010000000100000100
7;010000100000100000000010
15;100010000001000001000100
17;100010001000010000100000
22;001000010000001000000100
18;010000000100000001001000
20;100001001000000100010000
19;000100001000000100010000
14;100001000001010000000001
17;100010000010010000000010
18;010000010000010000000001
22;100001000010001000010000
24;100001100000001000000100
7;010000010000100000000010
23;101000000100000100100000
17;100100000001010000010000
15;010000000100001000000010
14;000001001000000001100000
14;101000000001100000100000
14;110000000010000001000001
20;100100100000010000001000
9;000010000001100000001000
16;000010000001000001001000
22;100001010000010000100000
19;000010000001010000010000
18;101000000001001000100000
12;010000000100000001000010
22;001000000100000100001000
20;001000000010001000000100
18;000010001000000010010000
10;100001001000000100000010
8;001000000001000001000010
13;000001000001001000000001
20;110000010000000010000010
12;000001000001000010000010
17;110000000100000001000100
9;000001001000000100000010
23;010000000100000100010000
19;100100000100001000000001
17;100010000010001000000100
19;100010100000100000010000
7;100001000010100000000001
17;010000000100000001000001
11;000010000100000001000010
9;010000001000000001000001
13;100010001000000100000100
11;100010100000100000000010
15;110000010000000001010000
23;101000100000000100001000
11;100001001000000100000001
16;100100000010100000010000
19;000100000010000010001000
18;100100100000000010000010
9;001000100000000001000010
23;010000000100000100100000
19;100010010000100000100000
20;100010100000010000000001
23;000001000100000010100000
22;100001100000000010010000
9;000001001000000001000001
16;100010000001001000000100
18;000001000001000010000100
18;100100010000000001000001
18;100001100000100000001000
10;101000010000000001000010
18;100010000100000001100000
13;100100000100100000000001
17;100001100000000100000001
11;100010001000100000010000
18;100100000010000100000010
22;100001000010010000000100
23;000001010000001000010000
21;000001100000001000001000
18;100010100000000001000100
20;000100010000000010000001
16;110000000100000001000001
20;001000000010010000010000
19;001000000100001000000001
15;100010000100000010000010
13;000001000010100000000100
5;101000010000100000000010
21;110000000001000100001000
18;000010010000000001000001
15;000001010000010000000010
21;000001010000010000100000
22;100001000010000010010000
17;100010000010001000000100
16;100010000010000100000001
17;000010000010010000000001
18;010000000001010000010000
22;110000000010000100100000
23;100010100000000010100000
20;110000000010010000000010
22;100100010000001000000100
17;000010000100001000000001
22;000010000010000100100000
17;010000010000000100000010
16;000010001000010000100000
22;100001010000010000001000
23;000001000010010000001000
21;010000000010010000100000
14;110000000001000001000100
10;100001010000100000000010
12;010000010000100000000001
16;100001010000000001000001
7;110000001000100000000001
16;001000001000010000000100
21;100100000100000001100000
13;000010001000000001000100
12;000100000100000001000010
22;000010000010001000010000
13;010000100000100000001000
12;100001001000100000010000
17;100100000001010000001000
5;101000010000100000000010
10;101000010000000001000010
17;000100001000000100100000
22;100001010000000010001000
16;110000000100100000001000
20;000100000001010000000100
18;000010001000000010100000
20;100001000010001000000100
20;001000000010010000100000
23;010000000100010000000100
12;000001001000000100000001
23;100001000001000100010000
20;100001000010000100000100
16;110000000100000001000001
16;001000000010001000000010
11;101000000010100000000010
14;001000000100001000000010
23;010000000100000010010000
16;001000001000001000001000
7;000100000001000001000010
24;110000000010010000000100
12;000001000001000100000010
23;100001000001000100010000
19;100001000001000010000100
22;000100000100000001010000
17;101000100000100000000100
10;110000001000001000000010
14;101000000001100000100000
14;000010100000001000000010
22;110000010000000010001000
23;010000000010000100001000
19;001000010000000010000001
22;110000100000000100001000
15;101000000100001000000010
8;000010001000100000001000
19;001000000100000001000100
14;001000001000010000010000
21;100010100000010000100000
19;100010100000000100000100
2;010000001000000001000010
20;100100000100001000001000
23;010000000100010000010000
17;000100100000100000010000
23;101000010000000010100000
16;100100000100010000000010
15;110000010000000001100000
23;000100010000000100010000
9;110000001000000001100000
20;000100000010000001010000
11;100010100000100000000010
7;100001001000000001000010
13;100001000001010000000010
22;110000010000001000001000
16;100010000001000100000100
22;000001010000000001000100
10;100100001000100000010000
17;000010000100000100000001
17;000001001000001000001000
23;101000000100001000001000
22;000001000001000010010000
10;100100000010100000000010
19;100010001000010000001000
6;110000000001000001000010
16;000100100000000001001000
21;010000000010000010100000
21;100010010000010000000100
18;001000000010000100000010
19;000001000010000010000100
21;000001000100010000000100
14;000001100000100000000001
13;000001000100001000000010
11;001000010000000001000010
13;000001000100001000000010
19;100010001000000010010000
19;100100010000010000000001
3;001000001000000001000010
10;100100000010100000000010
21;000100100000000010001000
20;000010100000010000010000
16;101000000001010000001000
19;001000000010000001010000
20;100010100000001000000001
21;110000000010010000000001
12;000100010000000001000010
16;000100000001000010001000
22;100001000100000100100000
15;010000100000100000010000
16;100100001000010000010000
17;100010100000100000001000
8;110000001000000001000001
9;000100000010100000000010
18;000001010000010000000001
20;000010100000000100001000
13;001000001000000001000100
16;000010010000000100000010
21;101000100000000010010000
23;000001010000000100000100
25;101000000100000010100000
19;100010001000000010100000
22;001000010000001000000100
15;001000001000001000000001
20;100010010000000001100000
14;000100000001000010000010
14;000001010000000001000010
10;100010000001100000000100
21;001000000001000010100000
10;001000001000000100000010
12;100100001000000010000010
17;100010100000100000100000
8;000010010000100000000010
20;000010100000001000100000
21;100100000001000010100000
16;110000010000100000000100
13;110000000001100000000100
16;000010000100000010000010
19;010000100000010000001000
9;101000001000100000000100
23;000100000100010000010000
22;000010010000000100001000
17;000001100000100000100000
12;100001000010001000000010
25;000100010000000010100000
11;110000000001001000000010
12;000001100000000001000010
16;100001001000000010100000
16;100100000100010000000010
18;000010000010100000100000
23;010000010000000100010000
22;000010010000000100001000
10;000001001000000010000001
22;110000000100000010100000
17;000010100000000001100000
12;010000100000100000000001
12;000100001000000010000001
14;001000000100100000001000
22;100100000100000100100000
14;100010001000010000000001
12;100010001000000001000100
10;110000000001100000000001
18;100100001000000010010000
18;100001000100100000010000
10;100100000010100000000010
20;101000000001000010000100
19;000100010000010000001000
19;001000000001010000000100
17;000100001000000100001000
15;100001000010010000000001
14;100010010000100000000001
21;010000000010001000100000
17;101000000010000001000001
0;101000001000100000000010
14;000010001000000010000100
22;000100010000000100000001
20;000010000010010000000100
12;100001000010100000001000
20;000001100000000001010000
8;000010001000000100000010
13;000100000100100000001000
22;000010010000000100001000
7;000100001000100000000100
16;110000000010100000010000
17;000001001000001000000100
21;100100000010000001010000
20;100010010000001000000001
7;100001001000000001000010
18;000010000100000010000100
8;000010000001000001000010
17;101000000010001000000010
8;100001001000000001000001
17;010000000100100000010000
16;000001000100001000000001
14;000010000010000001000001
24;100001010000000100001000
20;001000010000001000010000
14;000010000010100000001000
21;100001010000000001100000
10;100010000100000001000010
15;000100000001000010000001
9;000001001000001000000010
13;001000001000000001000100
2;010000001000000001000010
21;010000010000001000100000
15;000100000100010000000010
24;100100100000000010100000
21;000001000100000100100000
16;000010000100000010000010
19;001000000100000001100000
7;000100000001100000000001
22;110000100000001000000100
23;010000000100001000100000
15;010000000010100000100000
18;100010000001010000000100
10;100001001000010000000010
15;000100100000100000001000
19;101000000010000100000010
22;100001100000010000010000
15;100010001000001000000100
19;000010100000010000000001
19;000010000010000001100000
17;110000000010000001000100
21;100010010000000010000100
21;000001000010010000000100
16;001000001000000010001000
8;100100001000100000000100
13;001000000001000100000010
9;010000001000100000000100
10;110000001000100000010000
18;100010000001001000100000
19;000100100000001000100000
23;000100000010000010100000
21;101000000100010000001000
14;100100010000010000000010
11;100001000001000010000010
16;000100000001001000001000
15;000001000001000100000001
21;010000000010000010001000
19;000001010000100000100000
18;100001001000000010001000
12;000100010000000001000010
18;000100000010000100000001
17;000001100000100000001000
17;000001000100100000010000
20;100010100000010000000001
18;000010010000000001000001
14;000100001000000100000001
22;100001010000000010001000
22;100100000100010000001000
22;110000000100000010100000
8;000010001000010000000010
20;000100010000000010000001
22;000010000100010000010000
11;000010100000000001000010
14;110000010000100000100000
12;100010001000000100000001
24;110000000010000100010000
12;010000000001100000000100
20;000001000010000001001000
21;101000100000001000001000
16;100100001000010000010000
21;000100000100000100001000
15;010000010000100000000100
13;010000100000010000000010
20;000010000100000010001000
15;100100000001000010001000
15;000010001000000001001000
20;100001000010001000000100
14;100100000001001000000001
21;100001000001010000010000
14;001000100000001000000010
17;100100000010000001001000
17;010000000100000001000001
24;100001000100010000001000
19;010000100000010000001000
19;100010001000000010010000
24;100001000100000100010000
23;010000000010000100010000
19;100001000001000100000100
18;000010000010100000100000
19;100100100000010000000001
19;110000000100000001010000
18;100010100000000001000100
21;000100100000000100000100
20;100001000010000100000100
4;100010000001100000000010
24;110000000100010000010000
18;000010000010000010000100
11;100001000001100000001000
17;100010000001000001001000
18;000010000100100000100000
21;000100000010010000100000
9;100010001000010000000010
17;000100000100000010000010
21;010000100000000010001000
12;101000001000000001100000
20;010000000001001000010000
21;000100100000000100001000
17;000001100000100000001000
22;100001100000001000001000
23;010000000010010000001000
19;000010000001010000000100
13;000001000010100000000100
17;010000000100000001000001
15;000010001000000001001000
19;100001000010000001100000
19;001000010000000010000001
17;100010000100001000000100
13;000100000100100000000100
11;100010000100100000000100
12;001000010000001000000010
15;100010010000100000010000
6;100001000001100000000001
22;100001100000000100000100
18;001000001000000100001000
15;101000000100100000001000
22;110000000100000010000100
22;000010100000000010100000
8;001000000001000001000010
5;100010001000100000000100
21;101000010000000100001000
25;101000000100000010100000
9;000010000001001000000010
18;000001100000000001100000
18;001000000010010000000010
20;100010100000010000000001
21;000100010000001000100000
22;000010100000001000000100
14;100100010000100000010000
10;110000001000100000001000
15;000100000001000001100000
23;100010010000001000100000
9;000001001000001000000010
22;100001010000000010001000
13;100010001000100000100000
18;100100100000100000000100
20;010000000100000100000001
19;001000000010000001000100
22;100010000010000001010000
18;000010000100100000100000
15;000100000001000010000001
18;100100000010000010001000
19;001000000100000001001000
21;000001100000010000100000
22;001000000010000100001000
24;100100000100010000100000
12;010000000100000001000010
17;000001100000100000100000
24;100001010000001000001000
18;101000000001000010001000
17;000010000001001000000100
18;001000010000010000100000
13;000010001000000001100000
18;101000010000001000000001
17;101000010000010000001000
23;000001010000000100010000
21;110000000001010000000100
18;100100010000000100000010
12;000001000010000001000010
11;000010100000000001000010
15;100001000010000100000001
19;001000100000001000000001
11;000001001000100000010000
18;100100000010010000000010
22;100001000100000010100000
16;000010001000010000000100
22;000010000100000100010000
15;000001100000000100000010
24;100001010000000010000100
18;100100100000000010000010
13;010000010000100000010000
5;100100001000000001000010
17;100001001000000001001000
9;001000100000000001000010
19;000001001000001000010000
19;010000100000000010000010
23;100010010000000010001000
20;100100001000000010100000
22;001000000100010000001000
16;100010100000100000000001
15;000100000001001000000001
23;000001000010000010010000
11;100100000001000100000010
19;110000100000001000000001
9;100010001000100000001000
19;100010010000100000100000
11;100001000001001000000010
21;100001100000000001010000
21;100010100000001000000100
17;000100000001000001010000
18;010000100000010000000001
14;000001100000100000000001
3;001000001000000001000010
23;101000000010000010100000
15;000001000100010000000010
21;000100000100001000001000
21;100010010000001000000100
8;110000001000010000000010
9;001000000001100000001000
18;010000000010001000000001
23;000001000010000100001000
16;100010000001000010000100
13;001000001000000001010000
18;000100100000010000000001
13;010000100000001000000010
14;100100010000100000010000
17;001000010000000001100000
12;000001000100000001000010
8;000010001000100000001000
18;000100010000000001001000
17;000001010000100000000100
17;000001000001000001100000
15;000100000001000010000001
14;100100010000100000001000
20;101000000100000001100000
20;000010000010010000000100
12;010000000001100000010000
17;000100000001010000000001
11;001000000001100000010000
9;000010000001001000000010
22;001000100000000100001000
16;010000100000000001000100
22;001000000100010000000100
15;101000010000100000100000
19;000010100000000001010000
17;001000100000000001010000
13;110000000010000001000010
21;110000000001001000010000
21;101000010000000100010000
1;110000001000000001000010
13;001000001000010000000001
17;101000010000010000010000
18;100001000010100000100000
19;000100000010000010000100
20;110000000010010000000010
20;100010000001001000010000
22;001000000100000100001000
17;100010100000100000000100
18;000001100000000100000001
15;000100001000001000001000
10;000010001000000010000010
16;100100100000100000001000
11;001000010000000001000010
14;010000000100100000000001
20;100100010000010000010000
15;101000000100100000000100
12;010000000001100000010000
16;000010000100000010000010
20;100010100000000001010000
15;101000001000000010010000
15;010000000010100000000100
20;100001000100001000000100
15;110000100000000001000100
21;000100010000001000100000
20;000001100000000001000100
20;000001000001001000010000
14;000100000001100000100000
18;101000000010000010000001
16;010000100000000001010000
22;100001100000001000001000
16;001000001000000010001000
18;101000000010000001100000
21;101000100000001000100000
0;101000001000100000000010
20;000001000001010000010000
21;101000000010000100010000
18;100100000010010000000010
15;000001000100010000000010
13;110000000001010000000010
13;010000100000001000000010
23;010000000100001000010000
18;001000000100000001000001
17;001000000010001000000001
22;110000100000001000010000
13;010000000001000001001000
13;000001000010001000000010
0;100100001000100000000010
18;000001000001000010001000
12;000100000100100000000001
11;100001000001100000001000
11;101000010000010000000010
10;100001000001000001000010
16;100100000001000001000100
9;000001001000001000000010
15;100100000001000010001000
9;000010000010100000000001
15;000001000100000010000010
22;000100000001000100010000
13;000100010000001000000010
16;000010000010000100000010
0;001000001000100000000010
9;010000001000100000000100
11;100010000100100000001000
15;000100100000100000001000
17;100001100000001000000001
19;000001100000100000000100
12;001000001000000010000010
14;100100000010100000000100
20;001000010000010000000100
10;100010000100100000000001
21;101000000100010000000100
14;000010000001001000000001
20;010000000001000100001000
13;101000000010100000010000
22;000010000010010000001000
11;101000010000100000010000
22;001000000100010000001000
16;101000010000000001001000
18;000100000010000001100000
18;100001001000000100100000
16;100010000010000010000001
20;000001000001010000010000
17;100010001000000100001000
22;110000000010001000001000
19;101000000001000100000001
20;000100010000001000000001
10;000100000001100000000100
22;001000100000000100000100
14;101000001000000001000100
15;000001010000001000000010
15;000001000010000100000010
20;001000000010001000001000
17;000100001000000100001000
7;100100000001100000001000
20;100100010000001000100000
21;110000000001010000000100
20;100001010000100000100000
23;101000100000000010000100
14;100100000001000010000001
21;110000000001000010000100
18;110000000001000010000001
15;100010000001000100000001
16;000010001000010000000100
19;000010000001001000010000
17;100100000001001000000100
17;100010000010000100000100
17;000010000001000100000100
18;100001001000010000010000
22;000100000001000100010000
17;001000000001001000100000
13;000001000010100000001000
22;001000000010001000100000
15;100001001000000001100000
18;100001001000001000000100
15;100010000001000010000001
23;100010010000000010010000
15;010000100000100000010000
20;000100000100000001100000
23;101000000100001000100000
23;000001010000000010100000
8;100001001000000010000010
16;100100001000010000001000
10;100001001000000100000010
12;000001001000010000000001
23;000001000010000100001000
18;100100100000000010000010
15;101000000100010000000010
7;100001000010100000000001
19;000100010000010000010000
15;000001000100000010000010
17;100100000001010000001000
15;000010000001100000100000
20;101000000100000001001000
19;010000010000010000010000
15;110000100000000001000100
16;010000010000000001001000
21;100001000001000100001000
18;100001010000100000000100
18;010000000010000001000100
14;001000000100100000000100
15;100100001000000100000001
15;000001010000100000010000
11;000010000100000001000010
9;101000001000100000000100
23;010000000010010000001000
19;100100000001000010010000
21;100010000010001000001000
9;000010000001100000001000
6;001000010000100000000010
16;010000010000000001100000
16;100100010000100000000100
20;000001000001010000100000
7;010000100000100000000010
24;110000010000000100000100
14;100001100000000001000001
17;100010000010000100000100
20;100100001000000010100000
23;101000100000000100100000
15;010000000100000100000010
15;100100000001001000100000
18;000001000001001000100000
25;100010010000000010100000
18;000100010000000001010000
21;000001000100000010001000
24;100001010000001000000100
16;100100001000000100001000
18;000100010000000001100000
20;000010000100000100001000
14;100001000100001000000010
23;101000000100000010001000
20;000010000100001000001000
17;001000000001001000100000
20;100010100000000001010000
10;101000010000100000000001
12;010000000010100000000001
21;100001000001010000010000
19;100010000100000100001000
19;100100000100000001001000
24;100100010000000100100000
19;001000000100000001100000
11;100010000100000100000010
14;100001000100000001000001
15;100010010000001000000010
15;100010000010100000001000
20;101000000100000001010000
12;010000100000100000000001
17;000100010000100000100000
22;000010010000001000001000
19;110000100000001000000001
22;001000000100010000001000
9;000100001000000100000010
14;110000010000100000100000
20;010000000001000100000100
19;000100010000010000001000
17;000010100000000001100000
9;100001000100100000000001
18;000010001000010000001000
8;001000000001000001000010
14;000100000010000001000010
11;110000000001000001000001
11;100100000001100000010000
22;100001010000010000100000
22;110000000010010000100000
23;000001010000001000000100
19;101000000100000010000010
23;100010000100000010100000
11;001000010000000001000010
21;000100000010000010010000
1;110000001000000001000010
20;001000000010000010010000
16;000010000100000001000001
8;010000100000000001000010
15;100001001000000001000100
16;000010001000010000100000
21;000001000100000010001000
14;100001000010000100000010
21;101000000010000010000100
22;001000100000000100000100
16;100001001000000100000100
14;100010000001000001000001
13;101000001000000010000010
18;000010000100000100000100
24;110000000100000010001000
11;100010001000000001000001
22;000010010000000010000100
11;101000010000100000001000
19;010000001000001000000100
20;100010010000010000000001
20;100100000010001000000100
17;100100000001000010000100
22;100001000010000100001000
18;100001100000100000001000
21;010000000010000010010000
12;100010001000000010000001
11;000010000001100000000100
17;000100001000000100001000
18;100010000010010000000001
24;000010010000000010100000
20;100010010000000001010000
24;100001000100000100010000
17;001000100000000001000100
19;110000000010000010000001
24;001000100000000100010000
23;000001010000001000100000
17;100100100000000001001000
11;100010000100000100000010
7;000100010000100000000010
13;010000010000010000000010
8;000010001000000100000010
21;101000000010000100000100
19;000100000100001000000100
20;100010010000000001100000
15;000010100000100000000001
13;010000100000010000000010
14;101000000001000001000001
24;001000000010000100100000
19;110000000001000010001000
23;000100000100010000001000
22;000010010000010000000100
15;100001000100000100000001
22;100001000100001000100000
18;000100010000000001001000
24;100100000100010000010000
22;100100010000000010010000
22;000010000010010000010000
18;110000001000000010000100
21;110000000100000100000001
16;100010000010000010000001
14;000010100000010000000010
14;110000010000100000001000
8;001000001000100000010000
16;110000000100100000001000
19;100100000001010000000100
14;101000000001000001000001
19;100100010000000001010000
22;000010010000000100100000
20;101000000001000010000100
22;100100100000010000000100
17;100100100000001000000001
14;100010001000001000000001
16;101000010000000001010000
17;000100100000100000000100
21;100100000100010000000001
20;101000100000000010000001
20;100010010000000001001000
7;100100000001001000000010
3;000010001000100000000001
21;000100000100000100001000
11;000010001000000010000001
14;010000000010000001000010
15;101000000100000100000010
24;110000000100000100010000
17;100010001000000100001000
13;010000000001000001001000
17;001000000001010000001000
17;000001000100100000010000
19;010000100000000010000010
12;100100000010100000001000
20;100010010000001000000001
21;000001100000000010000100
24;000010000100000010010000
19;000100100000010000010000
24;110000000100000100001000
22;100001000010001000010000
20;100100000010000100001000
23;000001000010001000010000
20;100001100000100000000100
7;000001000001100000000001
14;001000000010100000010000
18;000010010000100000100000
19;100100000010000001000100
20;100100000100001000000100
19;000010010000000001010000
20;100001000010000100000100
15;101000000001000001010000
16;001000010000000100000010
10;110000000001100000000001
19;000010100000000001010000
13;110000000010000001000010
18;010000000010000001010000
18;000010001000000010100000
14;001000001000010000100000
13;100100001000001000000001
13;100001000001000100000010
19;101000000100000010000010
12;100001000010000010000010
21;010000000010010000100000
23;101000010000000010100000
6;100100001000001000000010
16;110000000010100000000100
16;000010100000100000100000
21;100010000100010000100000
19;110000000001010000100000
20;000001000010000001100000
17;101000000010000001000001
23;101000000100000100001000
20;001000000010010000100000
11;001000000010100000000001
12;101000001000000001010000
16;100100000001000001010000
15;000010000010000010000001
19;000010010000000001100000
15;010000000010100000001000
17;100100000001010000010000
17;010000000001001000000001
20;100010000001010000010000
15;000100000010100000010000
19;000100001000000100010000
15;010000000100100000000100
22;000001000100000001010000
16;000100000010001000000001
10;101000000001100000010000
21;000001100000010000100000
17;100001100000001000000001
19;000001100000100000010000
13;001000001000000010000001
13;000010001000010000000001
10;001000001000100000100000
17;100010000100000010000100
24;100100000100010000100000
12;000001000001000010000010
21;110000000010000100000001
17;000100001000010000001000
14;100100000100100000001000
16;100001010000000001000001
9;100010000010100000000010
16;000010000001000100000001
22;110000000010000010010000
19;100001010000000100000001
23;100010000100000010010000
16;000100100000000001001000
19;000010100000000100000001
16;000010001000001000000100
18;010000000100000001100000
19;000010000001010000010000
23;100100000100000001010000
17;000010000010010000000001
21;110000000001001000000100
18;000010000010000010000100
22;110000000010000010010000
23;100010000010010000010000
22;000010010000001000100000
16;000010000001000001000100
19;101000100000010000000100
23;101000000100001000100000
19;010000000010010000000010
17;101000010000010000001000
17;100010000010100000010000
18;000100010000000001100000
8;000100000001001000000010
20;000001010000000001100000
22;000010010000000010001000
23;100010000010000100010000
21;100010010000010000100000
16;001000001000000010010000
22;001000000100000100001000
16;100001010000100000010000
19;100100010000001000000001
19;001000000001000100000100
17;100010000010000100000100
22;000010010000000100001000
22;001000010000000100000100
17;100010000010000100000100
22;100001000100010000000100
19;010000001000001000000100
15;100001000100001000000001
21;000010000001000100010000
13;110000000010000001000010
19;000001000010001000000100
5;100100001000000001000010
22;110000000010000010001000
15;101000000001000001100000
17;000001001000000010100000
11;110000000001100000001000
20;110000000010010000000010
20;000001000001010000000100
5;100100001000000001000010
14;100001100000000010000010
15;010000000010100000010000
23;000001000100010000010000
22;100001000010000010010000
24;110000000100010000000100
17;100010001000000100010000
20;101000000100000100000001
10;100001001000010000000010
19;101000010000001000001000
14;100100010000001000000010
22;100100100000000010000100
12;000100000100000001000010
14;001000000001000001001000
17;000100000001010000000001
25;000001000010000100010000
19;010000000010000100000010
15;010000010000000001000001
18;000001100000010000000001
14;110000000010000001000001
16;000010001000001000000100
13;000001000100100000001000
0;100100001000100000000010
14;000001001000000001000100
14;001000000100100000000100
20;100100100000010000010000
14;100100000001000010000001
19;000100010000010000010000
7;100100000001001000000010
0;010000001000100000000010
18;100001000010100000100000
17;000100010000100000100000
21;100001000100000001001000
19;110000000001000010100000
19;000010000001010000010000
22;110000010000000010001000
21;000100010000001000100000
22;110000010000001000001000
17;101000100000010000010000
14;100100000100000100000010
14;000100001000000100000001
16;100100010000100000000100
20;000010100000001000100000
21;100010000010001000001000
21;100001000100000001100000
15;010000000010100000000100
16;000100000001001000100000
14;100010000001100000010000
20;100010000010000001001000
23;000100000100000100010000
14;100100000100000100000010
17;001000000010001000000001
20;001000000010000010000100
20;100010100000000001010000
20;100010000010000001001000
21;010000100000000010100000
20;100001000100000100000100
24;100100000100010000100000
12;010000001000000001001000
16;110000000100000100000010
0;110000001000100000000010
21;000010000001000010010000
14;001000100000001000000010
14;101000000001000100000010
12;101000000001100000000100
24;100100000100001000010000
24;001000010000000100100000
22;110000010000001000100000
19;100100000100001000000001
11;100100000001100000010000
12;010000000001100000100000
21;000010000001000010100000
20;001000000010010000100000
9;101000001000001000000010
18;101000000001000010001000
11;001000001000000001100000
14;100010001000001000000001
18;000001010000000010000001
24;100001000100010000001000
24;110000010000000100001000
21;000100000100000010001000
11;110000000100000001000010
12;000100001000000001100000
6;110000100000100000000010
19;100001100000000001100000
19;001000000010010000000001
20;100100000010001000100000
15;010000000010100000001000
19;000100000010000010000100
16;001000000001000001000100
20;000010100000001000001000
23;000100100000000010100000
23;000001010000000100010000
21;110000000001000100100000
20;101000000100000001010000
7;110000001000100000000001
19;110000000001010000001000
6;100001000001100000000001
18;000001000100010000000001
20;110000010000010000100000
20;110000001000001000000100
14;000100001000000001010000
14;101000001000000001001000
17;000010000100000001000100
9;100010001000001000000010
16;001000001000000010001000
16;110000000100000100000010
14;101000000001000100000010
15;000001010000100000010000
22;001000000010000010100000
13;100100001000000010000001
11;010000000010100000000010
18;100001001000010000100000
11;000010000100100000000001
10;001000001000100000100000
5;101000001000010000000010
12;010000001000000001010000
18;110000000001000010000001
12;000001001000000100000001
14;100100000001001000000001
17;100100000001010000001000
24;000010000010000100010000
17;000001001000000100100000
22;101000000001000010100000
11;000010100000000001000010
13;000010010000100000000001
15;101000000100010000000010
15;110000000001000100000010
18;001000000100000010000010
19;100010100000000100100000
23;000100100000000010010000
25;100010100000000010010000
17;000100000010000100000010
15;100010001000010000000100
11;000010001000000010000001
12;001000010000100000001000
22;100001000010000100001000
18;100001001000000010010000
20;100100000010001000000100
22;100001010000000010100000
18;100001000001000001001000
9;000100001000100000010000
18;000001000001000010000100
20;110000100000000010100000
15;100001000100000010000001
19;010000100000010000001000
22;000001010000000001000100
17;101000001000001000001000
20;100100100000010000010000
19;000100001000000010100000
19;000010100000000001000100
24;100100010000000100100000
23;010000100000000010000100
16;001000001000010000000100
21;100100100000000100000001
13;000100000010100000001000
17;000010000010000001000100
24;100001010000001000010000
13;010000010000001000000010
10;010000000001001000000010
21;100010000100010000010000
13;000100000100000100000010
21;101000000010001000000100
16;100100000001010000000001
21;101000000100000010000100
15;110000010000000001100000
17;010000001000000010001000
18;110000001000000100100000
17;000100001000010000000100
14;100100100000010000000010
15;000100001000010000010000
18;000100000001010000010000
16;001000000001000001010000
19;100010001000000010100000
20;000001000010000001100000
21;010000010000001000001000
9;101000001000001000000010
20;001000000010000010010000
21;101000100000001000001000
19;100100100000000010000001
19;000001000010000100000100
16;000100000010001000000001
20;010000010000000010000001
10;000100000010100000000001
16;000010000001000001000100
23;000100000100010000001000
20;000100000001000010010000
19;100100000100000010000001
24;100001010000010000000100
19;100001000010000001001000
17;101000100000100000000100
6;000010000100100000000010
15;000001000010010000000010
14;000010010000100000001000
23;010000000010000100100000
18;000100000010010000000001
19;101000000010010000010000
21;010000010000001000001000
24;110000010000000100010000
23;000001000100000010100000
15;100001000010010000000001
12;010000000001010000000010
17;000100100000000010000010
18;000100000010000001001000
13;000010000001100000010000
20;101000000010000001001000
22;110000010000001000001000
17;000001000100100000010000
12;110000000001000001100000
16;000010001000010000010000
11;000100001000100000100000
19;110000000001010000010000
15;100010100000001000000010
10;001000000010100000000010
17;010000001000001000001000
21;010000000010010000100000
21;010000000010010000100000
14;000100001000000001000100
14;110000001000000010000010
12;100100000010100000001000
18;010000010000000001000100
8;110000010000100000000010
20;000010100000000100100000
23;100001010000000001000100
18;001000100000000010000010
0;100100001000100000000010
14;000100100000100000000001
16;100001001000000010100000
14;010000001000010000000001
20;100100100000010000001000
24;110000010000000010000100
15;000001010000100000001000
11;001000000001100000010000
19;001000100000001000000001
23;100100010000000100000001
15;100010000100000001000001
13;000001001000100000100000
20;010000010000000010000001
14;001000000100001000000010
21;000001100000010000001000
13;001000001000000010000001
16;100010000010001000000001
23;010000000100010000010000
24;100001010000010000000100
20;100001100000000010100000
18;100100000010100000100000
19;000100000010000010001000
21;100001010000000001010000
14;100001000100100000000100
20;000100000100000001100000
18;110000001000000100100000
24;110000010000000100010000
17;100100000001000100001000
20;000100010000001000000001
9;000001001000000100000010
9;001000100000000001000010
17;000001001000010000100000
22;100100000010001000010000
16;100010000001000100000100
22;001000100000000100100000
18;000100000001000100001000
22;001000100000000100001000
9;100010000001000001000010
17;001000000001000010001000
10;101000010000000001000010
9;000001000001000001000010
19;100010000010010000000100
20;000010100000010000001000
23;000001000010010000001000
22;100001000100001000001000
16;001000000010000001000001
15;010000000001000001000100
17;000010000001001000000100
16;000100100000000001100000
22;000010000010010000001000
17;101000010000010000010000
14;110000100000010000000010
21;000100100000000100000100
20;100100010000010000001000
13;000010000001000010000010
9;101000001000100000001000
16;000010000001000001000100
20;110000000001000100000001
22;110000100000000100100000
4;000100001000100000000001
21;000001010000010000001000
22;100001100000000100001000
17;000100100000100000010000
21;110000000010010000000001
16;100001001000000010100000
17;110000001000001000000001
19;100100010000010000000001
12;100010001000000001000100
10;100010000100100000000001
18;010000000001010000100000
22;000010010000000010000100
20;000010100000000100100000
10;110000000100100000000010
17;100100100000000001001000
15;000010001000000001010000
24;110000000100010000010000
22;110000010000001000001000
23;010000000010000100100000
17;100001010000010000000001
16;101000100000000001001000
15;000100000100010000000010
20;110000100000001000100000
23;000001010000001000010000
17;100010100000100000001000
17;100001100000010000000001
16;001000001000000010000100
14;000100001000001000000001
23;100010000010001000010000
20;000010000100001000100000
13;000001000010000001000001
19;101000001000000100001000
18;001000100000010000010000
17;101000010000000010000010
19;000010000100000001100000
14;001000010000100000000100
21;110000000001000010010000
6;010000001000100000000001
1;100100000001100000000010
22;100100010000000010010000
16;001000001000001000100000
20;000010000100000100100000
17;110000001000001000000001
20;001000000100001000000100
17;000001010000000100000010
14;100001000010010000000010
20;110000000010000010100000
17;000100001000001000000100
16;000010000001000100000001
11;000010000100100000000001
17;101000100000010000100000
18;100010100000000001000100
13;000001000001000010000001
20;000100010000000001000100
14;100010010000100000000001
19;100010001000000010010000
22;101000000001000100100000
22;001000000100010000010000
18;100001100000100000100000
14;000100001000000001000100
19;101000010000000010010000
20;000001000001010000100000
21;000100100000000100001000
23;010000000100000010100000
0;110000001000100000000010
16;001000001000001000001000
16;010000000001000010000010
16;000010000001000001000100
18;101000000001000010010000
17;100010000010000100000100
17;000100000100100000010000
19;101000001000001000000100
21;110000100000000100000001
17;101000001000001000001000
11;100010000100001000000010
23;101000000010001000100000
4;000100001000100000000001
19;100001000001000010100000
11;100010000100100000000100
20;000010000100001000001000
18;000100100000000001010000
23;000001000010010000010000
21;100010000100010000010000
19;101000000010001000010000
19;001000000001001000000100
13;100010000100010000000010
17;001000000010001000000001
14;101000000100000001000010
15;100010000010100000001000
21;101000000100000100010000
9;001000000001001000000010
10;000010001000100000010000
18;000100000001010000010000
24;100001010000001000000100
19;100010000010010000000100
22;110000100000000100001000
22;110000100000010000000100
14;000001001000000001100000
21;101000000100010000000100
23;100010000010001000010000
16;000010000010010000000010
22;100100100000000100100000
22;001000000100010000010000
17;100010001000001000100000
15;010000000100001000000010
15;110000010000000001010000
8;001000001000100000001000
23;000100000100010000010000
13;000010001000000001000100
23;000001010000001000001000
18;001000000100000001000001
20;101000000100000001100000
23;010000100000001000000100
23;100100010000000100000001
17;101000001000000100010000
16;100010000001001000000100
24;100100000100001000010000
17;100010100000100000100000
19;000001001000001000010000
11;100100000001000100000010
13;000010001000000100000001
14;100100010000100000010000
22;100001010000000010100000
16;000010000010100000010000
21;110000000100000100000001
23;010000000010000100001000
20;010000000001001000000100
14;100010000001000010000010
16;100010001000000001001000
12;110000000010100000000010
17;000001001000001000000100
12;101000001000000001010000
12;010000000001100000010000
19;100010000100010000000100
22;001000000100000100010000
20;000010010000010000001000
13;110000000010100000000001
16;100100000001000001000100
20;001000000010000100000100
17;100010000001010000000001
22;000010000100010000001000
17;000010100000000001100000
22;100001010000000010001000
8;100001001000000001000001
6;100100000001100000000001
16;100001010000100000001000
20;100100010000010000100000
17;001000100000000001000100
9;000001001000000010000010
21;100001010000000001100000
20;100010010000000010000001
14;000010001000000100000100
9;000001001000000001000001
15;100010000001000001000100
12;010000010000100000000001
14;100100100000010000000010
21;100010100000001000000100
19;010000100000010000001000
16;100001010000100000010000
13;100001000001000100000010
14;001000010000100000000100
19;100100000100001000000001
16;100001010000010000000010
21;101000100000000010010000
19;101000001000001000000100
23;000001010000001000010000
16;010000001000001000000001
5;101000010000100000000010
14;100100000100001000000010
18;110000001000000010010000
23;010000000100001000100000
15;100010010000100000001000
11;101000001000000100000010
9;001000000001100000001000
15;000001100000000001000001
21;000100000100000010001000
20;100100000100000100001000
19;010000010000010000001000
21;000100100000001000010000
14;000001010000000001000010
15;000001000100000010000010
16;000100100000000001001000
17;101000100000010000001000
8;000010010000100000000010
9;010000001000001000000010
15;000001010000010000000010
21;000100100000001000010000
21;010000000010010000100000
21;000100000010000010010000
17;101000010000010000010000
21;101000000100010000000100
22;100001000010000100001000
14;110000010000100000001000
20;000010100000000100000100
22;000010000100001000010000
1;100001001000100000000001
18;100001001000001000000100
14;100010000010000001000010
23;100010000010010000001000
23;000100010000000010000100
16;001000000001000010000001
20;100001000100000010000100
19;100010000100001000001000
12;010000000100000001000010
23;100010010000001000001000
22;100001000010010000010000
22;110000010000001000010000
23;010000000010000100010000
14;100100010000100000001000
17;001000000010000010000001
19;100001100000000001001000
19;000100000100001000000100
16;101000000001010000001000
15;100010001000001000000100
7;000100000001000001000010
17;001000000001010000001000
15;100010000001001000000001
17;101000001000000100010000
24;100001100000001000000100
23;000001000010010000010000
18;100010000001001000001000
22;001000000100000010010000
18;000010100000100000010000
20;100010000100000001010000
16;100001001000000010000100
24;100100010000000010000100
16;001000000100100000010000
21;100100010000000010000001
12;000010000100001000000010
21;000100010000001000100000
22;001000100000000010010000
19;101000000100100000100000
19;100100000100000001000100
19;000010010000010000000001
11;100001001000001000000001
21;110000000001000100000100
21;100010010000010000010000
17;000001001000001000000100
23;000001010000001000010000
7;010000000001000001000010
24;110000000100010000000100
10;100100000010100000000010
23;100100010000000100000001
15;110000100000000001000100
14;000001000001100000010000
16;000100000010000010000001
9;100001001000000010000001
23;101000000100000010001000
14;100010010000000001000010
12;110000100000100000001000
18;100100000100000010000010
14;000010000010001000000010
18;000100010000000001100000
16;000100000010001000000001
20;000001100000000001000100
18;000001100000000001001000
13;000100100000001000000010
14;001000000001000001100000
21;110000000100001000000001
22;100001000010010000001000
12;000100000100100000000001
18;100001010000100000000100
17;001000100000010000000001
19;010000010000010000001000
20;000010000100000100001000
15;100001000001100000010000
15;000001100000000100000010
17;101000000010001000000010
10;010000000001100000001000
17;000010000001001000100000
13;000100000100100000000100
12;000100001000000010000001
19;100001100000000001100000
17;000100001000000100001000
19;010000000010000100000010
15;101000100000100000100000
22;100001100000001000001000
10;110000001000001000000010
18;100001001000001000001000
18;100001001000010000100000
11;100001000001000010000010
23;000100000100010000010000
24;100001010000000100001000
23;010000000100000010100000
23;010000100000000010000100
16;100001001000000010000100
17;000010100000000001100000
17;000010000001000010000100
11;100001000010000001000010
15;100010000001001000000001
12;100100100000001000000010
15;101000000001000001010000
21;000100000100000100001000
19;110000100000000010000001
16;100100100000000001000001
17;000010000001001000100000
20;100100010000010000001000
13;010000000001000001100000
20;100100100000010000100000
20;110000001000001000000100
8;000010000001000001000010
18;000100000001010000001000
18;100010000100010000000001
11;100100000001100000010000
22;001000010000000100001000
15;100010000001000001000100
14;000100001000000001000100
22;000010100000001000000100
13;100100001000000001001000
21;100010100000001000100000
14;100001100000000001000001
18;100001001000010000100000
19;101000000100000010000010
9;010000001000100000001000
24;110000000100001000010000
18;000001100000000100000001
21;000010000001000010100000
19;100001100000000001001000
14;101000100000100000000001
18;000001000001001000000100
14;000010000010000001000001
8;000010010000100000000010
20;010000000010010000000001
8;000010001000001000000010
17;000001010000000100000010
16;100010001000000001001000
22;110000000100000010100000
16;101000000010000001000010
19;000001001000010000001000
14;100100000001001000000001
14;001000001000010000010000
18;000100000010010000000001
18;000001000001000010000100
18;100100010000000100000010
15;010000000010100000001000
21;100010010000010000000100
21;101000000100001000000100
15;100100000001001000100000
22;000010010000000100000100
18;010000000010001000000001
22;001000000100000100001000
23;000001100000000100010000
15;100010001000000100100000
17;100100100000000001100000
13;000001000010000001000001
20;100100000100000010001000
21;010000000010000100000100
19;110000100000010000000001
16;000010100000000001000001
13;100100000100100000000001
16;001000010000000001000001
16;100010001000000001001000
10;001000000010100000000010
20;100001000100000010000100
15;100001010000000001000010
20;010000000010010000000001
14;000100000001000001000001
23;010000100000000100000100
22;100100000100000100100000
20;100001100000100000000100
23;010000000100001000001000
20;101000000001000010000100
18;000010000010000100000100
18;001000000010010000000010
7;000100000100100000000010
22;100100010000000010010000
9;000001001000000010000010
16;100100000001010000000001
13;001000000100000001000010
18;000001000100000001000100
11;101000001000100000100000
16;001000000001000010000001
9;100010000001100000000001
16;000010010000100000000100
23;101000100000000010001000
15;000100001000001000001000
10;101000000001010000000010
16;000010000010000100000010
15;000010000010000010000001
20;100010000001000100010000
8;001000100000100000000010
21;101000000100010000000100
17;100010001000000100001000
11;101000010000001000000010
21;100001000100000001001000
1;110000001000000001000010
13;000001000010100000001000
14;100100010000100000001000
22;100001100000000100000100
18;000001010000000010000001
16;000100000010001000000001
22;000010010000000010000100
15;000001100000000100000010
20;001000100000001000001000
24;100100000010000100010000
18;100001000010100000100000
16;100010000001100000100000
15;101000000010100000001000
19;000001001000010000001000
22;010000100000000100000001
11;100010001000100000010000
19;100100000100000100000001
14;100100000100001000000010
14;110000000010000001000001
21;000100000010010000000100
6;110000100000100000000010
16;100100100000000001000001
23;100010010000000010001000
9;101000000001000001000010
15;100010000001000001000100
12;000001010000100000000001
20;010000000001000010010000
20;100001000100000010000100
15;000001100000000010000010
12;100010001000000001000100
10;000010001000000001000001
17;000010100000000001001000
16;001000100000100000000100
20;100001000010000010000100
10;000001001000000010000001
19;100001000001000010001000
18;110000001000001000100000
7;000100000100100000000010
21;100001010000000001010000
19;000100000010000010001000
21;000100000100000010001000
11;110000001000000001000100
14;100001100000000010000010
23;000001000100001000010000
10;000001001000000010000001
20;010000000001000100001000
14;000100001000001000000001
18;110000000010000010000010
20;010000000100000100000001
24;100100010000000100000100
16;001000000010000001000001
13;010000010000001000000010
18;000100000001001000000100
13;000100000100000100000010
12;100010100000000001000010
15;101000000001010000000001
19;000100000100000100000100
15;100010010000010000000010
17;000100001000000010010000
17;000010000001001000000100
11;110000001000000001001000
24;110000000100001000010000
20;001000000100000100000100
15;100010010000100000010000
11;101000010000100000010000
18;100100000010000010001000
18;110000001000000100100000
13;101000000010100000010000
14;001000000100001000000010
21;100001000100000001100000
14;100010000001000010000010
23;101000000100000010001000
9;000001001000000010000010
19;000010100000010000000001
16;100001001000000010000100
8;001000001000100000000100
17;001000000001001000100000
19;010000010000000010000010
15;000001000100000001000001
21;100010100000000100010000
12;001000100000010000000010
19;000010100000000100000001
24;100100000010000100100000
19;010000000010000100000010
22;100001010000010000100000
22;000010000010000100100000
15;101000100000001000000010
17;010000000001000010000001
20;010000000001001000010000
18;001000001000000100100000
15;000100100000000001000001
12;001000010000001000000010
17;000001010000000100000010
15;100010001000010000000100
17;110000000010000001001000
20;100100000100000100000100
11;100010001000100000010000
16;100001100000000100000010
17;000100001000001000010000
22;000010000010000100100000
20;100100000100001000000100
19;000010000100000001001000
22;001000100000000100001000
17;101000010000010000010000
21;110000000001010000000100
19;100001000010000001100000
15;001000001000000100000001
23;100010010000001000010000
19;000010000100010000000001
8;001000000001000001000010
24;100001010000000010000100
16;110000000100100000100000
17;101000010000000010000010
10;100010000100000001000010
17;101000010000000010000010
14;100001000100000010000010
18;100100000100000010000010
16;001000010000000100000010
19;101000010000001000010000
20;101000000100000010000001
21;100010010000010000010000
0;001000001000100000000010
21;000001000100001000100000
18;110000001000000010010000
16;100010000100000001000100
20;001000010000001000100000
19;100100000010010000000001
23;010000000100010000001000
9;010000001000000001000001
21;100010000010000100100000
17;000010100000000010000001
11;001000000001100000010000
22;000010100000001000010000
22;110000010000000010001000
21;100010000010000100001000
16;101000010000000001001000
18;100010000100010000000001
19;000010010000000001001000
20;000010100000010000010000
20;000001000100000001100000
19;100100100000000001010000
15;000001010000100000010000
16;101000000001010000010000
13;000100010000001000000010
21;101000010000001000000100
11;001000000010100000000001
18;100100100000100000000100
9;010000000100100000000010
18;000100100000000001010000
23;000001000100001000010000
17;001000010000010000000001
13;000100100000001000000010
13;000100010000100000001000
23;000001010000000100100000
0;001000001000100000000010
20;000001100000000001000100
19;001000010000001000000001
14;100001001000100000100000
20;100001001000010000001000
14;100001000100000010000010
11;000010001000000010000001
20;100010010000000100000001
16;000010100000000010000010
7;000100000001100000000001
22;000010000100000100010000
20;100100000100000100000100
7;000001000010100000000010
17;101000000010000010000010
13;001000001000000001001000
14;100001000100000010000010
17;100010000010000010000100
12;010000000010100000000001
22;110000000010001000001000
22;100100100000000100001000
17;010000000010000010000010
16;100010000100000001000100
18;000001000001000010000100
11;000010000001010000000010
17;100010001000000010001000
16;110000000100000100000010
19;100010010000000010000010
4;101000001000000001000010
16;110000000100000001000001
2;000100000001100000000010
13;001000001000010000000001
23;100010000010000010010000
16;101000000001010000100000
24;100100010000000100100000
17;000010100000000001100000
16;010000000001000010000010
22;000001000100000001010000
23;101000100000000100001000
15;010000000100000100000010
17;001000000001001000100000
23;000001100000001000010000
18;010000000001000010001000
19;000010000001010000100000
15;000001010000010000000010
21;110000100000000100000001
12;100001001000100000010000
20;110000000010001000100000
20;100010000010000001001000
16;001000001000001000001000
14;000010000010001000000010
19;101000000100000001000001
22;001000000010001000100000
11;000010000100100000000001
9;000001010000100000000010
17;001000000001000010001000
22;010000010000000100000001
16;000010000010100000010000
20;000001000001000100100000
20;101000000100000001100000
20;100001000010000100000100
16;100100001000010000010000
15;000001000100000010000010
20;100100010000010000001000
19;101000010000010000000100
23;000001000100001000010000
13;001000100000100000000001
16;001000010000000001000001
21;100010000010000010001000
20;100010000001010000001000
18;100001100000100000100000
17;100010000010000100000100
15;010000000100000100000010
20;001000010000001000100000
18;000100000100000001000100
18;100100100000100000000100
20;001000000010000100000100
21;000001100000010000100000
9;000100100000100000000010
23;000001100000000100010000
17;100010000001000001100000
4;000100001000100000000001
10;100010000100000001000010
21;000001000010010000000100
19;100010000100000010001000
15;010000000010100000001000
23;000100010000000010000100
17;110000001000001000000001
18;100001001000000010010000
20;110000000010000100000010
0;001000001000100000000010
13;001000000001000001000001
20;100010010000000100000001
19;110000100000010000000001
15;100001000100001000000001
17;100100000010001000000001
21;100010100000010000001000
23;010000000100010000001000
16;110000000010100000001000
13;000001000100100000000100
16;110000000100100000000100
25;100010100000000010010000
15;101000010000000001000001
14;001000000100100000001000
22;100100100000000100100000
18;000010000100001000000100
7;100001000010100000000001
10;000010001000000010000010
11;100010001000100000010000
23;000001000100010000010000
20;100100000100000100001000
20;100010010000000001010000
23;101000100000001000000100
5;101000001000010000000010
13;100010000100010000000010
20;000010100000000100100000
19;100010010000000001000001
9;010000001000100000100000
8;100100010000100000000010
19;000010010000000010000001
16;110000000100000001000001
22;100001100000010000010000
17;000100010000000001000001
21;010000000010001000000100
22;000010000010010000100000
12;100100001000100000100000
19;100001000001001000100000
19;100010010000000010000010
15;010000000100100000000100
21;010000000010001000010000
18;100010000001001000001000
16;100100100000100000100000
22;000010000010001000010000
14;101000000100100000000001
20;001000100000010000000100
13;110000000001010000000010
23;101000010000000010100000
9;010000001000100000001000
10;000100000001100000000100
21;000100000010001000100000
19;000100010000010000100000
17;000001001000001000100000
18;000001100000000001100000
12;100001100000100000000010
17;101000000010000010000010
11;000010000001000100000010
22;001000010000001000000100
14;001000000100001000000010
22;110000010000000010100000
0;001000001000100000000010
18;110000000010001000000010
23;100010100000001000010000
9;000010000001100000001000
12;100001000001001000000001
17;000010000001000100000100
19;100100000100000001000100
19;100010100000000100000100
19;100001010000000100000001
13;000001000001001000000001
22;001000000100001000001000
16;001000001000010000001000
15;000100001000000010000100
16;100010000001000100000100
22;001000010000001000000100
19;001000000010010000000001
10;100100100000100000000010
9;101000000100100000000010
20;100100100000010000010000
17;010000000010001000000010
16;101000010000000001010000
18;100001001000010000100000
23;000001000010000010010000
9;000100100000100000000010
21;000010000001000010010000
11;110000001000000001000100
21;101000000010001000001000
21;000100000100001000100000
17;100010000010100000010000
20;100010000001010000001000
11;001000010000100000000001
16;100010000010000100000001
17;100001001000000001001000
19;101000010000010000000100
13;101000001000010000100000
24;110000000100000010001000
24;001000010000000010100000
14;100100010000100000010000
17;101000100000000100000010
20;100010010000000010000001
11;100100000001100000010000
16;100100000001000100000001
21;000100000010010000010000
19;000001001000000010010000
16;100100000001000001010000
18;101000100000000001000100
21;000100100000000100100000
11;100001010000100000000001
15;001000001000000100000001
21;000010000100000001010000
18;110000001000000100000100
16;101000010000000001001000
8;001000000001000001000010
19;000010100000000001000100
20;101000100000000010000001
20;101000000100000100000001
20;001000010000000010001000
13;010000100000100000001000
13;100100001000000010000001
19;110000000001010000010000
20;101000000100010000000001
20;000001010000000001001000
18;110000001000000100100000
14;110000010000100000001000
16;001000001000000010001000
21;000001000010000010100000
10;000001000100100000000001
21;000010000010000001010000
21;110000000100001000000001
15;000001100000001000000010
16;000010000001000100000001
23;010000000100010000000100
21;000001100000010000010000
14;000100001000000001010000
25;100010010000000010100000
15;000001000100000010000010
22;100001100000010000010000
13;000010001000000001100000
20;000001010000000100000001
21;010000000010000010010000
23;000001010000000010001000
23;000001000100000010100000
18;010000100000010000000001
16;100010001000000001001000
19;000010100000001000000001
21;100010100000001000000100
19;001000000100000001000100
15;101000000100100000001000
23;000001010000010000000100
24;110000000100010000001000
14;000001001000000001100000
13;110000000010000001000010
22;110000000100000010100000
12;001000001000000010000010
19;100100000100000100000001
17;010000000100100000010000
18;100001100000100000100000
16;110000000100100000100000
18;001000100000010000001000
16;001000100000100000000100
14;001000000001000001001000
22;001000000100000100010000
19;101000100000010000000100
17;000010100000000001100000
11;110000001000000001010000
22;100100000010001000010000
14;000100001000000100000001
6;100010001000000001000010
16;000001000100001000000001
16;000010001000010000010000
11;100010000100100000001000
15;000001001000000100000100
20;100100010000001000010000
19;100001000001001000001000
13;000010010000000001000010
21;000100000100000100001000
11;100010000100100000001000
17;100010000100000010000100
6;000010000100100000000010
22;100100000010000010010000
21;101000010000000010000100
20;000010000010001000001000
14;001000000010100000010000
21;100010010000000100001000
14;100100010000100000010000
12;001000010000001000000010
16;001000001000010000001000
10;001000001000100000100000
21;010000100000001000001000
14;100100010000001000000010
16;000010100000100000100000
19;010000010000010000100000
13;000001000010001000000010
19;000100100000001000001000
21;101000000100001000010000
20;110000100000010000100000
20;000010000010001000001000
18;100010100000000100000001
19;000010000100000001100000
19;100001000010000001000100
21;110000000001000100100000
14;100001000010000100000010
22;100001100000010000100000
17;100100100000000001100000
17;001000000001001000100000
16;001000010000000001000001
14;110000010000100000001000
20;100100000010000100000100
19;000001100000100000010000
12;100010001000000010000001
22;000010100000001000010000
19;000100000010000010000100
17;101000100000010000001000
20;001000000100000100000100
15;000010001000000001001000
22;100100100000000010000100
20;001000100000001000100000
18;110000000001010000000001
19;100001000001001000100000
22;000100000001000100010000
22;110000000010000010001000
13;100100001000000010000001
17;000001001000000010001000
24;110000010000000100001000
9;100010001000010000000010
20;100100000100100000100000
20;000001000001010000100000
11;110000000001001000000010
17;100001100000001000000001
24;100001100000001000010000
20;100010000001010000010000
15;010000010000100000100000
19;000001001000000100001000
23;000001010000000100010000
22;110000100000001000000100
15;101000000100010000000010
10;001000001000000001000001
15;101000001000000010010000
22;100100000010001000010000
16;100001010000100000010000
13;100010001000000100000100
4;100010000001100000000010
12;000100000001000100000010
24;110000000010000100001000
19;100010001000000010010000
19;100100010000000001001000
22;100100000010010000100000
22;000010010000000010000100
13;010000010000010000000010
7;000100000100100000000010
16;000010000001000001100000
18;000010000100001000000100
21;010000000010000010001000
13;000001000100000100000010
17;101000100000010000001000
17;100100000001001000010000
13;110000000001010000000010
20;000100000001000100100000
16;001000001000000100000100
17;110000000001000010000010
23;100010000010000010010000
14;000010001000000100000100
14;001000100000000001000001
21;000100000010010000100000
22;000010010000000010001000
14;000010100000000100000010
13;000001000100100000001000
16;101000100000000001100000
18;110000001000000100000100
20;100100000100000100000100
22;110000010000000010001000
9;000001001000000010000010
10;100100100000100000000010
22;100001000010000100100000
9;100010000001000001000010
19;000100100000010000010000
16;010000001000000100000001
18;000100000010000001001000
17;000100000100100000010000
16;101000010000000001100000
22;110000010000001000010000
7;010000000001000001000010
5;110000000001100000000010
15;000100100000000100000010
22;000010000100010000001000
22;000010010000000100010000
24;100001010000000100010000
21;010000000100000010000100
20;000100000001000100100000
14;000010000100010000000010
8;000010000001100000000001
8;000010001000100000001000
13;000100010000100000010000
14;001000001000010000010000
18;110000001000010000000100
13;010000010000010000000010
21;000001100000010000010000
14;101000001000000010000001
21;000100000010000100001000
18;100001001000010000100000
21;100010000010000010001000
15;101000100000100000010000
15;010000001000010000100000
13;000001000001001000000001
19;000010000100010000000001
20;000001000001001000010000
20;110000001000001000010000
23;010000000100010000001000
20;100010010000000010000001
17;100010100000100000001000
20;100001100000000010100000
15;100100001000000001010000
9;100010000001000001000010
4;101000000001100000000010
21;001000000001000100010000
21;101000010000000100001000
17;010000000001001000000001
21;101000000100000010000100
0;101000001000100000000010
14;100001000010100000000100
21;101000000100000010010000
16;000100000010001000000001
23;100010100000000010001000
18;100100001000010000000100
16;001000000001000001000100
22;000001010000000001000100
10;000010100000100000000010
24;110000000100000100001000
22;001000000100010000010000
18;100001000001000001001000
16;100100100000000001000001
7;101000001000100000010000
21;000100000010010000010000
20;100010010000000001000100
11;100010001000000001000001
17;100010000010000100000100
16;000010000010000100000010
22;100100000010010000010000
16;110000000100100000000100
19;000010010000000010000001
16;001000001000000100000100
19;100010000100001000001000
20;100100000100001000001000
15;000100001000010000100000
18;100100000010001000001000
15;100010010000000100000010
15;101000000100000100000010
10;000100100000000001000010
21;001000100000000100000001
14;110000000010100000100000
16;000010010000000100000010
17;000001010000000010000010
18;000100010000000001100000
4;100010000001100000000010
14;100001000001010000000001
22;100001000010000100100000
17;010000001000000010000100
16;000010000001000001000100
17;100001010000010000000001
19;100010001000000010100000
22;001000100000001000010000
10;000001000001001000000010
20;100100000100100000100000
24;100001000100010000010000
18;100001001000001000001000
23;000100010000000100000100
18;000010000100000010000100
24;110000000010010000000100
20;101000100000000010000001
15;000100001000010000100000
16;000100000010001000000001
18;000010000100001000000100
20;100001000010000010100000
21;010000000010000010100000
17;100010000010100000010000
24;100100010000000100100000
24;000010000100000010100000
15;100010000001000010000001
17;101000000010000010000010
15;000100100000000001000001
16;101000100000000001100000
22;100001010000010000001000
23;000001010000000010000100
15;000100010000100000000100
10;100100100000100000000010
20;110000100000010000010000
7;000100001000100000000100
19;100100000010000001100000
19;101000000010010000100000
18;001000000010010000000010
18;101000000010010000000001
21;000100000010010000000100
20;001000000010001000000100
10;010000001000000001100000
16;001000000100100000010000
22;001000000100010000010000
21;101000000100000100010000
16;000001000100001000000001
18;101000010000000010000001
22;000010000010010000010000
15;010000001000010000010000
22;001000100000001000010000
12;100010001000000001000100
22;001000100000000010000100
15;100001000100000100000001
22;100100000010010000010000
21;001000010000000100000001
19;000010010000000010000001
18;100100010000000100000010
21;000100000010010000100000
20;101000000001000100001000
13;100100001000000001100000
11;100100000001100000010000
17;010000001000010000000100
15;001000100000000001001000
7;000001000100100000000010
9;000100100000100000000010
20;010000000001000010100000
19;000100010000010000100000
16;001000000001010000000001
17;000010000100000100000001
22;100001000010010000001000
22;110000000100001000100000
16;001000010000100000100000
16;110000001000010000100000
21;101000000010000010000100
20;000001100000000001010000
20;100010000001010000010000
24;001000000010000100100000
17;010000010000000100000010
16;100010001000000001001000
23;100010000010001000010000
16;000010001000000100100000
21;100100100000000100000001
17;100100000001000100000100
16;110000000100100000001000
21;100100000100000001100000
17;000100000010010000000010
17;110000000010000001001000
14;100010000001000010000010
18;000100000001000100001000
14;110000010000001000000010
11;100001000010000001000010
10;100001001000001000000010
16;000001100000000010000001
20;010000000001000010000100
20;001000000010000010010000
15;101000100000100000100000
20;000010000100000100001000
15;100010010000000100000010
15;100100001000000001000100
9;000001010000100000000010
21;100001000001010000010000
23;000001000010001000010000
21;000010000100000001010000
13;110000010000100000000001
20;100001000010001000000100
21;101000000010010000000100
21;000100000100000100100000
17;001000000001010000100000
20;100100000100000010001000
19;001000000100000010000001
19;100001000001000010000100
17;100010000100100000100000
21;000001000010000010100000
21;100010100000010000001000
18;110000001000001000100000
22;100001000100010000000100
20;000001010000000001001000
19;000010010000000001100000
19;001000000010000100000001
24;110000010000000100000100
14;000001001000000001100000
17;000001100000100000001000
16;000001000001100000100000
20;100100100000010000100000
23;000100000100001000010000
19;001000000010000001010000
19;000001000010001000000100
23;100100000100000001010000
21;000001100000000010100000
15;000100100000100000001000
24;100100000100001000010000
24;100001100000001000010000
24;100100010000000100100000
22;001000000100000100010000
20;100100010000010000001000
11;000010000001100000000100
19;010000100000010000001000
20;001000010000000010001000
20;001000000010000010001000
13;110000010000100000000001
17;101000000010000001000001
15;100010010000010000000010
17;100010000001010000000001
21;110000000100000100000001
11;110000000001001000000010
17;000001010000000100000010
25;000100000100000010100000
10;110000000100100000000010
22;010000000001000100010000
12;000010000100001000000010
17;101000000010001000000010
19;101000000100000001000001
22;100100000100010000001000
19;110000000100000001010000
9;000010000010100000000001
22;110000000010000100100000
23;000001000100000010100000
22;000010010000001000010000
23;000001010000000100100000
16;001000000001010000000001
15;010000000010100000000100
16;000001001000000001010000
23;000100100000000010010000
19;000010010000010000000001
18;000100000100001000000001
19;100100010000000001100000
15;000100100000100000001000
18;001000000100000001000001
24;100001010000000100010000
15;100010000100000001000001
18;000010001000001000010000
19;100100010000000001010000
15;100010001000001000000100
11;001000000001010000000010
24;100001010000001000010000
16;110000100000000100000010
16;101000010000010000000001
15;000001000100010000000010
16;100010001000000001010000
20;100001001000000100010000
17;101000010000010000010000
15;101000010000100000100000
16;000001000010010000000001
17;010000000100000001000001
14;000010010000100000010000
17;100010001000001000100000
19;000001001000001000010000
20;100010100000010000000001
17;000010000100000100000001
16;000010000010010000000010
21;110000000010000100000001
20;100100100000001000000100
22;001000010000001000000100
22;110000010000001000100000
20;100100100000000010001000
15;000010100000100000000001
8;000010010000100000000010
14;100100000001000001100000
17;000100001000010000001000
13;000010001000000001100000
19;001000000010000100000001
21;001000000100000001010000
15;000001100000000010000010
23;000001010000000010001000
17;010000001000000010010000
11;000001100000100000000010
17;000100000010000100000010
22;101000000001000010100000
21;101000000100001000010000
20;100010100000010000000001
23;000001010000000100000100
16;000001000001100000100000
9;000100000010100000000010
13;000010001000001000000001
13;000010000001000001000001
17;010000001000010000000100
19;100010001000000010100000
14;100100100000010000000010
17;110000000100000001100000
22;000010100000001000010000
18;000001100000010000000001
13;001000001000000001010000
10;100010000001000100000010
12;000001000001100000000100
19;100100100000000010000001
21;000100010000000010001000
18;110000000001010000000001
20;010000000010010000000001
21;100100000001000010100000
23;100001000100000001010000
21;101000010000001000000100
20;000001000100000001100000
20;010000000010000100000001
15;000001000010000100000010
10;000001000001001000000010
14;001000000010100000001000
23;010000000100000010010000
11;100010000010100000000100
20;010000000010000100000001
17;101000100000010000001000
16;100001001000000010100000
13;100010000100010000000010
19;100010100000000010000100
10;110000001000100000001000
19;000010010000000010000001
10;100100001000000100000010
20;100100010000000010000010
18;000001000001000010000100
21;010000100000001000100000
25;101000000010000100100000
20;100001000010001000000100
18;100001001000000010001000
16;101000010000010000000001
18;000100000001010000001000
17;000010000001000010001000
14;001000100000100000001000
19;000010010000000001001000
21;100100000001000010100000
21;000100100000000100100000
22;110000010000001000001000
4;101000000001100000000010
15;110000000001000100000010
20;100100000010001000000100
15;000010001000000001010000
18;100001000010100000100000
8;001000000001100000000001
5;001000001000100000000001
8;001000000100100000000010
14;100100010000100000010000
20;010000000100000100000001
16;001000100000000100000010
14;100010000001000001000001
19;100001000001000010000100
20;100010000001010000100000
20;110000001000001000010000
16;000010001000001000000100
16;100010000001001000000100
18;001000100000010000010000
20;000001100000000001010000
21;000001100000010000001000
21;101000000010000010001000
19;000100100000010000010000
18;000001100000000100000001
13;001000000100000001000010
22;100001010000000010010000
17;100010000010010000000010
5;100100001000000001000010
21;110000000100000010000001
18;101000010000001000000001
17;000001010000100000000100
11;001000010000000001000010
11;000010100000000001000010
15;010000001000010000100000
24;100100010000000100100000
17;100010000100001000000100
17;001000100000000001010000
13;001000000001000100000010
18;100100010000000001000001
17;000001000100100000010000
18;000100000001000010000100
15;010000000100100000001000
18;000001000100000001000100
21;000100100000010000000100
12;100001001000100000010000
12;100001000001000010000001
15;101000000001000001010000
19;000010010000000001100000
20;000100000001010000000100
24;001000000100000010100000
14;010000100000000001001000
24;000010100000000010010000
13;000001000010000010000010
17;110000000010000001010000
15;101000000100000100000010
20;001000000010001000000100
11;100010001000000010000010
23;000100010000000100000100
15;000100100000000100000010
20;110000100000000010001000
19;010000100000010000100000
11;100010001000100000010000
23;010000000100000100100000
6;100001000001100000000001
14;000010100000000100000010
19;101000000010000100000010
22;100100000010000010010000
0;000100001000100000000010
24;110000000010010000000100
19;000100000010000010000100
16;100001001000000100000100
19;001000000010000001001000
23;000001010000000010001000
23;010000000100010000100000
18;000010001000001000010000
17;101000000010000001000001
12;000100000001100000010000
12;101000001000000001100000
23;100010000010010000100000
17;100010000001000001001000
17;000001001000001000000100
24;110000010000000100100000
15;101000000001000001100000
15;010000010000100000000100
22;100001100000001000001000
21;010000000010000010010000
16;010000010000000001010000
15;100010000001001000000001
19;100001000001000100000100
22;000010010000000100001000
18;100100000100100000010000
5;110000000001100000000010
21;000100010000000010001000
21;000100000010010000001000
20;100100000100000010000100
19;100001000010000001001000
22;001000100000000100000100
21;100001100000000001010000
15;100001001000000001000100
16;000010000100100000010000
23;000001010000000100100000
15;101000001000000010010000
19;000100000100000100000100
19;000100000010001000000100
19;000010010000000001010000
15;000001100000010000000010
18;101000000001000010010000
19;000010000001000100100000
20;100100010000010000001000
13;010000010000100000001000
22;001000100000000010100000
14;100100000001000001001000
23;100010000010010000010000
23;000001010000000010100000
16;001000001000000100000100
20;001000000010000010010000
10;100001001000010000000010
24;100100010000000100100000
17;000100000010000100000010
17;000100000001010000000001
15;100100001000010000000001
10;101000010000100000000001
19;100010100000000100000100
18;110000001000010000000100
20;110000010000000010000010
15;100010000100100000010000
20;101000000100010000000001
24;100001000100010000100000
18;000010100000100000000100
12;110000100000001000000010
6;001000001000010000000010
0;001000001000100000000010
16;110000000100100000000100
15;000100001000010000010000
7;100001000010100000000001
21;101000100000000010010000
16;010000001000001000000001
8;001000000100100000000010
18;001000000100000001000001
12;110000100000100000001000
21;101000000010010000001000
16;101000001000001000000001
15;100010010000000100000010
22;000001000010000001010000
12;100001000001000010000001
14;010000001000010000000001
8;000001000010100000000001
8;100001000100100000000010
20;100010010000000001010000
20;001000010000001000010000
21;010000100000000010001000
11;100010001000000001000001
18;000001000010000001000100
22;000100000100000001010000
18;000001000001000100000100
15;010000000100100000001000
22;100001000010000100100000
19;100010100000000100001000
23;000001010000000010000100
22;000010010000000100001000
16;110000000100000001000001
13;000010000001000010000010
10;100010000010100000000001
20;100010000010000001001000
20;100100010000001000010000
16;100100100000100000001000
23;100100000100000001010000
23;101000000100001000001000
21;010000010000001000010000
13;000010001000000001000100
13;001000000001000001000001
11;100010001000000010000010
17;000100000001000001000100
16;100010000010000001000100
15;100010010000010000000010
12;001000100000010000000010
10;000001001000000010000001
18;100010000001000010001000
12;100001000001000010000001
19;100100010000000001100000
22;100001000010000100100000
17;010000000001000010000001
15;010000000010100000100000
17;110000000100000001100000
20;100100010000001000001000
22;001000000100000100001000
19;001000000010000100000001
20;000010100000000010000100
18;000010001000000010010000
15;010000010000000001000001
14;000100001000000001010000
19;101000010000010000000100
19;110000000010000010000001
17;000001001000010000000100
12;000010001000100000100000
14;110000100000100000010000
19;100100010000000001001000
21;000001000100000010001000
19;101000010000001000010000
17;000001001000001000001000
14;110000000001000001010000
17;100001010000010000000001
21;100001010000000001010000
11;101000000010100000000010
19;100100000010000001100000
22;110000000100000100100000
12;000001001000001000000001
16;100010000010000001000100
22;110000000100000010100000
21;000100000010000010010000
0;010000001000100000000010
14;100100010000100000001000
20;000010010000010000100000
10;000100000010100000000001
10;100001001000001000000010
6;100100001000100000001000
7;000100001000100000000100
8;000010001000000100000010
18;000100100000000001010000
16;000010000100000010000010
22;100100000100001000100000
15;000100001000010000010000
11;100001001000010000000001
23;000001010000001000000100
9;010000000001100000000001
16;100010000010000010000001
23;000001000100010000001000
13;100010100000000100000010
11;110000000100000001000010
20;001000000100001000000100
7;100001001000000001000010
19;000001001000000010010000
20;100001000100000010000100
18;000010000100000100000100
23;000001010000000100100000
17;000010000100001000000001
7;000100001000100000001000
20;100001001000010000001000
21;100010000100001000010000
9;101000100000100000000010
20;100100000100001000001000
22;001000000100001000100000
18;110000010000000100000010
19;101000001000001000000100
23;000001010000000010000100
9;000001001000000100000010
23;101000100000001000000100
18;000001100000001000000001
14;100001000001010000000001
21;001000100000000100000001
15;000001010000001000000010
13;100001000010000010000001
19;000010010000000010000001
22;100001100000000010010000
16;100100001000000100001000
17;101000001000000010001000
24;100001000100010000100000
20;000001000001010000001000
22;100100000100010000000100
8;000010001000000100000010
20;001000010000000010001000
18;000001100000000001001000
21;100001000001001000010000
18;000001000100010000000001
18;000010000100000100000100
5;100100001000000001000010
13;100100000001100000100000
24;110000000100001000010000
21;100001000001010000000100
11;100001001000000100000001
18;110000010000000100000010
11;101000001000100000100000
20;100001010000100000100000
21;000010010000000100000001
13;101000010000100000000100
22;001000000100001000010000
19;010000010000010000010000
21;110000000001000010010000
11;000010000001010000000010
21;000100010000000010001000
13;001000001000000010000001
13;110000000010100000000001
15;000100001000000100000100
19;101000000100000001000001
20;010000000001010000000100
19;000100100000010000100000
19;001000000001000100001000
19;100010000100010000000100
22;100001100000000100000100
19;000010100000010000000001
23;000100010000000010000100
16;100001010000000010000010
14;000100001000000001010000
20;110000001000001000010000
18;000010010000000001000001
14;000010010000100000010000
20;000001000001010000001000
20;100100001000000100010000
15;000001000100000001000001
20;100001000010001000100000
21;110000100000000100000001
20;000001000010000001001000
19;000001001000000100001000
17;000010000010000001000100
16;000010000001000001100000
20;010000000100000010000001
21;100010100000000100010000
17;000100100000100000010000
20;100001100000000010001000
17;001000010000000001100000
20;110000010000010000001000
17;100100100000000001100000
11;110000000100000001000010
18;110000000001001000000001
10;100100001000100000010000
22;110000000010010000100000
16;001000000010000010000010
22;100100000100010000001000
21;001000000001000010100000
17;001000010000000001001000
14;110000010000100000010000
19;000001000100000010000100
19;100010000010100000100000
22;000010000010001000010000
12;000100000001000100000010
22;001000000100001000100000
16;100001001000000010100000
22;100100010000000010010000
17;000010000001001000100000
22;001000010000000100001000
17;000100001000000100100000
16;001000001000000010000100
18;100001100000100000001000
23;000100100000000010010000
15;100100000001001000001000
22;000010000010001000100000
21;001000100000000100000001
17;010000001000001000001000
21;101000100000001000010000
15;100100000001001000001000
21;000100000010000010010000
22;100001100000000100000100
25;010000010000000100100000
18;100001001000001000000100
21;101000100000000010010000
20;001000100000001000100000
18;100010000010010000000001
15;100010000010000010000010
1;100100000001100000000010
12;000010000100100000001000
19;100010000100000100100000
20;100001001000001000010000
11;101000000010100000000010
16;110000010000100000000100
18;000010010000000001000001
20;100001001000000100010000
16;110000001000000010100000
14;000001010000000001000010
17;000100001000010000000100
13;000010001000000100000001
16;001000001000000100000100
22;110000010000001000001000
18;000100000100000100000001
6;001000001000010000000010
14;101000000001000001000001
6;010000001000100000000001
1;110000001000000001000010
16;001000001000001000100000
21;100010100000010000010000
20;101000000100000010000001
19;100010010000100000100000
21;100001000001000010010000
20;010000000001001000010000
13;100001100000000001000010
20;001000000010000010010000
21;101000000100010000010000
20;001000010000000010010000
15;010000000001000001010000
17;000010000001000010001000
18;000100010000010000000001
12;110000100000100000100000
21;100001000001001000010000
24;110000100000000100010000
21;001000000001000100100000
24;001000010000000010100000
24;100001010000010000000100
17;000010000100000010000001
8;000010000001000001000010
17;100001010000000010000001
14;101000001000000010000001
15;100100001000000001000100
18;000001100000000001001000
23;000001100000001000010000
18;000010001000001000010000
18;000010001000000100001000
19;101000000010000010010000
15;000100000001000010000001
22;100001000100000100001000
13;000010001000000001000100
11;101000010000010000000010
20;100001000010000010000100
15;100001000100001000000001
20;000100000001000100100000
10;000001000001001000000010
23;000001000100010000010000
23;000001100000001000000100
18;000100000010000001000100
22;100100010000001000000100
21;110000000001000100100000
14;000010000010001000000010
14;110000000001000001010000
14;000010100000001000000010
21;100001000001000100001000
15;100010000001000010000001
20;010000000001000100000100
14;010000000100100000000001
16;100100100000100000100000
7;101000001000100000010000
16;001000000001001000000001
5;000010001000000001000010
17;000100100000100000010000
20;100001000100001000000100
22;100001010000010000001000
16;000100000010000010000001
22;110000100000000100001000
10;100100001000100000010000
23;000001010000000010010000
20;100010010000000010000001
12;000100000100000001000010
8;110000001000000001000001
16;100100001000010000010000
18;010000000001010000010000
22;110000100000000100100000
19;100001000001000100000100
19;001000010000001000000001
16;100001010000010000000010
20;100010010000000100000001
17;101000100000010000001000
15;000100000010001000000010
18;101000000001001000001000
18;110000000100100000010000
17;000010000001001000100000
24;000010000100000010100000
15;100001000100001000000001
19;101000000100000001000001
21;100100100000000100000001
23;010000000100000100100000
21;100001100000000001010000
11;000001001000100000010000
17;010000000010001000000010
18;110000001000000010000100
21;000001010000010000010000
14;000010001000000100000100
15;000001000100000010000010
24;100001010000000100010000
20;000001000001000010100000
14;001000000001000001100000
14;100001000010100000000100
15;000001100000010000000010
22;001000000100000100100000
22;001000000100001000010000
23;000100010000000100100000
9;101000001000100000001000
13;000010000001000001000001
21;100001010000000001001000
19;010000100000010000010000
17;101000100000010000001000
12;101000001000010000000001
17;100100000001000010000100
12;101000000001100000000100
9;000010000001100000001000
11;101000001000100000100000
7;100010001000000100000010
24;110000100000000100010000
19;001000010000000010000001
25;000100000100000010100000
12;100001100000100000000010
18;100100010000000100000010
15;010000000001000001000100
19;101000000010001000010000
17;000001001000010000010000
14;000100001000000100000001
21;100010000100000100010000
12;000001000001010000000010
12;100010001000000100000001
20;000100000001000010010000
19;110000000001000010001000
21;100100000001000100010000
18;000001000001000010000100
25;101000000100000010100000
16;000001000010000100000001
19;100100000001000010010000
23;000100010000000100000100
11;100100100000000001000010
18;100100000010001000001000
20;000010100000010000001000
20;010000100000001000000001
16;010000100000000001000100
19;000010000001000100001000
19;001000000001000100001000
6;100100000001100000000001
2;000001001000100000000001
17;001000000001010000001000
18;100001010000100000000100
21;010000010000000010010000
18;000010100000100000000100
22;100010000010000001010000
17;100010001000001000001000
14;101000000001000001000001
12;010000001000000001001000
22;100100010000000010010000
25;101000000010000100100000
19;100010000100001000100000
0;010000001000100000000010
22;000001010000000001000100
21;001000010000000100000001
22;001000100000000100100000
17;000100100000000010000010
24;100100000100010000010000
17;100100000010000010000001
19;010000001000000100010000
17;000001001000010000000100
17;010000001000000100000100
18;110000001000010000000100
5;001000001000100000000001
16;110000000010100000010000
21;001000000100010000000001
16;100010000010001000000001
15;101000000100100000001000
14;010000100000000001001000
22;010000010000000100000001
19;000010010000010000000001
23;000001010000000010010000
15;110000000001000100000010
5;100001000001100000000010
20;100100000100000100000100
22;110000100000000100000100
14;110000010000001000000010
9;000100000010100000000010
14;110000001000000010000010
22;100001000100010000000100
15;100001000100000010000001
17;101000001000000010000100
15;101000010000000100000010
14;100100000001000001001000
9;000010000010100000000001
16;001000000100010000000010
24;001000000010000100100000
15;010000100000100000000100
19;100010000010010000000100
3;001000000001100000000010
19;001000000100001000000001
16;100001001000000100000100
22;110000010000001000100000
23;010000010000000100001000
16;010000010000000001001000
13;100100000001000010000010
13;100100001000000001001000
19;000010100000000001010000
7;010000001000010000000010
21;010000000010000010000100
22;000100000001000010100000
18;010000000010001000000001
19;000001000010001000000100
17;010000001000000010010000
19;010000001000000100100000
14;000001000010000010000001
17;000100100000100000000100
20;100001000010001000001000
14;100100001000001000100000
19;000001000010000010000100
22;001000000010001000100000
21;010000000100000010000100
19;110000000001001000100000
14;100001000100100000000100
9;100010001000001000000010
14;000010000010000010000010
24;100001010000000100000100
18;001000100000010000010000
20;101000000100000100000001
5;101000010000100000000010
10;110000001000100000000100
10;000001000001100000001000
13;000001000001000010000001
23;100010100000000010100000
19;010000001000000100100000
22;100001100000000010000100
19;100100010000001000000001
23;010000010000000010000100
22;100100100000010000000100
24;110000000010010000000100
18;001000100000000010000010
12;100100001000000001000001
18;100001000010100000100000
15;101000000010100000001000
16;100001100000001000000010
17;001000100000000001010000
18;010000000001001000001000
14;110000001000000010000010
12;000100010000000001000010
23;000001010000001000100000
25;101000000010000100100000
6;100100001000001000000010
15;001000001000000100000001
11;001000010000000001000010
12;010000000001100000010000
18;100100000100100000010000
20;100010010000000001010000
19;000010010000000001100000
22;000010010000000100010000
10;110000001000100000000100
15;000100000010001000000010
19;010000001000000100100000
13;010000100000001000000010
13;100010001000000100000100
18;001000100000010000100000
12;100001001000100000010000
24;100001000100000100010000
21;100001000100000001100000
16;001000001000010000001000
16;100100000100010000000010
19;100010000100010000000100
19;000001000001000001010000
15;000100000001000001100000
19;000010000001010000010000
20;100001100000100000000100
20;100100010000010000100000
6;100010001000000001000010
23;100010000010000010100000
13;001000000100000001000010
12;000001000010000001000010
14;100100001000001000100000
22;100001000010010000001000
14;000001000010001000000001
9;100100000001010000000010
11;100100000001100000010000
20;101000000001000100000100
23;101000000100000010001000
18;000100000010000100000001
23;101000000100000010001000
21;010000000010010000100000
14;000100000010000001000010
20;100001100000000010100000
18;000100100000010000000001
10;100010000001100000001000
15;100010000010000010000010
20;100100100000001000000100
20;000010100000000010000100
12;100010001000000100000001
20;001000010000010000000100
20;100100010000010000100000
24;001000010000000010100000
13;101000001000010000100000
16;101000000001010000001000
22;110000000010000100000100
21;000001010000010000001000
19;100100000010000001100000
17;010000001000010000001000
17;100010000010100000010000
12;000100001000000001100000
17;010000000100100000100000
16;000010000001000001000100
16;100100000100010000000010
24;100100000100010000100000
18;100100100000000010000010
19;001000010000000010000001
10;100010000001100000000100
19;001000000100000010000001
20;000100000100000001100000
19;010000000010000100000010
10;001000001000000100000010
22;100100100000000100100000
11;000100001000000001000001
20;001000010000010000000100
0;000100001000100000000010
19;100001000001000010001000
16;110000000100000001000001
19;000100010000010000010000
22;001000000100000100100000
18;100001000100100000010000
16;001000001000001000001000
7;100100000001100000001000
21;000100100000010000000100
10;010000000001100000001000
17;101000000010000010000010
20;100010010000000001001000
24;001000000010000100100000
14;000100001000001000000001
23;101000000100000010001000
11;110000000001000001000001
19;100010100000000100001000
5;100010000100100000000010
7;000100001000100000001000
23;000001010000000100010000
20;000001000001000100100000
18;000100000001001000000100
8;001000100000100000000010
15;001000100000000001001000
24;100100010000000100001000
18;001000001000001000000100
21;010000000010010000010000
18;000001000001000010001000
21;010000100000001000100000
13;100100000100000001000010
18;101000010000000001000100
14;100001000100000100000010
17;100001000100010000000001
16;100100100000000001000001
21;010000000010010000100000
24;100001010000000100000100
14;100001000010010000000010
12;000010000010100000000100
9;100001001000000010000001
15;000010001000000001001000
21;010000000010010000100000
23;000001010000000100010000
16;100100000010001000000010
17;000100001000000100100000
18;000100000100001000000001
10;100001001000001000000010
10;110000000001100000000001
17;000010000100000010000001
22;001000000010000100010000
18;000100000010010000000001
17;000010000100001000000001
21;000001100000010000100000
9;000010000010100000000001
11;000100001000000001000001
21;100100000001000010100000
14;000010000100010000000010
18;100100010000000001000001
24;110000000010000100010000
21;101000000010010000001000
14;000010000010100000001000
14;000100001000000001001000
17;000100001000001000000100
19;000010000001001000010000
16;100010000001000010000100
16;000010000001000001000100
18;100010100000000010000001
20;100001000010001000001000
16;110000001000010000100000
12;000100000001000100000010
10;100010000100000001000010
22;000010000010001000100000
13;100100010000000001000010
15;110000100000000001000100
11;000010000100000001000010
18;010000000001001000001000
22;100001000100001000001000
23;101000010000000100100000
21;001000000001000100100000
21;101000010000001000000100
11;110000000100000001000010
25;101000000010000100100000
22;001000000010010000000100
15;100010000001000100000001
21;000100010000010000000100
21;010000000100000010000100
18;100100010000000001000001
18;001000001000000100001000
20;100010010000001000000001
21;001000000001000100100000
15;010000000001000001010000
17;110000001000000100000001
11;000010000100000001000010
11;101000010000001000000010
21;000001000100000100100000
17;100010100000100000100000
18;000100000001000100001000
17;000100000100000010000010
11;000010000001100000000100
17;001000000001001000001000
16;001000001000000010001000
13;000100000010100000000100
21;100100100000000100000001
21;000001000100001000001000
22;001000100000000100000100
22;100100010000000010010000
22;100100010000010000000100
15;100010000001000100000001
19;000100001000000100010000
14;001000100000000001000001
21;000001000100001000001000
10;000001000001001000000010
22;010000000001000100100000
21;000001100000010000001000
21;100100010000000010000001
24;001000000010000100100000
12;100010100000000001000010
16;110000010000100000000100
17;001000100000010000000001
15;000100001000001000001000
23;000100010000000100001000
16;001000010000000001000001
18;100001001000000100100000
15;100010100000001000000010
14;000010010000010000000010
17;100100000001001000010000
19;000001000001000001010000
20;100010000010000001001000
21;101000000100010000000100
14;000010000010000001000001
2;010000001000000001000010
14;000100000001000010000010
17;100100000001001000010000
18;100010000010010000000001
21;000100100000001000000100
20;000010000100001000001000
16;100100100000100000100000
24;100100000100001000010000
15;000001100000000001000001
12;000001000100000001000010
16;000100000001001000100000
16;110000000010100000001000
9;100010001000001000000010
15;000100100000000100000010
20;100001000010000010000100
25;101000000010000100100000
9;001000100000000001000010
20;010000000100000010000001
16;100100001000010000010000
18;000001100000010000000001
17;000100010000000100000010
17;100010100000000001000001
19;100001000100000001000100
23;010000100000001000010000
20;000010100000000010000100
15;100001000010010000000001
15;000100001000000100000100
10;101000010000100000000001
22;110000010000001000100000
15;001000100000000001001000
14;001000000010100000010000
19;000010100000000001010000
19;000001000010100000100000
13;000100000100100000000100
16;000001000010010000000001
17;100100000001001000010000
21;000001100000000010100000
18;101000000001000010001000
18;000010000010001000000100
21;001000000001000100100000
13;000001001000100000100000
23;010000010000000100010000
9;100010001000001000000010
24;110000000100000010001000
9;010000001000100000001000
19;010000001000001000010000
21;010000100000000010100000
14;000100001000000100000001
9;000001001000000100000010
21;000100010000001000010000
19;100001010000000100000001
15;101000000100100000001000
18;010000000010000001000100
6;110000000001000001000010
17;000100000010000100000010
21;100100000001000100010000
0;100001001000100000000010
20;101000000100000100000001
16;100100000010001000000010
22;110000000100000100100000
20;110000000010001000100000
12;000001001000010000000001
19;010000000010010000000010
18;000100000001000100000100
17;101000010000010000010000
18;000010000010100000100000
22;000010000010001000100000
21;000001000100000010001000
19;010000000100000010000010
19;010000000001000100000001
18;100100001000010000000100
24;110000010000000100010000
17;001000010000000001001000
21;100010100000000100010000
15;000100000001000001100000
22;000010010000000100001000
18;100100001000010000000100
22;000010010000000100100000
18;100100001000000100100000
18;000100000010000001001000
17;101000100000000100000010
15;110000001000010000000001
14;100100010000100000010000
17;010000001000010000000100
22;000001000001000010010000
12;010000000001000001000001
10;100010000100100000000001
22;000010010000001000000100
22;110000010000000010100000
22;110000010000001000001000
19;101000000010010000100000
20;100010010000000010000001
13;001000000100000001000010
11;000010100000000001000010
12;101000001000010000000001
22;100010000010000001010000
19;000100100000010000001000
22;000001000001000010010000
9;000001010000100000000010
20;001000010000010000000100
4;100010000001100000000010
14;001000000100000100000010
20;110000001000000100010000
13;000100010000001000000010
9;000001001000000100000010
15;010000000100001000000010
11;001000010000000001000010
16;001000001000000010010000
16;001000001000001000001000
15;001000001000001000000001
18;100001100000100000100000
21;101000000010000010001000
14;101000001000000001000100
18;000010010000100000100000
21;010000100000000010100000
16;010000001000000100000001
22;001000000010010000001000
9;010000001000001000000010
14;010000100000000001100000
20;110000000001000100000001
18;001000001000000100001000
8;110000001000100000100000
22;110000000100000010100000
14;000010010000100000010000
17;000010100000000001100000
13;100010001000000100000100
17;000010100000000001100000
14;000010010000001000000010
7;000001000100100000000010
18;000100000001001000000100
20;100100010000010000001000
16;100001100000000100000010
21;000001100000010000010000
15;100001100000000010000001
14;110000010000001000000010
0;001000001000100000000010
17;100010000010010000000010
21;101000000100000100000100
23;000001000010000100100000
21;000100000010001000100000
21;100010000100001000010000
18;000100000001001000000100
19;100010010000000010000010
20;100100000010000010000100
15;010000000100001000000010
17;100001100000010000000001
17;101000100000000100000010
13;001000000100100000000001
19;000100000100000100000100
16;101000010000010000000001
13;000100000100000100000010
16;100001100000000100000010
19;101000000010000010010000
8;001000001000100000010000
23;000001000010000010010000
24;110000000010000100001000
8;001000001000001000000010
13;000010000001100000010000
22;000010100000000010001000
17;100010100000100000000100
23;100001000100000001010000
22;000010100000010000000100
24;000010000010000100010000
20;000010100000001000100000
22;100100000010010000010000
15;110000100000000001010000
14;000001010000000001000010
22;001000010000000010000100
20;110000100000000010001000
18;100100000100100000010000
17;000010000010010000000001
19;000010000001010000000100
20;100010000001010000001000
23;010000010000000100000100
19;000010100000001000000001
22;100001000100001000100000
17;100010000100001000000100
21;000100000010010000000100
22;000100000001000010100000
19;101000010000000010010000
13;100100000001100000100000
13;010000000001000001100000
17;010000000010001000000010
18;000010010000000010000010
22;110000010000001000001000
20;000001010000000001010000
22;100001000010000010010000
20;001000000010001000010000
13;010000010000100000010000
20;000100000010000001010000
9;100001000100100000000001
18;000100010000000001001000
17;101000001000000010000100
21;001000100000000100000001
22;010000000100010000000001
20;101000000100000010000001
18;100001100000100000001000
19;000100100000010000001000
17;101000100000100000000100
17;100010000010100000010000
20;001000000010001000010000
12;110000000001000001001000
17;000001010000000001000001
19;110000000001000010001000
20;010000000001000010100000
10;100001001000010000000010
19;100100100000000010000001
17;100010001000001000100000
8;000001000010100000000001
15;000100100000100000100000
19;000001000010001000000100
15;010000000010100000000100
19;000001000100000100000100
16;100100000010000001000001
18;000001100000000001001000
12;101000001000000001100000
21;010000010000000010010000
12;000100000100100000000001
19;100010000100010000000100
16;100100100000100000100000
16;100100100000000100000010
12;010000100000100000000001
23;100010000010010000001000
22;110000100000010000000100
18;110000000100100000010000
11;100001001000010000000001
22;110000000100001000000100
16;001000000010100000100000
15;100010001000000100100000
13;100010001000000010000100
18;101000010000000010000001
14;000100001000010000000001
20;100001000100001000000100
19;001000000001000100000100
21;101000010000001000000100
17;101000000001000010000001
20;101000000100000001100000
18;110000001000000100000100
19;100001000010000001000100
10;101000000001100000001000
17;010000000001001000000001
19;100001000001001000100000
22;100100100000000100000100
19;000001000100000010000100
21;010000000010000010010000
18;100100100000001000100000
18;001000100000010000001000
17;000100000010000100000010
14;000010001000000100000100
15;100010000010000010000010
16;101000000001010000001000
23;000001010000000100010000
13;100001000001010000000010
21;000010000010000001010000
13;010000010000001000000010
0;000001001000100000000010
23;100010010000001000100000
17;001000000001010000001000
16;000001001000000001010000
15;100100000001001000001000
16;101000001000000100000001
16;101000010000010000000001
19;001000010000001000000001
22;000010010000010000000100
20;000001000100000001100000
20;100001001000001000010000
18;100010000001000010001000
18;100001010000000100000010
21;010000000010000010010000
19;101000000010000010010000
17;000001100000100000100000
23;000100010000000100010000
9;100010000001100000000001
22;001000000100000100100000
16;100100001000010000100000
11;101000010000010000000010
13;100100000001000001000001
17;100010000010000010000100
14;110000010000000001000001
18;000001010000001000000001
17;000100001000000100100000
15;000100000100010000000010
4;101000000001100000000010
18;101000000010010000000001
16;001000000100100000010000
21;110000000010000100000001
20;101000100000001000000001
11;100001000001100000001000
8;100001001000100000000100
14;100100000001000001100000
24;110000000100010000001000
17;100100000010000010000001
10;000001000001100000001000
15;000001100000001000000010
9;000010000001100000001000
12;110000100000100000100000
22;000001010000000001000100
16;101000100000000001100000
25;100100010000000010100000
15;101000000100100000010000
23;010000100000000010010000
21;000001100000010000010000
17;100010001000000100001000
19;100001000010000001000100
21;101000000100000100010000
16;100001001000000010100000
21;010000000100001000000100
8;010000100000000001000010
19;000010010000000001001000
20;100001000100000100000100
16;110000010000100000000100
14;100100001000001000001000
16;100001100000000100000010
15;010000010000100000100000
19;100010000100000100100000
14;000100001000001000000001
22;100001100000000010010000
22;000010000010000010010000
12;010000001000000001010000
9;001000000001001000000010
19;001000000001000100000100
12;100010000001010000000010
20;000010000010001000001000
17;010000000001010000000001
16;110000000100000001000001
20;010000000001000010000100
13;101000001000010000010000
20;100100000100000100000100
23;100010000010010000100000
11;010000001000000100000010
20;100001100000000010100000
19;001000000001000010000100
15;101000000010100000000100
19;100010000001000001010000
18;010000000100000001001000
18;101000000001001000001000
11;100001001000010000000001
21;001000000001000010100000
14;100001000100100000001000
16;101000000001000010000010
17;101000100000010000100000
20;100100100000010000001000
19;000001001000001000010000
23;110000000001000100010000
21;010000000010010000100000
23;010000010000000100010000
24;001000010000000100100000
17;100010100000100000001000
16;101000000001010000010000
10;100100001000100000010000
18;100100100000001000001000
10;100010000100000001000010
12;100010001000000010000001
14;000100000001000010000010
22;100100000100010000001000
17;000001010000000010000010
18;000100100000010000000001
14;100100000100100000000100
22;100001010000000010001000
15;000100001000000100000100
23;000100000010000010100000
23;000001010000000010001000
6;100100001000001000000010
23;000001010000000100000100
17;101000100000010000001000
7;000100000001000001000010
22;001000000010000010100000
20;110000100000010000100000
19;101000010000000010001000
22;100100000010010000100000
19;100010000010100000100000
16;000001000010000100000001
11;100001000001100000001000
18;100010100000000001100000
17;100010000010010000000010
12;100010001000000001000100
15;110000100000000001000100
21;000010000100000001010000
24;100100100000000010010000
22;000010100000001000010000
23;110000000001000100010000
15;010000000010100000100000
21;000100000100000100001000
21;000001100000001000001000
15;000100000010000010000010
21;000001000010001000001000
19;100100000010000001000100
19;000001000010000100000100
20;100001000010001000000100
22;110000000010001000010000
18;100010000001010000000100
16;001000001000001000001000
12;110000100000000001000001
16;110000000100100000001000
19;101000010000000010001000
17;101000010000010000100000
14;000010100000000100000010
22;100001010000000010010000
21;000100010000001000100000
25;100010010000000010100000
12;010000000001010000000010
21;010000000010010000010000
14;100010000001100000010000
11;000010000001000100000010
17;010000001000000010100000
14;100010010000000001000010
16;000100000001001000100000
20;100001000010000100000100
17;000100010000000001000001
17;100001010000000010000001
18;100001001000000010001000
24;100001010000001000001000
0;100001001000100000000010
11;100010000100001000000010
16;100010000001000010000100
21;100001000001010000010000
21;010000000010001000010000
23;000001000100010000100000
16;100001001000000010000100
12;000010000010100000000100
20;100100000100001000000100
17;001000000001010000010000
16;000001000001100000100000
23;000001010000000010100000
22;100001000010000100001000
20;000010100000000100100000
19;101000000010000100000010
14;100010001000010000000001
22;100100000100000100100000
7;000100010000100000000010
12;001000010000001000000010
15;100001000010010000000001
18;000001000001001000100000
19;100001000010000001001000
18;100001001000000010010000
21;100001000001010000000100
16;100100010000100000000100
11;001000001000000001100000
0;010000001000100000000010
15;010000000100100000000100
15;100001000100000100000001
21;101000000100000100010000
9;010000001000100000001000
19;000001001000001000010000
20;101000000010000001001000
17;110000010000000001000100
11;100010000100100000000100
7;000001000100100000000010
22;000100000001000100010000
9;000001001000001000000010
17;000010000010000001000100
21;000100000010010000010000
11;001000010000000001000010
15;000100100000000100000010
20;100001100000000010001000
13;000001000010100000001000
18;110000001000000100000100
16;100100001000000100000100
11;101000010000001000000010
17;100100100000000001001000
22;100001000100000100100000
17;101000010000010000010000
16;000010000001000001001000
19;000100000010000010000100
17;100010001000010000100000
20;100010000001010000001000
18;000010000010001000000100
17;101000100000100000000100
21;010000000010010000010000
22;100100000100010000000100
19;001000000100000010000001
15;010000000100001000000010
21;100010000010000100001000
11;101000010000100000001000
21;000001000010010000000100
16;000010001000010000000100
20;000100000001000010010000
19;000100001000000100010000
20;110000001000001000010000
9;101000001000100000001000
15;100001000100000100000001
15;000100001000010000100000
20;100010100000001000000001
1;110000001000000001000010
20;100100100000010000100000
19;100010001000000010100000
16;100100000001000001010000
20;000001000001010000001000
11;001000010000000001000010
11;100010000100100000001000
21;000100100000000100100000
20;100100010000000010000010
17;101000000010010000000010
19;100100010000000001100000
18;100010100000000100000001
19;110000000001010000001000
9;010000001000100000001000
19;100010100000000100100000
21;101000000100000010010000
7;000100000001100000000001
17;100001001000000001001000
14;110000100000010000000010
22;100001100000010000001000
19;010000100000010000001000
21;000100010000001000010000
18;001000000001000100000001
22;001000000100000010001000
22;100100000010001000010000
19;000010010000000010000001
19;010000010000010000001000
13;010000100000100000001000
18;001000001000000100100000
18;000001100000000001001000
15;101000100000100000010000
15;001000100000000001100000
23;010000100000000010000100
16;100100000010000010000010
23;100010000100000010010000
18;000100100000010000000001
20;100001000010001000000100
24;001000010000000100100000
21;000100010000001000100000
23;000001010000000010001000
18;100010000001010000000100
20;110000000010010000000010
17;010000001000000010100000
18;000001000001000100000100
15;101000000010100000000100
17;000100000001010000000001
19;010000010000010000100000
21;000010010000000001000100
22;000010000100010000010000
17;110000000001000010000010
24;110000010000001000000100
13;110000000001010000000010
14;100100001000001000100000
14;110000010000000001000001
17;000100001000000010010000
20;100001010000100000100000
21;000010000001000100010000
22;000010100000001000010000
22;100100100000000100001000
21;000001100000000010000100
22;100100000010001000010000
0;001000001000100000000010
15;110000000100100000000001
21;101000000010010000001000
23;010000000100010000100000
11;000100001000000010000010
24;000010010000000010100000
13;010000000001000001001000
17;100001100000000100000001
17;010000010000000100000010
15;010000100000100000010000
15;000001100000000001000001
18;100001000001000001100000
23;000001010000000100001000
17;000100010000000100000010
21;101000000010000010001000
21;100001000001010000001000
24;100001000100000010010000
18;000100000100000001000100
17;100100000001010000100000
14;100100000100100000000100
23;010000100000000010000100
21;101000100000001000001000
15;000001100000000010000010
18;101000000001000010010000
13;000001000100000100000010
15;101000010000000100000010
20;000100000100000001001000
12;110000000001000001100000
24;100001010000000100001000
22;000010000010010000010000
22;000001000001000100010000
22;110000010000010000000100
22;001000100000000100001000
13;010000000001000001001000
11;001000001000000001100000
18;100001000001000001000100
19;000001000010100000100000
8;000010000010100000000010
10;100010000001000100000010
15;100010010000001000000010
7;000100001000010000000010
18;010000000001001000100000
21;000001100000000100000100
21;000100010000010000000100
8;110000010000100000000010
19;000100001000000010100000
22;001000000100001000100000
24;000010010000000010100000
15;100001000010010000000001
17;110000000010000001010000
14;000001001000000001000100
21;000001000100000100100000
21;101000010000001000000100
18;001000001000001000010000
23;010000000100000010001000
17;110000001000000100000001
15;100010001000001000000100
7;000001000100100000000010
6;001000010000100000000010
15;110000010000000001001000
13;101000001000010000100000
12;110000100000001000000010
17;101000001000001000001000
21;100001000001010000010000
9;010000001000100000000100
23;000001010000001000001000
15;000100001000000100000100
13;010000001000000010000010
0;100001001000100000000010
16;001000001000010000001000
19;000010100000000100000001
22;101000100000000100000001
23;101000100000000100100000
23;010000010000000100001000
22;000010010000000100001000
17;100100000010000001001000
18;001000001000000100010000
21;100001000010000001010000
15;000100001000000010001000
19;000001001000000010010000
15;101000000100100000010000
19;000100010000000010000010
19;110000000001000010001000
10;101000000001001000000010
15;010000000100001000000010
13;000100010000001000000010
22;001000100000000100000100
25;010000010000000100100000
20;100100100000010000001000
17;100100000001010000010000
19;010000010000000010000010
9;010000001000100000001000
21;010000100000001000001000
20;110000010000010000001000
20;100100000100100000100000
12;110000100000100000100000
9;100010000001100000000001
14;001000000100000100000010
7;000001000100100000000010
15;000100100000100000001000
23;010000000100001000100000
23;101000000100000100100000
17;100100100000000001100000
22;101000100000000100000001
17;010000000001000010000001
8;100100000100100000000010
18;010000100000010000000001
22;001000100000000100000100
10;100010000100000001000010
19;010000001000000100010000
23;000001010000000010100000
18;100010100000000001000100
19;100100010000000001010000
14;100100000100000100000010
15;000100001000001000100000
14;100100001000001000100000
18;101000000001000010001000
15;000100100000000100000010
8;001000001000100000001000
18;101000000001010000000100
15;101000000100010000000010
24;100100010000000100000100
13;110000000001100000000100
20;000010100000010000010000
21;000100100000001000010000
22;010000000100010000000001
11;000010100000000001000010
12;000010001000100000100000
21;110000000100000100000001
18;000100000001010000010000
17;110000000010000001001000
19;001000000100000010000001
22;100001010000000010001000
21;010000100000001000001000
17;000001000001000001000100
6;110000100000100000000010
8;110000010000100000000010
17;110000000100000001000100
20;100001000010000010001000
19;010000000010010000000010
20;101000100000001000000001
11;010000000010100000000010
15;000001000100000001000001
13;100010001000000010000100
16;100001010000000010000010
18;000100010000010000000001
15;010000100000100000000100
14;001000000100100000000100
20;101000000010000001000100
8;001000100000100000000010
6;000010001000100000000100
20;101000000100000001000100
14;000010000010001000000010
17;100100000001000100000100
18;001000100000000010000010
20;100001100000100000000100
20;010000000100000001010000
18;000001000100000001000100
15;000001010000100000010000
5;101000010000100000000010
12;001000010000100000010000
12;100100001000000001000001
18;100010100000000001001000
22;110000000010001000000100
22;100001000100001000100000
22;000010100000001000010000
17;100010100000000001000001
21;100010100000010000010000
19;110000100000010000000001
16;000010000001000001000100
20;000100000001010000000100
18;100100000100100000010000
14;000100001000000001000100
22;001000100000000100000100
18;010000000001010000010000
10;100010000001000100000010
10;100010000001100000000100
17;010000001000000010001000
19;100100100000000010000001
19;101000010000010000000100
15;101000000100000100000010
23;101000000100001000100000
17;100100000001010000010000
12;100010001000000010000001
14;100100000100000100000010
17;110000001000000100000001
15;010000010000100000000100
9;100010001000001000000010
21;110000000100001000000001
9;110000001000000001100000
14;100100000001000001001000
10;100001010000100000000010
21;001000000001000100100000
24;100100010000000010000100
22;000010010000001000010000
24;100001010000000100000100
18;001000010000010000010000
14;001000000001000001100000
20;100100010000000010000010
20;001000010000010000000100
16;000100000010001000000001
23;010000000100001000001000
3;001000000001100000000010
19;100010010000000001000001
17;101000010000010000100000
10;000010001000100000010000
18;100100000100000010000010
12;000001000001010000000010
18;100100001000010000000100
21;010000000010000010001000
9;000100100000100000000010
19;001000000001010000000100
21;101000000100001000000100
21;000010000001000100010000
18;110000010000000100000010
24;110000000100000100010000
19;100010000100010000000100
22;100001000010000010010000
19;000100000010000010000100
22;110000000100000010100000
16;101000000001010000100000
22;110000100000001000000100
22;110000000100000100100000
21;001000000001000100100000
20;000010000010000010001000
13;000010000001000001000001
18;000001000001000010001000
24;100001000100010000001000
20;100100000100100000100000
19;100001000001001000100000
14;100100000001001000000001
14;000010100000000100000010
18;000001010000001000000001
23;000001010000000100010000
19;101000010000001000010000
23;000001000100010000001000
21;000001100000000010000100
16;100001000100010000000010
22;100001100000010000100000
19;010000100000010000100000
9;110000010000000001000010
23;000100100000000010100000
19;101000000010001000010000
18;101000000001001000001000
16;000001000010000100000001
17;000100001000010000001000
16;100001010000100000001000
11;100001001000000100000001
14;001000000100001000000010
24;100100100000000100010000
16;000010001000010000100000
18;100100000010000010001000
15;000010000010001000000001
24;000010010000000010100000
18;000100000010000001000100
15;000100100000100000100000
20;100100100000000010001000
21;110000100000000100000001
22;000010010000000100100000
14;100001000010010000000010
18;101000000010000001010000
17;110000000001000010000010
20;010000000001001000010000
17;000010000001000010000100
13;100010100000000100000010
12;000100000100000001000010
13;101000001000010000010000
18;000100010000000001001000
23;110000010000000100000001
22;001000000010001000100000
16;000010001000001000001000
8;100001001000000010000010
19;100001000001001000000100
14;101000000001000001000001
10;000001000001001000000010
21;000001100000000100000100
23;100010000010010000010000
18;000001010000010000000001
7;010000001000010000000010
15;000100001000001000100000
19;000100010000010000001000
17;000010000001000010000100
4;101000001000000001000010
11;100010001000000010000010
21;001000000001000100010000
15;000100000001000001001000
12;000100010000000001000010
15;000100100000000001000001
19;000001100000100000010000
16;001000001000010000001000
15;010000000010000001000001
17;100100000010001000000001
9;010000000100100000000010
0;100010001000100000000010
25;100100010000000010100000
8;100001001000100000000100
20;000010000100000010001000
17;100100100000000001100000
16;000100000001000010001000
12;000100000100100000000001
13;110000000001010000000010
12;000010000010100000000100
17;100001100000010000000001
8;000010000010100000000010
14;100100000100100000000100
15;100001000100000100000001
16;001000001000001000001000
12;000100000100000001000010
20;000100000010000001010000
16;000010001000010000010000
18;000010000100000010000100
14;100001000001000100000001
17;110000010000000001000100
11;100010001000000010000010
11;100010001000000010000010
24;110000000100010000001000
0;100010001000100000000010
12;001000100000010000000010
17;000100001000000010010000
12;000001100000000001000010
17;100010000010001000000100
13;110000000010100000000001
10;010000001000000001100000
15;000100001000010000010000
25;101000000010000100100000
20;100100100000000010001000
6;100100001000001000000010
16;100010000010001000000001
23;000100000100010000100000
15;000100001000010000100000
21;100100010000000010000001
13;010000100000001000000010
18;000010001000000100001000
18;000100000010000001100000
23;000100100000000010100000
15;000010001000000001001000
8;001000001000100000010000
21;000010000100000001010000
16;000010000001000001000100
10;100010000001000100000010
17;001000000001010000100000
23;000001000100000100010000
7;100100000001001000000010
6;000010001000100000000100
17;001000100000000001000100
20;100100000100000010001000
17;100010000010100000010000
13;000100000100100000001000
21;101000000010001000001000
23;010000000010010000001000
7;000100000001100000000001
15;000100001000000100000100
18;010000000100000001000100
8;100001000100100000000010
16;000001100000000010000001
19;000100100000001000100000
23;100001000001000100010000
7;100010001000000100000010
24;110000010000000100001000
18;101000000001000010001000
21;000001100000000010001000
17;000100000100000010000010
20;101000000001000100010000
16;110000000100100000100000
21;001000100000000100000001
21;000001010000010000001000
17;000100000100000010000010
19;100100000100001000000001
16;100010000010000001000100
16;100001001000000010100000
21;010000010000001000010000
4;010000000001100000000010
22;100100000010010000010000
22;100010000010000001010000
18;000001100000000001001000
15;000001000001000100000001
15;000100000010000010000010
18;010000000010000010000001
12;100100001000000010000010
20;100100000100000100001000
15;110000000010000001100000
18;100010100000000001100000
14;000010000010100000001000
21;110000000001000010000100
18;010000010000000001000100
16;000010000001000001000100
7;000100001000100000000100
17;000001000100100000010000
16;010000010000000001001000
22;001000000010001000100000
14;001000001000010000100000
18;000100000001000100000100
14;100100000001000001100000
18;000010010000100000100000
19;110000000001001000100000
18;000001000001001000001000
17;000100001000010000000100
20;101000000001000100000100
21;000100000100010000000100
17;010000010000000100000010
16;100100100000000001000001
13;010000010000001000000010
7;000100010000100000000010
22;000010000010000100100000
16;100100100000100000100000
12;110000100000100000001000
17;100100000010001000000001
21;010000000100000100000100
20;110000000010001000100000
23;100001000001000100010000
14;001000100000001000000010
15;000100001000010000100000
18;000100000001000100001000
17;000100000001000001000100
19;000010010000001000000001
22;000100000001000100010000
21;110000010000001000000001
7;010000100000100000000010
23;100001000001000100010000
16;000010000001000001000100
15;100010000001000001000100
10;101000000001100000001000
24;000010000100000010100000
18;000010001000000100010000
17;101000000010000001000001
13;110000100000000001001000
16;101000000001010000001000
15;100010000100000010000010
22;000010000010010000001000
18;110000000100100000010000
19;000010000001010000001000
18;001000000100000001000001
18;101000000001000010010000
20;101000000001001000000100
16;101000000001010000010000
21;000001000100000010001000
21;010000000100001000000100
22;110000000010000010000100
19;000001001000000100001000
14;110000010000100000010000
16;101000010000010000000001
9;010000000100100000000010
11;100001001000010000000001
11;110000100000100000000001
5;100100001000000001000010
15;010000000010100000100000
22;100100100000010000000100
22;110000000100001000000100
19;101000010000000010010000
14;000010100000010000000010
14;001000000001000001001000
16;000001000100000100000001
9;010000001000000001000001
18;000100000100000001000100
25;100100010000000010100000
18;100100100000001000001000
14;101000001000000001001000
15;101000001000000010010000
15;000001100000000100000010
19;000001100000100000010000
23;100001000001000100010000
11;101000001000000001000001
15;100001000100000100000001
19;100001000001001000001000
22;110000100000000100001000
23;100001010000000001000100
18;100100000100000001000001
18;000100000001001000010000
20;110000010000010000100000
24;100001100000000100010000
15;101000010000000100000010
17;110000001000000100000001
14;110000010000001000000010
20;101000010000000100000001
15;010000010000000001000001
12;100001000001001000000001
12;100001000001001000000001
17;000001001000000010001000
16;101000100000000001001000
19;010000000100000010000010
21;010000010000000010010000
23;000001000010010000001000
19;100010010000100000100000
15;100100001000010000000001
17;000100100000000010000010
13;110000000001100000010000
16;100010000001001000000100
17;001000010000000001001000
22;000010000100010000100000
21;101000010000000100010000
15;000010100000100000000001
18;100100100000000010000010
16;100001010000100000010000
16;010000000001000010000010
23;000001100000000100010000
23;101000100000000100010000
13;100010001000000010000100
20;000010010000010000001000
17;100010000100100000100000
10;001000001000100000100000
22;110000010000000010010000
21;110000000010000100000001
23;000100000010000100010000
17;101000001000001000010000
10;100100100000100000000010
16;000100000010000010000001
24;100001010000000100100000
10;100010000001100000000100
19;000001001000000100001000
16;110000000010100000000100
19;001000000100001000000001
22;100001100000000100000100
20;110000100000010000010000
21;101000000010010000001000
22;100001000100000100100000
23;010000000010000100010000
16;100100001000010000010000
11;110000001000000001001000
19;101000000001000100000001
17;110000000001000010000010
17;110000000001000010000010
15;000001010000100000001000
16;110000000010100000001000
21;000100100000001000010000
11;100100000010100000000001
21;000001100000001000100000
17;100001010000010000000001
19;101000000010000010010000
22;000100010000000100000001
12;010000001000000001001000
16;100010000001000100000100
11;001000000001100000000100
19;100001000010000001000100
20;100001010000100000100000
18;000010100000100000010000
8;010000100000000001000010
19;100100000010000001000100
14;000010001000000100000100
13;000001000100001000000010
19;001000010000000001000100
19;100100010000000001010000
22;100001100000000010000100
21;100010000100010000010000
23;100010100000000010001000
15;000001010000100000001000
22;000010010000000100100000
9;000100100000100000000010
9;000001001000100000001000
22;100001100000010000001000
9;000001001000000010000010
19;101000010000001000010000
7;000001000100100000000010
19;000010100000001000000001
15;100001010000000001000010
18;110000001000000010001000
19;001000000100000010000001
20;100100100000001000000100
23;000100010000000100010000
16;100100100000000100000010
19;100100000010000100000001
14;001000000010100000000100
18;100001001000010000100000
14;000001000010000010000001
17;000001001000000100100000
16;110000000100100000000100
24;100001010000000100000100
24;000010100000000010010000
14;100100010000100000001000
12;001000010000010000000010
18;000001100000000100000001
13;000010001000010000000001
23;100100010000000100000001
9;010000001000100000001000
13;000100000100100000001000
23;010000100000000100000100
17;010000001000001000100000
23;000100000100010000010000
23;000001010000001000100000
18;101000010000001000000001
19;110000000001010000010000
20;010000000100000010000001
21;110000000001000100100000
23;100010000100000010010000
15;000100001000001000001000
16;100001010000000010000010
12;101000000010100000000001
17;001000100000000001010000
11;010000001000000100000010
4;101000001000000001000010
15;101000010000100000100000
16;001000001000001000100000
14;000010010000001000000010
18;001000010000010000010000
4;000001000001100000000010
19;001000000001001000010000
18;100001000001000001000100
11;110000001000000001001000
14;101000000001000001000001
22;110000010000001000100000
20;100001000010000100000100
24;100100010000000100010000
14;000001001000000001000100
24;110000000100010000001000
23;100010000010000010010000
15;100100001000000001010000
21;101000100000000010010000
21;100001100000000001000100
11;110000001000000001010000
19;100100100000000010000001
11;110000000001100000100000
17;010000100000000100000010
21;000100000010001000100000
6;110000100000100000000010
23;100010000010010000100000
18;000010100000100000010000
18;000100000010010000000001
18;001000000010000100000010
15;101000000100001000000010
18;110000001000000010000100
16;010000010000000001010000
21;000100000010010000010000
17;101000100000010000001000
8;110000010000100000000010
12;010000010000100000000001
12;000001010000100000000001
12;000100010000100000000001
23;100010010000000010010000
20;100010000010000001100000
14;100100000001000010000001
12;000001000001000001000001
20;101000000001000100010000
15;100010000010100000001000
11;110000000001000001000001
9;000001001000000100000010
21;010000100000001000001000
9;010000001000100000001000
22;000010010000000100000100
17;000100100000100000000100
20;101000000001001000000100
16;001000010000100000100000
20;100001000100100000100000
14;000001001000000001100000
20;001000000010010000010000
11;100001010000100000000001
22;110000100000000010000100
22;100001100000000010000100
4;101000000001100000000010
16;110000000010100000010000
18;000010100000100000010000
15;000001100000000100000010
23;101000000100000010001000
7;010000000001000001000010
21;010000000010010000010000
15;000100000001000001001000
16;100010000001000100000100
19;101000000010010000100000
18;001000000010010000000010
4;000100001000000001000010
18;100100100000100000010000
11;101000001000100000100000
24;100001010000000010000100
20;100100000100001000000100
20;101000000100000001100000
16;001000000001001000000001
11;100010000100100000000100
11;110000000001100000100000
21;100001000001001000010000
13;100100001000000001001000
23;000100100000000010010000
23;101000000010000010100000
17;000100000010000100000010
21;010000000010001000100000
17;010000001000010000001000
18;100100010000000001000001
13;000001000100001000000010
16;000010001000010000010000
18;100001010000100000000100
17;000001001000010000010000
19;000010000010000001001000
17;010000001000010000000100
15;000010000010001000000001
18;100010000001001000001000
16;100100100000000100000010
14;000010010000010000000010
23;110000010000000100000001
22;100001100000010000010000
7;000100000001000001000010
15;100001000001100000010000
21;101000000100000100010000
16;100100001000000010000100
7;010000001000010000000010
9;110000010000000001000010
22;000010100000001000010000
23;000001010000001000100000
9;001000100000000001000010
21;101000100000001000001000
20;010000000010010000000001
15;100010000001001000000001
17;000001001000001000001000
24;100100010000000010000100
13;000100010000100000001000
22;110000010000000010001000
20;100010010000000010000001
18;100001001000001000100000
17;010000001000010000001000
14;100100000100000100000010
17;000100001000010000001000
15;010000100000100000000100
17;100010000010100000010000
23;010000100000001000010000
19;100001000001000010000100
18;000100100000001000000001
0;100100001000100000000010
22;100100010000000010010000
18;100100100000000010000010
19;010000000010000100000010
9;000010000001001000000010
18;000100000001001000000100
17;001000100000000001000100
21;000001000010001000001000
15;101000000001000001001000
8;001000100000100000000010
19;000010000001001000010000
20;110000000001000100000001
9;000001001000000100000010
24;110000010000000010000100
20;010000000001000010000100
18;100010000100000001001000
23;010000000100010000100000
20;100100000100001000001000
17;100010000010010000000010
17;100100000001000100001000
17;100010100000100000001000
20;001000010000001000100000
23;010000000100010000100000
19;100010000001000001010000
20;100100000100000100001000
22;100001100000000100100000
13;010000100000100000001000
15;100100000001000010001000
12;010000000100000001000010
23;101000000010000100001000
20;110000000010001000100000
0;100001001000100000000010
19;101000010000001000010000
14;001000100000100000100000
23;010000000010000100100000
16;000100000010001000000001
22;110000100000000010000100
17;000010000100000010000001
24;001000000010000100100000
3;001000000001100000000010
19;000010100000000001010000
7;100010001000000100000010
6;100100001000100000001000
10;000100000010100000000001
14;101000001000000010000001
14;100100000100100000000100
15;010000010000000001000001
6;100010001000000001000010
14;100100000010100000000100
18;110000001000000100000100
15;000001100000000001000001
19;010000010000010000010000
17;101000000001000001000100
21;000100000010010000100000
22;000010000010000010010000
7;110000100000000001000010
21;100001000001010000010000
21;110000000001000010000100
21;010000000010001000010000
16;101000000001010000001000
11;100001000001100000001000
2;000001001000100000000001
21;000100000010010000000100
23;010000000100000010010000
16;000010100000100000001000
19;010000010000010000001000
14;110000010000100000010000
19;101000010000010000000100
12;100100001000000001000001
21;100010010000000100000100
15;100100000001000010001000
23;010000010000000100001000
19;101000001000000100100000
15;101000010000000100000010
18;010000000100000001001000
21;010000010000000010001000
20;000001010000000001001000
18;000010010000000010000010
22;000010010000000100010000
19;001000000010000100000001
22;100001000010000010010000
14;110000010000100000100000
20;000100000010000001010000
19;100001000100000001000100
23;000001000010010000100000
11;100001000010000001000010
20;001000000010001000010000
22;110000000010000100100000
14;001000000100001000000010
19;100010001000001000010000
15;100100000010000001000010
11;100100000001100000010000
23;100010000010000010100000
17;000010000001001000100000
23;000100000100001000010000
19;000100100000001000001000
13;000100000100000100000010
14;101000001000000001000100
13;110000000001100000000100
20;110000001000000100001000
20;100100000100000010001000
22;110000000010000010010000
18;110000000010000010000010
11;110000000001100000001000
12;000100000001100000010000
21;000100000010010000001000
22;100100000010001000010000
23;100010000010001000100000
16;000001000010000100000001
16;000010000010100000010000
15;100010010000010000000010
11;100100000001100000010000
17;010000001000000010100000
10;100001001000000100000010
13;000001000010100000000100
13;000010001000000001000100
5;100001000001100000000010
20;100010010000000010000001
11;000010000001000100000010
17;010000000010000010000010
16;001000010000100000100000
15;110000001000000010000001
16;001000001000000010001000
23;101000000100000100001000
16;010000000001000010000010
14;101000000001000001000001
15;010000000010100000010000
16;001000001000000010000100
22;100010000001000010010000
15;000001010000100000001000
21;010000010000000010001000
24;100001000100010000010000
8;000010001000000100000010
17;100100000001010000010000
16;000100100000000001001000
22;000010010000000010001000
21;000001000100000010001000
20;000010000100000100001000
17;000010000010000100000001
21;100010010000010000001000
23;000001000100010000001000
15;100001000010010000000001
21;101000000100000100000100
18;010000000001010000100000
15;000001001000000100000100
20;001000000010000010000100
22;000100010000000100000001
17;010000000100100000100000
14;100001100000000001000001
18;010000000010000001010000
24;110000000100000100001000
21;000001000010001000001000
8;100001001000000010000010
20;100001000100001000000100
16;010000100000000001010000
15;100001000010010000000001
9;000001001000100000001000
10;010000010000000001000010
17;101000100000010000100000
21;010000010000001000010000
22;110000100000000100001000
5;100010000100100000000010
25;000100010000000010100000
24;001000100000000100010000
20;000010010000010000010000
19;101000100000010000000100
17;100100000001000100001000
19;101000000010000100000010
19;100100010000000001010000
21;100001000001000100001000
20;001000010000001000100000
17;000100010000000100000010
20;110000100000010000010000
15;000100001000000100000100
14;101000000001100000100000
19;100001000010000001100000
4;101000000001100000000010
20;100010100000010000000001
11;010000000010100000000010
13;010000000001000001001000
7;000001000010100000000010
19;000100000010000010001000
16;110000000100000001000001
20;001000010000000010010000
24;001000010000000010100000
19;000100010000010000010000
22;100100010000000010010000
20;100100100000000010001000
21;000001000010010000000100
19;001000010000000010000001
19;100100000010010000000001
17;110000000100000001000100
2;000001001000100000000001
10;110000001000100000000100
21;010000000100000010000100
17;100100000001001000000100
21;101000100000001000010000
19;000100001000000010100000
24;100100000100001000010000
19;001000100000000010000001
21;100001000001000100001000
12;100010001000000100000001
17;100100000001001000000100
16;000010001000001000000100
22;001000000100000010010000
19;000001000100000010000100
19;001000000100000001100000
24;110000000100000010001000
18;100100010000000100000010
1;100100000001100000000010
17;100010000001000001100000
17;000010000100000100000001
16;110000000100001000000010
24;110000000010010000000100
22;110000100000000100001000
17;000100001000000100001000
11;100100000001000100000010
18;100001001000001000000100
17;000010000010000100000001
14;101000001000000001000100
21;101000000010000010000100
22;000010010000000100010000
21;101000000100000010000100
15;100010001000001000000100
22;001000000100000100010000
14;100100100000010000000010
18;010000010000010000000001
22;100010000010000001010000
17;110000000001000010000010
11;100010100000100000000010
20;001000000010000010001000
21;101000010000001000000100
17;000100001000010000001000
20;010000000010000100000001
18;110000001000000010010000
21;000001000010001000100000
18;101000000001000010001000
21;010000100000010000000100
20;110000000100000010000010
14;000100001000000001010000
11;100100100000000001000010
15;000001100000010000000010
21;110000010000000010000001
7;010000000001000001000010
12;000010000100001000000010
18;100001010000000100000010
10;000100000010100000000001
21;000001010000010000010000
19;000010010000000010000001
16;100001001000000100000100
18;000010100000100000010000
18;100001001000001000100000
15;000100000001000001001000
10;000010001000100000010000
23;000100000010000100100000
21;110000000100001000000001
18;110000001000010000000100
18;110000001000010000001000
18;000001000010000001000100
25;101000000010000100100000
15;100010000100100000010000
17;101000001000000010001000
21;100010010000010000010000
22;000010000010000010100000
20;100100010000010000001000
17;100010001000010000100000
15;101000100000100000010000
21;000010010000000100000001
21;000010000100000001010000
20;000010000100000100100000
17;001000000001010000100000
22;001000100000000010001000
11;100010001000100000010000
18;001000000100100000100000
21;000001000010000010001000
19;101000000010010000010000
19;101000000001000100000001
23;000001000010000100100000
21;000001100000010000100000
23;000001010000000100000100
16;001000001000000100000100
16;000100100000000001100000
20;110000000010000100000010
24;110000000100000010010000
21;100010010000000100010000
23;000001100000010000000100
21;110000100000000100000001
17;010000000010001000000010
16;110000001000010000010000
20;110000000010001000100000
19;000010010000000001001000
23;101000000100000010001000
22;000010010000001000010000
17;000010000010000100000001
14;001000000010100000000100
19;100100100000000010000001
14;010000000010000001000010
7;000100001000001000000010
21;010000000010001000100000
15;000010001000000001010000
21;110000000010000100000001
21;010000000100000100000100
21;101000010000000100010000
16;100010000001000100000100
15;100010000010100000001000
22;100001000010010000010000
7;000100001000001000000010
15;100100000001000010001000
4;101000000001100000000010
8;100001000100100000000010
19;100100000100001000000001
22;000010010000000010000100
22;100001100000001000001000
17;101000000010001000000010
14;000010000100010000000010
22;001000000100000010001000
20;100100010000000010000010
17;010000001000000010010000
18;000100100000001000000001
22;001000100000000010001000
15;000100100000000001000001
