#<Time>=0.68531s/900
#<PlanCost>=single integer value
#<State>=Atom at-airplane(plane2, beijing);Atom at-airplane(plane2, seoul);Atom at-airplane(plane2, shanghai);Atom at-airplane(plane2, tokyo);Atom at-airplane(plane1, beijing);Atom at-airplane(plane1, seoul);Atom at-airplane(plane1, shanghai);Atom at-airplane(plane1, tokyo);Atom at-person(carol, beijing);Atom at-person(carol, seoul);Atom at-person(carol, shanghai);Atom at-person(carol, tokyo);Atom in-airplane(carol, plane1);Atom in-airplane(carol, plane2);Atom at-person(bob, beijing);Atom at-person(bob, seoul);Atom at-person(bob, shanghai);Atom at-person(bob, tokyo);Atom in-airplane(bob, plane1);Atom in-airplane(bob, plane2);Atom at-person(alice, beijing);Atom at-person(alice, seoul);Atom at-person(alice, shanghai);Atom at-person(alice, tokyo);Atom in-airplane(alice, plane1);Atom in-airplane(alice, plane2);
0;10000001010000000100001000
1;01000010000001000100001000
1;00010100010000000001001000
1;00100010010000000100000010
1;00101000010000000100000001
1;10000001010000000010001000
1;01000100000010000100001000
2;00100010010000000010001000
2;00100001010000000010000001
2;01000001000001000010001000
2;10000100010000000010001000
0;00010001010000000100001000
2;10001000010000000010001000
2;00010001000010000100001000
0;01000100010000000100001000
2;10000010000010000100001000
2;00010100000010000001001000
2;00100100000010000100000001
2;00101000000010000100001000
2;00010100000001000100001000
0;01000010010000000100001000
2;10001000000001000100001000
2;00101000000001000100001000
2;01000010000001000100000010
2;10001000010000000001001000
2;01000010010000000001001000
0;00011000010000000100001000
2;00010010010000000001000010
2;00100001010000000001001000
2;01000100010000000100000010
0;10000010010000000100001000
2;01001000010000000100000010
2;01000001010000000100000010
2;10000010010000000100000001
0;00100001010000000100001000
2;01001000010000000100000001
2;00010100010000000100000001
3;00101000010000100000001000
3;00101000010000000010000001
3;01001000000001000010001000
3;00010100000010000100001000
3;00011000000010000001001000
3;01000100000010000001001000
3;00010010000010000001001000
3;00010001000010000001001000
3;10000100000010000001001000
1;00010100010000000001001000
3;00100100000010000001001000
3;00010001010000000100000100
3;00010001010000000001000001
3;00010001010000000010000001
3;00010100000010000100000001
3;00100010010000000001000010
3;00010010010000000100000010
3;01000010010000000001000010
3;00010001010000000001000010
3;10000010010000000001000010
3;00010100010000000001000010
3;00011000010000000001000010
3;00010010010000000001001000
3;00010010000010000100000010
3;01000010001000000100001000
3;00100010000010000100000001
3;01000001010000000010000001
3;01000001010000000100010000
3;01000001000001000100000001
3;01000100000010000100000001
3;00100001010000000010000010
3;01000001000001000100000010
3;00010001010000000100000100
3;01001000000001000100000010
3;00101000010000000100100000
0;10000001010000000100001000
1;00100010010000000100000010
1;00100001010000000010001000
1;00100100000010000100001000
3;10000001010000100000001000
3;10000100010000010000001000
3;00100100000010000010001000
3;01000100000001000010001000
3;00100100010000000010000001
3;01000100000001000100000010
3;00100010000001000100000010
3;00010010000001000100000010
3;01000010010000000100000010
3;10000010000001000100000010
1;01000010000001000100001000
3;01001000010000010000001000
3;01000001000001000001001000
0;00011000010000000100001000
1;01000100000001000100001000
1;00100100010000000100000001
3;00100001000010000100000001
3;10000001000100000100001000
3;01000001000010000010001000
3;01000010010000000010000010
3;00100010010000000010000001
3;00010010010000001000001000
3;01000010000001000010001000
3;10000001010000000010000001
3;00100001010000000100000001
3;00101000001000000100001000
3;00101000000001000100000001
3;00100001000001000010001000
3;10000010100000000100001000
3;10000001000001000010001000
3;00101000000010000100000001
3;10000100000010000100000001
1;00100010010000000100000001
1;01000100000010000100001000
1;01000001010000000010001000
3;00101000100000000100001000
3;00100001010000000001000001
3;00101000010000001000001000
1;00010001010000000010001000
3;00100100000010000100000010
3;00010100010000000100010000
3;10000010010000000100100000
1;00010001010000000001001000
1;01000001000001000100001000
3;00010001000001000010001000
3;00010010000100000100001000
3;00010100000001000001001000
2;10001000010000000010001000
3;00101000010000100000001000
4;10000010010000100000000010
4;00010100010000100000001000
4;01001000010000100000001000
4;10000100000010100000001000
4;10000100000001000001001000
4;01001000000001010000001000
4;00100100000001000001001000
4;01000010000001000001000010
4;00100100000010000001000001
4;01000010010000000001000001
4;00100010010000001000000001
4;10000001010000000001000001
4;10000001000001000100001000
4;10001000000001000010001000
4;10000001100000000010001000
4;10000010000001000010001000
4;10000100000001000010001000
4;00101000010000000010001000
4;01001000010000000010000001
4;00011000010000000010000001
4;00101000010000100000000001
4;10001000010000000010000001
4;00100100010000000100000100
4;00011000010000000001000100
4;00010100000010000100000100
4;10000100010000000100000100
4;00010001010000000100000010
4;01000100010000000100000100
4;00010001010000000010000100
4;00010001000001000100000010
4;00010100000001000100000010
4;00010010000001000100001000
4;00010010000001000001000010
4;00011000000001000100000010
4;00010010000100000100000010
4;00010001000100000001001000
4;10000010000010000100000001
4;00100010001000000100000001
4;01000010000010000100000001
4;00010010000010000100000001
4;00100010000010000100001000
4;01000010000001001000001000
4;00010010000001000010001000
4;01000010000001000010000010
4;01000010010000000010001000
4;00100010000001000010001000
4;00100010010000001000000001
4;10000010010000000010000001
4;01000010010000000010000001
4;00010010010000000010000001
2;00100010010000000010001000
4;10000010000010000001001000
4;00010010000010000100001000
4;01000010000010000001001000
4;00010010000010000001000010
4;00100010000010000001001000
4;00010010001000000001001000
2;01001000000001000100001000
0;01000001010000000100001000
2;00010001000001000100001000
2;00100001000001000100001000
4;00100001000010000100000010
4;10001000000010000100000010
4;00100010001000000100000010
4;00101000000001000010001000
4;00011000000001000010001000
4;01001000010000000010001000
4;01001000000001100000001000
4;00100100010000010000000001
4;00010100010000000010000001
4;10000100010000000010000001
4;00100100000010000010000001
4;01000100010000000010000001
4;00100100010000000010001000
4;01000001010000000100000001
0;00100001010000000100001000
1;00101000010000000100000001
4;00010001010000000100000001
4;10000001010000000100000001
4;10000100000010010000001000
4;00100001010000010000001000
4;01000100010000000001001000
4;01000100000001010000001000
4;10000010010000010000001000
3;01001000010000010000001000
4;10000001010000000001000010
4;10001000010000000001000010
4;10000100010000000001000010
4;10000010010000000001001000
4;00100001001000000010001000
4;00100100000001000010001000
4;00100001000001000010000001
4;00011000010000000001100000
4;01001000010000000001000010
4;00011000010000000100000010
4;00101000010000000001000010
2;01000001010000000001001000
2;00011000010000000001001000
2;10000001010000000001001000
0;00010001010000000100001000
2;00100001010000000001001000
4;01000010000010000010001000
4;00101000000010000010001000
4;00010100000001000010001000
4;00010001000100000010001000
4;00010001010000000100010000
4;01000100000010000100010000
4;01000010000001000100010000
4;10000001010000000100010000
2;01000100010000000100000010
4;00100001010000000100010000
4;01000001010000000010010000
4;00010100010000000100000010
0;00010010010000000100001000
4;10000010010000000100000010
2;01000100010000000100000001
0;00100100010000000100001000
2;10000100010000000100000001
2;00010100010000000100000001
2;00100100010000000100000010
2;00100001010000000100000010
2;00101000010000000100000010
0;00100010010000000100001000
4;01000100010000000001000010
4;01000010010000010000000010
4;01000001010000000001000010
2;01000010010000000001001000
4;01000001000010000100000001
4;00100001000100000100000001
4;00100001000010000010000001
4;00100001000010000100001000
4;10000001000010000100000001
4;00010001000010000100000001
4;00010001000100000001001000
4;10000100000100000100001000
4;00100010000100000100001000
4;01001000000100000100001000
4;10000001000100000010001000
4;00100001000010000001001000
4;01000001000010000001001000
2;00010001000010000100001000
4;10000001000010000001001000
4;00010010010000000100010000
4;00010100010000000001010000
4;01000100000001000100010000
4;10000001010000000100010000
4;00100100000010000100010000
4;00101000010000000100010000
1;10000001010000000010001000
2;00010100010000000010001000
2;00011000010000000010001000
2;00010010010000000010001000
4;00100010010000000001001000
4;00100010010000001000000010
4;00100100010000000001000010
4;00100001010000000001000010
3;00010100010000010000001000
4;10000001010000010000001000
4;01000100000010010000001000
4;00101000010000010000001000
4;01000100010000000010001000
4;00010010001000000100001000
4;00100010001000000100000001
4;00100010001000000100000010
4;10000010001000000100001000
4;01000001001000000100001000
4;00100001000100000100001000
3;10000001000100000100001000
4;01000100000100000100001000
4;01001000000010000001001000
4;00101000000010000001001000
4;10001000000010000001001000
4;00011000000010000100001000
4;00011000100000000001001000
1;10000100000010000100001000
4;00010010010000001000000010
4;00100100010000000010000010
4;00101000010000000010000010
4;10000001000001000100000001
4;00010001000001000100000001
4;00010100000010000001000010
2;10000100000001000100001000
2;00010100000001000100001000
2;00100100000001000100001000
0;01000100010000000100001000
4;01000001000001000010000010
4;01000001000001000100000100
4;00100001000001000100000010
2;01000001010000000100000010
4;10000001000001000100000010
4;00100100000001000100000010
4;10000100000001000100000010
4;00011000010000001000001000
4;00100100000010001000001000
4;10000010010000001000001000
4;01000001010000001000001000
4;10000100000010000100100000
4;10001000010000000100000010
4;01001000010000000100100000
4;00100001010000000100100000
4;10000001010000000010100000
4;00010001010000000100100000
4;00100100010000000001001000
4;10000100010000000001001000
0;00010100010000000100001000
4;00010100000010000001000001
4;00011000000010000100000001
4;10001000000010000100001000
3;00101000100000000100001000
4;00010001100000000100001000
4;01000010100000000100001000
4;10000010100000000100000010
2;10000010010000000100000001
2;00010010010000000100000001
2;01000010010000000100000001
4;00101000000001000100000010
4;00100010000001000100001000
4;00010001010000000001000100
4;00011000010000000100000100
4;00100100010000000100000100
4;00100001010000000010000100
4;01000010010000000100000100
4;01000001000001000010000001
3;00101000001000000100001000
4;10000001001000000100001000
4;00010100001000000100001000
2;01001000010000000100000010
4;10001000000001000100000010
4;01001000000001000100100000
4;00100100010000000100100000
4;01000010010000000100100000
4;10001000010000000100000001
4;00100001010000000100100000
4;10001000000010000100000001
2;00101000000010000100001000
4;00101000100000000100000001
4;01001000000010000100000001
4;00100100010000001000001000
4;01001000010000001000001000
4;10000001010000001000001000
2;01001000000010000100001000
2;01000001000010000100001000
2;01000010000010000100001000
4;01000010100000000100001000
4;00100100100000000100001000
2;10001000000001000100001000
4;01000001100000000100001000
0;01000010010000000100001000
4;10000010000001000100001000
4;00010100010000100000001000
2;10001000010000000001001000
4;00100001010000100000001000
4;00100010010000100000001000
2;00101000000001000100001000
5;00011000000001000100001000
5;10001000100000000100001000
5;00100010010000010000000010
5;00100010010000010000000001
5;01000010000001010000001000
5;10000100000010000100010000
5;10000100010000000100000010
5;10000001010000000010010000
5;01001000010000000001001000
5;10001000010000100000001000
5;00101000010000000001001000
5;10000001010000001000000001
5;00011000010000001000000001
5;01000010010000001000000001
5;00100100000010001000000001
5;10000001010000000100000010
5;00010001010000000010000010
3;00010001010000000100000100
5;00010010100000000100000010
5;00010001100000000010001000
5;00010010100000000001001000
5;01000010001000000001001000
5;01000010000010010000001000
5;01000010000010000001000010
5;01000001000010000100010000
5;01000001000010000010000001
5;01000001000100000100000001
5;00100010000001000010000001
5;00100010000001001000001000
5;00100010001000000010001000
5;00100010000001000010000010
5;00010010000001001000001000
5;00010010000001000010000010
5;00010010000100000010001000
5;10001000000010100000001000
5;10000010000010100000001000
5;01000100000010100000001000
5;10000001000010100000001000
5;00010100000010100000001000
5;00100100000010100000001000
5;10000100010000100000001000
5;10000001000001000100010000
5;00010001000001000100010000
5;00100010000001000100010000
5;01000001000001000010010000
5;00100001000100000010001000
5;00100010000100000100000001
5;00100010000100000100000010
5;00010001010000000010010000
5;01000001000001000100010000
5;00010001010000000001010000
5;00011000010000100000000001
5;00011000010000000010000100
5;10000100100000000100000010
5;10000001100000000100000010
5;10001000100000000100000010
3;10000010100000000100001000
5;00100010100000000100000010
5;01000010100000000100000010
5;00100100001000000001001000
5;00100001000001001000001000
5;00100010000001000001000001
5;00100010000001000001000010
5;10000001000010000100001000
5;00100001000010000010001000
4;00100001000100000100001000
4;00100001010000000010000100
5;00010100010000000010000100
5;00010010010000000010000100
5;10000001010000000010000100
5;01000001010000000010000100
5;01001000010000010000000010
5;01000010000001010000000010
5;01000001010000010000000010
5;01000100010000010000000010
5;01000010010000010000001000
5;10000010010000010000000010
5;00100010010000010000000010
5;00010010010000010000000010
5;10000100100000000010001000
5;01000001100000000010001000
5;10001000100000000010001000
5;10000010100000000010001000
5;10000001100000000100001000
5;00100001100000000010001000
2;01001000010000000100000001
5;00011000010000000100000001
0;00101000010000000100001000
2;10000100010000000010001000
5;00100100010000010000001000
3;00100100000010000010001000
5;00011000100000000100001000
5;00100100000001010000001000
5;00100100000001000010000001
5;00100100001000000010001000
5;10000010010000001000000010
5;10000100000010001000001000
5;10000010010000000010001000
5;00010100000010010000001000
5;10001000010000000100100000
0;10000100010000000100001000
0;00011000010000000100001000
5;00100100010000100000000001
5;01000100000010100000001000
5;01000100000001100000001000
5;01000100000001000001001000
5;01000100010000010000001000
5;00100001000100000001001000
5;10000001000100000001001000
5;00010010000100000001001000
5;00011000000100000001001000
5;01000001000100000001001000
5;00010001000100000100001000
5;00010100000100000001001000
5;00010001000001000001001000
5;00101000100000000001001000
5;10001000100000000001001000
5;00010010100000000001001000
5;01001000100000000001001000
5;00010001100000000001001000
5;00010100100000000001001000
3;00100001010000000001000001
3;00100001010000001000001000
0;10000001010000000100001000
5;00100010010000000001000001
5;00100001010000001000000001
5;01000010010000001000000001
5;00101000010000001000000001
5;00100010010000001000001000
5;10000010010000001000000001
5;00010010010000001000000001
5;00100100010000001000000001
5;00010001010000000010010000
5;00010100000010000100010000
5;00011000010000000001010000
5;01000010010000001000001000
3;01000010010000000010000010
5;00101000100000000100000010
5;00011000000010000001000010
5;00011000000010000100100000
4;00010010001000000100001000
3;00010010000010000100000010
2;10000010000010000100001000
4;01001000010000100000001000
5;00010010000010000001000001
5;01000100000010000001000001
5;00011000000010000001000001
5;00010100000010000001000100
5;00010001000010000001000001
5;10000100000010000001000001
5;00010100010000000001000001
5;10000001001000000010001000
5;00100001001000000100001000
5;00100001001000000010000001
5;00010001001000000010001000
5;00101000001000000010001000
5;01000001001000000010001000
3;01000100010000000100010000
3;01000100000001000100000001
5;01000001010000000100000100
5;01000001010000000010000010
3;10000010010000000100100000
5;10000010001000000100000010
5;00100010000010000100000010
5;00010010001000000100000010
5;00101000001000000100000010
5;00100001001000000100000010
5;00100100001000000100000010
5;01000010001000000100000010
5;00100010001000000100001000
5;10000010010000000010100000
5;00100001000001000100000100
5;00100001000001000010000010
5;01000100000010000010000001
5;01000100010000010000000001
5;01000100000001000010000001
5;01000100010000000010010000
5;01000001000010010000001000
5;01000100000001000100000100
5;01000100000010000100000100
5;10001000000001100000001000
5;00101000000001100000001000
5;01000010000001100000001000
5;00011000000001100000001000
5;01000001000001100000001000
5;10000100010000000001010000
5;10000100000010000001000010
5;10000100010000100000000010
5;00100010000100000100000001
5;00100001000100000010000001
5;10000001000100000100000001
5;00010001000100000100000001
5;00101000000100000100000001
5;00100100000100000100000001
5;01000100000010000010001000
4;10000100000010010000001000
5;00100100000010010000001000
5;01001000000010010000001000
5;00010010010000000001100000
5;10001000010000000001100000
5;00101000010000000001100000
5;01001000010000000001100000
5;00010001010000000001100000
5;00011000010000000100100000
5;00010100010000000001100000
3;00011000010000100000001000
5;00010010010000000001010000
4;01000010000001000100010000
5;01001000000001001000001000
5;00011000000010010000001000
5;00100001000010010000001000
5;00100010000010010000001000
5;00100100000010010000000001
5;01000100000001000100100000
5;10001000000001000100100000
5;01000001000001000100100000
5;00011000000001000100100000
4;01001000010000000100100000
5;01000010000001000100100000
5;00101000000001000100100000
5;01000010000010000100010000
5;01000010001000000100000001
5;01001000000001001000001000
5;01000100000010001000001000
5;01000010010000001000000010
3;01001000100000000100001000
5;10000010000001000001000010
5;10001000100000000001001000
5;10000001000001100000001000
3;01000001000100000100001000
3;01000001000010000010001000
5;01000010000001000001001000
5;10000010010000100000001000
5;01001000000001000100000100
4;00011000010000000001000100
5;00010010010000000001000100
5;01000010000001000100000100
4;10000001000100000010001000
5;00010001000010000010001000
5;00011000000100000010001000
5;00010100000100000010001000
5;01000001000100000010001000
5;00010100000001000100010000
5;01001000000001000100010000
5;00100100000001000100010000
5;10000100000001000100010000
5;10000001000001000010000001
5;10000001000001000100100000
5;10000100100000000100000001
3;00010100010000010000001000
3;00010100000010000010001000
5;01000001001000000010001000
5;00100001001000000100000001
5;00010001001000000001001000
3;00010001010000000001000001
5;00100010010000100000000001
5;01000010010000100000000010
5;00011000001000000001001000
5;00100010001000000001001000
5;10000010001000000001001000
5;00010100001000000001001000
5;00010010001000000001000010
5;00010100000010001000001000
4;00010010010000001000000010
5;00100010000100000100000010
5;00100100000010000100000100
5;01000100000010000001000010
5;00010100000010000001010000
5;00100100000010000001000010
5;00010100000010000100000010
5;00010001000010000001000010
5;00100100001000000100000001
5;10000001000001000010000010
5;10000001000001000100000100
3;00100001000001000100000001
4;00100100010000001000001000
5;00100100010000000001000001
5;00011000010000000010100000
5;01001000000001000010000010
5;10001000010000100000000010
5;01000001000001000001000010
5;01000001010000000001000100
5;00101000000010000001000001
5;00100010000010000001000001
5;00100001000010000001000001
5;00010100010000010000000010
5;01000100000010000010000010
5;01000100000001000010000010
5;01000100010000000010010000
4;01001000000001010000001000
5;00101000010000010000000001
5;01000010010000000010010000
5;01000010000001000010000001
5;00010100000010000010000001
5;00010100010000010000000001
5;00010010001000000100000001
5;00010010000010000100000100
5;01000100000001000001000010
5;01001000000001000001000010
5;00100001000100000100000010
5;01000001000010000010000010
5;00100001000010000100000100
5;00010010000001000100000100
5;00010001000100000100000001
5;00010010000001000001000001
5;00010001000001000010000001
0;10000010010000000100001000
5;10000100000001010000001000
5;00100001010000001000000010
5;00100001010000000001000100
5;00101000000001010000001000
5;10001000000001010000001000
5;00010100000001010000001000
5;00010001000010000010000001
5;00010001000010000100000100
5;00011000010000000001010000
3;00010100010000000100000100
5;00010001001000000001001000
3;01000010001000000100001000
3;01000010000010000100000010
5;01000001010000000010100000
5;10001000010000000010100000
5;00010001010000000010100000
5;10000100010000000010100000
5;10000001010000000100100000
5;00100001010000000010100000
5;00010001000001000001000010
5;00010001000001000010000010
5;00010001000100000100000010
5;00010001000001000100000100
5;00101000000010000010000001
5;00011000100000000010001000
5;00011000000010100000001000
4;00100100000010000100010000
5;00100001010000000010010000
3;00101000100000000100001000
3;01000001010000000100010000
3;01000001000001000100000001
5;01000100000010000100000010
0;01001000010000000100001000
5;00101000010000001000000010
4;10000010100000000100000010
5;00100010100000000100000001
5;00101000000010001000001000
5;00010100000010000100100000
5;00010010010000000001100000
5;00100010000001000100000001
5;01001000000010000100010000
3;10000100010000000100100000
5;00101000000001000010000001
5;00010010010000000010000100
5;01000001000001000010000100
5;00011000010000000010000100
5;01000100010000000010000100
5;00100010100000000100000001
5;10001000100000000100000001
5;10001000000010000100100000
5;00100010010000000010000010
5;00100100000010000100100000
5;01000010000100000010001000
5;01001000000100000010001000
5;00010100000100000010001000
5;01000001000001001000001000
5;00100001010000100000000001
5;01000100000010000100100000
4;01001000000001000100100000
5;00100010000010001000001000
5;00100010000010000001000010
4;00100100000010001000001000
5;01000100000001001000001000
5;10000001000010000100100000
5;10000010000010000100100000
3;00100100010000000100010000
3;00100100000010000100000010
5;00011000000001000001000010
5;00011000000100000100000010
5;00100001010000001000000010
5;01000010000001001000000010
5;10001000010000001000000010
5;00010100010000001000000010
3;00101000010000100000001000
5;10001000010000100000000001
5;01001000010000100000000001
5;01000001000001010000001000
5;00010100000001010000001000
5;01000100010000000001010000
3;00010100010000000100010000
5;00100100010000000001010000
5;00100001010000010000000001
3;10000100100000000100001000
5;01001000000001000010000001
5;10000100000010000010000001
5;10000100010000010000000001
5;00011000100000000100000001
5;00011000000010000100000100
5;10000001000010000010000001
5;01001000000100000001001000
5;10000100000100000001001000
5;00100100000100000001001000
5;00010010000100000001000010
5;00100001010000000001000100
5;10000100010000000001000100
5;01000001010000000001000100
3;01000001000001000001001000
3;01000001010000010000001000
4;10000001010000000010100000
5;10000010001000000100000001
5;00100100100000000100000001
5;00100001000010001000001000
5;10000001010000000001000100
5;10000001010000100000000010
5;00100100010000001000000010
5;10000010000100000100000010
5;00100010000010000010000001
5;00100100000010000100100000
3;00100001010000000010000010
3;00100001010000000100000100
5;00010001001000000100000001
5;10000010001000000100000001
5;01000001001000000100000001
5;01001000010000000010010000
5;00100001010000010000000001
5;01000010000010001000001000
5;01000010001000000010001000
5;00100010000010000010000010
5;00010100000100000100000010
5;01000010000100000100000010
3;00010010000100000100001000
5;10000010000001000010000010
5;10000010000001001000001000
5;01000100000001000100000100
5;01001000100000000100000001
3;00101000010000000100100000
5;01001000010000000001010000
5;01000001000001000001000001
5;01000010010000010000000001
3;00010010010000000001000001
3;00010010010000000100000100
3;00010010010000000010000010
3;00010010010000001000001000
5;00010010000001000001001000
5;10000010000010000001000010
5;00100010010000100000000010
5;00100100010000100000000001
3;01000010010000000100010000
3;01000010000001000100000001
5;00010100010000000001000100
5;00101000001000000100000001
5;00010100000001000001000010
5;00100100001000000100000010
5;00101000001000000100000010
5;00100001001000000100000010
5;10000100000010000100000100
3;00010100000100000100001000
3;00010100000001000001001000
5;00010010010000100000000010
5;10001000010000100000000010
4;00010100000010000100000100
3;00100100001000000100001000
3;00100100000001000100000001
5;01000010000001100000001000
5;01000010010000100000000010
3;10000001010000100000001000
5;00010001000010000100010000
5;00011000000010000100010000
5;01000010000010000100010000
5;10000010010000000001100000
5;10001000010000100000000001
5;00100001100000000100000001
4;10000001100000000010001000
5;01000001001000000100000001
6;01000100001000000100000001
6;01001000001000000100000001
6;01000010001000000100010000
4;00100100010000000010000010
4;00101000010000000010000010
4;10000001010000000010000010
6;00101000000010010000001000
6;01001000100000010000001000
6;10001000000010010000001000
5;00011000000010010000001000
6;01001000000010000010001000
4;01000010000010000010001000
6;10000100000010000010001000
6;01000010000001000010010000
6;00100001000001000010010000
6;10000001000001000010010000
6;01000100000001000010010000
6;01001000000001000010010000
6;00010001000001000010010000
6;10001000100000000100100000
6;10000001000001000010100000
5;00011000000001000100100000
6;00100001000001000100100000
6;01001000010000100000000010
6;01000010000001100000000010
6;01000010010000100000001000
6;01000100010000100000000010
6;01000001010000100000000010
6;00010010000010100000001000
6;01001000100000100000001000
6;01000001000010100000001000
6;00101000000010100000000001
4;01000100010000000100000100
6;00100100000001000100000100
6;10000100000001000100000100
6;00010100000001000100000100
6;10000100000010100000000001
6;10000100010000100000100000
6;00010100010000100000000001
6;01000010010000100000000001
6;00011000001000000100000010
6;00010001001000000100000010
6;00010100001000000100000010
6;00100100100000000100000010
6;00100001100000000100000010
5;00101000100000000100000010
6;00100010100000000100001000
6;10001000001000000010001000
6;01001000001000000010001000
6;00101000001000000010000001
6;00011000001000000010001000
6;00101000001000100000001000
6;00010010100000000001000010
6;00100001100000000100000010
6;00100100100000000100000010
6;00010010000010100000001000
5;00011000000010100000001000
6;00010001000010100000001000
4;00010100010000100000001000
6;01000001000001010000000010
6;10000001010000010000000010
6;00100001010000010000000010
6;00010001010000010000000010
6;01000001010000010000000100
6;10001000010000100000100000
6;10001000010000000010000010
6;00101000010000100000000010
6;00011000010000100000000010
4;00010100010000000100100000
4;01000100010000000100100000
4;00100100010000000100100000
4;10000001001000000100001000
6;10000100001000000010001000
6;10000010001000000010001000
6;00100100000010100000000001
5;00100001000010010000001000
5;00100010000010010000001000
6;10000001010000001000000010
6;00100001010000001000000100
6;00010001010000001000000010
6;01000001010000001000000010
6;00010010000010000001010000
6;00010010001000000100010000
6;01001000100000000010001000
6;00101000100000000010001000
5;00011000100000000010001000
6;10001000100000100000001000
6;10001000000010000010001000
6;00100010000001000001001000
6;10000010000001000001001000
6;01001000000001000001001000
6;01000001100000000100000010
4;01000010100000000100001000
6;01000100100000000100000010
6;01001000100000000100000010
6;10000100001000000001001000
6;10000001001000000001001000
6;10000010001000100000001000
6;10000010001000000001000010
6;10001000001000000001001000
6;01000001000010000001000001
6;10000001000010000001000001
6;00010001000010000001000100
6;00010001000100000001000001
6;10000001000010000100010000
6;10000100010000000100010000
6;10000100000010000100000010
6;10001000000010000100010000
6;10000010000010000100010000
6;01000001010000000100100000
4;01000010010000000100100000
6;00100010000001010000000010
6;00100010001000010000001000
6;00100100000001010000000001
6;00100100000001000100100000
6;00010100000001000100100000
6;10000100000001000100100000
5;00011000000010000100010000
5;00010001000010000100010000
6;00010010000010000100010000
6;10000001000100010000001000
6;00100001000010010000000001
4;00100010010000100000001000
6;00100001010000100000000010
6;00100100010000100000000010
6;01000100000001001000000001
6;01000100010000001000010000
6;01000100000010001000000001
6;00101000000001000010000010
6;00100001001000000010000010
6;00100100000001000010000010
6;00100001000001000010000100
4;00010001000001000100000001
6;00010001000001000001000100
5;00010010000001000100000100
6;00011000000001000100000100
6;00010001000001000010000100
6;00010001000100000100000100
6;01000100001000000100000010
6;00100100001000000100010000
6;10000100001000000100000010
6;01000001010000100000000001
6;01000010010000100000000001
6;01000100010000100000000001
6;01001000010000100000010000
6;01001000000001100000000001
4;10000010000001000100000001
4;01001000000001000100000001
4;00010010000001000100000001
6;01001000000010000100000010
6;01000001000010000100000010
6;01001000000010000010000001
6;01000100000010010000000001
6;01000100000010000010010000
6;01000010000010000010000001
4;00011000010000000010000010
4;10000010010000000010000010
4;00010100010000000010000010
6;10001000000001000010000001
6;00011000000001000010000001
4;01000100100000000100001000
4;00100100100000000100001000
4;00010100100000000100001000
6;00100010001000000001000010
6;00100010000010001000000010
6;00100001000010000001000010
6;00101000000010000001000010
6;00101000000100000100000010
6;00100100000100000100000010
4;00100010000100000100001000
5;00100001000100000100000010
6;00101000000100000010001000
6;00011000000100100000001000
6;10001000000100000010001000
5;01001000000100000010001000
6;01000010010000000001100000
6;01001000000001000001100000
6;01000001010000000001100000
6;01001000010000010000100000
6;01000100010000000001100000
5;10000100010000000001000100
6;10001000010000000001000100
6;10000001010000100000000100
6;10000010010000000001000100
6;00010001001000000100001000
6;00100001001000000001001000
6;01000001001000000001001000
6;01001000000001001000000010
6;01001000010000001000100000
6;00100010000100000010000001
6;00100100000100000010000001
6;01000001000100000010000001
6;00101000000100000010000001
6;00010001000100000010000001
6;10000001000100000010000001
6;01000001001000000100000100
6;01000001001000000010000010
6;00010001001000000001000010
6;10000100000100000100000001
6;00010100000100000100000001
6;01000100000100000100000001
6;00100100000100000100001000
4;00100001000001000001001000
4;10000001000001000001001000
6;00010100000001000010000001
6;00100100001000000010000001
6;10000100000001000010000001
6;00100100000001010000000001
6;01000100010000000010100000
6;00011000010000100000100000
6;01001000000001000010100000
6;01000010010000000010100000
6;00100100010000000001100000
6;00100010010000000001100000
6;00101000010000001000100000
6;00100001010000000001100000
6;00010010100000000010001000
4;00010001100000000100001000
6;00010100100000000010001000
6;10001000000010000010000001
6;10000001000010000010100000
6;10000010000010000010000001
6;00010010000010000100100000
6;00011000100000000100100000
6;00011000000010000001100000
6;00100001000010000100100000
5;10000001000100000100000001
6;01000100000100000100000001
6;00100010010000000010010000
6;00010010010000000010010000
6;10000010010000000010010000
6;01000010010000001000010000
6;01001000000001100000000010
6;00011000000001000010000010
6;10001000000001000010000010
6;01001000010000000010000010
6;00011000000100000100001000
3;10000001000100000100001000
4;00100001010000100000001000
6;00100100010000100000001000
6;00010010000100000001000001
6;10000010000001000001000001
6;00011000000001000001000100
6;10000001000010000001000010
6;10000010000010100000000010
6;10001000000010000001000010
6;01000010000100000100001000
6;01001000000100000100000010
6;01000100000100000100000010
6;01000001000100000100000010
5;10000001000001100000001000
6;00100001000001100000001000
6;00010001000001100000001000
6;01000001010000100000001000
6;00011000000010000010000010
6;01000100000010010000000010
6;01000100000010000010010000
6;00010100100000000100000001
6;00010001100000000100000001
6;00011000100000000001000001
6;00010010100000000100000001
6;00011000100000000100000100
6;10000001001000000100000010
6;00100001001000000100000100
6;01000001001000000100000010
6;00011000100000000100000010
6;00010001100000000100000010
6;00010010100000000100001000
6;00010100100000000100000010
6;01000010100000000100000001
6;01001000100000000100010000
6;01000001100000000100000001
6;01000100100000000100000001
6;10000100001000000100100000
6;10000001001000000010000001
6;00010100010000001000001000
6;00010001000010001000001000
6;00011000000010001000001000
6;00010010000010001000001000
6;00010100010000001000000001
6;00010010010000001000000100
5;00011000010000001000000001
6;00010001010000001000000001
5;00011000000100000100000010
6;10000100000100000100000010
6;00100010001000001000001000
6;00010010001000000010001000
6;00100010001000000010000001
6;00100010001000000010000010
6;00100010000010000010001000
5;01000010001000000010001000
5;10001000000001010000001000
6;10000010000001010000001000
6;10000100100000010000001000
6;10000001000001010000001000
6;01000100100000000001001000
6;00100100100000000001001000
4;10000001000001000100000001
5;10000001010000001000000001
6;01000001010000001000000001
6;00010100010000100000000010
6;10000100000010100000000010
6;10000100010000100000010000
3;00101000010000001000001000
4;00010001010000001000001000
4;10000001010000001000001000
4;01000001010000001000001000
6;10000001000001000001000010
6;00100001000001000001000010
6;00010001000100000001000010
6;01000010000010000001000001
6;00010010000010000001000100
6;00010010001000000001000001
6;10000010000010000001000001
6;01001000000010100000001000
6;00101000000010100000001000
6;01000100001000000010001000
4;01000001001000000100001000
6;01001000001000000100000010
4;00100010010000000100100000
4;00100001010000000100100000
6;00011000000010000001000100
6;00100100000010000001000100
6;01000100000010000001000100
6;10000100000010000001000100
4;10000001010000000100010000
6;10000100010000000010010000
6;10001000010000000010010000
6;10000010010000010000000001
5;00010100010000010000000001
6;01001000000001010000000001
6;01000010010000010000010000
6;00010100000010001000000010
6;10000100010000001000010000
6;01000100000001001000000010
4;01000010010000000100000100
4;10000010010000000100000100
4;00100010010000000100000100
4;00011000010000000100000100
6;10000001000010001000001000
6;10000100010000001000001000
6;10000010000010001000001000
6;10001000000010001000001000
3;01001000010000010000001000
3;10000100010000010000001000
4;10000010010000001000001000
5;10001000010000001000000010
6;10000100010000001000000010
3;00101000001000000100001000
6;00100100000100000010001000
6;00100010000100000010001000
4;00011000000010000010001000
4;00010010000010000010001000
6;01000001000010000100000100
5;00100001000010000100000100
6;00010001000010000010000100
6;00010001000010000100000010
6;10000001000010000100000100
6;10000010100000000100000001
5;10000100100000000100000001
6;10001000100000000100100000
6;10001000000001000100000001
6;10000001100000000100000001
6;00010001010000010000000001
6;10000001010000010000000001
4;00100001010000010000001000
6;01000001010000010000000001
6;00011000000010000100000010
6;10000010000010000100000010
6;00010100010000000010100000
6;00100100010000000010100000
6;10000100010000010000100000
6;10000100000010000010100000
6;01000100010000000010100000
6;10000010100000100000001000
6;10000010100000000001000010
6;00011000000010000001010000
6;00101000100000000100010000
5;10000010010000000001100000
6;00010010010000000100100000
6;10001000000001000001000010
6;00101000000001000001000010
6;01001000000001010000000010
5;00010100010000001000000010
6;00011000010000001000000010
5;10000001000001000100100000
6;10000010000001000100100000
6;00101000000001000100000100
6;01001000010000000100000100
6;10001000000001000100000100
6;00011000001000000001000010
6;10001000001000000100100000
0;10001000010000000100001000
6;00100100000001000001000010
6;00100010000001001000000010
6;01000100000001010000000010
6;01000100010000000010000010
6;10000100000001000010000010
6;00010100000001000010000010
6;00011000010000000010010000
6;00101000010000000010010000
6;01000010010000000001010000
6;00100010010000000001010000
4;00010010010000000100010000
6;10000010010000000001010000
6;00100001100000000010000001
6;00100001100000000100001000
6;01001000001000000010001000
6;01000100001000000010001000
6;01000001000010001000001000
6;00100001000010001000000001
6;00100001000100001000001000
6;10000010000010010000001000
6;10000001000010010000001000
6;00010100010000001000000100
6;00010100000010001000000001
6;10000001100000000100010000
6;10001000010000000001010000
6;00011000010000000100010000
6;00101000010000000001010000
5;01001000010000000001010000
6;01001000010000000010100000
6;01000001000001000010100000
6;01000010010000000010100000
6;01000100010000000001000100
6;00100100010000000001000100
6;00100010000001001000000001
6;00100001001000000001000001
6;10000010000001001000000010
6;01000001000001001000000010
6;00010010000001001000000010
4;10000001010000010000001000
4;00010001010000010000001000
4;10000100000001000100000001
3;00101000000001000100000001
4;00010100000001000100000001
6;00010010000100000010000010
6;10001000000010000100000100
6;00100010000010000100000100
6;10001000000010000001000001
6;01001000000010000001000001
6;00101000100000000001000001
6;00101000000010001000000001
6;00101000000010010000000001
6;00101000100000010000001000
4;00010100001000000100001000
6;00011000001000000100001000
4;10000010001000000100001000
6;10000100000010000001010000
6;10001000000001000100010000
5;10000001000001000100010000
6;10000100100000000100010000
6;10000010000001000100010000
4;10001000000010000100000010
6;01001000000010000001000010
6;01000100000010010000000010
6;01000100000010000001010000
6;01000001000010000001000010
6;10000100010000001000000001
6;10001000010000001000000001
6;10000010010000001000100000
6;00010001001000000010000001
6;00010001001000000001000001
6;00010001001000000100000100
6;00010100000010010000000001
6;00010100000010000010000100
6;00011000000010000010000001
6;00010010000010000010000001
6;00101000100000000010000001
6;00100010100000000010001000
6;01000100100000000010001000
4;00010001010000000100100000
6;00101000010000000001000001
6;00010001000010000001010000
6;00100100000010000001010000
6;10000010100000001000001000
6;01000010100000000010001000
6;10000010100000000010000010
6;00100010100000000010001000
6;01000001010000000001100000
5;00101000010000000001100000
6;00010100000010000001100000
6;10001000000001000001001000
6;10000010100000000001001000
6;10000001100000000001001000
6;10000100100000000001001000
4;10000100010000000100000100
6;10001000000010000100000100
6;10000010000010000100000100
4;00010001010000000100010000
6;01001000010000000100010000
4;00100001010000000100010000
6;00100010000001001000000001
5;00100001000001001000001000
6;00100100000001001000001000
6;00101000000001001000001000
5;01000010001000000001001000
6;00100010001000001000001000
5;10000010001000000001001000
5;10000100000100000001001000
6;01000100000100000001001000
5;00100100000100000001001000
4;00011000010000010000001000
4;00010010010000010000001000
6;10000100010000100000000001
6;10001000010000000001000001
6;10000010010000100000000001
6;10000001010000100000000001
4;10000100001000000100001000
4;01000100001000000100001000
6;00011000000100000001000010
6;00011000000001000001100000
5;00010100010000010000000010
6;00011000010000010000000010
5;01000010000010001000001000
6;00100010000010001000000001
6;01000001000010100000001000
6;01000010000010100000001000
6;01000100010000100000001000
6;00011000100000000001000010
6;00100010000010100000001000
6;00100010000010010000000001
6;00010010001000010000001000
6;10000010000010010000000010
6;10000001000100000100000010
6;00010001000100000010000010
6;00010010000100000100000100
6;00100100100000000010001000
6;01000100100000000010001000
4;10000010010000010000001000
6;00100010010000010000001000
6;10000001000001000010000100
6;10000010000001000100000100
6;10000001100000000100000100
6;10000001000010000010001000
6;01000100010000010000010000
6;01000100000001010000000001
6;01000100010000000001000001
5;01000010010000010000000001
6;01001000010000010000000001
6;00010001010000001000000100
6;10000100010000010000010000
5;01000001010000010000000010
6;00011000010000010000000010
6;10000001010000000100000100
6;10001000010000000010000100
6;10000100010000000010000100
6;10000010010000000010000100
6;10001000001000000100000010
6;10000010000100000100000001
6;10001000000100000100000001
6;10000001000100000100100000
6;00100001000100000001000001
6;00100010000100001000001000
6;00100010000100000001000010
6;00011000000001000001010000
6;00011000000100000100010000
6;10001000000100000100000010
6;00011000000100000100100000
6;01000100000001000001010000
6;10000100000001000001000010
4;01001000010000001000001000
6;10001000000001001000001000
6;00011000000001001000001000
6;01000100000001000010000100
6;01000010000001000010000100
6;01001000000001000010000100
6;01000010100000000001001000
6;01000100100000000001001000
6;01000001100000000001001000
4;00100100000001000001001000
4;10000100000001000001001000
6;10000010000100000001000010
6;01000010000100000001000010
6;00010100000100000001000010
6;00010100010000100000000010
6;00010001010000100000000010
6;00010100010000100000000001
6;00101000000010000100100000
6;00100010000010000100100000
6;00100001000010000100100000
6;01000010000100000001001000
5;01001000000100000001001000
6;01000001000100010000001000
6;00011000000001001000001000
5;10000010000001001000001000
6;00011000010000000001000001
6;00101000010000000001000100
6;01001000010000000001000100
6;00100001000100000001000001
6;10000010000001100000000010
6;00100100000001000100000100
5;10000001000001000100000100
6;00010010010000001000000100
6;01000100010000001000000010
6;00100100000010001000000010
6;00100100010000001000010000
4;01000010010000000001000001
6;10000010010000000001000001
6;00100010010000000010100000
6;00010010010000000010100000
4;01000001100000000100001000
6;00100010001000000001000001
6;10000100000100000100000010
6;00010100000100000100010000
6;00010010010000100000001000
6;00100010010000000010000100
6;00100100010000000010000100
6;00101000010000000010000100
6;10000010000001000010000001
6;01000010000001001000000001
6;00010010000001000010000001
6;01000100010000001000001000
5;00011000100000000100000001
6;01000001100000000100000001
6;00100010010000000001010000
6;01000100000001000001010000
6;10000001010000000001010000
6;01000100010000001000000001
4;00100100010000000100000100
6;10000100000010001000000001
6;00100010000001000100100000
6;00100001000001000100100000
6;00101000001000000100100000
6;00101000000010000100000100
6;00100010000010000100000100
5;00100010000001000100010000
6;00010010000001000100010000
6;10000100001000000100000001
6;00010100001000000100000001
5;00011000010000000010100000
6;00100001000010000010000100
6;00010001000100000010000010
6;00010010000001010000000010
6;10000010000001010000000010
6;00010010000100000010000010
6;00100010000100001000001000
6;10000010000100000100001000
6;00101000010000000010010000
6;00100010010000000010010000
4;00010001010000100000001000
6;00010010010000100000000001
6;00100010010000000001000100
6;01000010010000000001000100
6;00100010000001000100000100
6;01001000001000000001001000
6;00101000001000000001001000
6;01000001001000000010000001
6;00010001000001000100100000
6;00010010000001000100100000
6;01001000000100000100000001
6;01000001000100000100010000
6;01000010000100000100000001
6;01000001000010000010010000
6;10000001000001001000001000
6;10000100000001001000001000
5;00100100001000000001001000
5;01000010000100000010001000
6;00010010000100001000001000
6;10000010000100000010001000
6;00101000000100000001001000
6;00100010000100000001001000
6;01000010000010000100000100
6;01001000000010000100000100
6;10000001001000000100000001
5;00010001001000000100000001
6;10000010010000001000100000
6;00010010000100000100000001
4;10000001010000000001000001
6;01000001010000000001000001
6;01000010001000000001000010
6;00010100001000000001000010
6;00010001010000100000000001
6;00011000010000100000000100
4;00100010010000000100010000
4;10000010010000000100010000
6;10000010001000000010000010
6;10000010000010001000000010
6;00100100100000000001001000
6;10000100010000010000000010
6;00100100010000010000000010
6;00101000010000000010100000
6;01001000000010001000001000
6;00010010001000000100000100
6;00010001000010000100100000
6;01000001000010000100100000
6;10000001010000000001010000
4;01000100000100000100001000
4;01001000000100000100001000
6;01000010001000010000001000
6;01000010000010010000000010
6;00010010000010010000001000
6;00010001010000100000000010
6;00010001000001100000001000
5;00101000000001100000001000
6;00010100000001000001010000
6;00101000010000001000000100
6;00101000000001000100010000
6;00100001000001000100010000
6;01000010010000000010000100
6;10000001100000000010000001
6;10000100000001100000001000
6;10000010000001100000001000
6;00101000010000100000000100
6;00010100000001001000001000
6;00010001000001001000001000
6;01000100001000000001001000
6;00100001100000000001001000
6;00100010100000000001001000
6;00010100010000010000000100
6;00010010010000010000000001
6;00011000010000010000000001
6;01000100001000000100010000
6;00010001000001010000001000
6;00100001000001010000001000
6;10001000010000010000000010
6;00011000000001000001001000
6;10000001000100100000001000
6;00100001000010100000001000
6;01000100010000010000000100
6;00010100000010000010000100
6;00101000000010000100010000
6;10001000001000000100000001
6;10000010001000000100100000
6;00010001000010010000001000
6;00100010000001010000001000
6;00100100001000010000001000
5;00101000000001010000001000
6;00101000000001100000000001
6;00100100000001100000001000
6;00100010000001100000001000
6;00010100000001100000001000
6;00010010000001100000001000
6;10000001100000000010000010
6;01001000010000001000000010
6;10000010010000010000000001
6;00011000000100100000001000
6;01000001000001000001000100
6;00100001000010000100010000
6;00100010000010000100010000
6;10000001010000100000000100
6;10000100010000000001100000
6;01000001010000000001010000
4;01001000001000000100001000
6;00010100010000000010010000
6;01000010000010000100100000
6;01001000000010000100100000
6;00010010000010000100100000
6;10001000000100000001001000
6;00101000100000001000001000
6;00101000010000010000000010
6;10000100000010010000000001
6;10001000010000010000000001
4;00101000010000000100010000
6;00101000000100000100001000
6;01001000010000000010000100
5;01000100010000000010000100
6;00100100010000000010010000
6;00100010001000000100010000
4;00101000010000010000001000
4;00100001000010000100000010
6;00101000000010000100000010
6;00011000000001010000001000
6;10000010000100000001001000
5;00010001000001000100010000
6;10000100000100100000001000
6;00010100001000000010001000
6;10000100010000000001000001
6;01000001000100000100000100
6;01000100000100000010001000
6;10000001010000000001100000
6;00010100000100010000001000
4;00101000000010000010001000
6;01001000010000001000000001
6;01000010010000010000000100
6;01001000000001000001000100
6;00010010001000001000001000
5;00011000000010000100100000
4;10000100000100000100001000
6;00011000000100000100000001
6;00011000000001000100010000
6;00011000001000000100000001
6;01000001000010001000001000
6;01001000000010001000001000
6;10000100000010000001100000
6;00100001010000000001010000
4;00101000010000000100000100
6;10000100000100000010001000
6;00010100000100010000001000
6;00010010000001010000001000
6;01000100000100010000001000
6;00010100001000000100010000
4;00011000010000001000001000
6;00100001000100000100010000
6;00010001000010000010010000
6;00010100000100010000001000
6;10001000100000010000001000
6;01001000010000001000100000
7;01001000010000100000100000
7;10000001100000010000001000
7;00010100100000010000001000
7;01000100100000010000001000
7;10000010100000010000001000
7;00100100100000010000001000
6;10001000100000010000001000
7;10000100001000100000001000
7;10000100000100000100000100
7;01000001000100000010000100
7;10001000000100000100000100
7;00010001000100000001000100
6;00010010000100000100000100
7;01001000000100000100100000
7;10001000010000100000010000
7;01000010001000001000001000
7;01000010000010001000000010
7;01001000000010000010000100
7;10000010000010000010000100
7;00010100000010010000000100
7;00010100000100000010000010
7;10001000000100000010000010
7;10000010000100001000000010
7;01001000001000000100100000
7;00010010000010000010000100
7;00010010001000000010000001
7;00010010000010001000000001
7;01000100100000000100010000
7;00010100100000000001000010
5;00100010000010000010000010
7;10000010000010000010001000
6;10000001000100010000001000
7;01000100000100100000001000
7;10000010000100100000000010
7;00100010000100100000001000
6;00011000000100100000001000
7;01001000100000000100000100
7;00010100100000000100000100
7;00010001100000000100000100
7;10001000100000000100000100
7;00010010100000000100000100
7;00101000100000000100000100
7;00011000100000000001000100
7;00100010010000001000000100
7;01000010001000100000001000
7;01000010000010100000000010
7;10000010100000001000000010
7;10000100000001001000000010
7;10000001000001001000000010
7;10001000000001001000000010
7;10000010100000000100010000
7;01000010000001000010100000
7;01000010010000001000100000
7;10001000100000000100010000
7;10000100000100010000001000
7;00010001000100010000001000
7;10000100100000100000001000
7;00100100000010001000010000
7;00100001000010000001010000
7;00100010000010000001010000
7;00101000000010000001010000
7;00011000001000000001000001
7;00011000001000000100000100
7;00010010000001001000000001
7;00010010000001000010000100
7;00010010000100000010000001
7;01000001000001000001010000
7;01000001010000010000010000
7;01000010000001001000000100
7;00100010000001000010000100
7;10000010000001000010000100
7;00100100000001001000000010
7;00100100000001000001010000
7;00100100001000000001000010
7;10000100001000000010000010
7;00010001001000000010000100
7;00011000001000000010000010
7;10000100010000001000100000
7;00011000100000000001100000
7;00010001100000000001000010
7;10001000100000000001000010
7;00101000100000000001000010
7;01001000100000000001000010
7;00100010000001000010010000
7;00101000000001000010010000
7;00100001001000000010010000
7;00100100000001000010010000
7;10001000010000001000001000
7;10000010010000001000010000
7;00010100001000000001000001
7;00010100001000000100000100
7;01001000010000010000010000
6;10000100010000010000010000
7;00010100010000010000010000
7;01000100000010010000010000
7;01000100000001010000010000
7;00100100010000010000010000
6;01000010010000010000010000
7;01000100100000100000001000
7;10000010100000100000000010
7;00100100100000100000001000
7;00010001100000100000001000
7;10000100000010010000100000
7;10000001000010010000000001
7;10001000000010010000000001
7;10000010000010010000000001
7;00100010001000100000001000
7;00100010000010100000000001
7;00100010000010100000000010
7;00100100010000010000010000
7;01000010000001010000010000
7;00011000010000010000010000
7;10000010010000010000010000
7;10000001100000000001000010
7;00100010100000000001000010
7;01000010100000000001000010
7;10000100100000000001000010
7;01000001000100000010000010
6;01000001000100000100000100
7;00010010000001000001000100
6;00010010000100000100000100
7;00010001100000000010000001
7;01000001100000000010000001
7;10001000100000000010000001
7;10000100100000000010000001
7;10000010100000000010000001
7;10000001100000000010100000
7;00100100010000010000100000
7;00100100000010000010100000
7;01000010001000000100000100
7;00010010000100000100100000
7;00010100000001000001100000
7;00010001000001000010100000
7;00100010100000000100100000
7;00010100100000000100100000
7;00010001100000000100100000
6;00010001010000001000000100
7;01001000000010010000000010
7;10000001000010010000000010
7;00100100000010010000010000
7;01001000010000100000000100
7;00011000010000001000100000
6;00100100001000010000001000
7;10001000000100100000001000
7;10000100100000001000001000
7;00100010100000001000001000
7;10000001100000001000001000
7;10001000100000001000001000
7;01000010100000001000001000
7;00010010100000001000001000
7;10000001000100000100010000
7;10000001000010000010010000
7;00100010010000001000010000
7;00100001010000001000010000
7;01001000100000000010000001
7;00011000100000000010000001
7;00100010100000000010000001
7;00101000100000100000000001
7;00100100100000000010000001
7;01001000000001100000100000
7;01000100000001000010100000
7;00101000000001000010100000
7;00011000000001000010100000
7;10001000000001000010100000
7;10000100000001000001010000
7;10000100000001100000000010
7;00010001000010000001100000
7;01000001000100000100100000
7;00010001000010000010100000
7;00011000001000000001100000
7;10001000001000000001000010
7;00101000001000000001000010
7;01001000001000000001000010
7;00101000000001001000000010
7;01001000000001001000100000
7;00011000000001001000000010
7;10000010100000000100100000
7;01000010000100010000000010
7;00100100000100010000001000
7;10000100000100010000001000
6;00011000010000100000100000
7;00010010000100010000000010
7;10000010010000100000000100
7;00100100001000001000001000
7;00100100001000000001000001
5;00100010000001000001000001
7;00101000000001000001001000
7;00100001000100001000000001
7;01000001000010001000000001
7;00010001000010001000000001
7;10000001000010001000000001
7;00011000001000000100100000
5;10001000001000000100001000
7;00010100000001000001000100
7;00010100000100000100000100
7;01000010001000000001000001
7;00010010001000000001000100
7;10000010001000000001000001
6;00010001001000000001000001
7;00010010000100100000001000
7;00010001000100100000001000
7;00101000000100100000001000
7;01001000000100100000001000
7;00010100000100100000001000
7;10000001000010000100000010
7;00010010000100001000000010
7;10000010000100000010000010
7;00100010000100000010000010
7;00011000000100000010000010
7;00010100000100000010000010
7;01000010000100000010000010
7;01000010100000000010000010
7;00100010000010100000000010
7;01000010001000100000001000
6;01001000000001000001000100
7;01001000010000010000000100
7;01000100000010000010100000
7;01000100010000010000100000
7;00100001010000100000000100
7;01001000000001100000000100
7;10000010010000100000000100
7;00010100010000100000000100
7;00100001001000010000001000
7;00100001000001010000000001
7;10000001100000000010010000
6;01001000100000000100010000
7;00011000100000000100010000
7;00100010100000000100010000
5;10000100010000000010000010
7;01001000000001100000010000
7;00011000010000100000010000
7;01000010010000100000010000
7;01000100010000100000010000
7;00101000010000100000010000
7;01000001010000100000010000
7;00100100000010010000000010
7;00010010000001100000000010
6;01000100000100010000001000
7;00100001000100010000001000
7;01001000000100010000001000
7;01000010000100010000001000
7;01000010100000000100010000
7;00011000000010000010000100
7;00011000000010100000000001
7;10000010100000000100000100
7;00100100100000000001000001
7;00100100100000001000001000
7;01000001010000001000010000
7;01000001000001001000000001
6;01001000000001010000000001
7;01001000010000000001000001
7;00100010010000100000000100
7;00010010010000100000000100
7;10000100000010100000000100
7;01000100010000100000000100
7;10000010001000001000001000
6;10000010000010001000000010
7;01001000100000000100000100
7;10000010000010000001000100
7;00100010000010000001000100
7;01000010000010000001000100
7;00100010001000000100000100
7;00100001000001010000000010
7;01000001000001010000000100
7;00010001000001010000000010
7;10000001000001010000000010
7;00010100000010100000000001
7;00101000000001000010000100
7;10001000000001000010000100
7;00011000000001000010000100
6;00011000000100000100010000
6;00011000000001000001010000
7;10001000010000010000001000
7;10000010000010000010100000
7;00010100000010000010100000
7;10001000000010000010100000
7;00010010000100010000001000
7;00100100000100010000001000
7;00011000000100010000001000
7;00100010001000000100000100
7;00010010100000000001000001
6;00100001001000000001000001
7;00100001001000001000001000
7;00100010001000001000000001
7;00101000001000001000001000
7;00100010001000001000000010
6;00010010001000001000001000
6;01000001001000000010000010
6;01000001001000000100000100
7;00100100001000010000000001
7;00100010000001010000000001
7;00010100000001010000000001
7;10000100000001010000000001
7;00101000000001010000000001
5;01000100000010000010000010
7;00010010000001001000000001
7;10000001000001001000000001
7;00100010001000001000000001
7;00100001010000001000100000
7;00101000100000100000001000
6;10000010100000100000001000
6;01001000100000100000001000
7;10000001100000100000001000
7;00011000100000100000001000
7;00010010000100000100100000
7;00010010000001000001100000
6;10000010001000000100100000
7;00010010000010000001100000
7;00011000010000010000000100
7;01000001010000010000010000
6;01000010010000010000010000
7;01001000010000010000010000
7;00010100000010010000000010
6;00101000100000010000001000
7;00101000100000000100100000
7;10001000100000000010000010
7;00100010100000000010000010
7;00010010100000000010000010
7;10000100100000000010000010
7;10000001000010000010000100
7;10000001000100000100000100
7;10001000010000001000100000
7;10000001010000001000100000
7;00100100010000001000100000
6;10000010010000001000100000
7;10000100000010010000000010
6;01000100000001001000000001
7;01001000000001001000000001
7;01000010000001001000010000
7;10000010000001001000000001
7;10001000010000100000000100
7;10000010001000000100010000
6;00010010001000000100010000
6;00100010001000000100010000
7;01001000001000000100010000
7;01000001001000000100010000
6;01000100001000000100010000
7;01000001000001000001100000
7;10001000000001000001100000
7;01000010000001000001100000
7;01001000000001010000100000
7;00101000000001000001100000
7;01000100000001000001100000
7;00100001000001001000000001
7;00101000000001001000000001
7;00100100000001001000000001
7;01000001000100000100100000
7;10000100000100000100100000
7;00100001000100000100100000
7;00010001000100000100100000
7;10000010000100000100100000
7;10001000000100000100100000
7;10000010001000000100000100
8;10000100001000000100000100
7;10000001001000000100000100
6;00010001001000000100000100
7;00010001001000000010000100
7;00100001001000000010000100
10;00101000001000000010000100
9;10001000001000000010000100
10;00011000001000000010000100
11;01001000001000000010000100
13;01000100001000000010000100
16;10000100001000000010000100
12;00100100001000000010000100
10;00100100001000010000000100
9;00100100000001010000000100
8;10000100000001010000000100
8;00010100000001010000000100
9;00010010000001010000000100
10;00100010000001010000000100
8;01000010000001010000000100
7;10000010000100001000001000
7;10000001000100001000001000
8;10001000000100001000001000
8;01001000000100001000001000
8;01000100000100001000001000
7;01000001000100001000001000
7;00010001000100001000001000
7;00011000000100001000001000
7;00101000000100001000001000
7;00100100000100001000001000
7;00100100000100001000000001
10;10000100000100001000000001
13;10001000000100001000000001
9;00101000000100001000000001
8;00100010000100001000000001
10;01000010000100001000000001
8;01000001000100001000000001
14;01000001000100001000010000
15;10000001000100001000010000
18;10000010000100001000010000
7;00100100100000100000001000
7;01000100100000100000001000
7;01000001100000100000001000
7;00010001100000100000001000
8;00010010100000100000001000
8;01000010100000100000001000
12;00100010100000100000001000
10;00100010100000100000000001
11;10000010100000100000000001
12;10000001100000100000000001
10;00010001100000100000000001
16;00010001100000100000000100
16;00100001100000100000000100
15;00101000100000100000000100
9;00101000100000000010000100
8;10001000100000000010000100
10;10001000100000100000000100
9;00011000100000100000000100
16;00010100100000100000000100
7;10000010000010100000000001
8;10000010000010100000100000
8;10001000000010100000100000
9;00011000000010100000100000
11;00010010000010100000100000
9;00100010000010100000100000
10;01000010000010100000100000
11;01000001000010100000100000
14;01000001000100100000100000
11;00010001000100100000100000
10;00010001000010100000100000
10;00010100000010100000100000
7;10000100000010100000100000
9;00100100000010100000100000
8;00101000000010100000100000
10;00100001000010100000100000
8;10000001000010100000100000
8;10000001000010000001100000
8;01000001000010000001100000
9;00100001000010000001100000
5;10001000010000000100000100
7;01000010000001000001000001
5;01000001000001000001000001
6;10000001000001000001000001
10;10000001100000000001000001
8;10000010100000000001000001
6;10000010000001000001000001
8;10001000000001000001000001
6;00011000000001000001000001
8;00010100000001000001000001
9;10000100000001000001000001
7;01000100000001000001000001
8;01001000000001000001000001
7;00101000000001000001000001
7;00101000001000000001000001
8;10001000001000000001000001
8;10000001001000000001000001
8;10000100001000000001000001
9;01000100001000000001000001
10;01000100001000000001010000
10;01001000001000000001010000
8;10000001100000010000000010
9;10000001100000010000000100
10;10000010100000010000000100
10;10000010000001010000000100
8;10000100000001010000000100
13;10000001000001010000000100
8;00010001000001010000000100
9;00010010000001010000000100
10;00010010000100010000000100
13;00011000000100010000000100
11;00010001000100010000000100
9;00010100000100010000000100
12;00100100000100010000000100
17;00101000000100010000000100
13;00100001000100010000000100
15;10000001000100010000000100
16;10001000000100010000000100
14;10000010000100010000000100
13;10000100000100010000000100
6;00100001000010000010000100
7;00100001000010000010000010
7;00100001000100000010000010
7;00100010000100000010000010
7;00010010000100001000000010
6;00010010000100001000001000
6;00100010000100000010001000
5;00100001000100000010001000
5;00011000000100000010001000
6;00011000000100100000001000
7;10000010000100100000001000
7;00100001000100100000001000
6;00010001000010100000001000
6;00100010000010100000001000
5;00011000000010100000001000
7;00101000100000100000001000
7;10000100100000100000001000
8;00100100100000100000000001
14;01000100100000100000000001
7;10000010010000010000010000
8;10000001010000010000010000
8;00010001010000010000010000
7;00011000010000010000010000
8;00101000010000010000010000
9;00100010010000010000010000
11;00010010010000010000010000
7;00010010000001000010010000
7;00010100000001000010010000
7;00011000000001000010010000
10;00011000000100000010010000
12;01001000000100000010010000
8;01001000000100000010000001
7;10001000000100000010000001
9;10001000000100100000000001
9;01001000000100100000000001
10;01000010000100100000000001
14;00010010000100100000000001
11;00010001000100100000000001
8;00011000000100100000000001
10;00011000000100100000000100
19;00101000000100100000000100
15;00100001000100100000000100
19;00100100000100100000000100
12;01000100000100100000000100
11;00010100000100100000000100
6;00010100001000000100010000
8;00010100001000000001010000
7;00010010001000000001010000
10;01000010001000000001010000
9;00100010001000000001010000
9;00100010001000001000010000
8;00100010000001001000010000
9;00100010000001000001010000
15;00100001000001000001010000
9;00101000000001000001010000
12;00101000001000000001010000
10;01001000001000000001010000
11;01000001001000000001010000
12;00100001001000000001010000
9;10000001001000000001010000
11;10000100001000000001010000
13;10000100001000100000010000
10;10000001001000100000010000
13;10000010001000100000010000
11;10000010000010100000010000
7;00011000000100001000001000
8;01001000000100001000001000
7;01000010000100001000001000
6;00100010000100001000001000
7;00100010000100001000000010
9;00101000000100001000000010
13;01001000000100001000000010
13;01001000000100001000100000
15;01000010000100001000100000
12;01000001000100001000100000
15;10000001000100001000100000
13;10000100000100001000100000
12;00010100000100001000100000
16;00100100000100001000100000
13;00100010000100001000100000
14;00100001000100001000100000
9;00100001000010001000100000
10;00101000000010001000100000
8;00100100000010001000100000
7;00100100000010000001100000
7;00101000010000010000100000
8;00100001010000010000100000
7;10000001010000010000100000
7;10000010010000010000100000
7;10001000010000010000100000
7;00011000010000010000100000
9;00010010010000010000100000
7;00010100010000010000100000
9;00010100000010010000100000
8;01000100000010010000100000
8;01001000000010010000100000
18;01001000100000010000100000
13;01000100100000010000100000
14;01000001100000010000100000
15;01000001100000000001100000
15;01000100100000000001100000
15;01000010100000000001100000
8;00010010100000000001100000
8;00010100100000000001100000
10;10000100100000000001100000
6;00101000010000001000000100
8;10001000010000001000000100
7;10000010010000001000000100
7;10000001010000001000000100
7;01000001010000001000000100
7;01001000010000001000000100
7;01000100010000001000000100
9;01000100000001001000000100
15;10000100000001001000000100
15;10001000000001001000000100
17;10001000100000001000000100
9;10001000000010001000000100
10;01001000000010001000000100
10;00011000000010001000000100
12;00011000100000001000000100
10;00010010100000001000000100
11;00100010100000001000000100
16;01000010100000001000000100
13;01000001100000001000000100
16;00010001100000001000000100
7;10000001000001001000000001
8;00010001000001001000000001
8;00010001000100001000000001
11;00011000000100001000000001
9;00101000000100001000000001
13;10001000000100001000000001
11;10000010000100001000000001
8;00100010000100001000000001
8;00010010000100001000000001
14;00010010000100001000000100
11;00011000000100001000000100
13;00101000000100001000000100
16;01001000000100001000000100
11;01000010000100001000000100
11;01000010000100000010000100
11;01001000000100000010000100
9;00101000000100000010000100
11;00100100000100000010000100
12;00100100000100010000000100
8;00010010100000100000001000
7;00010001100000100000001000
7;01000001100000100000001000
8;01000010100000100000001000
10;01000010100000100000000010
9;00100010100000100000000010
14;00100001100000100000000010
9;10000001100000100000000010
15;10001000100000100000000010
13;00101000100000100000000010
12;00100100100000100000000010
14;00010100100000100000000010
11;00010001100000100000000010
9;00011000100000100000000010
8;00011000100000000010000010
6;00011000000010000010000010
8;00011000000010100000000010
9;00010001000010100000000010
7;00010100000010100000000010
7;00100001000100000100000100
8;00100001000100000010000100
9;00101000000100000010000100
10;10001000000100000010000100
9;10000010000100000010000100
10;00100010000100000010000100
11;00100100000100000010000100
10;10000100000100000010000100
12;01000100000100000010000100
8;00010100000100000010000100
9;00010100000100010000000100
12;00100100000100010000000100
15;00100010000100010000000100
14;10000010000100010000000100
10;00010010000100010000000100
12;00010010000100010000000001
12;01000010000100010000000001
12;01001000000100010000000001
10;00011000000100010000000001
10;00010001000100010000000001
8;00010001000001001000000001
7;10000001000001001000000001
9;10000001100000001000000001
8;10000010100000001000000001
12;10000010100000001000100000
10;00100010100000001000100000
14;01000010100000001000100000
12;01000100100000001000100000
16;01001000100000001000100000
9;10001000100000001000100000
11;00101000100000001000100000
9;00101000100000001000000010
8;10001000100000001000000010
11;10001000000010001000000010
13;10000001000010001000000010
9;00010001000010001000000010
9;01000001000010001000000010
8;01000100000010001000000010
7;01000100000010001000010000
7;01001000000001001000010000
8;10000001000001001000010000
7;10000010000001000010010000
8;10001000000001000010010000
7;10000100000001000010010000
7;00010100000001000010010000
7;00011000000001000010010000
10;00011000000001100000010000
9;00010100000001100000010000
12;00010001000001100000010000
13;00010001000100100000010000
12;01000001000100100000010000
13;00100001000100100000010000
18;00100010000100100000010000
20;10000010000100100000010000
19;00010010000100100000010000
17;01000010000100100000010000
10;01000010000100100000000001
8;00100010000100100000000001
7;00101000000100100000000001
7;00010001000001000001100000
8;00100001000001000001100000
9;00100001001000000001100000
9;00100100001000000001100000
8;00100100000001000001100000
7;00010100000001000001100000
9;10000100000001000001100000
10;10000100100000000001100000
15;01000100100000000001100000
9;01001000100000000001100000
8;00101000100000000001100000
8;10001000100000000001100000
7;10001000000010000001100000
7;01001000000010000001100000
7;01000100000010000001100000
7;00100100000010000001100000
7;00101000000010000001100000
8;00100010000010000001100000
8;10000010000010000001100000
13;10000010001000000001100000
8;01000100000100001000000010
9;00101000000100001000000010
10;10000001000100001000000010
8;01000010000100001000000010
6;00010010000100000010000010
7;00100001000100000010000010
5;00010001000100000100000010
7;00100001000100000100000100
9;00100010000100000100000100
8;00101000000100000100000100
9;01000100000100000100000100
8;00010100000100000001000100
8;01000100000100000001000100
9;10000100000100000001000100
11;00100100000100000001000100
12;00101000000100000001000100
9;00100001000100000001000100
7;00100001000010000001000100
14;00100001000010001000000100
6;00100001000100000100010000
6;01000001000100000100010000
6;00011000000100000100010000
8;00010001000100000010010000
6;00010001000010000010010000
7;00010010000010000010010000
13;00100010000010000010010000
9;00100010001000000010010000
12;10000010001000000010010000
11;00010010001000000010010000
8;01000010001000000010010000
9;01000100001000000010010000
9;10000100001000000010010000
8;00100100001000000010010000
13;00100100001000010000010000
14;00100010001000010000010000
17;00101000001000010000010000
18;10001000001000010000010000
11;10000001001000010000010000
11;10000010001000010000010000
8;01000100100000000010000001
8;00010100100000000010000001
10;00010100100000010000000001
11;01000100100000010000000001
10;01000010100000010000000001
9;01000001100000010000000001
8;01000001100000000001000001
7;00010001100000000001000001
7;00010100100000000001000001
8;01000100100000000001000001
7;01001000100000000001000001
7;10001000100000000001000001
10;10000001100000000001000001
7;10000100100000000001000001
8;10000010100000000001000001
7;00100010100000000001000001
9;00100001100000000001000001
8;00100001100000001000000001
7;00100001100000001000001000
8;00101000000100000100000100
7;10000100000100000100000100
8;00010100000100000001000100
11;00100100000100000001000100
9;10000100000100000001000100
8;01000100000100000001000100
10;01000010000100000001000100
7;00010010000100000001000100
6;00010010000100000001000001
8;10000010000100000001000001
11;10001000000100000001000001
7;00011000000100000001000001
10;01001000000100000001000001
9;01000010000100000001000001
15;01000010000100000001010000
14;10000010000100000001010000
16;00100010000100000001010000
11;00100001000100000001010000
8;00100100000100000001010000
8;10000100001000000100000100
7;00100100001000000100000100
8;01000100001000000100000100
9;01001000001000000100000100
7;00101000001000000100000100
10;10001000001000000100000100
7;10000001001000000100000100
6;00010001001000000100000100
7;00010001001000000001000100
10;00010100001000000001000100
9;10000100001000000001000100
13;10000100001000100000000100
13;01000100001000100000000100
13;01000010001000100000000100
13;00100010001000100000000100
17;00100001001000100000000100
16;00100100001000100000000100
13;00010100001000100000000100
12;00010100001000100000000001
7;00101000000100001000001000
8;10001000000100001000001000
7;00011000000100001000001000
8;01001000000100001000001000
7;01000010000100001000001000
8;01000100000100001000001000
7;00010100000100001000001000
7;00100100000100001000001000
7;00100100000100001000000001
9;00101000000100001000000001
11;00011000000100001000000001
11;00011000000100001000000100
14;00010010000100001000000100
8;00010010000001001000000100
9;00010001000001001000000100
8;00010001000001001000000010
7;00100001000001001000000010
8;00100001001000001000000010
8;00101000001000001000000010
12;10001000001000001000000010
8;01001000000001010000000100
8;01000100000001010000000100
7;01000100000001000001000100
8;10000100000001000001000100
11;10000100100000000001000100
10;01000100100000000001000100
9;01000001100000000001000100
11;01000001100000010000000100
13;01000100100000010000000100
12;01001000100000010000000100
13;10001000100000010000000100
12;10001000000010010000000100
9;10000010000010010000000100
8;01000010000010010000000100
11;01000100000010010000000100
10;10000100000010010000000100
9;10000001000010010000000100
7;10000001000010010000000010
6;10000010000010010000000010
6;01000100010000001000010000
7;01000100000010001000010000
8;01000010000010001000010000
9;01001000000010001000010000
10;00011000000010001000010000
11;00010010000010001000010000
10;00010010001000001000010000
9;00100010001000001000010000
8;00100010000010001000010000
9;10000010000010001000010000
10;10000010001000001000010000
12;10000010001000000010010000
8;01000010001000000010010000
10;01000010000010000010010000
7;01001000000010000010010000
11;01001000100000000010010000
9;01000010100000000010010000
10;01000010100000001000010000
13;01001000100000001000010000
10;10001000100000001000010000
8;10000010001000010000000001
9;10000010001000010000100000
10;01000010001000010000100000
11;00010010001000010000100000
11;00100010001000010000100000
11;00100010000001010000100000
10;10000010000001010000100000
9;10000010000001010000000001
7;01000010000001010000000001
7;01000010000001010000010000
7;01000010000001000001010000
7;01000010000001000001000001
5;00010010000001000001000001
8;00010100000001000001000001
7;01000100000001000001000001
7;00100100000001000001000001
7;00101000000001000001000001
8;01001000000001000001000001
7;01001000000001000001010000
7;00100100001000000010000010
7;00101000001000000010000010
7;00011000001000000010000010
10;10001000001000000010000010
8;01001000001000000010000010
7;01000010001000000010000010
6;10000010001000000010000010
8;10000010000010000010000010
5;00010010000010000010000010
5;00010100000010000010000010
5;00100100000010000010000010
6;10000100000010000010000010
7;10000001000010000010000010
7;00100001000010000010000010
7;00100001000100000010000010
8;00100100000100000010000010
8;00101000000100000010000010
9;00101000000100100000000010
10;00101000000100100000100000
13;01001000000100100000100000
7;00101000000010000010100000
8;01001000000010000010100000
10;01001000000010100000100000
11;01001000100000100000100000
12;00011000100000100000100000
9;00011000100000100000000010
14;00010100100000100000000010
15;01000100100000100000000010
12;00100100100000100000000010
14;00100001100000100000000010
13;00101000100000100000000010
14;00101000100000100000100000
8;00101000000010100000100000
9;00011000000010100000100000
11;00010010000010100000100000
9;00100010000010100000100000
10;01000010000010100000100000
12;01000100000010100000100000
7;01000100010000100000100000
5;10001000010000000100000100
8;10000100000010001000100000
8;10000001000010001000100000
9;00100001000010001000100000
11;01000001000010001000100000
9;00010001000010001000100000
10;00011000000010001000100000
10;00101000000010001000100000
7;00101000000010001000000010
9;00101000100000001000000010
9;01001000100000001000000010
10;01000100100000001000000010
9;00010100100000001000000010
14;00100100100000001000000010
14;00100100100000001000010000
13;01000100100000001000010000
11;01000100100000001000000001
8;00100100100000001000000001
10;10000100100000001000000001
11;00010100100000001000000001
8;01000010000100001000000010
8;01000100000100001000000010
10;01000100000100001000010000
11;00100100000100001000010000
12;00010100000100001000010000
8;00010100000100001000000010
9;10000100000100001000000010
11;10001000000100001000000010
9;00101000000100001000000010
13;01001000000100001000000010
8;00011000000100001000000010
11;00011000000100001000100000
12;10001000000100001000100000
14;00101000000100001000100000
13;00100010000100001000100000
11;00100010000100000010100000
10;00101000000100000010100000
9;00100001000100000010100000
8;00010001000100000010100000
5;10001000010000000100010000
7;01001000000001010000010000
8;10001000000001010000010000
7;10000100000001010000000010
8;10000100000001010000010000
11;10000001000001010000010000
12;10000001100000010000010000
13;00100001100000010000010000
14;00100100100000010000010000
10;01000100100000010000010000
10;00010100100000010000010000
12;00010001100000010000010000
14;00010010100000010000010000
14;00100010100000010000010000
13;00101000100000010000010000
11;00011000100000010000010000
10;10001000100000010000010000
12;10000010100000010000010000
9;10000100100000010000010000
8;10000100100000010000000010
9;01000100100000010000000010
7;01000100001000000001000010
8;01000100001000010000000010
9;10000100001000010000000010
10;00010100001000010000000010
9;00010100001000000010000010
7;00011000001000000010000010
7;00101000001000000010000010
7;00100100001000000010000010
7;10000100001000000010000010
10;10001000001000000010000010
8;10000001001000000010000010
6;10000010001000000010000010
7;01000010001000000010000010
8;01001000001000000010000010
17;01001000001000000010100000
13;01000001001000000010100000
10;01000100001000000010100000
11;00010100001000000010100000
20;00010010001000000010100000
8;00010010000010000010100000
5;00100001000010001000001000
5;00100010000010001000001000
6;10001000000010001000001000
7;00011000100000001000001000
7;00101000100000001000000001
8;10001000100000001000000001
9;10001000100000001000100000
8;10001000000001001000100000
8;10000010000001001000100000
12;10000010100000001000100000
14;00010010100000001000100000
14;00010001100000001000100000
13;00011000100000001000100000
11;00101000100000001000100000
8;00101000100000000001100000
10;00100001100000000001100000
9;00100100100000000001100000
10;00100100100000001000100000
11;10000100100000001000100000
11;10000001100000001000100000
7;10000100000001000010100000
8;00010100000001000010100000
9;00010100000001010000100000
10;00010010000001010000100000
10;10000010000001010000100000
9;10000001000001010000100000
9;10000100000001010000100000
11;10001000000001010000100000
7;10001000000001010000000001
9;10000010000001010000000001
8;10000001000001010000000001
10;10000001100000010000000001
10;10000001100000010000100000
20;00100001100000010000100000
15;00101000100000010000100000
20;00100100100000010000100000
23;00100010100000010000100000
11;10000010100000010000100000
10;10000010100000010000000001
9;00100010100000010000000001
7;00011000100000001000001000
8;00010100100000001000001000
9;01000100100000001000001000
7;01001000100000001000001000
8;01000001100000001000001000
8;00010001100000001000001000
7;00100001100000001000001000
8;00100001100000001000000001
9;10000001100000001000000001
8;10000010100000001000000001
12;10000010100000001000100000
11;10000100100000001000100000
10;10000100100000001000000001
8;10000100000001001000000001
9;10000100000001001000100000
8;10001000000001001000100000
12;00101000000001001000100000
11;00100010000001001000100000
8;10000010000001001000100000
10;10000001000001001000100000
7;00010100010000100000000100
6;00101000010000100000000100
7;00100010010000100000000100
8;01000010000001100000000100
9;00010010000001100000000100
10;00010010000001100000000001
14;00010010000100100000000001
8;00011000000100100000000001
11;00010001000100100000000001
8;00010001000001100000000001
11;00010001000001100000000100
11;00010001000001100000000010
10;00010001000100100000000010
9;00010001000010100000000010
8;01000001000010100000000010
11;10000001000010100000000010
10;10000001000100100000000010
11;10000001000100100000000100
16;01000001000100100000000100
7;01000001000100100000001000
8;01000010000100100000001000
7;01000100000100100000001000
9;00100100000100100000001000
6;10000100000100100000001000
7;10000010000100100000001000
7;00100010000100100000001000
8;00100010000100100000000001
9;00100100000100100000000001
7;00101000000100100000000001
8;00011000000100100000000001
12;00010100000100100000000001
11;00010100000100100000000100
12;00010010000100100000000100
10;00011000000100100000000100
8;00011000000100000010000100
8;00010010000100000010000100
14;00010010000100001000000100
14;00100010000100001000000100
10;00100010000100000010000100
8;00100100000001010000010000
9;00101000000001010000010000
9;00011000000001010000010000
9;00010001000001010000010000
9;00010010000001010000010000
8;00010100000001010000010000
7;00010100000001010000000010
8;00100100000001010000000010
7;00101000000001010000000010
10;00101000000001010000100000
12;00011000000001010000100000
14;00011000000100010000100000
18;00101000000100010000100000
13;01001000000100010000100000
14;01000001000100010000100000
16;01000010000100010000100000
12;10000010000100010000100000
12;10000010000100010000000001
12;01000010000100010000000001
7;00101000000001000001000001
7;00100100000001000001000001
7;01000100000001000001000001
8;01001000000001000001000001
5;01000001000001000001000001
7;01000001000001010000000001
8;10000001000001010000000001
10;10000001100000010000000001
11;10000100100000010000000001
10;10000010100000010000000001
10;01000010100000010000000001
9;00100010100000010000000001
9;00100001100000010000000001
11;00101000100000010000000001
8;10001000100000010000000001
16;10001000100000010000100000
11;10001000000001010000100000
10;10000010000001010000100000
9;10000010000001010000000001
8;00100100000001000010000100
9;00100100000001010000000100
10;00100100001000010000000100
11;01000100001000010000000100
10;01000001001000010000000100
9;01000001001000000001000100
7;00010001001000000001000100
8;10000001001000000001000100
14;10000001001000100000000100
10;10001000001000100000000100
9;10001000001000000001000100
9;10000100001000000001000100
12;01000100001000000001000100
9;00100100001000000001000100
11;00100100001000001000000100
12;00100001001000001000000100
10;00101000001000001000000100
9;00101000001000000001000100
11;01001000001000000001000100
8;00100100100000000010000010
7;00100001100000000010000010
8;00101000100000000010000010
9;01001000100000000010000010
8;01000100100000000010000010
11;01000100100000000010010000
13;00010100100000000010010000
10;00100100100000000010010000
9;00101000100000000010010000
8;10001000100000000010010000
11;01001000100000000010010000
9;01000010100000000010010000
14;00010010100000000010010000
12;00100010100000000010010000
12;00100010100000001000010000
16;00100001100000001000010000
18;00010001100000001000010000
20;00010100100000001000010000
14;00100100100000001000010000
7;00100100100000000100010000
7;00100010100000000100010000
8;00100001100000000100010000
6;00101000100000000100010000
7;00011000100000000100010000
8;00010010100000000100010000
7;00010100100000000100010000
8;00010100100000000001010000
10;00010001100000000001010000
8;00010010100000000001010000
10;00011000100000000001010000
10;10001000100000000001010000
12;10000100100000000001010000
11;10000001100000000001010000
8;10000001000001000001010000
8;00010001000001000001010000
9;00010010000001000001010000
7;10000010000001000001010000
8;10001000000001000001010000
7;01001000000001000001010000
8;00010010000100001000000001
9;00010100000100001000000001
10;10000100000100001000000001
11;10000010000100001000000001
10;01000010000100001000000001
8;01000001000100001000000001
14;01000001000100001000010000
15;10000001000100001000010000
10;10000100000100001000010000
9;10000100000100001000000010
8;00100100000100001000000010
7;00100010000100001000000010
7;10000010000100001000000010
7;10000010000100001000001000
7;01000010000100001000001000
8;01000010000100001000000010
13;01001000000100001000000010
9;00101000000100001000000010
12;00101000000100000001000010
8;00010100100000100000001000
7;00100100100000100000001000
8;00100100100000100000000001
9;00100001100000100000000001
12;10000001100000100000000001
13;01000001100000100000000001
8;01001000100000100000000001
11;01000010100000100000000001
15;01000010100000100000010000
15;00010010100000100000010000
13;00010001100000100000010000
12;10000001100000100000010000
12;10000010100000100000010000
13;10000010100000000001010000
10;01000010100000000001010000
11;01000010100000010000010000
14;00100010100000010000010000
13;00100001100000010000010000
13;00101000100000010000010000
7;00010010010000010000000100
6;01000010010000010000000100
8;10000010010000010000000100
8;10000100010000010000000100
7;10000001010000010000000100
7;00010001010000010000000100
7;00100001010000010000000100
7;00100100010000010000000100
6;01000100010000010000000100
8;01000100000001010000000100
8;01001000000001010000000100
9;00011000000001010000000100
8;00010001000001010000000100
9;00010010000001010000000100
10;00010010000100010000000100
15;00100010000100010000000100
10;01000010000100010000000100
14;10000010000100010000000100
13;10000100000100010000000100
9;00010100000100010000000100
8;00100001000010100000000010
8;00101000000010100000000010
7;00100100000010100000000010
7;00010100000010100000000010
9;00010001000010100000000010
7;00010010000010100000000010
8;00011000000010100000000010
11;01001000000010100000000010
8;01000001000010100000000010
11;10000001000010100000000010
8;10000001000010100000000100
11;10000001000100100000000100
12;10001000000100100000000100
13;01001000000100100000000100
11;01000010000100100000000100
16;01000001000100100000000100
12;01000100000100100000000100
10;10000100000100100000000100
9;10000100000100000001000100
8;10000010000100010000001000
8;10001000000100010000001000
7;00101000000100010000001000
8;00100010000100010000001000
9;00100010000100010000000010
9;00100100000100010000000010
10;00101000000100010000000010
9;00100001000100010000000010
10;10000001000100010000000010
7;10000001000010010000000010
9;10001000000010010000000010
8;00101000000010010000000010
8;00100001000010010000000010
10;00100001000010010000000100
9;10000001000010010000000100
10;10000100000010010000000100
7;00010100000010010000000100
11;01000100000010010000000100
8;01000010000010010000000100
6;10000010010000001000100000
6;00101000010000001000100000
8;01000001010000001000100000
7;10000100010000001000100000
11;01000100000010001000100000
7;00100100000010000001100000
8;00100100000010001000100000
8;00010100000010001000100000
10;00010010000010001000100000
15;00010010001000001000100000
16;00010100001000001000100000
17;00010001001000001000100000
14;00011000001000001000100000
11;00011000001000001000000010
8;00010010001000001000000010
8;10000010001000001000000010
9;01000010001000001000000010
7;01000010001000000010000010
6;01000010000010000010000010
8;01001000000010000010000010
7;10000010001000000100010000
6;00100010000010000100010000
4;01000100000010000100010000
3;00100100000010000100000010
6;01001000000010000100000010
6;01001000100000000100000010
6;00010001100000000100000010
8;00100001100000000100000100
8;00100010100000000100000100
8;00100100100000000100000100
7;10001000100000000100000100
6;10001000000010000100000100
6;01000010000010000100000100
7;00100010001000000100000100
6;01000001001000000100000100
7;00100100001000000100000100
10;00010100001000000001000100
9;10000100001000000001000100
9;10001000001000000001000100
8;10000001001000000001000100
7;00010001001000000100010000
6;00100010001000000100010000
5;00100100000001000100010000
5;00010001000001000100010000
8;00010001000001000001010000
7;10000010000001000001010000
11;10000001100000000001010000
10;01000010100000000001010000
8;01000001100000000001000001
9;00100001100000000001000001
7;00010100100000000001000001
5;00011000100000000100000001
6;10000010100000000100000001
5;00100001100000000100000001
6;00100001100000000100001000
3;10000010100000000100001000
4;10000001000001000100001000
1;01000100000001000100001000
5;00011000000001000100001000
3;00010100000100000100001000
7;10000100100000000001000001
7;00010001100000000001000001
9;00100001100000000001000001
8;01000100100000000001000001
10;01000010100000000001010000
12;00100001100000000001010000
10;00011000100000000001010000
9;00010001100000000100010000
9;00010001100000000010010000
10;00011000100000000010010000
10;00011000000010000010010000
11;10001000000010000010010000
11;10001000000010100000010000
11;10001000100000100000010000
12;00101000100000100000010000
14;00100010100000100000010000
15;00100001100000100000010000
10;00100100100000100000010000
15;00010100100000100000010000
11;01000100100000100000010000
7;01000001000100001000001000
7;00010001000100001000001000
7;00010100000100001000001000
8;01000100000100001000001000
7;01000010000100001000001000
6;00100010000100001000001000
7;10000010000100001000001000
8;10000100000100001000001000
7;00100100000100001000001000
7;00101000000100001000001000
9;00101000000100001000000001
8;00100010000100001000000001
7;00100100000100001000000001
10;10000100000100001000000001
8;10000001000100001000000001
13;10001000000100001000000001
11;10000010000100001000000001
10;01000010000100001000000001
9;01000100000100001000000001
10;01000100000100001000010000
7;00011000000001100000000010
8;00101000000001100000000010
7;00100010000001100000000010
9;00100001000001100000000010
7;10000001000001100000000010
7;01000001000001100000000010
7;01000100000001100000000010
9;01000100000001100000010000
8;01000010000001100000010000
16;01000001000001100000010000
12;00010001000001100000010000
9;00010010000001100000010000
19;00010010000100100000010000
12;00010100000100100000010000
14;00100100000100100000010000
15;01000100000100100000010000
17;01000010000100100000010000
10;01000010000100100000000001
9;01000100000100100000000001
11;01000001000100100000000001
8;00100010001000000001000100
9;00101000001000000001000100
9;00100100001000000001000100
10;00010100001000000001000100
7;00010001001000000001000100
9;01000001001000000001000100
8;00100001001000000001000100
12;00100001001000001000000100
11;00100010001000001000000100
11;00100010000001001000000100
13;00100100000001001000000100
8;00100100000001000001000100
7;00100001000001000001000100
9;00100010000001000001000100
7;01000010000001000001000100
8;10000010000001000001000100
8;10000100000001000001000100
11;10000100100000000001000100
9;00010100100000000001000100
7;01000001000010010000000001
7;01001000000010010000000001
8;01001000000010010000010000
8;01000010000010010000010000
11;00010010000010010000010000
12;00010010001000010000010000
13;01000010001000010000010000
11;10000010001000010000010000
14;00100010001000010000010000
10;00100010000001010000010000
7;01000010000001010000010000
10;10000010000001010000010000
11;10000001000001010000010000
8;01000001000001010000010000
9;00010001000001010000010000
9;00011000000001010000010000
8;10001000000001010000010000
9;00101000000001010000010000
9;00100001000001010000010000
8;00100100000001010000010000
7;00011000000001000010010000
8;10001000000001000010010000
9;10001000000001100000010000
8;10000100000001100000010000
9;00100100000001100000010000
12;00100100001000100000010000
13;10000100001000100000010000
10;10000001001000100000010000
12;00100001001000100000010000
15;00100001000001100000010000
12;00010001000001100000010000
11;10000001000001100000010000
16;01000001000001100000010000
7;01000001000001100000000001
7;01000010000001100000000001
9;10000010000001100000000001
6;10000010000001000001000001
8;10001000000001000001000001
7;10001000100000000001000001
8;10000010100000000001000001
7;10000010010000100000100000
8;00100010010000100000100000
8;00010010010000100000100000
10;00010001010000100000100000
9;01000001010000100000100000
7;01000100010000100000100000
6;10000100010000100000100000
8;00010100010000100000100000
10;00010100000010100000100000
9;00011000000010100000100000
10;00011000000010000010100000
8;01001000000010000010100000
8;01000010000010000010100000
8;00010010000010000010100000
20;00010010001000000010100000
20;10000010001000000010100000
14;10000001001000000010100000
10;10000100001000000010100000
11;00010100001000000010100000
23;00011000001000000010100000
7;01001000000010000010010000
6;01000100000010000010010000
7;01000100000010010000010000
10;00100010000010010000010000
11;10000010001000010000010000
10;00100010000001010000010000
7;01000010000001010000010000
8;01000001000001010000010000
9;00010001000001010000010000
8;00010100000001010000010000
8;10000100000001010000010000
8;10001000000001010000010000
10;10000010000001010000010000
11;10000001000001010000010000
9;00100001000001010000010000
8;00100100000001010000010000
13;00100100001000010000010000
14;00100010001000010000010000
11;10000010001000010000010000
11;10000010000010010000010000
8;01000100100000000010000010
9;01001000100000000010000010
8;01001000000010000010000010
5;01000001000010000010000010
7;00100001000010000010000010
6;00101000000010000010000010
5;00100100000010000010000010
5;00010100000010000010000010
6;10000100000010000010000010
8;10001000000010000010000010
8;10000010000010000010000010
7;10000001000010000010000010
7;10000001000100000010000010
7;10001000000100000010000010
8;10001000000100100000000010
9;00011000000100100000000010
22;00011000000100100000100000
8;00011000000100000010100000
10;00101000000100000010100000
7;10000001000100000010100000
8;00010001000100000010100000
9;00010100000100000010100000
10;01000100000100000010100000
11;00100100000100000010100000
10;10000100000100000010100000
9;10001000000100000010100000
9;01001000000100000010100000
15;01000010000100000010100000
12;00010010000100000010100000
17;10000010000100000010100000
14;10000010000100001000100000
10;00010010000100001000100000
15;01000010000100001000100000
12;01000001000100001000100000
15;01000100000100001000100000
13;10000100000100001000100000
15;10000001000100001000100000
8;10000001000010001000100000
11;01000001000010001000100000
5;10001000010000000100010000
7;01001000000010010000000010
8;01001000000010010000100000
9;00101000000010010000100000
10;00100010000010010000100000
11;00100010001000010000100000
11;00100010000001010000100000
9;00100100000001010000100000
8;00100100000001000010100000
9;00100100001000000010100000
10;00100010001000000010100000
9;00100010000010000010100000
11;00100010000010001000100000
14;00100010001000001000100000
12;01000010001000001000100000
11;01000010000010001000100000
11;01000001000010001000100000
11;01000100000010001000100000
8;10000100000010001000100000
8;00010100000010001000100000
8;00100100000010001000100000
7;00100100000100001000000001
7;00101000000100001000001000
8;01000100000100001000001000
6;00010010000100001000001000
5;00010010000001001000001000
6;10001000000001001000001000
6;00101000000001001000001000
7;00100001000001001000000001
7;00101000000001000001000001
6;10000010000001000001000001
5;00010010000001000001000001
6;00011000000001000001000100
8;00011000000100000001000100
9;01001000000100000001000100
9;10000100000100000001000100
12;00101000000100000001000100
13;00100001000100001000000100
14;00010010000100001000000100
18;10000001000100001000000100
10;10000001000100001000000010
7;10000010000001000001010000
7;01000010000001000001010000
7;01000010000001000001000001
5;01000001000001000001000001
7;01000100000001000001000001
8;00010100000001000001000001
7;00010100000100000001000001
6;00010010000100000001000001
7;00011000000100000001000001
10;01001000000100000001000001
10;01000100000100000001000001
9;01000100000100010000000001
8;00010100000100010000000001
10;00011000000100010000000001
10;10001000000100010000000001
12;10000010000100010000000001
8;10000001000100010000000001
8;01000001000100010000000001
10;00010001000100010000000001
8;01000100001000000100100000
7;01000010001000000100100000
7;00100010001000000100100000
7;00100001001000000100100000
8;00010001001000000100100000
12;00010001001000000010100000
14;10000001001000000010100000
13;01000001001000000010100000
10;01000100001000000010100000
17;01001000001000000010100000
8;01001000001000000010000010
7;00011000001000000010000010
7;00010001001000000010000010
7;00010010001000000010000010
6;10000010001000000010000010
10;10001000001000000010000010
7;10000100001000000010000010
8;10000001001000000010000010
8;10000001001000000010000100
7;01000001000010000001010000
7;01001000000010000001010000
9;10001000000010000001010000
8;10000001000010000001010000
9;10000001000100000001010000
7;00010001000100000001010000
11;00100001000100000001010000
9;00101000000100000001010000
10;10001000000100000001010000
8;00011000000100000001010000
8;00010010000100000001010000
16;00100010000100000001010000
14;10000010000100000001010000
20;10000010000100100000010000
17;01000010000100100000010000
15;01000100000100100000010000
12;00010100000100100000010000
9;00010100000100100000000010
10;01000100000100100000000010
12;01001000000100100000000010
7;00100100000010100000000010
8;00100001000010100000000010
7;00100010000010100000000010
6;01000010000010100000001000
5;10001000000010100000001000
5;01000100000010100000001000
6;00100100010000100000001000
5;10000010010000100000001000
5;00100010010000100000000010
6;00010001010000100000000010
8;01000001010000100000000100
7;00100010010000100000000100
7;00010100010000100000000100
13;01000100000001100000000100
15;00100100000001100000000100
9;10000100000001100000000100
8;10000100000001000001000100
9;10001000000001000001000100
7;00101000000001000001000100
9;00101000000001001000000100
6;01000001010000010000000001
6;00010010010000010000000001
5;10000100010000010000000001
4;00100100010000010000000001
4;00101000010000010000001000
4;10000010010000010000001000
5;01000100010000010000001000
4;00011000010000010000001000
7;10000010010000001000000100
8;10001000010000001000000100
7;00011000010000001000000100
6;00101000010000001000000100
7;00100100010000001000000100
8;10000100010000001000000100
6;00010100010000001000000100
7;01000100010000001000000100
9;01000100000001001000000100
11;00010100000001001000000100
10;00010100000001001000000001
9;00010100000100001000000001
7;00100100000100001000000001
8;00100010000100001000000001
10;01000010000100001000000001
8;01000010000100000010000001
9;01000010000100000010010000
10;00010010000100000010010000
19;10000010000100000010010000
18;10000010000100001000010000
5;01000001000010000010000010
7;10000001000010000010000010
7;00010001000010000010000010
6;00011000000010000010000010
5;00010100000010000010000010
7;00010100000010000010010000
6;00010001000010000010010000
8;00010001000100000010010000
9;01000001000100000010010000
10;10000001000100000010010000
12;10000100000100000010010000
8;01000100000100000010010000
11;01000100000100000010000010
9;01000100000100010000000010
9;00100100000100010000000010
9;10000100000100010000000010
8;00010100000100010000000010
8;00010001000100010000000010
8;00011000000100010000000010
7;01001000001000100000001000
8;01000100001000100000001000
9;00010100001000100000001000
10;00010010001000100000001000
7;00011000001000100000001000
7;10001000001000100000001000
7;10000001001000100000001000
7;00100001001000100000001000
9;01000001001000100000001000
8;00010001001000100000001000
7;00100100001000100000001000
8;00100100001000100000000001
9;00100100000001100000000001
7;00100010000001100000000001
8;00100010001000100000000001
10;01000010001000100000000001
13;01000100001000100000000001
14;01000001001000100000000001
11;01000001001000100000010000
16;01001000001000100000010000
17;00101000001000100000010000
17;10001000001000100000010000
13;10000100001000100000010000
11;10000100001000000001010000
8;00010100001000000001010000
6;00010100001000000100010000
7;00010001001000000100010000
11;00010001001000000010010000
11;00010010001000000010010000
8;01000010001000000010010000
7;00100100100000000100010000
7;00100010100000000100010000
8;00100001100000000100010000
10;00100001100000000010010000
9;00101000100000000010010000
8;10001000100000000010010000
11;10001000000010000010010000
7;10000100000010000010010000
7;00010100000010000010010000
5;00010100000010000010000010
6;10000100000010000010000010
7;10000001000010000010000010
7;00010001000010000010000010
5;01000001000010000010000010
7;00100001000010000010000010
6;00101000000010000010000010
7;00101000000010000010100000
10;00011000000010000010100000
7;00010001000010000010100000
8;00010001000100000010100000
8;00010001000010001000000100
9;01000001000010001000000100
10;01001000000010001000000100
11;01001000100000001000000100
12;00011000100000001000000100
10;00011000000010001000000100
7;00010100000010001000000100
13;00010010000010001000000100
16;01000010000010001000000100
8;00100010000010001000000100
7;00100100000010001000000100
9;01000100000010001000000100
10;10000100000010001000000100
9;10001000000010001000000100
11;10000010000010001000000100
16;10000010001000001000000100
9;10000010001000000010000100
16;10000100001000000010000100
9;00010100001000000010000100
7;00101000000100100000000001
8;00100001000100100000000001
7;00100001000010100000000001
10;00010001000010100000000001
11;00010001000100100000000001
12;10000001000100100000000001
10;10000100000100100000000001
11;10000100000100000001000001
8;00100100000100000001000001
10;01000100000100000001000001
9;01000010000100000001000001
12;01000010000100010000000001
12;00010010000100010000000001
11;00100010000100010000000001
10;00100100000100010000000001
9;00101000000100010000000001
10;00011000000100010000000001
12;01001000000100010000000001
10;01001000000100000001000001
7;00011000000100000001000001
5;00100001000100000001001000
6;01000010000100000001001000
5;00010010000100000001001000
6;10000010000100000001001000
7;10001000000100100000001000
7;00010100000100100000001000
7;01001000000100100000001000
7;00101000000100100000001000
9;00100010000100100000000010
7;00100010000100100000001000
7;00100001000100100000001000
9;00100100000100100000001000
9;00100100000100100000000001
8;00100010000100100000000001
8;00100001000100100000000001
11;01000001000100100000000001
12;01000001000100100000010000
12;01000001000010100000010000
8;01001000000010100000010000
10;01000010000010100000010000
4;00101000100000000100000001
5;01001000100000000100000001
6;00010010100000000100000001
7;00010010100000000100000100
8;01000010100000000100000100
8;01000001100000000010000100
7;01000001100000000010000010
9;01001000100000000010000010
11;01001000100000100000000010
11;01001000000010100000000010
8;01001000000010000010000010
5;01000001000010000010000010
7;10000001000010000010000010
6;10000100000010000010000010
8;10000010000010000010000010
6;10000010001000000010000010
7;00010010001000000010000010
7;00010001001000000010000010
7;00011000001000000010000010
23;00011000001000000010100000
8;01000010000001100000010000
9;00010010000001100000010000
10;00100010000001100000010000
9;00100100000001100000010000
12;00100100001000100000010000
12;00100001001000100000010000
12;00100010001000100000010000
13;10000010001000100000010000
11;10000010000010100000010000
7;10000010000010000001010000
9;10001000000010000001010000
10;10001000100000000001010000
11;00101000100000000001010000
10;00100010100000000001010000
9;00100100100000000001010000
12;10000100100000000001010000
9;01000100100000000001010000
10;01000010100000000001010000
11;01000010100000010000010000
7;00010001000100000010000100
8;00010010000100000010000100
8;00011000000100000010000100
7;00011000000100000010000001
7;00010100000100000010000001
8;00010100000100000010000100
10;10000100000100000010000100
13;10000100000100010000000100
9;00010100000100010000000100
8;00010100000001010000000100
9;00010010000001010000000100
8;00010010000001010000000001
10;00011000000001010000000001
7;10001000000001010000000001
8;10000001000001010000000001
7;01000001000001010000000001
10;00010001000001010000000001
10;00010001000100010000000001
7;00010001000010010000000001
7;00011000000010010000000001
6;10000100000100100000001000
7;10000010000100100000001000
8;01000010000100100000001000
7;01000100000100100000001000
7;01000001000100100000001000
7;00100001000100100000001000
9;00100100000100100000001000
7;00100010000100100000001000
8;00100010000100100000000001
14;00010010000100100000000001
16;10000010000100100000000001
9;10001000000100100000000001
9;01001000000100100000000001
7;00101000000100100000000001
8;00011000000100100000000001
7;00011000000100000010000001
8;00011000000100000010000100
10;10001000000100000010000100
9;10000010000100000010000100
7;01001000000001000001010000
7;01000010000001000001010000
9;00100010000001000001010000
9;00101000000001000001010000
9;00101000000001001000010000
9;00011000000001001000010000
9;10001000000001001000010000
8;10000001000001001000010000
11;10000001100000001000010000
12;10000010100000001000010000
9;10000010000001001000010000
8;00100010000001001000010000
8;00100100000001001000010000
8;01000100000001001000010000
11;01000001000001001000010000
11;00100001000001001000010000
12;00100001001000001000010000
11;00010001001000001000010000
13;00011000001000001000010000
11;10001000001000001000010000
8;00010010100000000001000100
9;00010100100000000001000100
10;00100100100000000001000100
11;00100010100000000001000100
11;00100001100000000001000100
8;00100001100000000001000010
9;00100001100000001000000010
15;00010001100000001000000010
16;00010001100000001000000100
10;00010001100000001000000001
8;00011000100000001000000001
8;10001000100000001000000001
9;10000001100000001000000001
12;01000001100000001000000001
11;01000010100000001000000001
10;01000010100000001000010000
12;10000010100000001000010000
11;10000001100000001000010000
16;00100001100000001000010000
7;10000001010000001000000100
7;01000001010000001000000100
7;01001000010000001000000100
7;01000010010000001000000100
7;10000010010000001000000100
8;10001000010000001000000100
8;10000100010000001000000100
6;00010100010000001000000100
7;01000100010000001000000100
7;00100100010000001000000100
7;00100100000010001000000100
9;01000100000010001000000100
9;01000001000010001000000100
9;01000001000010001000000010
10;01000001000100001000000010
13;01001000000100001000000010
13;01001000000100001000100000
14;00101000000100001000100000
12;10001000000100001000100000
13;10001000000100001000000001
7;00010100000010000010010000
6;00010001000010000010010000
7;00100001000010000010010000
8;00101000000010000010010000
11;00101000000010100000010000
8;00100100000010100000010000
9;00100010000010100000010000
9;00010010000010100000010000
10;01000010000010100000010000
8;01000010000010100000000001
10;01000010001000100000000001
10;10000010001000100000000001
9;10000001001000100000000001
10;10000100001000100000000001
8;00100100001000100000000001
8;00100010001000100000000001
7;00101000001000100000000001
8;01001000001000100000000001
13;01000100001000100000000001
14;01000001001000100000000001
6;10001000001000000100100000
6;10000100001000000100100000
7;10000001001000000100100000
8;00010001001000000100100000
7;00100001001000000100100000
7;00100010001000000100100000
7;01000010001000000100100000
7;00010010001000000100100000
11;00010010001000000001100000
10;00010100001000000001100000
9;00100100001000000001100000
14;00100100001000001000100000
14;00100100000001001000100000
11;00100010000001001000100000
12;00100001000001001000100000
10;10000001000001001000100000
7;10000001000001001000000001
8;00010001000001001000000001
8;00010001000100001000000001
10;00010001000100001000000100
7;10001000000010000001100000
8;10000010000010000001100000
8;00100010000010000001100000
7;00101000000010000001100000
10;00101000000010001000100000
11;00101000100000001000100000
13;00011000100000001000100000
14;00010001100000001000100000
15;00010100100000001000100000
14;00010010100000001000100000
10;00100010100000001000100000
14;01000010100000001000100000
12;01000100100000001000100000
11;10000100100000001000100000
12;10000010100000001000100000
8;10000010100000000010100000
11;01000010100000000010100000
13;00010010100000000010100000
8;00010001100000000010100000
15;00010100100000000010100000
6;00011000100000000100100000
8;00010010100000000100100000
7;00010001100000000100100000
10;00100001100000000100100000
7;00100010100000000100100000
8;01000010100000000100100000
8;01000001100000000100100000
9;01000001100000000010100000
8;00010001100000000010100000
9;00011000100000000010100000
10;01001000100000000010100000
10;00101000100000000010100000
8;10001000100000000010100000
8;10000100100000000010100000
9;01000100100000000010100000
15;00010100100000000010100000
14;00010100100000010000100000
13;01000100100000010000100000
18;01001000100000010000100000
8;01001000100000010000000010
7;00101000000001010000000010
8;00100100000001010000000010
7;00010100000001010000000010
7;10000100000001010000000010
8;10000100100000010000000010
12;10001000100000010000000010
9;10001000000001010000000010
7;00011000000001010000000010
12;00011000000001010000100000
10;00010001000001010000100000
12;00010001000100010000100000
13;00010100000100010000100000
11;10000100000100010000100000
12;10001000000100010000100000
10;10001000000100010000000010
9;10000100000100010000000010
10;10000001000100010000000010
8;01000001000100010000000010
9;00100001000100010000000010
10;00101000000100010000000010
6;00101000010000100000000100
7;00100010010000100000000100
8;00100100010000100000000100
7;01000100010000100000000100
7;10000100010000100000000100
7;00010100010000100000000100
7;00010010010000100000000100
7;00010001010000100000000100
8;01000001010000100000000100
8;01000001000001100000000100
8;10000001000001100000000100
9;10000100000001100000000100
8;10001000000001100000000100
12;00011000000001100000000100
11;00010001000001100000000100
11;00010001000001100000000010
7;10000001000001100000000010
7;10001000000001100000000010
7;00011000000001100000000010
8;00101000000001100000000010
7;10000100010000100000000100
7;00010100010000100000000100
7;00010001010000100000000100
7;00010010010000100000000100
8;01000010010000100000000100
8;01000010000001100000000100
10;10000010000001100000000100
8;10000001000001100000000100
11;00010001000001100000000100
10;00010001000100100000000100
16;01000001000100100000000100
15;00100001000100100000000100
13;00100001000100100000000010
9;00100010000100100000000010
10;01000010000100100000000010
9;01000001000100100000000010
12;01001000000100100000000010
10;01000100000100100000000010
12;00100100000100100000000010
9;00101000000100100000000010
7;01000010100000010000001000
7;01000001100000010000001000
8;00010001100000010000001000
9;00010010100000010000001000
8;00010010100000010000000010
11;00010001100000010000000010
12;00010100100000010000000010
10;00010100100000010000010000
9;10000100100000010000010000
8;10000100100000010000000010
12;10001000100000010000000010
7;10000010100000010000000010
8;01000010100000010000000010
9;01000100100000010000000010
10;00100100100000010000000010
17;00100001100000010000000010
9;00100010100000010000000010
9;00101000100000010000000010
15;00101000100000010000100000
8;10001000000001100000000100
9;00101000000001100000000100
10;00100010000001100000000100
8;01000010000001100000000100
8;01000001000001100000000100
8;10000001000001100000000100
10;00100001000001100000000100
11;00010001000001100000000100
12;00011000000001100000000100
9;00011000000001100000000001
8;00010001000001100000000001
7;00100001000001100000000001
9;00100100000001100000000001
10;10000100000001100000000001
9;10000100000001000001000001
8;10001000000001000001000001
6;10000010000001000001000001
7;01000010000001000001000001
5;00010010000001000001000001
8;00010001000100000001100000
9;00010010000100000001100000
10;01000010000100000001100000
11;01000100000100000001100000
12;01000100000100010000100000
13;00010100000100010000100000
14;00011000000100010000100000
13;01001000000100010000100000
16;01000010000100010000100000
12;10000010000100010000100000
12;10001000000100010000100000
11;10000100000100010000100000
15;00100100000100010000100000
13;00100001000100010000100000
12;00010001000100010000100000
14;01000001000100010000100000
19;01000001000100000001100000
8;01000001000010000001100000
11;01000010000010000001100000
8;01000100000001010000100000
8;01000010000001010000100000
9;01000001000001010000100000
9;10000001000001010000100000
8;10000001000001010000000001
10;00010001000001010000000001
10;00011000000001010000000001
8;00010010000001010000000001
12;00010010000100010000000001
10;00010001000100010000000001
11;00010001000100010000000100
9;01000001000100010000000100
11;01000100000100010000000100
12;01000100000100000010000100
11;01000010000100000010000100
11;01001000000100000010000100
7;01000001000100000010000100
7;01000001000010000010000100
5;01000001000010000010000010
7;10000001100000000010000100
8;01000001100000000010000100
9;01000100100000000010000100
10;10000100100000000010000100
7;10000100000001000010000100
7;00010100000001000010000100
8;00100100000001000010000100
9;00100100000001010000000100
9;00100001000001010000000100
13;10000001000001010000000100
8;00010001000001010000000100
9;00011000000001010000000100
9;10001000000001010000000100
13;10001000100000010000000100
12;10001000000010010000000100
10;00101000000010010000000100
8;00100100000010010000000100
7;00100100010000010000000100
8;00101000010000010000000100
8;10001000010000010000000100
8;10000010000001000001000100
9;10001000000001000001000100
8;10001000000001100000000100
10;10001000100000100000000100
8;10001000000010100000000100
11;00101000000010100000000100
9;00100100000010100000000100
8;00010100000010100000000100
13;00010010000010100000000100
12;00010010001000100000000100
13;01000010001000100000000100
13;00100010001000100000000100
16;00100100001000100000000100
13;00010100001000100000000100
12;00010100001000100000000001
8;00011000001000100000000001
9;00010010001000100000000001
10;00010001001000100000000001
8;00100001001000100000000001
7;01000010000010010000000001
8;01000010001000010000000001
8;01000100001000010000000001
9;00010100001000010000000001
8;10000100001000010000000001
8;10000010001000010000000001
11;00010010001000010000000001
14;00010010001000010000000100
15;10000010001000010000000100
16;10000100001000010000000100
10;00100100001000010000000100
12;00101000001000010000000100
10;00101000000001010000000100
9;00100100000001010000000100
10;00100010000001010000000100
10;10000010000001010000000100
8;01000010000001010000000100
6;01000010010000010000000100
8;10000010010000010000000100
7;00010010010000010000000100
7;00101000000100001000001000
8;01001000000100001000001000
7;01000010000100001000001000
6;00100010000100001000001000
7;00100100000100001000001000
8;01000100000100001000001000
7;00010100000100001000001000
8;10000100000100001000001000
7;10000010000100001000001000
7;10000010000100001000000010
11;10001000000100001000000010
13;01001000000100001000000010
10;01000001000100001000000010
10;10000001000100001000000010
13;10000001000010001000000010
9;00010001000010001000000010
8;00010001000010001000000100
14;00100001000010001000000100
13;00100001000100001000000100
10;00010001000100001000000100
6;00100010000100001000001000
7;10000010000100001000001000
8;10001000000100001000001000
7;00011000000100001000001000
7;00101000000100001000001000
8;01001000000100001000001000
7;01000010000100001000001000
7;01000001000100001000001000
7;00010001000100001000001000
7;10000001000100001000001000
8;10000100000100001000001000
7;00010100000100001000001000
8;01000100000100001000001000
7;00100100000100001000001000
7;00100100000100001000000001
8;00100100000100000001000001
11;10000100000100000001000001
7;00010100000100000001000001
6;00010010000100000001000001
7;00011000000100000001000001
6;00011000000001000001000001
8;10001000000001000001000001
8;10000010000001000001100000
7;01000010000001000001100000
7;00010010000001000001100000
8;00010001000100000001100000
6;00011000000100000100100000
7;01001000000100000100100000
8;01000001000100000010100000
10;01000100000100000010100000
9;01001000000100000010100000
13;01001000000100100000100000
14;01000001000100100000100000
16;01000100000100100000100000
15;10000100000100100000100000
12;10001000000100100000100000
9;10000001000100100000100000
17;10000010000100100000100000
15;01000010000100100000100000
11;00100010000100100000100000
7;00010010000001000010010000
8;00010010000001001000010000
9;00010001000001001000010000
10;00010001000100001000010000
11;00100001000100001000010000
10;00101000000100001000010000
11;00100100000100001000010000
12;00100010000100001000010000
11;01000010000100001000010000
10;01000100000100001000010000
8;01000100000100001000000010
8;00010100000100001000000010
8;00011000000100001000000010
11;00011000000100001000100000
11;00011000000001001000100000
12;00101000000001001000100000
11;00100010000001001000100000
14;00100010001000001000100000
15;00101000001000001000100000
13;00100001001000001000100000
8;01000001100000000010010000
9;00010001100000000010010000
10;00100001100000000010010000
9;00101000100000000010010000
12;00101000100000100000010000
11;00101000000010100000010000
11;10001000000010100000010000
10;00011000000010100000010000
14;00010001000010100000010000
13;00010001000100100000010000
13;00100001000100100000010000
18;00100010000100100000010000
19;00010010000100100000010000
20;10000010000100100000010000
19;10001000000100100000010000
11;10001000000100000010010000
10;10000001000100000010010000
9;01000001000100000010010000
8;00100001000100000010010000
7;00011000100000000100010000
8;00010010100000000100010000
9;00010001100000000100010000
8;00100001100000000100010000
10;00100001100000000010010000
9;00010001100000000010010000
13;00010100100000000010010000
9;00010100100000000010000010
12;00010100100000010000000010
8;00010010100000010000000010
11;00011000100000010000000010
11;00011000000010010000000010
10;00011000000010010000100000
8;10001000000010010000100000
9;10001000000010010000000010
6;10000010000010010000000010
7;00100010000010010000000010
8;00010010000010010000000010
9;00010001000010010000000010
7;01000001000010010000000010
8;00010010000010100000000001
8;01000010000010100000000001
7;01001000000010100000000001
7;01000100000010100000000001
12;01000001000010100000000001
7;00100001000010100000000001
8;10000001000010100000000001
12;10000001000100100000000001
16;10000010000100100000000001
14;00010010000100100000000001
11;00010001000100100000000001
10;00010001000100100000000100
11;00010001000001100000000100
9;00010010000001100000000100
10;00100010000001100000000100
13;00100010001000100000000100
11;10000010001000100000000100
10;10001000001000100000000100
13;00101000001000100000000100
7;00010001001000000010000010
8;10000001001000000010000010
6;10000010001000000010000010
8;10000010000010000010000010
7;10000001000010000010000010
7;00010001000010000010000010
5;00010010000010000010000010
6;01000010000010000010000010
8;01001000000010000010000010
8;01001000000010000010100000
7;00101000000010000010100000
10;00011000000010000010100000
7;00010001000010000010100000
8;00010010000010000010100000
8;01000010000010000010100000
9;00100010000010000010100000
11;00100010000010001000100000
11;01000010000010001000100000
10;01001000000010001000100000
11;01000100000010001000100000
4;10000010100000000100000010
5;00101000100000000100000010
7;01001000100000000100100000
8;01000010100000000100100000
8;00010010100000000001100000
8;00010010100000000100100000
6;00011000100000000100100000
7;00010001100000000100100000
10;00010001100000000001100000
15;01000001100000000001100000
10;00100001100000000001100000
8;00101000100000000001100000
7;00101000000010000001100000
8;00100010000010000001100000
11;00100010000010001000100000
10;00010010000010001000100000
10;00011000000010001000100000
10;00101000000010001000100000
11;10001000000010001000100000
8;10000001000010001000100000
8;01000010000010000010000100
9;01000100000010000010000100
7;10000100000010000010000100
10;10000100000010010000000100
8;00100100000010010000000100
10;00100001000010010000000100
8;00010001000010010000000100
7;00010100000010010000000100
8;00010010000010010000000100
7;00010010000010010000000001
7;01000010000010010000000001
8;01000010000010010000010000
11;10000010000010010000010000
10;00100010000010010000010000
11;00010010000010010000010000
12;00010001000010010000010000
13;10000001000010010000010000
11;10001000000010010000010000
10;00011000000010010000010000
5;01000001000001000001000001
6;00010001000001000001000001
6;10000001000001000001000001
5;00100001000001000001000001
7;00101000000001000001000001
8;10001000000001000001000001
7;10001000000001100000000001
9;10001000100000100000000001
7;10001000100000000001000001
10;10000001100000000001000001
7;00010001100000000001000001
8;01000001100000000001000001
9;00100001100000000001000001
7;00100010100000000001000001
8;10000010100000000001000001
7;10000100100000000001000001
12;10000100100000100000000001
14;01000100100000100000000001
13;01000001100000100000000001
9;00100001100000100000000001
6;01000100010000001000010000
7;00010100010000001000010000
8;00010001010000001000010000
7;00010010010000001000010000
8;00011000010000001000010000
8;10001000010000001000010000
7;01001000010000001000010000
7;00101000010000001000010000
6;01001000010000001000100000
7;00100001010000001000100000
7;01000010010000001000100000
9;01000100010000001000100000
8;00100100000010001000100000
7;00100100000010000001100000
7;00101000000010000001100000
8;00101000100000000001100000
9;00100100100000000001100000
9;00100010100000000001100000
15;01000010100000000001100000
12;01000010100000010000100000
18;01001000100000010000100000
13;01000100100000010000100000
20;00100100100000010000100000
20;00100001100000010000100000
23;00100010100000010000100000
14;00010010100000010000100000
22;00010001100000010000100000
6;00010001000001000001000001
6;00010010000100000001000001
7;01000001000100000001000001
7;00100010000100000001000001
7;00100100000100001000000001
7;00101000000100001000001000
8;01000100000100001000001000
8;10000100000100001000001000
7;10000010000100001000000010
9;10000100000100001000000010
8;01000100000100001000000010
13;01001000000100001000000010
8;01000010000100001000000010
7;00100010000100001000000010
8;00100100000100001000000010
9;00101000000100001000000010
12;00101000000100000001000010
7;10001000000100000001000010
12;10001000000100000001100000
11;10001000000100000001000001
7;00010100010000010000100000
7;00011000010000010000100000
7;00101000010000010000100000
7;10001000010000010000100000
7;10000010010000010000100000
7;01000010010000010000100000
9;00010010010000010000100000
8;00100010010000010000100000
8;00100001010000010000100000
7;01000001010000010000100000
8;00010001010000010000100000
7;10000001010000010000100000
7;01001000100000000100100000
6;00011000100000000100100000
7;00010001100000000100100000
10;00100001100000000100100000
7;10000001100000000100100000
7;10000100100000000100100000
8;00100100100000000100100000
7;00100010100000000100100000
8;01000010100000000100100000
8;01000001100000000100100000
9;01000100100000000100100000
7;00010100100000000100100000
8;00010100100000000001100000
10;10000100100000000001100000
9;10000100000001000001100000
8;00100100000001000001100000
7;00010100000001000001100000
7;00010001000001000001100000
8;10000001000001000001100000
8;00100001000001000001100000
8;10001000001000000001100000
8;00101000001000000001100000
8;01001000001000000001100000
11;01000100001000000001100000
10;00010100001000000001100000
9;00100100001000000001100000
14;00100100001000001000100000
14;00100100000001001000100000
12;00100001000001001000100000
10;00010001000001001000100000
11;00011000000001001000100000
9;00010010000001001000100000
10;00010010000100001000100000
13;00100010000100001000100000
15;01000010000100001000100000
14;10000010000100001000100000
12;10001000000100001000100000
11;00011000000100001000100000
15;00010001000100001000100000
7;00100100000010000010010000
6;00010100010000000010010000
6;01000100010000010000010000
7;00011000010000010000010000
9;00100010010000010000010000
7;01000010000001010000010000
9;00010010000001010000010000
10;00100010000001010000010000
10;10000010000001010000010000
11;10000001000001010000010000
9;00010001000001010000010000
9;00011000000001010000010000
9;00101000000001010000010000
7;01001000000001010000010000
8;01000001000001010000010000
7;01000001000001010000000001
8;10000001000001010000000001
9;10000010000001010000000001
10;10000010000001010000100000
8;01000001010000001000100000
8;00010001010000001000100000
7;10000001010000001000100000
7;10000001000001100000000010
7;01000001000001100000000010
9;00100001000001100000000010
8;00100100000001100000000010
7;01000100000001100000000010
8;00010100000001100000000010
9;00010100000100100000000010
10;00010001000100100000000010
13;00100001000100100000000010
9;00100010000100100000000010
8;00010010000100100000000010
10;01000010000100100000000010
12;01001000000100100000000010
9;00011000000100100000000010
9;00101000000100100000000010
12;00100100000100100000000010
10;01000100000100100000000010
9;01000001000100100000000010
16;01000001000100100000000100
11;10000001000100100000000100
8;10000010000100010000000010
9;10000100000100010000000010
10;10000100000100010000010000
11;10000010000100010000010000
12;10000001000100010000010000
13;10001000000100010000010000
12;01001000000100010000010000
9;01001000000100000001010000
10;10001000000100000001010000
8;00011000000100000001010000
8;00010010000100000001010000
7;00010001000100000001010000
7;00010001000100000100010000
7;00010010000100000100010000
8;10000010000100000100010000
7;01000010000100000100010000
8;00100010000100000100010000
8;00101000000100000100010000
7;00100100000100000100010000
7;10000001000010000010000010
5;01000001000010000010000010
7;01000001000010000010000100
7;01000001000100000010000100
11;01000010000100000010000100
11;01001000000100000010000100
8;00011000000100000010000100
8;00010100000100000010000100
11;00100100000100000010000100
12;01000100000100000010000100
11;01000100000100010000000100
10;01000010000100010000000100
10;00010010000100010000000100
14;10000010000100010000000100
16;10001000000100010000000100
17;00101000000100010000000100
15;01001000000100010000000100
13;00011000000100010000000100
11;00010001000100010000000100
8;00010100000100000001000100
9;10000100000100000001000100
10;10000100000100100000000100
10;10000010000100100000000100
11;10000001000100100000000100
10;00010001000100100000000100
9;00010001000010100000000100
8;00010100000010100000000100
9;00100100000010100000000100
10;00100001000010100000000100
8;10000001000010100000000100
13;01000001000010100000000100
8;01000001000010100000000010
7;01000100000010100000000010
7;00100100000010100000000010
7;00010100000010100000000010
7;00010010000010100000000010
9;00010001000010100000000010
10;00010001000100100000000010
7;00010100000100001000001000
7;01000001000100001000001000
6;10000001000010001000001000
5;00101000000010001000001000
5;01000010000010001000001000
7;10000010001000001000001000
11;00011000001000001000001000
7;00101000001000001000000001
7;00101000001000000001000001
7;01001000001000000001000001
8;01000001001000000001000001
8;10000001001000000001000001
8;10001000001000000001000001
8;10001000001000000001100000
9;10000100001000000001100000
9;00100100001000000001100000
10;00100010001000000001100000
15;01000010001000000001100000
13;10000010001000000001100000
11;00010010001000000001100000
8;10000001000010000001100000
9;10000001000100000001100000
10;10000100000100000001100000
11;01000100000100000001100000
12;01000100000100010000100000
13;01001000000100010000100000
12;10001000000100010000100000
10;10001000000100010000000001
8;10000001000100010000000001
10;00010001000100010000000001
14;00100001000100010000000001
11;00100010000100010000000001
9;00101000000100010000000001
10;00011000000100010000000001
10;00011000000001010000000001
9;00011000000001010000000100
9;00010010000001010000000100
10;00010010000100010000000100
13;00011000000100010000000100
7;00010010010000001000010000
8;00011000010000001000010000
8;00010001010000001000010000
7;00010100010000001000010000
6;10000100010000001000010000
8;10000001010000001000010000
8;10001000010000001000010000
7;00101000010000001000010000
7;01001000010000001000010000
6;01000100010000001000010000
8;01000100000001001000010000
11;01000001000001001000010000
9;00010001000001001000010000
8;00010010000001001000010000
9;00011000000001001000010000
9;10001000000001001000010000
9;10000010000001001000010000
8;00100010000001001000010000
9;00101000000001001000010000
7;01001000000001001000010000
7;00100010100000000001000001
9;01000010100000000001000001
8;01000100100000000001000001
7;00010100100000000001000001
7;00010001100000000001000001
8;01000001100000000001000001
7;01001000100000000001000001
12;01001000100000010000000001
8;10001000100000010000000001
10;10000001100000010000000001
9;00100001100000010000000001
9;00100010100000010000000001
11;00101000100000010000000001
8;00100100100000010000000001
11;10000100100000010000000001
10;10000100100000010000100000
10;10000001100000010000100000
11;10000010100000010000100000
23;00100010100000010000100000
7;00100100001000100000001000
9;00010100001000100000001000
8;00010001001000100000001000
9;01000001001000100000001000
7;10000001001000100000001000
7;00100001001000100000001000
8;00100001001000100000000001
9;10000001001000100000000001
8;10000001001000000001000001
8;10000100001000000001000001
9;01000100001000000001000001
8;01000001001000000001000001
11;01000001001000010000000001
14;10000001001000010000000001
8;10000010001000010000000001
11;00010010001000010000000001
8;01000010001000010000000001
8;01000100001000010000000001
9;01000100001000010000010000
7;01000100000001000001000100
8;01000100000001010000000100
8;01001000000001010000000100
8;01000010000001010000000100
7;01000010000001000001000100
9;00100010000001000001000100
7;00101000000001000001000100
6;00011000000001000001000100
9;10001000000001000001000100
9;10000001000001000001000100
8;10000010000001000001000100
9;10000010100000000001000100
12;10000010100000100000000100
13;00010010100000100000000100
14;01000010100000100000000100
13;01000001100000100000000100
17;01000100100000100000000100
16;00010100100000100000000100
16;00010001100000100000000100
16;00100001100000100000000100
7;10000100000010100000010000
8;00010100000010100000010000
9;00010010000010100000010000
10;00011000000010100000010000
11;10001000000010100000010000
11;10000010000010100000010000
7;10000010000010000001010000
9;10001000000010000001010000
8;10000001000010000001010000
7;01000001000010000001010000
7;01001000000010000001010000
11;01001000100000000001010000
9;01000100100000000001010000
8;01000100100000000001000010
8;01000001100000000001000010
8;00100001100000000001000010
11;00100001100000000001000100
10;10000001100000000001000100
8;10001000100000000001000100
10;01001000100000000001000100
8;00010010000010010000000010
7;00100010000010010000000010
8;00101000000010010000000010
9;00101000000010010000100000
8;01001000000010010000100000
10;00011000000010010000100000
9;00010100000010010000100000
13;00100100000010010000100000
8;01000100000010010000100000
17;01000001000010010000100000
11;00010001000010010000100000
19;00100001000010010000100000
13;00100001000100010000100000
15;00100100000100010000100000
11;00100100000100000010100000
10;01000100000100000010100000
9;00010100000100000010100000
8;00010100000001000010100000
9;00010100000001010000100000
7;00100001000010000010000010
6;00101000000010000010000010
8;10001000000010000010000010
7;10000001000010000010000010
8;10000010000010000010000010
6;10000010001000000010000010
7;10000100001000000010000010
10;10001000001000000010000010
8;01001000001000000010000010
8;01000100001000000010000010
9;00010100001000000010000010
9;00010100001000000010010000
11;00010001001000000010010000
9;10000001001000000010010000
8;10000001001000000100010000
7;10000100001000000100010000
6;00010100001000000100010000
7;00010001001000000100010000
8;00010001001000000001010000
7;00010010001000000001010000
7;00101000001000000001000001
7;01001000001000000001000001
10;01001000001000000001010000
10;01000010001000000001010000
7;01000010000010000001010000
7;01001000000010000001010000
7;01000001000010000001010000
8;01000001000100000001010000
11;00100001000100000001010000
9;00101000000100000001010000
8;00100100000100000001010000
8;10000100000100000001010000
7;00010100000100000001010000
8;00011000000100000001010000
9;01001000000100000001010000
12;01001000000100010000010000
13;10001000000100010000010000
12;10000001000100010000010000
15;00100001000100010000010000
7;00100001100000000010000010
7;00010001100000000010000010
9;00010100100000000010000010
8;00100100100000000010000010
10;00100100100000000010010000
9;00101000100000000010010000
11;01001000100000000010010000
8;01000001100000000010010000
11;01000100100000000010010000
8;01000100100000000010000010
7;01000001100000000010000010
8;01000001100000000010000100
9;01000100100000000010000100
13;00010100100000000010000100
8;00010001100000000010000100
7;10000001100000000010000100
10;10000100100000000010000100
11;00100100100000000010000100
13;00100010100000000010000100
8;10000010100000000010000100
7;00010100000001010000000010
8;00010100000100010000000010
9;01000100000100010000000010
8;01000001000100010000000010
7;01000001000010010000000010
10;01000001000010010000000100
9;01001000000010010000000100
12;01001000100000010000000100
11;01000001100000010000000100
11;00010001100000010000000100
9;10000001100000010000000100
13;10001000100000010000000100
17;10000100100000010000000100
13;01000100100000010000000100
10;01000100100000000001000100
11;10000100100000000001000100
9;10000010100000000001000100
8;00010010100000000001000100
8;00010001100000000001000100
9;01000001100000000001000100
7;10000010001000000010000001
8;10001000001000000010000001
9;10001000001000100000000001
10;10001000001000100000100000
11;10000010001000100000100000
11;01000010001000100000100000
12;01001000001000100000100000
9;01001000001000100000000010
14;01000100001000100000000010
8;10000100001000100000000010
13;10000100001000100000010000
16;01000100001000100000010000
13;01000100001000100000000001
10;10000100001000100000000001
10;10000010001000100000000001
9;00010010001000100000000001
10;01000010001000100000000001
14;01000001001000100000000001
10;00010001001000100000000001
9;10000001001000100000000001
5;10001000010000000100000100
7;00100001000010000010000010
7;01000001000010000010000100
7;10000100000010000010000100
5;00010100010000000010000100
6;01000100010000010000000100
10;10000100000010010000000100
8;00010001000010010000000100
12;10001000000010010000000100
15;00101000100000010000000100
10;01001000100000000001000100
10;01000100100000000001000100
11;10000100100000000001000100
9;10000010100000000001000100
8;10000010000001000001000100
10;10000010000001100000000100
10;00100010000001100000000100
13;00100010001000100000000100
13;01000010001000100000000100
13;01000100001000100000000100
12;01000001001000100000000100
7;00101000000100000100100000
8;00100010000100000100100000
8;01000010000100000100100000
8;01000100000100000100100000
7;00010100000100000100100000
9;00100100000100000100100000
7;01001000000010000001010000
8;01001000000010010000010000
10;00011000000010010000010000
11;00011000100000010000010000
12;00010001100000010000010000
13;01000001100000010000010000
12;01000001100000000001010000
9;01000100100000000001010000
10;01000100100000010000010000
11;01001000100000010000010000
11;01000010100000010000010000
10;01000010100000000001010000
8;00010010100000000001010000
8;00010010100000000100010000
7;00010100100000000100010000
7;00011000100000000100010000
9;00010001100000000100010000
7;01000001100000000100010000
6;10000001100000000100010000
8;01000001010000001000100000
9;01000001000001001000100000
10;00010001000001001000100000
11;00011000000001001000100000
9;00010010000001001000100000
8;00010010000001000010100000
7;10000010000001000010100000
10;00100010000001000010100000
8;00100100000001000010100000
7;00100001000001000010100000
15;00100001001000000010100000
10;00100010001000000010100000
20;00010010001000000010100000
8;00010010000010000010100000
10;00011000000010000010100000
9;00011000100000000010100000
10;00101000100000000010100000
7;00101000000010000010100000
8;01001000000010000010100000
8;00010100100000000001010000
9;00100100100000000001010000
10;00100010100000000001010000
11;00101000100000000001010000
10;00011000100000000001010000
10;10001000100000000001010000
11;10001000100000100000010000
11;00011000100000100000010000
12;01001000100000100000010000
8;01001000100000100000000001
11;01000010100000100000000001
14;01000100100000100000000001
13;01000001100000100000000001
12;10000001100000100000000001
10;10000001100000000001000001
7;00010001100000000001000001
8;01000001100000000001000001
9;00100001100000000001000001
8;00100001100000001000000001
7;01000001000010000010000100
6;00100001000010000010000100
9;00101000000010000010000100
10;10001000000010000010000100
7;10000010000010000010000100
11;10000010000010001000000100
13;10000001000010001000000100
14;00100001000010001000000100
7;00100100000010001000000100
7;00010100000010001000000100
10;00011000000010001000000100
13;00010010000010001000000100
13;00010010001000001000000100
11;00100010001000001000000100
12;01000010001000001000000100
11;01000100001000001000000100
11;01001000001000001000000100
10;00101000001000001000000100
13;10001000001000001000000100
13;10000100001000001000000100
8;00011000001000000100010000
9;00011000001000000001010000
8;00010100001000000001010000
8;00100100001000000001010000
12;00100001001000000001010000
11;01000001001000000001010000
10;01000100001000000001010000
9;01000100001000000001000001
8;01000001001000000001000001
11;01000001001000010000000001
8;01000100001000010000000001
8;10000100001000010000000001
9;00010100001000010000000001
11;00010001001000010000000001
16;00010001001000010000000100
11;00011000001000010000000100
12;01001000001000010000000100
11;01001000001000000001000100
11;01000010001000000001000100
7;10000100100000000100000100
8;01000100100000000100000100
8;01000001100000000100000100
8;01000010100000000100000100
8;00100010100000000100000100
8;00100100100000000100000100
8;00100001100000000100000100
9;00100001100000000010000100
8;00010001100000000010000100
13;00010100100000000010000100
11;00100100100000000010000100
10;10000100100000000010000100
8;10000010100000000010000100
15;10000010100000001000000100
14;10000001100000001000000100
10;10000001100000001000000010
8;10001000100000001000000010
8;10000100100000001000000010
11;10000100100000001000010000
7;00100001000001001000000010
8;00100001001000001000000010
9;01000001001000001000000010
10;01000001001000001000000100
11;01000100001000001000000100
11;01001000001000001000000100
13;10001000001000001000000100
10;00101000001000001000000100
13;00011000001000001000000100
14;00010001001000001000000100
12;00010100001000001000000100
11;00100100001000001000000100
9;00100100001000000001000100
8;00100100000001000001000100
7;00101000000001000001000100
9;00101000000001001000000100
11;00100010000001001000000100
8;00100001000001001000000100
13;10000001000001001000000100
15;10000100000001001000000100
7;00100001000100000010000010
8;00100100000100000010000010
9;00100100000100010000000010
9;10000100000100010000000010
10;10001000000100010000000010
12;10001000000100010000100000
13;10000001000100010000100000
11;10000100000100010000100000
15;00100100000100010000100000
13;00010100000100010000100000
14;00011000000100010000100000
8;00011000000100010000000010
10;00101000000100010000000010
9;00100010000100010000000010
8;00100010000100010000001000
8;10000010000100010000001000
8;10001000000100010000001000
7;00101000000100010000001000
9;00101000000100010000000001
11;00100010000100010000000001
8;01000100000010100000010000
8;01001000000010100000010000
7;01001000000010100000000001
8;01001000100000100000000001
11;00011000100000100000000001
9;00011000100000100000000100
11;00011000100000000010000100
9;01001000100000000010000100
15;01001000100000100000000100
15;01001000000010100000000100
7;01001000000010000010000100
9;00101000000010000010000100
11;00101000000010100000000100
8;00011000000010100000000100
8;00010100000010100000000100
9;00100100000010100000000100
14;01000100000010100000000100
14;01000010000010100000000100
8;10000010000010100000000100
7;00101000001000000001000001
7;01001000001000000001000001
9;01000100001000000001000001
10;01000100001000000001010000
11;10000100001000000001010000
9;10000001001000000001010000
12;00100001001000000001010000
8;00010001001000000001010000
11;01000001001000000001010000
10;01000010001000000001010000
7;01000010000010000001010000
8;01000010000010010000010000
8;01001000000010010000010000
17;00101000000010010000010000
7;00100100000010010000010000
7;00100100000010000010010000
5;00100100000010000010000010
6;10000100000010000010000010
7;10000001000010000010000010
8;10000010000010000010000010
7;10001000000001010000000001
9;10000010000001010000000001
8;10000001000001010000000001
10;10000001100000010000000001
12;00010001100000010000000001
11;00010010100000010000000001
9;00100010100000010000000001
7;00100010100000010000001000
7;01000010100000010000001000
7;01000001100000010000001000
8;00100001100000010000001000
8;00010001100000010000001000
9;00010010100000010000001000
8;00010010100000010000000010
11;00011000100000010000000010
16;00011000100000010000100000
14;00010100100000010000100000
14;00010010100000010000100000
22;00010001100000010000100000
5;10001000010000000100000100
7;01000100000001000001000001
8;01001000000001000001000001
6;00011000000001000001000001
8;10001000000001000001000001
6;10000001000001000001000001
6;10000010000001000001000001
9;10000010000001100000000001
10;00010010000001100000000001
8;00010001000001100000000001
7;00100001000001100000000001
8;00100001001000100000000001
8;00100010001000100000000001
7;00100010000001100000000001
7;01000010000001100000000001
9;01000100000001100000000001
9;00100100000001100000000001
8;00100100001000100000000001
12;00010100001000100000000001
10;10000100001000100000000001
8;10000100001000000001000001
7;01000010100000010000001000
7;00100010100000010000001000
9;00100010100000010000000001
8;00100100100000010000000001
11;00101000100000010000000001
9;00100001100000010000000001
10;10000001100000010000000001
12;00010001100000010000000001
9;00011000100000010000000001
10;00010100100000010000000001
14;00010100100000010000000100
10;00011000100000010000000100
12;01001000100000010000000100
9;01001000000010010000000100
11;01000100000010010000000100
8;01000010000010010000000100
11;01000010001000010000000100
12;01001000001000010000000100
11;01000100001000010000000100
6;00101000100000000100010000
7;00100010100000000100010000
7;00100100100000000100010000
8;00100001100000000100010000
7;01000001100000000100010000
8;01000001100000000010010000
9;00010001100000000010010000
9;00010001100000000100010000
7;00010100100000000100010000
8;00010100100000000001010000
12;10000100100000000001010000
9;00100100100000000001010000
9;01000100100000000001010000
8;01000100100000000001000010
8;00100100100000000001000010
14;00100100100000001000000010
9;00100001100000001000000010
8;00100001100000000001000010
8;01000001100000000001000010
9;01000001100000000001000100
7;10000001000100000010000010
7;00100001000100000010000010
8;00100100000100000010000010
8;00101000000100000010000010
7;10001000000100000010000010
10;01001000000100000010000010
11;01000100000100000010000010
9;01000100000100010000000010
9;00100100000100010000000010
9;10000100000100010000000010
10;10000001000100010000000010
7;10000001000010010000000010
7;01000001000010010000000010
9;00010001000010010000000010
11;00011000000010010000000010
9;10001000000010010000000010
8;00101000000010010000000010
9;00101000000010010000100000
15;00101000100000010000100000
23;00100010100000010000100000
7;00011000100000010000001000
8;00010001100000010000001000
7;01000001100000010000001000
7;01000010100000010000001000
8;01000010100000010000000010
12;01000001100000010000000010
9;01000100100000010000000010
10;00100100100000010000000010
8;10000100100000010000000010
7;10000010100000010000000010
8;10000001100000010000000010
12;10001000100000010000000010
9;00101000100000010000000010
8;00101000000010010000000010
8;00100001000010010000000010
10;00100001000010010000000100
8;00100100000010010000000100
11;01000100000010010000000100
7;00010100000010010000000100
8;00010001000010010000000100
6;00010001000010000010000100
7;01000001000100000010000100
9;10000010000100000010000100
11;01001000000100000010000100
12;10001000000100100000000100
13;10001000000100000001000100
12;10001000000100100000000100
10;10000100000100100000000100
12;01000100000100100000000100
16;01000001000100100000000100
13;01001000000100100000000100
19;00101000000100100000000100
15;00100001000100100000000100
13;00100001000100100000000010
9;01000001000100100000000010
10;10000001000100100000000010
11;10000001000100100000000100
8;10000001000100000001000100
7;10000001000010000001000100
7;01000100000100000100010000
7;01001000000100000100010000
7;01000010000100000100010000
8;10000010000100000100010000
7;00010010000100000100010000
8;00100010000100000100010000
7;00100100000100000100010000
7;10000100000100000100010000
7;10001000000100000100010000
8;00101000000100000100010000
6;00100001000100000100010000
7;00010001000100000100010000
7;00010001000100000001010000
11;00100001000100000001010000
9;10000001000100000001010000
8;10000001000010000001010000
9;10001000000010000001010000
7;01001000000010000001010000
8;01001000000010010000010000
12;01000001000010010000010000
7;00100010010000001000100000
7;00100100010000001000100000
9;01000100010000001000100000
10;01000100000001001000100000
8;01000010000001001000100000
11;00100010000001001000100000
12;00100001000001001000100000
12;00101000000001001000100000
14;00100100000001001000100000
9;10000100000001001000100000
11;00010100000001001000100000
10;00010001000001001000100000
11;00011000000001001000100000
9;00010010000001001000100000
10;00010010000100001000100000
11;00011000000100001000100000
13;01001000000100001000100000
13;01001000000100001000000010
8;01000010000100001000000010
7;00100010000100001000000010
8;10000010000100010000001000
8;10000010000100010000000010
10;10000001000100010000000010
7;10000001000010010000000010
9;10000001000010010000000100
12;10001000000010010000000100
13;10001000100000010000000100
12;01001000100000010000000100
10;00011000100000010000000100
14;00010100100000010000000100
10;00010100100000010000000001
11;10000100100000010000000001
10;10000010100000010000000001
11;10000010100000010000100000
12;01000010100000010000100000
15;01000010100000000001100000
9;01001000100000000001100000
8;00101000100000000001100000
9;00100010100000000001100000
7;10000100000010001000010000
7;00010100010000001000010000
7;00010010010000001000010000
7;00101000010000001000010000
7;00100001010000001000010000
11;01000001000001001000010000
8;01000100000001001000010000
8;00100100000001001000010000
8;00100010000001001000010000
11;00100001000001001000010000
15;00100001000001000001010000
8;10000001000001000001010000
8;10001000000001000001010000
7;01001000000001000001010000
7;01001000000001010000010000
9;00101000000001010000010000
8;10001000000001010000010000
11;10000001000001010000010000
8;01000001000001010000010000
7;01000010000001010000010000
7;00010001000100000100010000
8;00010001000100000010010000
8;00010100000100000010010000
#<Time>=0.68531s/900
#<PlanCost>=single integer value
#<State>=Atom at-airplane(plane2, beijing);Atom at-airplane(plane2, seoul);Atom at-airplane(plane2, shanghai);Atom at-airplane(plane2, tokyo);Atom at-airplane(plane1, beijing);Atom at-airplane(plane1, seoul);Atom at-airplane(plane1, shanghai);Atom at-airplane(plane1, tokyo);Atom at-person(carol, beijing);Atom at-person(carol, seoul);Atom at-person(carol, shanghai);Atom at-person(carol, tokyo);Atom in-airplane(carol, plane1);Atom in-airplane(carol, plane2);Atom at-person(bob, beijing);Atom at-person(bob, seoul);Atom at-person(bob, shanghai);Atom at-person(bob, tokyo);Atom in-airplane(bob, plane1);Atom in-airplane(bob, plane2);Atom at-person(alice, beijing);Atom at-person(alice, seoul);Atom at-person(alice, shanghai);Atom at-person(alice, tokyo);Atom in-airplane(alice, plane1);Atom in-airplane(alice, plane2);
8;01000100000100000010010000
11;01000100000100010000010000
12;01001000000100010000010000
9;01001000000100000001010000
9;00101000000100000001010000
8;00011000000100000001010000
8;00010010000100000001010000
16;00100010000100000001010000
15;01000010000100000001010000
8;01000001000100000001010000
9;10000001000100000001010000
11;00100001000100000001010000
7;00010001000100000001010000
7;00010100000100000001010000
8;00100100000100000001010000
9;00100100000100000001000010
11;00100001000100000001000010
8;01000100000001001000010000
8;00100100000001001000010000
8;00010100000001001000010000
8;00010010000001001000010000
8;00100010000001001000010000
9;00100010000001000001010000
9;00100010001000000001010000
8;00100100001000000001010000
12;00100100001000001000010000
13;00010100001000001000010000
18;00010100001000001000000010
8;00010010001000001000000010
7;00010010000010001000000010
8;00011000000010001000000010
6;00010100000010001000000010
9;00010001000010001000000010
8;00010001000010001000000100
9;01000001000010001000000100
13;10000001000010001000000100
8;01001000001000000010000010
7;00011000001000000010000010
9;00011000001000100000000010
10;00010001001000100000000010
11;00010010001000100000000010
13;00010100001000100000000010
14;01000100001000100000000010
11;01000001001000100000000010
10;10000001001000100000000010
14;10000001001000100000000100
11;00010001001000100000000100
10;00010001001000100000000001
9;00010010001000100000000001
10;01000010001000100000000001
10;10000010001000100000000001
9;10000001001000100000000001
8;10000001001000000001000001
8;10001000001000000001000001
8;10000100001000000001000001
7;00100100001000000100100000
8;01000100001000000100100000
7;01000010001000000100100000
7;00100010001000000100100000
7;00100001001000000100100000
9;01000001001000000100100000
13;01000001001000000010100000
14;01000010001000000010100000
10;01000100001000000010100000
10;10000100001000000010100000
13;10001000001000000010100000
10;10001000001000000010000010
7;00011000001000000010000010
7;00101000001000000010000010
7;00100100001000000010000010
14;00100100001000010000000010
13;00100100001000010000010000
8;00100100001000000010010000
9;10000100001000000010010000
9;10000001001000000010010000
5;00011000000001000100000001
6;00011000000001000001000001
5;00010010000001000001000001
7;01000010000001000001000001
5;01000001000001000001000001
7;01000001000001010000000001
7;01000010000001010000000001
7;01000010000001010000010000
7;01001000000001010000010000
8;01000001000001010000010000
9;00100001000001010000010000
9;00010001000001010000010000
9;00010010000001010000010000
10;00100010000001010000010000
14;00100010001000010000010000
13;00100100001000010000010000
10;10000100001000010000010000
20;00010100001000010000010000
15;00010001001000010000010000
16;00100001001000010000010000
6;00011000100000000100100000
7;00010001100000000100100000
10;00100001100000000100100000
8;00100100100000000100100000
7;10000100100000000100100000
7;10000001100000000100100000
8;01000001100000000100100000
9;01000100100000000100100000
8;01000010100000000100100000
7;00100010100000000100100000
8;00010010100000000100100000
8;00010010100000000001100000
9;00100010100000000001100000
10;00100001100000000001100000
9;00100100100000000001100000
10;00100100100000001000100000
11;00100001100000001000100000
11;10000001100000001000100000
9;10000001100000001000000001
8;00100100000001000001000100
9;00100010000001000001000100
7;00101000000001000001000100
7;00100001000001000001000100
8;00100001000001001000000100
9;00101000000001001000000100
13;00100100000001001000000100
9;01000100000001001000000100
15;10000100000001001000000100
15;10000100100000001000000100
14;10000001100000001000000100
17;10001000100000001000000100
12;00011000100000001000000100
8;00011000100000001000000001
10;00011000000010001000000001
7;10001000000010001000000001
8;10001000100000001000000001
10;10000100100000001000000001
8;10000010100000001000000001
8;10001000100000001000000010
9;01001000100000001000000010
10;01000100100000001000000010
10;01000010100000001000000010
8;00100010100000001000000010
9;00100001100000001000000010
11;01000001100000001000000010
15;00010001100000001000000010
9;00010100100000001000000010
8;10000100100000001000000010
11;10000100100000001000010000
11;10000001100000001000010000
16;00100001100000001000010000
18;00010001100000001000010000
14;00011000100000001000010000
10;00011000000010001000010000
9;01001000000010001000010000
7;01000100000010001000010000
8;01000100000010001000000010
7;00010001000100001000001000
7;00010100000100001000001000
7;00011000000100001000001000
7;00101000000100001000001000
7;00100100000100001000001000
8;10000100000100001000001000
7;10000010000100001000001000
7;10000010000100001000000010
11;10001000000100001000000010
13;01001000000100001000000010
8;01000100000100001000000010
10;01000001000100001000000010
19;01000001000100001000000100
10;00010001000100001000000100
9;00010001000001001000000100
13;10000001000001001000000100
15;10000100000001001000000100
9;01000100000001001000000100
7;01000100010000001000000100
8;10000100010000001000000100
8;01000100100000000010000001
8;01000010100000000010000001
9;01000010100000000010010000
11;01000100100000000010010000
10;01000100100000010000010000
11;01000010100000010000010000
14;00100010100000010000010000
13;00100001100000010000010000
12;00010001100000010000010000
12;10000001100000010000010000
9;10000100100000010000010000
12;10000010100000010000010000
10;10000010000001010000010000
8;10000100000001010000010000
8;10001000000001010000010000
7;01001000000001010000010000
9;00011000000001010000010000
13;00011000000100010000010000
11;00010100000100010000010000
6;10000100010000100000100000
8;00100100010000100000100000
7;00101000010000100000100000
8;00100010010000100000100000
7;10000010010000100000100000
8;01000010010000100000100000
7;01000100010000100000100000
11;01000100000001100000100000
10;10000100000001100000100000
11;10000100100000100000100000
15;10001000100000100000100000
8;10001000000001100000100000
8;00011000000001100000100000
12;00010001000001100000100000
11;00010001000100100000100000
22;00011000000100100000100000
8;00011000000100000010100000
9;00010100000100000010100000
8;00010001000100000010100000
7;10000001000100000010100000
7;00011000000100000010000001
8;00011000000100100000000001
9;00011000000001100000000001
8;00010001000001100000000001
11;00010001000001100000000100
12;00011000000001100000000100
8;10001000000001100000000100
10;10001000100000100000000100
15;00101000100000100000000100
16;00100001100000100000000100
14;00100001100000100000000010
9;10000001100000100000000010
13;10000100100000100000000010
12;00100100100000100000000010
15;01000100100000100000000010
10;01000010100000100000000010
8;00010010100000100000000010
14;00010100100000100000000010
11;00010001100000100000000010
9;00011000100000100000000010
7;00101000010000001000010000
7;01001000010000001000010000
7;01001000000001001000010000
11;01000001000001001000010000
11;00100001000001001000010000
8;10000001000001001000010000
9;00010001000001001000010000
8;00010100000001001000010000
8;00100100000001001000010000
12;00100100001000001000010000
15;01000100001000001000010000
14;01000100001000001000000010
16;00100100001000001000000010
15;10000100001000001000000010
8;10000010001000001000000010
12;10001000001000001000000010
16;10000001001000001000000010
15;00010001001000001000000010
18;00010100001000001000000010
7;00010001001000000010000010
6;00100010001000000010000010
8;01001000001000000010000010
7;10000100001000000010000010
8;00100100001000000010010000
10;10000100001000010000010000
14;00100100001000010000000010
12;00100001001000010000000010
11;01000001001000000001000010
7;10000001001000000001000010
8;10000001001000000001000100
8;00100001001000000001000100
7;00100001000001000001000100
8;00100100000001000001000100
7;00101000000001000001000100
9;00101000001000000001000100
8;00100010001000000001000100
9;00100100001000000001000100
9;10000100001000000001000100
7;00100100000100000100010000
8;00100010000100000100010000
6;00100001000100000100010000
8;00100001000100000010010000
8;00010001000100000010010000
7;00010001000100000100010000
7;00010010000100000100010000
8;00010010000100000001010000
8;00011000000100000001010000
9;01001000000100000001010000
11;01000100000100000001010000
8;10000100000100000001010000
8;00100100000100000001010000
9;00100100000100000001000010
8;00100100000100001000000010
11;00100001000100001000000010
11;00100001000100000001000010
9;00100001000100000001000100
8;10000001000100000001000100
9;10000010000100000001000100
7;10000001010000100000100000
7;10000010010000100000100000
8;01000010010000100000100000
7;01000100010000100000100000
6;10000100010000100000100000
7;10000100000010100000100000
10;00010100000010100000100000
10;00010001000010100000100000
11;00010001000100100000100000
14;00010010000100100000100000
17;10000010000100100000100000
9;10000001000100100000100000
9;10000001000100000001100000
12;10001000000100000001100000
9;00011000000100000001100000
8;00010001000100000001100000
19;01000001000100000001100000
14;00100001000100000001100000
13;00100100000100000001100000
12;00100010000100000001100000
8;00100001100000100000001000
7;00100100100000100000001000
7;01000100100000100000001000
8;00010100100000100000001000
8;00010010100000100000001000
7;00010001100000100000001000
7;01000001100000100000001000
8;01000010100000100000001000
10;01000010100000100000000010
8;00010010100000100000000010
11;00010001100000100000000010
9;00011000100000100000000010
14;00010100100000100000000010
12;00100100100000100000000010
10;00100100100000100000010000
11;01000100100000100000010000
15;00010100100000100000010000
13;00010001100000100000010000
13;01000001100000100000010000
7;01001000001000010000001000
7;00011000001000010000001000
8;10001000001000010000001000
7;10000010001000010000001000
7;10000100001000010000001000
7;00010100001000010000001000
7;01000100001000010000001000
7;01000001001000010000001000
8;10000001001000010000001000
8;00010001001000010000001000
6;00010010001000010000001000
6;00100010001000010000001000
8;00100010001000010000000010
7;01000010001000010000000010
7;00010010001000010000000010
17;00010001001000010000000010
16;00010001001000010000000100
14;00010010001000010000000100
11;01000010001000010000000100
15;10000010001000010000000100
6;10001000001000000100100000
6;10000100001000000100100000
7;00100100001000000100100000
8;00010100001000000100100000
8;00010001001000000100100000
12;00010001001000000010100000
11;00010100001000000010100000
12;00010100001000010000100000
11;00010010001000010000100000
12;00010001001000010000100000
11;00011000001000010000100000
16;10001000001000010000100000
9;10001000001000010000000010
9;10000100001000010000000010
10;10000100001000010000010000
11;10000001001000010000010000
16;00100001001000010000010000
17;00101000001000010000010000
14;00100010001000010000010000
8;00010010100000000001010000
9;00100100100000000001010000
10;10001000100000000001010000
9;10001000000010000001010000
10;10001000100000000001010000
12;10000100100000000001010000
9;00100100100000000001010000
10;00100010100000000001010000
10;01000010100000000001010000
8;00010010100000000001010000
10;00010001100000000001010000
12;01000001100000000001010000
11;01001000100000000001010000
7;01001000100000000001000001
12;01001000100000010000000001
10;01000010100000010000000001
9;01000010100000000001000001
8;01000001100000000001000001
7;00010001100000000001000001
7;00101000001000010000001000
7;00011000001000010000001000
6;00010010001000010000001000
6;00100010001000010000001000
8;00100010001000010000000010
9;10000010001000010000000010
6;10000010000010010000000010
9;10001000000010010000000010
7;10000001000010010000000010
9;10000001000010010000000100
10;10000100000010010000000100
11;01000100000010010000000100
10;01000001000010010000000100
8;01000010000010010000000100
11;01000010001000010000000100
11;00100010001000010000000100
10;00100100001000010000000100
10;00010100001000010000000100
16;10000100001000010000000100
11;01000100001000010000000100
7;00010001000100000100010000
6;00100001000100000100010000
8;00100010000100000100010000
8;00101000000100000100010000
7;01001000000100000100010000
7;10001000000100000100010000
8;10000010000100000100010000
7;10000100000100000100010000
7;00100100000100000100010000
7;01000100000100000100010000
7;01000010000100000100010000
7;00010010000100000100010000
8;00010010000100000001010000
9;00010010000001000001010000
8;00010001000001000001010000
15;00100001000001000001010000
12;00100001001000000001010000
8;00010001001000000001010000
9;10000001001000000001010000
11;01000001001000000001010000
7;10000100000100000100010000
7;10001000000100000100010000
8;00101000000100000100010000
7;01001000000100000100010000
7;01000100000100000100010000
7;01000010000100000100010000
8;10000010000100000100010000
7;00010010000100000100010000
8;00010010000100000001010000
15;01000010000100000001010000
14;10000010000100000001010000
10;10001000000100000001010000
8;10000100000100000001010000
8;00100100000100000001010000
9;00100100000100000001000010
9;10000100000100000001000010
7;10000001000100000001000010
11;00100001000100000001000010
11;00100001000100001000000010
9;00010001000100001000000010
7;01000001100000010000001000
8;00100001100000010000001000
9;00100001100000010000000001
8;00100100100000010000000001
11;00101000100000010000000001
9;00011000100000010000000001
11;00010010100000010000000001
10;10000010100000010000000001
11;10000100100000010000000001
10;10000001100000010000000001
8;10001000100000010000000001
16;10001000100000010000100000
16;00011000100000010000100000
14;00010010100000010000100000
12;01000010100000010000100000
11;10000010100000010000100000
23;00100010100000010000100000
20;00100100100000010000100000
10;10000100100000010000100000
14;00010100100000010000100000
7;00101000010000100000100000
8;00100100010000100000100000
9;00100100000010100000100000
8;00101000000010100000100000
9;00011000000010100000100000
12;00011000100000100000100000
11;01001000100000100000100000
10;01001000100000000010100000
8;10001000100000000010100000
8;10000010100000000010100000
13;00010010100000000010100000
11;01000010100000000010100000
9;01000100100000000010100000
15;00010100100000000010100000
9;00011000100000000010100000
8;00011000100000000010000010
6;00011000000010000010000010
8;00011000000010100000000010
7;10001000000010100000000010
8;10001000000010100000100000
7;00100010100000010000001000
8;00100001100000010000001000
9;00100001100000010000000001
10;10000001100000010000000001
11;10000100100000010000000001
11;01000100100000010000000001
10;01000100100000010000010000
11;01001000100000010000010000
10;10001000100000010000010000
9;10000100100000010000010000
10;00010100100000010000010000
14;00100100100000010000010000
14;00100010100000010000010000
11;01000010100000010000010000
14;00010010100000010000010000
12;10000010100000010000010000
12;10000001100000010000010000
13;01000001100000010000010000
12;01000001100000000001010000
7;01000001100000100000001000
6;10001000100000100000001000
6;00101000100000000010001000
5;10000100100000000010001000
7;00100100100000010000001000
8;00010001100000010000001000
6;10001000100000010000001000
5;00011000000010010000001000
5;00100010000010010000001000
7;10000010001000010000001000
7;00100010001000010000000001
10;00100001001000010000000001
11;00010001001000010000000001
10;00011000001000010000000001
11;00010010001000010000000001
8;10000010001000010000000001
9;10000010001000010000100000
11;00100010001000010000100000
11;00010010001000010000100000
10;01000010001000010000100000
7;00101000000100010000001000
9;00101000000100010000000001
10;00100100000100010000000001
9;01000100000100010000000001
9;10000100000100010000000001
8;00010100000100010000000001
7;00010100000100000010000001
8;10000100000100000010000001
10;10000100000100000010100000
10;01000100000100000010100000
9;01001000000100000010100000
8;00011000000100000010100000
9;00010100000100000010100000
13;00010100000100010000100000
9;00010100000001010000100000
9;00100100000001010000100000
10;00101000000001010000100000
11;00100010000001010000100000
11;00100010001000010000100000
7;00100001100000001000001000
8;00100001100000001000000001
8;00100100100000001000000001
10;10000100100000001000000001
8;10000010100000001000000001
9;00100010100000001000000001
9;00010010100000001000000001
11;01000010100000001000000001
8;01001000100000001000000001
12;01000001100000001000000001
9;10000001100000001000000001
7;10000001000001001000000001
8;00010001000001001000000001
9;00011000000001001000000001
14;00011000000001001000000100
11;00011000000100001000000100
13;00101000000100001000000100
16;01001000000100001000000100
11;01000010000100001000000100
11;01000010000100000010000100
7;01001000000010000010000100
9;01001000100000000010000100
8;10001000100000000010000100
10;10001000000010000010000100
7;10000100000010000010000100
10;10000100000010010000000100
8;10000100010000010000000100
6;01000100010000010000000100
8;01000100000001010000000100
8;10000100000001010000000100
7;10000100000001000010000100
10;10000100100000000010000100
9;01000100100000000010000100
8;01000001100000000010000100
8;00010001100000000010000100
9;00100001100000000010000100
9;00101000100000000010000100
11;00100100100000000010000100
16;00100100100000010000000100
5;10001000000100000100001000
7;00101000001000000010000010
7;00011000001000000010000010
7;00010010001000000010000010
5;00010010000010000010000010
6;00011000000010000010000010
7;00010001000010000010000010
5;00010100000010000010000010
7;00010100000010000010010000
8;00010100000010010000010000
10;00011000000010010000010000
17;00101000000010010000010000
13;00101000100000010000010000
14;00100010100000010000010000
11;01000010100000010000010000
10;01000100100000010000010000
14;00100100100000010000010000
10;00100100100000000010010000
11;01000100100000000010010000
8;01000100100000000010000001
8;01000010100000000010000001
8;00100100000001000001100000
9;00100010000001000001100000
10;00100010001000000001100000
11;00010010001000000001100000
9;00010001001000000001100000
8;00010001001000000100100000
9;01000001001000000100100000
8;01000100001000000100100000
7;00100100001000000100100000
7;00100010001000000100100000
7;00100001001000000100100000
7;10000001001000000100100000
6;10001000001000000100100000
6;10000100001000000100100000
8;00010100001000000100100000
10;00010100001000000001100000
9;00100100001000000001100000
11;01000100001000000001100000
8;01001000001000000001100000
8;00101000001000000001100000
9;00100100001000000001100000
10;00010100001000000001100000
11;00010010001000000001100000
10;00100010001000000001100000
13;10000010001000000001100000
11;10000010001000100000100000
10;10000010001000100000000001
10;10000100001000100000000001
13;01000100001000100000000001
8;01001000001000100000000001
14;01000001001000100000000001
11;01000001001000100000010000
10;10000001001000100000010000
12;00100001001000100000010000
17;00101000001000100000010000
12;00100010001000100000010000
14;01000010001000100000010000
10;01000010000010100000010000
7;00010001000001000001100000
8;10000001000001000001100000
9;10000001100000000001100000
10;10000100100000000001100000
11;10000100100000100000100000
12;00100100100000100000100000
13;00010100100000100000100000
12;01000100100000100000100000
15;01000001100000100000100000
16;00010001100000100000100000
12;00011000100000100000100000
11;01001000100000100000100000
18;01000010100000100000100000
11;00010010100000100000100000
12;00100010100000100000100000
10;10000010100000100000100000
9;10000010100000000001100000
9;00100010100000000001100000
10;00100010100000001000100000
12;10000010100000001000100000
7;10000100000010100000100000
8;10000001000010100000100000
9;10000001000100100000100000
10;00100001000100100000100000
10;00101000000100100000100000
9;00101000000100100000000010
13;00100001000100100000000010
10;00010001000100100000000010
9;00011000000100100000000010
12;01001000000100100000000010
10;01001000000100000010000010
7;10001000000100000010000010
8;00101000000100000010000010
7;00100001000100000010000010
7;10000001000100000010000010
9;10000100000100000010000010
9;10000100000100010000000010
8;10000010000100010000000010
8;10000010000100010000001000
8;00100010000100010000001000
7;01000001000001010000000001
8;10000001000001010000000001
9;10000010000001010000000001
7;10001000000001010000000001
11;10001000000001010000100000
9;10001000000001010000000010
12;10001000100000010000000010
8;10000100100000010000000010
7;10000010100000010000000010
9;00100010100000010000000010
10;00100100100000010000000010
9;00101000100000010000000010
17;00100001100000010000000010
11;00010001100000010000000010
11;00010001100000010000000100
18;00100001100000010000000100
15;00101000100000010000000100
12;01001000100000010000000100
13;10001000100000010000000100
10;00011000100000010000000100
7;00010100000100000100100000
8;01000100000100000100100000
8;01000010000100000100100000
8;00100010000100000100100000
7;00101000000100000100100000
9;00100100000100000100100000
7;10000100100000000100000100
8;00100100100000000100000100
8;00100010100000000100000100
8;01000010100000000100000100
8;01000100100000000100000100
8;01000001100000000100000100
8;01000001100000000010000100
7;10000001100000000010000100
8;00010001100000000010000100
7;00010001100000000010000010
7;01000001100000000010000010
8;01000100100000000010000010
9;00010100100000000010000010
8;00011000100000000010000010
6;00011000000010000010000010
8;01001000000010000010000010
6;01000010000010000010000010
5;01000001000010000010000010
7;10000001000010000010000010
8;00101000001000000010010000
9;00100010001000000010010000
8;00100100001000000010010000
9;10000100001000000010010000
12;10000010001000000010010000
10;10000010001000001000010000
14;10000100001000001000010000
15;01000100001000001000010000
14;01000100001000001000000010
9;01000001001000001000000010
10;01001000001000001000000010
11;00011000001000001000000010
15;00010001001000001000000010
14;00010001001000001000000100
13;00011000001000001000000100
12;00010100001000001000000100
11;01000100001000001000000100
12;01000010001000001000000100
11;01001000001000001000000100
7;10000001010000010000000100
8;10001000010000010000000100
8;10000010010000010000000100
6;01000010010000010000000100
6;01000100010000010000000100
7;00100100010000010000000100
8;00101000010000010000000100
7;00100001010000010000000100
7;00100010010000010000000100
7;00010010010000010000000100
7;00010001010000010000000100
8;00010010100000000001000100
8;00010001100000000001000100
9;01000001100000000001000100
11;01000001100000010000000100
12;01001000100000010000000100
13;01000100100000010000000100
14;00010100100000010000000100
11;00010001100000010000000100
10;00011000100000010000000100
15;00101000100000010000000100
16;00100100100000010000000100
15;00100010100000010000000100
10;10000010100000010000000100
14;00010010100000010000000100
13;01000010100000010000000100
10;01000010100000000001000100
9;10000010100000000001000100
11;00100010100000000001000100
11;00100010100000001000000100
7;00010100000100000010000001
8;00010100000100010000000001
9;01000100000100010000000001
8;01000001000100010000000001
10;00010001000100010000000001
10;00011000000100010000000001
13;00011000000100010000000100
9;00010100000100010000000100
10;00010010000100010000000100
9;00010010000001010000000100
8;01000010000001010000000100
7;01000010000001000001000100
7;01000100000001000001000100
8;01000100000001010000000100
9;00100100000001010000000100
9;00100001000001010000000100
10;00101000000001010000000100
10;00100010000001010000000100
10;10000010000001010000000100
8;10000100000001010000000100
8;00100001000001000001100000
8;10000001000001000001100000
8;10000010000001000001100000
11;10000010000001100000100000
8;10001000000001100000100000
8;00011000000001100000100000
14;00010100000001100000100000
9;00100100000001100000100000
16;00100010000001100000100000
8;00101000000001100000100000
12;00101000001000100000100000
16;00101000001000100000000010
9;00011000001000100000000010
9;01001000001000100000000010
8;01001000001000000010000010
7;00101000001000000010000010
11;00101000001000000010100000
17;01001000001000000010100000
12;01001000001000100000100000
7;00101000001000000001000001
8;10001000001000000001000001
7;01001000001000000001000001
9;01001000001000010000000001
10;00011000001000010000000001
11;00010010001000010000000001
7;00100010001000010000000001
10;00101000001000010000000001
10;00100001001000010000000001
11;01000001001000010000000001
14;10000001001000010000000001
8;10000010001000010000000001
8;10000100001000010000000001
8;01000100001000010000000001
8;01000010001000010000000001
13;01000010001000010000010000
8;01000010000010010000010000
12;01000001000010010000010000
8;01001000000010010000010000
7;10001000010000010000100000
7;10000010010000010000100000
9;00010010010000010000100000
7;00010100010000010000100000
8;00010001010000010000100000
7;10000001010000010000100000
8;00100001010000010000100000
8;00100010010000010000100000
7;00101000010000010000100000
7;00011000010000010000100000
7;00011000000100010000001000
6;01000100000100010000001000
7;00100100000100010000001000
8;10000010000100010000001000
8;10000010000100010000000010
10;10001000000100010000000010
10;10000001000100010000000010
8;00010001000100010000000010
9;00010001000010010000000010
8;00010001000010010000000100
10;01000001000010010000000100
8;01000010000010010000000100
9;01001000000010010000000100
12;01001000100000010000000100
15;00101000100000010000000100
13;10001000100000010000000100
10;10000010100000010000000100
15;00100010100000010000000100
13;01000010100000010000000100
8;10000010100000000010010000
7;10000010000001000010010000
8;10001000000001000010010000
8;10001000100000000010010000
11;10001000000010000010010000
7;01001000000010000010010000
10;00011000000010000010010000
6;00010001000010000010010000
8;00010001000100000010010000
8;00100001000100000010010000
18;00101000000100000010010000
11;10001000000100000010010000
19;10001000000100100000010000
11;00011000000100100000010000
19;00010010000100100000010000
20;10000010000100100000010000
17;01000010000100100000010000
16;01001000000100100000010000
9;01001000000100100000000001
7;00100001000010000010010000
8;00100001000100000010010000
6;00100001000100000100010000
8;00100010000100000100010000
8;10000010000100000100010000
7;10001000000100000100010000
8;00101000000100000100010000
7;01001000000100000100010000
7;01000010000100000100010000
7;00010010000100000100010000
8;00010010000100000001010000
14;10000010000100000001010000
9;10000001000100000001010000
11;00100001000100000001010000
11;00100001000100001000010000
10;00100001000010001000010000
11;10000001000010001000010000
15;10000001000100001000010000
10;10000100000100001000010000
11;10001000000100001000010000
6;10001000001000000100100000
6;10000100001000000100100000
7;00100100001000000100100000
7;00100001001000000100100000
7;10000001001000000100100000
8;00010001001000000100100000
7;00010010001000000100100000
11;00010010001000000001100000
13;10000010001000000001100000
8;10001000001000000001100000
9;10000100001000000001100000
10;00010100001000000001100000
9;00100100001000000001100000
11;01000100001000000001100000
13;01000100001000010000100000
16;01001000001000010000100000
10;01000010001000010000100000
11;00100010001000010000100000
9;10000010001000010000100000
16;10001000001000010000100000
5;01000010000010001000001000
6;01001000000010001000001000
7;10001000100000001000001000
7;00101000100000001000000001
8;00100100100000001000000001
9;00100010100000001000000001
7;00100010100000000001000001
8;10000010100000000001000001
6;10000010000001000001000001
9;10000010000001100000000001
10;10000100000001100000000001
12;10000100100000100000000001
7;10000100100000000001000001
10;10000001100000000001000001
9;10000001100000000001100000
8;10000001000001000001100000
14;10000001000001100000100000
16;01000001000001100000100000
12;01000010000001100000100000
11;10000010000001100000100000
7;00101000001000100000000001
8;00100010001000100000000001
9;00010010001000100000000001
10;00010001001000100000000001
11;00010001001000100000000100
12;01000001001000100000000100
13;01000010001000100000000100
14;01000010000010100000000100
15;01001000000010100000000100
13;01000001000010100000000100
10;00100001000010100000000100
8;10000001000010100000000100
8;10000010000010100000000100
12;00100010000010100000000100
13;00100010001000100000000100
17;00100001001000100000000100
13;00101000001000100000000100
9;00101000000001100000000100
10;00100010000001100000000100
10;10000010000001100000000100
7;10000001010000001000000100
8;10000100010000001000000100
6;00010100010000001000000100
7;00100100010000001000000100
6;00101000010000001000000100
7;00011000010000001000000100
8;10001000010000001000000100
7;01001000010000001000000100
7;01000100010000001000000100
9;01000100000001001000000100
7;01000001000001001000000100
8;00100001000001001000000100
9;00101000000001001000000100
13;00100100000001001000000100
15;10000100000001001000000100
15;10001000000001001000000100
14;00011000000001001000000100
9;00010001000001001000000100
8;00010001000001001000000001
7;10000001000001001000000001
7;01001000000001001000010000
9;10001000000001001000010000
10;10001000100000001000010000
11;10000001100000001000010000
8;10000001000001001000010000
9;10000100000001001000010000
8;00100100000001001000010000
12;00100100001000001000010000
9;00100010001000001000010000
8;00100010000010001000010000
10;00100001000010001000010000
11;10000001000010001000010000
9;00010001000010001000010000
8;00010100000010001000010000
10;00011000000010001000010000
11;00010010000010001000010000
8;01000010000010001000010000
10;01000010000010000010010000
13;00100010000010000010010000
8;00100001100000000100000100
8;00100100100000000100000100
8;00100010100000000100000100
8;01000010100000000100000100
8;01000001100000000100000100
8;01000100100000000100000100
7;10000100100000000100000100
5;00011000000001000100000001
6;00011000000001000001000001
6;00011000000001000001000100
7;00101000000001000001000100
9;00101000000001001000000100
10;00101000001000001000000100
11;01001000001000001000000100
12;01000010001000001000000100
11;01000100001000001000000100
10;01000001001000001000000100
12;00100001001000001000000100
11;00100010001000001000000100
11;00100010001000000010000100
10;00101000001000000010000100
7;00100001001000000010000100
7;00010001001000000010000100
9;00010100001000000010000100
9;00010100001000000010000001
8;00011000001000000010000001
10;00011000001000000010000100
16;00011000001000100000000100
12;01001000001000100000000100
7;00101000001000000100000100
7;00100100001000000100000100
8;01000100001000000100000100
9;01001000001000000100000100
10;10001000001000000100000100
7;10000001001000000100000100
6;00010001001000000100000100
7;00010001001000000010000100
7;00010001001000000010000010
8;10000001001000000010000010
6;10000010001000000010000010
7;10000100001000000010000010
10;10001000001000000010000010
7;00011000001000000010000010
7;00101000001000000010000010
8;01001000001000000010000010
7;01000010001000000010000010
6;01000010000010000010000010
8;10000010000010000010000010
6;10000100000010000010000010
7;01001000001000000001000001
7;10000010001000000001000001
9;10000100001000000001100000
10;01000001001000000001100000
11;01000010000010000001100000
8;01000001000010000001100000
9;00100001000010000001100000
14;00100001000100000001100000
13;00100100000100000001100000
16;00100100000100001000100000
12;00010100000100001000100000
15;01000100000100001000100000
15;01000010000100001000100000
13;00100010000100001000100000
14;00101000000100001000100000
11;00011000000100001000100000
11;00011000000001001000100000
8;10001000000001001000100000
10;10000001000001001000100000
9;10000100000001001000100000
7;10001000000001010000000001
8;10000001000001010000000001
10;00010001000001010000000001
8;00010010000001010000000001
9;00010010000001010000000100
8;01000010000001010000000100
10;00100010000001010000000100
9;00100001000001010000000100
8;00010001000001010000000100
13;10000001000001010000000100
9;10000001100000010000000100
18;00100001100000010000000100
11;00010001100000010000000100
11;00010001100000010000000010
12;01000001100000010000000010
8;01000001100000000001000010
8;00100001100000000001000010
11;00100001100000000001000100
9;01000001100000000001000100
7;00100010010000010000000100
6;01000001010000010000000100
8;10001000010000010000000100
8;10000100010000010000000100
6;10000100010000000010000100
5;00011000010000000010000100
4;00100001010000000010000100
6;01000010010000000010000100
6;00010010010000001000000100
6;00010100010000001000000100
6;00101000010000001000000100
6;00010001010000001000000100
6;10000001010000001000000010
5;01000010010000001000000010
4;10000010010000000010000010
4;00100100010000000010000010
4;00101000010000000010000010
5;10001000010000000010100000
5;10000010010000000010100000
6;01000100010000000010100000
5;00011000000001000100000001
6;00011000000001000001000001
6;00011000000001000001000100
7;00101000000001000001000100
9;10001000000001000001000100
8;10001000000001100000000100
10;10000010000001100000000100
8;10000010000001000001000100
9;00100010000001000001000100
8;00100010001000000001000100
11;00100010001000001000000100
12;01000010001000001000000100
10;01000001001000001000000100
11;01000100001000001000000100
11;00100100001000001000000100
12;00010100001000001000000100
13;00010100001000001000000001
13;00010001001000001000000001
10;01000001001000001000000001
9;01001000001000001000000001
10;10001000001000001000000001
13;10001000001000001000100000
6;10000100000100100000001000
7;10000010000100100000001000
7;00100010000100100000001000
8;01000010000100100000001000
7;01000100000100100000001000
7;01000001000100100000001000
7;00100001000100100000001000
8;00100001000100100000000001
8;00100010000100100000000001
10;01000010000100100000000001
9;01000100000100100000000001
15;01000100000100100000010000
16;01001000000100100000010000
17;01000010000100100000010000
20;10000010000100100000010000
19;10001000000100100000010000
23;10000001000100100000010000
13;10000100000100100000010000
14;00100100000100100000010000
12;00100100000100100000000010
7;01000010001000010000000010
8;01001000001000010000000010
9;10001000001000010000000010
10;00011000001000010000000010
11;00011000001000010000100000
12;00010001001000010000100000
11;00010010001000010000100000
11;00100010001000010000100000
10;01000010001000010000100000
16;01001000001000010000100000
16;10001000001000010000100000
9;10001000001000010000000001
8;10000010001000010000000001
8;01000010001000010000000001
7;01000010000010010000000001
7;00010010000010010000000001
7;00010001000010010000000001
8;00010001000010010000000100
9;00011000000010010000000100
7;00011000000010010000000001
7;01000010000001010000000001
8;00010010000001010000000001
9;00010010000001010000000100
10;10000010000001010000000100
8;01000010000001010000000100
7;01000010000001000001000100
7;01000100000001000001000100
8;00100100000001000001000100
9;00100010000001000001000100
8;10000010000001000001000100
9;10000001000001000001000100
7;00100001000001000001000100
8;00100001001000000001000100
9;00100100001000000001000100
8;00100010001000000001000100
8;10000010001000000001000100
11;10000010001000100000000100
14;10000001001000100000000100
10;10000001001000100000000010
10;00010001001000100000000010
8;10001000100000010000000001
9;00011000100000010000000001
10;00011000100000010000000100
11;00010001100000010000000100
12;00010001100000010000000001
11;00010010100000010000000001
10;00010100100000010000000001
8;00010100100000000010000001
8;00010010100000000010000001
8;01000010100000000010000001
11;01000010100000001000000001
9;00010010100000001000000001
10;00010001100000001000000001
16;00010001100000001000000100
14;10000001100000001000000100
13;01000001100000001000000100
16;01000010100000001000000100
10;00010010100000001000000100
11;00100010100000001000000100
7;10000010010000001000000100
7;01000010010000001000000100
7;01001000010000001000000100
7;01000100010000001000000100
6;00010100010000001000000100
7;00010100000010001000000100
7;00100100000010001000000100
8;00101000000010001000000100
10;01001000000010001000000100
16;01000010000010001000000100
9;01000001000010001000000100
14;00100001000010001000000100
13;00100001000100001000000100
10;00010001000100001000000100
14;00010010000100001000000100
11;01000010000100001000000100
14;00100010000100001000000100
12;00100010000100000001000100
9;10000010000100000001000100
8;10000001000001010000000001
9;10000010000001010000000001
7;01000010000001010000000001
7;01000001000001010000000001
8;01000001000001010000010000
7;01000010000001010000010000
10;10000010000001010000010000
8;10001000000001010000010000
7;01001000000001010000010000
7;01001000000001000001010000
8;01001000000001000001000001
5;01000001000001000001000001
7;01000010000001000001000001
7;01000010000001000001010000
7;10000010000001000001010000
13;10000010000001100000010000
9;00010010000001100000010000
8;01000010000001100000010000
16;01000001000001100000010000
7;00010001100000000001000001
8;01000001100000000001000001
9;01000001100000010000000001
10;10000001100000010000000001
8;10001000100000010000000001
9;00011000100000010000000001
10;00011000100000010000000100
12;01001000100000010000000100
11;01000001100000010000000100
9;01000001100000000001000100
11;00100001100000000001000100
8;00010001100000000001000100
10;10000001100000000001000100
8;10001000100000000001000100
8;10001000000010000001000100
7;01001000000010000001000100
7;01000001000010000001000100
7;10000001000010000001000100
8;10000001000010100000000100
10;00100001000010100000000100
7;01000010000001000001000100
7;01000100000001000001000100
8;00100100000001000001000100
7;00101000000001000001000100
9;10001000000001000001000100
6;00011000000001000001000100
8;00011000000100000001000100
9;01001000000100000001000100
15;01001000000100010000000100
13;00011000000100010000000100
10;00010010000100010000000100
9;00010010000001010000000100
8;00010010000001010000000001
9;10000010000001010000000001
10;10000010100000010000000001
11;10000100100000010000000001
10;00010100100000010000000001
8;00010100100000000010000001
8;00010010100000000010000001
8;01000010100000000010000001
6;00010100001000000100010000
7;10000100001000000100010000
8;10000001001000000100010000
9;10000001001000000010010000
11;00010001001000000010010000
12;00011000001000000010010000
11;01001000001000000010010000
8;01000001001000000010010000
9;01000100001000000010010000
8;01000100001000000010000001
7;01001000001000000010000001
8;01001000001000100000000001
9;10001000001000100000000001
10;10001000001000100000100000
13;10001000001000000010100000
17;01001000001000000010100000
10;01000100001000000010100000
14;01000010001000000010100000
8;01000010000010000010100000
7;01000100000010000001100000
7;00100100000010000001100000
7;00101000000010000001100000
8;00101000100000000001100000
10;00100001100000000001100000
9;10000001100000000001100000
13;10000001100000100000100000
14;10000001000001100000100000
8;10001000000001100000100000
15;10001000100000100000100000
8;10001000100000000001100000
9;10000010100000000001100000
8;10000010100000000001000001
7;10000100100000000001000001
7;00010100100000000001000001
7;00010001100000000001000001
9;00100001100000000001000001
8;01000001100000000001000001
9;01000010100000000001000001
10;01000010100000010000000001
7;01000001000010000010100000
7;00010001000010000010100000
8;00010010000010000010100000
9;00100010000010000010100000
11;00100010000010001000100000
11;01000010000010001000100000
9;10000010000010001000100000
8;10000100000010001000100000
11;01000100000010001000100000
8;00010100000010001000100000
10;00010010000010001000100000
10;00011000000010001000100000
10;01001000000010001000100000
9;01001000000010001000000010
7;00101000000010001000000010
10;00101000000010001000100000
8;00100100000010001000100000
9;00100001000010001000100000
11;01000001000010001000100000
8;10000001000010001000100000
7;00100100000100001000001000
8;01000100000100001000001000
8;10000100000100001000001000
7;00010100000100001000001000
7;00011000000100001000001000
7;00101000000100001000001000
6;00100010000100001000001000
7;10000010000100001000001000
8;10001000000100001000001000
7;10000001000100001000001000
7;00010001000100001000001000
7;01000001000100001000001000
8;01001000000100001000001000
7;01000010000100001000001000
8;01000010000100001000000010
7;10000010000100001000000010
7;00100010000100001000000010
8;00100100000100001000000010
11;00100100000100001000010000
10;00101000000100001000010000
7;00100001010000010000000100
7;00100010010000010000000100
7;00010010010000010000000100
7;00010001010000010000000100
7;10000001010000010000000100
8;10001000010000010000000100
8;10000100010000010000000100
10;10000100000010010000000100
8;00100100000010010000000100
7;00100100010000010000000100
6;01000100010000010000000100
6;01000010010000010000000100
8;01000010000001010000000100
10;10000010000001010000000100
13;10000001000001010000000100
9;10001000000001010000000100
8;10000100000001010000000100
9;00100100000001010000000100
9;00100001000001010000000100
16;00100001001000010000000100
7;01000010000100000100010000
8;10000010000100000100010000
7;10001000000100000100010000
8;00101000000100000100010000
7;01001000000100000100010000
7;01000100000100000100010000
7;00100100000100000100010000
7;10000100000100000100010000
8;00011000000100000010100000
9;00010100000100000010100000
10;10000100000100000010100000
11;10000100000100010000100000
12;10000010000100010000100000
12;10001000000100010000100000
13;01001000000100010000100000
14;01000001000100010000100000
12;00010001000100010000100000
13;00010100000100010000100000
12;01000100000100010000100000
15;00100100000100010000100000
11;00100100000100000010100000
10;01000100000100000010100000
8;01000001000100000010100000
8;00010001000100000010100000
7;10000001000100000010100000
9;00100001000100000010100000
10;00101000000100000010100000
7;00100100010000010000000100
7;00100001010000010000000100
8;00101000010000010000000100
7;00100010010000010000000100
8;10000010010000010000000100
8;10000100010000010000000100
8;10001000010000010000000100
7;10000001010000010000000100
7;00010001010000010000000100
7;00010010010000010000000100
6;01000010010000010000000100
8;01000010000001010000000100
8;01001000000001010000000100
8;01000100000001010000000100
7;01000100000001000001000100
7;01000010000001000001000100
8;10000010000001000001000100
9;10001000000001000001000100
7;00101000000001000001000100
8;00100100000001000001000100
8;00010001100000001000001000
8;00010100100000001000001000
9;01000100100000001000001000
8;01000001100000001000001000
7;00100001100000001000001000
8;00100001100000001000000001
7;00101000100000001000000001
8;00011000100000001000000001
10;00011000000010001000000001
10;00011000000010001000000100
9;10001000000010001000000100
13;10000001000010001000000100
11;10000010000010001000000100
16;10000010001000001000000100
12;01000010001000001000000100
13;00010010001000001000000100
14;00010001001000001000000100
13;00010001001000001000000001
12;00011000001000001000000001
8;00010001000100010000000010
9;00100001000100010000000010
10;00101000000100010000000010
8;00011000000100010000000010
12;01001000000100010000000010
8;01000001000100010000000010
9;01000001000100010000000100
15;01001000000100010000000100
13;00011000000100010000000100
9;00010100000100010000000100
11;01000100000100010000000100
12;01000100000100000010000100
10;10000100000100000010000100
11;00100100000100000010000100
8;00100001000100000010000100
7;00100001000100000100000100
10;00100100000100000100000100
9;00100010000100000100000100
9;10000010000100000100000100
7;00010001001000000001000100
8;10000001001000000001000100
9;10000100001000000001000100
8;10000010001000000001000100
11;01000010001000000001000100
12;01000100001000000001000100
11;01001000001000000001000100
9;01000001001000000001000100
8;00100001001000000001000100
8;00100010001000000001000100
9;00101000001000000001000100
10;00101000001000001000000100
13;10001000001000001000000100
13;00011000001000001000000100
11;01001000001000001000000100
11;01000100001000001000000100
12;00010100001000001000000100
14;00010001001000001000000100
13;00010010001000001000000100
11;00100010001000001000000100
7;00101000100000001000000001
8;01001000100000001000000001
8;10001000100000001000000001
8;00011000100000001000000001
11;00010100100000001000000001
10;00010001100000001000000001
9;00010010100000001000000001
9;00100010100000001000000001
11;01000010100000001000000001
10;01000010100000001000010000
14;01000001100000001000010000
16;00100001100000001000010000
12;00100010100000001000010000
14;00100100100000001000010000
20;00010100100000001000010000
15;00010010100000001000010000
12;10000010100000001000010000
11;10000100100000001000010000
11;10000001100000001000010000
10;10001000100000001000010000
5;00010100010000010000000010
6;00100001010000010000000010
5;00010010010000010000000010
6;00100010010000010000001000
7;10001000010000010000001000
3;01000001010000010000001000
5;00100100010000010000001000
4;01000100010000000010001000
2;10001000010000000010001000
5;10000010010000000010001000
5;01000010010000001000001000
4;00100100010000001000001000
4;00011000010000001000001000
4;10000001010000001000001000
8;00011000001000000100010000
6;00010100001000000100010000
7;00010001001000000100010000
8;00010001001000000001010000
11;01000001001000000001010000
12;00100001001000000001010000
8;00100100001000000001010000
12;00101000001000000001010000
13;10001000001000000001010000
17;10001000001000100000010000
16;01001000001000100000010000
16;01000100001000100000010000
14;01000010001000100000010000
10;01000010001000100000000001
14;01000001001000100000000001
10;00010001001000100000000001
12;00010100001000100000000001
8;00011000001000100000000001
8;00011000001000000010000001
8;00101000100000000001100000
9;00100010100000000001100000
10;00100010100000001000100000
10;00100100100000001000100000
11;10000100100000001000100000
12;10000010100000001000100000
8;10000010100000000010100000
10;00100010100000000010100000
11;01000010100000000010100000
9;01000100100000000010100000
15;00010100100000000010100000
13;00010010100000000010100000
9;00011000100000000010100000
10;00101000100000000010100000
8;00101000100000000010000010
13;00101000100000100000000010
14;00100001100000100000000010
16;00100001100000100000000100
10;10000001100000100000000100
6;10001000000010000100000100
6;00100010000010000100000100
5;00010001000010000100000100
7;01000001000010000010000100
8;00100001000100000010000100
10;00100010000100000010000100
8;00011000000100000010000100
7;00011000000100000010000001
8;00011000000100100000000001
14;00010010000100100000000001
11;00010001000100100000000001
10;00010001000010100000000001
12;01000001000010100000000001
8;01000010000010100000000001
10;01000010001000100000000001
14;01000010001000100000010000
12;00100010001000100000010000
9;00100010000010100000010000
13;00100001000010100000010000
6;10000010001000000010001000
5;10000001001000000010001000
5;00100001001000000100001000
3;01000010001000000100001000
4;00010010000010000100001000
1;10000100000010000100001000
2;01001000000010000100001000
2;00010001000010000100001000
5;00010001000010000010001000
3;00100100000010000010001000
6;01001000000010000010001000
5;10001000000010100000001000
5;10000010000010100000001000
6;00010001000010100000001000
7;00100001000010100000000001
8;10000001000010100000000001
7;10000010000010100000000001
8;10000010000010100000100000
7;10000100000010100000100000
9;00100100000010100000100000
7;00100010010000001000010000
6;01000100010000001000010000
8;01000100000001001000010000
9;00010001000001001000010000
8;00100010000001001000010000
12;00100100001000001000010000
13;00010100001000001000010000
11;00010010000010001000010000
8;00100010000010001000010000
8;01000010000010001000010000
7;01000100000010001000010000
9;01001000000010001000010000
11;00101000000010001000010000
11;10001000000010001000010000
10;00011000000010001000010000
8;00010100000010001000010000
9;00010001000010001000010000
10;00100001000010001000010000
11;00100001000100001000010000
11;00100001000100000001010000
8;10000010001000001000000001
9;01000010001000001000000001
7;01000010001000000010000001
7;10000010001000000010000001
7;10000100001000000010000001
10;10000100001000000010100000
11;10000100001000010000100000
8;10000100001000010000000001
9;00010100001000010000000001
11;00010010001000010000000001
7;00010010000010010000000001
7;01000010000010010000000001
8;01000010000010010000010000
7;01000010000010000001010000
7;01001000000010000001010000
9;10001000000010000001010000
8;10000001000010000001010000
9;10000001000100000001010000
8;01000001000100000001010000
8;10000010000100000100010000
7;10001000000100000100010000
8;00101000000100000100010000
6;00100001000100000100010000
8;00100010000100000100010000
7;00010010000100000100010000
7;00010001000100000100010000
8;00010001000100000010010000
10;00011000000100000010010000
8;00010100000100000010010000
10;00010010000100000010010000
7;00010010000001000010010000
7;00010100000001000010010000
8;00010100000001010000010000
7;00010100000001010000000010
7;00011000000001010000000010
8;00011000000100010000000010
14;00011000000100010000100000
13;01001000000100010000100000
7;00010100000001001000000010
8;00010100000100001000000010
9;10000100000100001000000010
10;10000100000100001000010000
10;01000100000100001000010000
8;01000100000100001000000010
8;00100100000100001000000010
9;00100100000100000001000010
11;00100001000100000001000010
12;00101000000100000001000010
13;00101000000100000001100000
14;00100001000100000001100000
8;00010001000100000001100000
19;01000001000100000001100000
11;01000100000100000001100000
12;01000100000100010000100000
10;01000100000100000010100000
15;01000010000100000010100000
12;00010010000100000010100000
8;00010010000001000010100000
7;00100010000001100000000010
8;00101000000001100000000010
8;00100100000001100000000010
8;00010100000001100000000010
9;00010100000100100000000010
12;00100100000100100000000010
9;00100010000100100000000010
8;00010010000100100000000010
10;00010001000100100000000010
10;10000001000100100000000010
8;10001000000100100000000010
12;10001000000100100000100000
9;10001000000100100000000001
8;00011000000100100000000001
11;00010001000100100000000001
12;10000001000100100000000001
7;10000001000100000001000001
8;10000010000100000001000001
7;00100010000100000001000001
8;00100010000100001000000001
8;00100100000010000010000100
8;01000010000010000010000100
10;10001000000010000010000100
11;00011000100000000010000100
10;10001000100000100000000100
11;00011000100000100000000001
14;00010010100000100000000001
11;01000010100000100000000001
11;10000010100000100000000001
12;10000001100000100000000001
12;10000100100000100000000001
10;10000100000001100000000001
10;10000100000001100000100000
9;00100100000001100000100000
11;01000100000001100000100000
14;00010100000001100000100000
13;00010010000001100000100000
16;00100010000001100000100000
15;00100001000001100000100000
8;00101000000100000010000010
9;00101000000100100000000010
10;00101000000100100000100000
11;00100010000100100000100000
12;00100100000100100000100000
10;00100001000100100000100000
14;01000001000100100000100000
15;01000010000100100000100000
13;01001000000100100000100000
16;01000100000100100000100000
18;00010100000100100000100000
14;00010010000100100000100000
17;10000010000100100000100000
16;10000010000100100000000001
8;00100010000100100000000001
7;00101000000100100000000001
9;10001000000100100000000001
11;10001000000100000001000001
10;01001000000100000001000001
8;00010001000100001000000001
9;01001000000100001000000001
8;10000001000100001000000001
9;00101000000100001000000001
7;00101000000100001000001000
8;01000100000100001000001000
7;10000001000100001000001000
7;00011000000100001000001000
6;00010100000001001000001000
6;10001000000001001000001000
6;00100100000001001000001000
5;01001000000001001000001000
4;01000001010000001000001000
3;00101000010000001000001000
4;00100010010000000001001000
2;00011000010000000001001000
2;10001000010000000001001000
4;01000100010000000001001000
3;01000001000001000001001000
8;01001000000001000001000001
7;01000100000001000001000001
5;01000001000001000001000001
7;01000010000001000001000001
7;01000010000001000001010000
7;01001000000001000001010000
9;00101000000001000001010000
12;00101000001000000001010000
10;01001000001000000001010000
10;01000010001000000001010000
10;01000100001000000001010000
9;01000100001000000001000001
7;01001000001000000001000001
8;01000001001000000001000001
11;01000001001000010000000001
8;01000010001000010000000001
8;01000100001000010000000001
8;01000100001000000010000001
7;10000100001000000010000001
8;10000010000010000010010000
9;10000010000010001000010000
7;10000100000010001000010000
11;10000001000010001000010000
10;00100001000010001000010000
8;01000001000010001000010000
7;01000100000010001000010000
9;01001000000010001000010000
11;10001000000010001000010000
10;10001000100000001000010000
13;01001000100000001000010000
13;01000100100000001000010000
10;01000100100000001000000010
11;01000001100000001000000010
10;01000010100000001000000010
8;00100010100000001000000010
14;00100100100000001000000010
8;00100100100000000001000010
9;00100100100000000001010000
8;00010001100000010000001000
9;00010010100000010000001000
7;00100010100000010000001000
9;00100010100000010000000001
9;00100001100000010000000001
10;10000001100000010000000001
9;01000001100000010000000001
10;01000010100000010000000001
10;10000010100000010000000001
9;10000010000001010000000001
8;00010010000001010000000001
10;00011000000001010000000001
10;00010001000001010000000001
8;00010001000001010000000100
9;00011000000001010000000100
10;00101000000001010000000100
10;00100010000001010000000100
9;00100001000001010000000100
9;00100100000001010000000100
5;10001000000100000100001000
7;00100001001000000010000100
8;10000001001000000010000100
9;10001000001000000010000100
10;10001000001000100000000100
11;10000010001000100000000100
8;10000010001000000001000100
8;10000001001000000001000100
9;10000100001000000001000100
13;10000100001000100000000100
13;00010100001000100000000100
12;00010100001000100000000001
13;01000100001000100000000001
8;01001000001000100000000001
7;00101000001000100000000001
8;00100100001000100000000001
10;10000100001000100000000001
9;10000001001000100000000001
8;10000001001000000001000001
8;10001000001000000001000001
7;01001000001000000001000001
7;10000010010000100000010000
8;00100010010000100000010000
8;00010010010000100000010000
7;00010100010000100000010000
8;00010001010000100000010000
7;10000001010000100000010000
8;00100001010000100000010000
7;00100100010000100000010000
8;00100100000010100000010000
13;00100001000010100000010000
14;00010001000010100000010000
12;01000001000010100000010000
12;01000001000010100000000001
8;01000010000010100000000001
10;01000010000010100000010000
9;00100010000010100000010000
11;10000010000010100000010000
11;10001000000010100000010000
11;10001000000010000010010000
5;00011000000001000100000001
6;00011000000001000001000001
6;00010001000001000001000001
5;00100001000001000001000001
6;10000001000001000001000001
5;01000001000001000001000001
7;01000100000001000001000001
8;01001000000001000001000001
7;00101000000001000001000001
8;10001000000001000001000001
9;10000100000001000001000001
10;10000100000001100000000001
9;00100100000001100000000001
7;00100001000001100000000001
8;00100001001000100000000001
7;00101000001000100000000001
8;00011000001000100000000001
9;00010010001000100000000001
12;00010010001000100000000100
11;10000010001000100000000100
7;00010100010000010000100000
7;00011000010000010000100000
7;00101000010000010000100000
8;00100010010000010000100000
8;00100001010000010000100000
8;00010001010000010000100000
9;00010010010000010000100000
7;01000010010000010000100000
7;10000010010000010000100000
7;10001000010000010000100000
7;10000001010000010000100000
7;01000001010000010000100000
9;01000001000001010000100000
9;10000001000001010000100000
8;10000001000001010000000001
10;00010001000001010000000001
7;01000001000001010000000001
7;01000010000001010000000001
8;00010010000001010000000001
12;00010010000100010000000001
7;10000001010000001000100000
8;00010001010000001000100000
7;00010010010000001000100000
7;00100010010000001000100000
7;00100100010000001000100000
8;00100100000010001000100000
11;00100010000010001000100000
14;00100010001000001000100000
14;00100100001000001000100000
9;00100100001000000001100000
8;00101000001000000001100000
15;00101000001000001000100000
14;01001000001000001000100000
13;01000100001000001000100000
13;10000100001000001000100000
12;10000001001000001000100000
18;10000010001000001000100000
13;10001000001000001000100000
14;00011000001000001000100000
17;00010001001000001000100000
7;01001000000001010000010000
7;01000010000001000001010000
5;01000001000001000001000001
5;00100001000001000001000001
9;10000100000001000001000001
6;00011000000001000001000001
6;00010001000100000001000001
11;10001000000100000001000001
9;01000010000100000001000001
9;00101000000100000001000001
6;00100010000100000001001000
5;10000100000100000001001000
5;01000001000100000001001000
4;00010001000100000001001000
6;00011000000100000100001000
6;01000010000100000100001000
5;10001000000100000100001000
4;00100010000100000100001000
4;00100001000100000100000001
6;01000010000100000100000001
8;10001000010000010000000100
8;10000100010000010000000100
7;00100100010000010000000100
7;00100010010000010000000100
6;01000010010000010000000100
7;00010010010000010000000100
7;00010001010000010000000100
7;00100001010000010000000100
7;10000001010000010000000100
8;10000010010000010000000100
6;00010001001000000100000100
7;00010001001000000010000100
9;00010100001000000010000100
10;00011000001000000010000100
9;10001000001000000010000100
11;01001000001000000010000100
8;01000010001000000010000100
8;00010010001000000010000100
9;10000010001000000010000100
16;10000010001000001000000100
13;10001000001000001000000100
10;00101000001000001000000100
9;00101000001000000001000100
8;00100001001000000001000100
8;10000001001000000001000100
8;10000010001000000001000100
9;10000100001000000001000100
9;10001000001000000001000100
10;10001000001000100000000100
13;10000100001000100000000100
7;01000001000010010000000010
8;00100001000010010000000010
9;00010001000010010000000010
8;00010001000100010000000010
9;00100001000100010000000010
9;00100010000100010000000010
9;00100100000100010000000010
10;00101000000100010000000010
10;10001000000100010000000010
12;01001000000100010000000010
8;01001000000100000001000010
7;01000001000100000001000010
11;00100001000100000001000010
11;00100001000100001000000010
7;00100010000100001000000010
8;01000010000100001000000010
7;10000010000100001000000010
10;10000001000100001000000010
11;10001000000100001000000010
9;00101000000100001000000010
8;00100001100000000100000100
9;00100001100000000010000100
8;01000001100000000010000100
9;01000100100000000010000100
11;00100100100000000010000100
9;00101000100000000010000100
9;01001000100000000010000100
8;10001000100000000010000100
7;10000001100000000010000100
8;10000010100000000010000100
13;00100010100000000010000100
11;00100010100000001000000100
13;00101000100000001000000100
17;10001000100000001000000100
11;01001000100000001000000100
16;01000010100000001000000100
10;00010010100000001000000100
16;00010100100000001000000100
25;01000100100000001000000100
6;10000001000100100000001000
6;10000010000100000001001000
5;00011000000100000001001000
5;00010010000001000001001000
6;00100010000001000001001000
5;01000100000001000001001000
6;10000010000001000001001000
5;10001000100000000001001000
5;00010010100000000001001000
6;00100001100000000001001000
6;00101000100000001000001000
8;00100010100000001000000010
9;00100001100000001000000010
11;01000001100000001000000010
13;01000001100000001000000100
16;01000010100000001000000100
10;01000010100000000010000100
8;01000001100000000010000100
9;00100001100000000010000100
7;00100010001000010000000001
8;01000010001000010000000001
8;01000100001000010000000001
9;01000100001000000001000001
7;01001000001000000001000001
7;00101000001000000001000001
7;00101000001000001000000001
9;01001000001000001000000001
10;01000001001000001000000001
8;10000001001000001000000001
13;00010001001000001000000001
19;00100001001000001000000001
19;00100100001000001000000001
13;00010100001000001000000001
12;10000100001000001000000001
10;01000100001000001000000001
9;01000010001000001000000001
8;00010010001000001000000001
13;00010010001000001000000100
8;01000010000010010000000100
9;10000010000010010000000100
10;10000100000010010000000100
8;10000100010000010000000100
7;00100100010000010000000100
8;00100100000010010000000100
10;00100001000010010000000100
11;00100010000010010000000100
8;00010010000010010000000100
7;00010010000010010000000001
7;01000010000010010000000001
7;01001000000010010000000001
7;01000001000010010000000001
12;01000001000010010000010000
8;01000010000010010000010000
10;00100010000010010000010000
17;00101000000010010000010000
8;01001000000010010000010000
10;00011000000010010000010000
8;00010100100000001000001000
7;00011000100000001000001000
7;01001000100000001000001000
8;01000001100000001000001000
7;00100001100000001000001000
8;00100001100000001000000001
12;01000001100000001000000001
11;01000010100000001000000001
8;01001000100000001000000001
11;01000100100000001000000001
11;00010100100000001000000001
8;00100100100000001000000001
10;10000100100000001000000001
8;10000100000001001000000001
7;10000001000001001000000001
8;00010001000001001000000001
9;00010001000001001000000100
11;00010100000001001000000100
10;00010100000001001000000001
7;00010010000010000010010000
8;00101000000010000010010000
6;01000100000010000010010000
6;10000100000010000010000010
8;01001000000010000010000010
5;00010010000010000010000010
7;00100001000010000010000010
7;10000001000100000010000010
7;01000010000100000010000010
5;00010010000100000010001000
6;00101000000100000010001000
6;00011000000100100000001000
7;00101000000100100000000001
8;00100001000100100000000001
7;00100001000100100000001000
9;00100100000100100000001000
9;00100100000100100000000001
9;01000100000100100000000001
10;10000100000100100000000001
11;10000100000100000001000001
7;10000001000100000010100000
8;01000001000100000010100000
9;01001000000100000010100000
8;00011000000100000010100000
8;00010001000100000010100000
7;00010001000010000010100000
10;00011000000010000010100000
6;00011000000010000010000010
6;00101000000010000010000010
7;00101000000010000010100000
8;00101000000010100000100000
8;10001000000010100000100000
7;10001000000010000001100000
8;10000010000010000001100000
8;00100010000010000001100000
9;00100001000010000001100000
7;00101000000010000001100000
7;00100100000010000001100000
8;00100100000010001000100000
10;00101000000010001000100000
8;10001000100000000001100000
8;00101000100000000001100000
9;00100100100000000001100000
10;00100100100000001000100000
12;01000100100000001000100000
13;01000001100000001000100000
14;01000010100000001000100000
10;00100010100000001000100000
11;00101000100000001000100000
9;00101000100000001000000010
14;00100100100000001000000010
8;00100010100000001000000010
10;00010010100000001000000010
9;00010100100000001000000010
8;10000100100000001000000010
8;10001000100000001000000010
9;01001000100000001000000010
10;01000010100000001000000010
11;01000001100000001000000010
5;01000001000010000010000010
6;01000010000010000010000010
5;00010010000010000010000010
7;00010010000010001000000010
8;00011000000010001000000010
9;00010001000010001000000010
9;01000001000010001000000010
8;01000100000010001000000010
9;01001000000010001000000010
11;10001000000010001000000010
13;10000001000010001000000010
8;00100001000010001000000010
7;00101000000010001000000010
10;00101000000010001000100000
9;00100001000010001000100000
11;01000001000010001000100000
11;01000010000010001000100000
8;01000010000010000010100000
7;01000001000010000010100000
8;01001000000010000010100000
7;10000001100000000100100000
7;00010001100000000100100000
8;01000001100000000100100000
8;01000010100000000100100000
7;00100010100000000100100000
8;00100100100000000100100000
7;00010100100000000100100000
8;00010010100000000100100000
8;00010010100000000001100000
8;00010100100000000001100000
9;00100100100000000001100000
10;10000100100000000001100000
9;10000100000001000001100000
8;10000010000001000001100000
11;10000010000001100000100000
10;10000010100000100000100000
18;01000010100000100000100000
11;00010010100000100000100000
13;00010100100000100000100000
12;01000100100000100000100000
7;00010100000100000001000001
7;00011000000100000001000001
8;00011000000100000001000100
7;00011000000100000100000100
8;00101000000100000100000100
9;00100010000100000100000100
10;00100100000100000100000100
7;00100001000100000100000100
8;00100001000100000010000100
11;00100100000100000010000100
12;01000100000100000010000100
10;10000100000100000010000100
9;10000010000100000010000100
8;00010010000100000010000100
7;00010001000100000010000100
8;10000001000100000010000100
7;10000001000100000010000010
9;10000100000100000010000010
9;10000100000100010000000010
10;10001000000100010000000010
7;00010100000100001000001000
8;01000100000100001000001000
7;00100100000100001000001000
7;00101000000100001000001000
6;00100010000100001000001000
7;10000010000100001000001000
7;10000001000100001000001000
8;10000100000100001000001000
8;10001000000100001000001000
8;01001000000100001000001000
7;01000001000100001000001000
7;01000010000100001000001000
8;01000010000100001000000010
10;01000001000100001000000010
9;00010001000100001000000010
9;00010001000010001000000010
7;00010010000010001000000010
8;00011000000010001000000010
9;00011000100000001000000010
13;00011000100000001000100000
6;00100010010000000010100000
6;10000010010000001000100000
7;10000100010000001000100000
7;00011000010000001000100000
6;01001000010000001000000010
5;01000010010000001000000010
5;00100100010000001000000010
8;01000100000010001000000010
11;10001000000010001000000010
9;00010001000010001000000010
13;10000001000010001000000100
9;01000100000010001000000100
8;00100010000010001000000100
7;10000010000010000010000100
10;10001000000010000010000100
8;10001000000010100000000100
9;00011000100000100000000100
8;10001000000001100000000100
12;00011000000001100000000100
15;00010100000001100000000100
7;00011000001000100000001000
7;10001000001000100000001000
7;01001000001000100000001000
9;01000001001000100000001000
8;01000100001000100000001000
9;00010100001000100000001000
10;00010010001000100000001000
11;00010010001000100000000010
8;01000010001000100000000010
14;01000100001000100000000010
13;00010100001000100000000010
16;00010100001000100000010000
12;00100100001000100000010000
15;00100100001000100000000010
11;00100001001000100000000010
17;00100001001000100000000100
16;00100100001000100000000100
13;00010100001000100000000100
13;01000100001000100000000100
12;01001000001000100000000100
8;01000010100000000010000001
8;01000100100000000010000001
8;00010100100000000010000001
8;00010010100000000010000001
9;00010010100000001000000001
8;10000010100000001000000001
11;01000010100000001000000001
10;01000010100000001000010000
15;00010010100000001000010000
14;00010010100000000010010000
8;10000010100000000010010000
12;00100010100000000010010000
10;00100100100000000010010000
10;00100001100000000010010000
9;00101000100000000010010000
11;01001000100000000010010000
8;10001000100000000010010000
11;10001000100000100000010000
9;10000100100000100000010000
8;00010100000010100000000100
9;00100100000010100000000100
8;00100100010000100000000100
7;01000100010000100000000100
7;10000100010000100000000100
7;00010100010000100000000100
7;00010001010000100000000100
7;00100001010000100000000100
8;01000001010000100000000100
8;01000001000001100000000100
8;01000010000001100000000100
10;10000010000001100000000100
8;10000001000001100000000100
9;10000100000001100000000100
15;00010100000001100000000100
9;00010010000001100000000100
10;00010010000001100000000001
14;00010010000100100000000001
8;00100010000100100000000001
7;00011000000100000010000001
8;01001000000100000010000001
7;10001000000100000010000001
9;10001000000100100000000001
9;01001000000100100000000001
11;01000001000100100000000001
11;00010001000100100000000001
8;00011000000100100000000001
7;00101000000100100000000001
8;00100010000100100000000001
7;00100010000100100000001000
8;01000010000100100000001000
7;10000010000100100000001000
6;10000100000100100000001000
7;01000100000100100000001000
9;00100100000100100000001000
9;00100100000100100000000001
9;01000100000100100000000001
10;01000010000100100000000001
8;10000001001000000001000001
9;10000001001000000001100000
8;10001000001000000001100000
10;10001000001000100000100000
12;01001000001000100000100000
11;01000010001000100000100000
10;01000010000010100000100000
11;01000001000010100000100000
14;01000001000100100000100000
11;00010001000100100000100000
10;00010001000010100000100000
8;10000001000010100000100000
8;10000001000010100000000001
12;01000001000010100000000001
10;00010001000010100000000001
7;00100001000010100000000001
8;00100001000100100000000001
8;00100010000100100000000001
14;00010010000100100000000001
6;10000010100000000100000001
6;00010001100000000100000001
7;00010100100000000001000001
8;01000100100000000001000001
7;00100100100000000001000001
7;10000100100000000001000001
9;10001000100000100000000001
11;10000100100000100000100000
15;01000001100000100000100000
16;00010001100000100000100000
9;00011000000010100000100000
8;10001000000010100000100000
8;10000001000010100000100000
8;10000001000010100000000001
10;00010001000010100000000001
11;00010001000100100000000001
12;00010100000100100000000001
11;00010100000001100000000001
15;00010100000001100000000100
15;00100100000001100000000100
8;01000010100000000010000001
9;01000010100000000010010000
10;01000010100000001000010000
11;01000010100000001000000001
12;01000001100000001000000001
9;10000001100000001000000001
11;10000001100000001000100000
12;10000010100000001000100000
8;10000010000001001000100000
9;10000100000001001000100000
8;10000100000001001000000001
8;10001000000001001000000001
9;00011000000001001000000001
8;00010001000001001000000001
7;10000001000001001000000001
10;10000001000001001000100000
12;00100001000001001000100000
14;00100100000001001000100000
12;00101000000001001000100000
7;00010100100000000100010000
7;01000100100000000100010000
7;00100100100000000100010000
6;00101000100000000100010000
7;00011000100000000100010000
9;00010001100000000100010000
9;00010001100000000010010000
13;00010100100000000010010000
14;00010010100000000010010000
10;00011000100000000010010000
10;00011000000010000010010000
7;01001000000010000010010000
11;10001000000010000010010000
8;10001000100000000010010000
11;10001000100000100000010000
9;10001000000001100000010000
10;00011000000001100000010000
7;00011000000001000010010000
10;00011000000100000010010000
8;00010100000100000010010000
8;10000100100000010000000010
7;10000100000001010000000010
8;10000100000001010000010000
8;00010100000001010000010000
7;00010100000001000010010000
7;00011000000001000010010000
8;10001000000001000010010000
7;10000010000001000010010000
9;10000010000001001000010000
12;10000010100000001000010000
10;01000010100000001000010000
13;01000100100000001000010000
10;01000100100000001000000010
9;00010100100000001000000010
9;00011000100000001000000010
9;01001000100000001000000010
16;01001000100000001000100000
11;00101000100000001000100000
13;00011000100000001000100000
7;00010010010000100000000100
7;00010100010000100000000100
7;00010001010000100000000100
8;01000001010000100000000100
7;00100001010000100000000100
7;00100010010000100000000100
6;00101000010000100000000100
8;00100100010000100000000100
7;10000100010000100000000100
7;01000100010000100000000100
14;01000100000010100000000100
14;01000010000010100000000100
8;10000010000010100000000100
11;10000010001000100000000100
12;00010010001000100000000100
11;00010001001000100000000100
16;00011000001000100000000100
13;00010100001000100000000100
13;01000100001000100000000100
13;10000100001000100000000100
7;00011000010000010000100000
7;00010100010000010000100000
9;00010100000010010000100000
10;00010010000010010000100000
10;00011000000010010000100000
9;00101000000010010000100000
13;00100100000010010000100000
10;00100010000010010000100000
15;10000010000010010000100000
9;10000010001000010000100000
16;10001000001000010000100000
14;00101000001000010000100000
16;00100100001000010000100000
12;00010100001000010000100000
11;00010010001000010000100000
10;01000010001000010000100000
16;01000001001000010000100000
15;00100001001000010000100000
11;00100001000001010000100000
10;00010001000001010000100000
8;00100100100000000100000100
8;01000100100000000100000100
8;01000001100000000100000100
8;00100001100000000100000100
8;00100010100000000100000100
8;01000010100000000100000100
8;10001000000001001000100000
9;10000100000001001000100000
10;10000001000001001000100000
11;10000001100000001000100000
11;00100001100000001000100000
10;00100100100000001000100000
9;00100100100000000001100000
8;00010100100000000001100000
10;00010001100000000001100000
7;00010001100000000100100000
8;00010001100000000010100000
9;00011000100000000010100000
10;00011000000010000010100000
7;00101000000010000010100000
10;00101000100000000010100000
9;00100001100000000010100000
10;00100100100000000010100000
9;01000100100000000010100000
15;00010100100000000010100000
8;00100010000100100000000001
9;01000100000100100000000001
8;00011000000100100000000001
7;00011000000100000010000001
8;00011000000100000010000100
11;01001000000100000010000100
7;01000001000100000010000100
7;01000001000010000010000100
5;01000001000010000010000010
7;00010001000010000010000010
7;00100001000010000010000010
7;10000001000010000010000010
7;10000001000100000010000010
7;10001000000100000010000010
10;01001000000100000010000010
11;01000100000100000010000010
8;01000100000100000010010000
9;01000001000100000010010000
12;01001000000100000010010000
7;10000100001000010000001000
7;00010100001000010000001000
6;00010010001000010000001000
7;00011000001000010000001000
7;00101000001000010000001000
6;00100010001000010000001000
7;10000010001000010000001000
8;10000001001000010000001000
8;10001000001000010000001000
7;01001000001000010000001000
7;01000001001000010000001000
8;00010001001000010000001000
6;00010100001000000100000001
6;00010001001000000001000001
7;10000010001000000001000001
9;01000100001000000001000001
7;00101000001000000001000001
7;00100010001000001000000001
13;00010001001000001000000001
14;00010001001000001000000100
15;00010001001000001000000010
14;00010001001000001000000100
13;00010001001000001000000001
8;10000001001000001000000001
8;10000010001000001000000001
9;01000010001000001000000001
9;01001000001000001000000001
10;01000001001000001000000001
10;01000100001000001000000001
13;00010100001000001000000001
12;00010100001000001000000100
11;00100100001000001000000100
7;01000010010000001000000100
7;01001000010000001000000100
8;10001000010000001000000100
8;10000100010000001000000100
7;10000001010000001000000100
7;10000010010000001000000100
7;00010100001000000001000001
7;01001000001000000001000001
8;01000010001000010000000001
9;10001000001000010000000001
7;10000100001000000010000001
7;10000010001000000010000001
8;10001000001000000010000001
7;01001000001000000010000001
8;00011000001000000010000001
8;00011000001000100000000001
9;00010010001000100000000001
10;10000010001000100000000001
10;01000010001000100000000001
13;01000100001000100000000001
12;00010100001000100000000001
10;00010001001000100000000001
11;00010001001000100000000100
10;00010001001000100000000010
13;00010100001000100000000010
14;01000100001000100000000010
7;10001000010000001000100000
8;01000001010000001000100000
9;01000001000001001000100000
8;01000001010000001000100000
7;10000001010000001000100000
8;00010001010000001000100000
7;00010010010000001000100000
9;00010100010000001000100000
7;00100100010000001000100000
9;01000100010000001000100000
10;01000100000001001000100000
8;01000010000001001000100000
11;00100010000001001000100000
12;00101000000001001000100000
8;10001000000001001000100000
9;10000100000001001000100000
11;00010100000001001000100000
10;00010001000001001000100000
9;00010010000001001000100000
7;00011000001000010000001000
7;00010100001000010000001000
7;00100001001000010000001000
10;00100001001000010000000001
11;00010001001000010000000001
11;00010010001000010000000001
7;00010010000010010000000001
8;00010010000010010000000100
9;00011000000010010000000100
8;00010001000010010000000100
7;00010001000010010000000001
7;00011000000010010000000001
9;00011000100000010000000001
12;00010001100000010000000001
10;10000001100000010000000001
8;10001000100000010000000001
16;10001000100000010000100000
10;10000100100000010000100000
10;10000001100000010000100000
14;01000001100000010000100000
7;00100100000010000010010000
7;00010100000010000010010000
7;00010010000010000010010000
10;00011000000010000010010000
11;10001000000010000010010000
7;10000100000010000010010000
6;10000100000010000010000010
7;10000001000010000010000010
7;00010001000010000010000010
6;00011000000010000010000010
8;01001000000010000010000010
5;01000001000010000010000010
7;00100001000010000010000010
5;00100100000010000010000010
5;00010100000010000010000010
5;00010010000010000010000010
7;00010010001000000010000010
7;00011000001000000010000010
7;00101000001000000010000010
16;00101000001000100000000010
6;10000100000010000010100000
8;00010010000010000010100000
7;10001000000010000010100000
9;00011000100000000010100000
8;10000100100000000010100000
10;10000100100000010000100000
14;00010010100000010000100000
15;01000010100000000001100000
9;01001000100000000001100000
8;10001000100000000001100000
8;00101000100000000001100000
9;00100100100000000001100000
10;00100001100000000001100000
9;10000001100000000001100000
10;10000100100000000001100000
9;10000010100000000001100000
8;00010010100000000001100000
8;00010100100000000001100000
10;00010001100000000001100000
8;10000010000010100000000100
8;10001000000010100000000100
10;10001000100000100000000100
11;10000100100000100000000100
12;10000010100000100000000100
13;00010010100000100000000100
14;00010010100000100000000001
11;10000010100000100000000001
9;10000010000001100000000001
7;00100010000001100000000001
10;00010010000001100000000001
11;00010100000001100000000001
9;00011000000001100000000001
7;10001000000001100000000001
10;10000100000001100000000001
12;10000100100000100000000001
7;10000100100000000001000001
9;10000100000001000001000001
9;10000100000001000001100000
7;01000010000010000001010000
8;01000010000010010000010000
7;01000010000010010000000001
7;00010010000010010000000001
7;00011000000010010000000001
9;00011000000010010000000100
10;00011000100000010000000100
14;00010010100000010000000100
15;00100010100000010000000100
16;00100100100000010000000100
17;10000100100000010000000100
13;01000100100000010000000100
9;01000100100000000010000100
8;01000001100000000010000100
7;10000001100000000010000100
8;10001000100000000010000100
10;10000100100000000010000100
8;10000010100000000010000100
9;00010010100000000010000100
8;00010010100000000010000001
6;00100001001000000100000100
8;10000001001000000010000100
7;00010001001000000010000010
6;10000001001000000100000010
6;10001000001000000100000010
5;00010010001000000100000010
4;00010010001000000100001000
3;00101000001000000100001000
5;00100001001000000100001000
4;10000100001000000100001000
7;10001000000001010000000001
7;00100010000001010000000001
5;00100100000001010000001000
6;00010010000001010000001000
7;00010001000100010000001000
6;01000001000100010000001000
7;00100100000100010000001000
11;00100010000100010000000001
10;10001000000100010000000001
8;10000100000100000010000001
10;10000100000100000010100000
7;10000001000100000010100000
9;00100001000100000010100000
8;00010001000100000010100000
7;00010001000010000010100000
7;01000001000010000010100000
8;01001000000010000010100000
8;01000010000010000010100000
11;01000010000010001000100000
10;01001000000010001000100000
7;01000001010000010000100000
8;00010001010000010000100000
8;00100001010000010000100000
8;00100010010000010000100000
7;10000010010000010000100000
7;10000001010000010000100000
7;10001000010000010000100000
7;00011000010000010000100000
9;00010010010000010000100000
7;00010100010000010000100000
9;00010100000010010000100000
8;01000100000010010000100000
12;01000010000010010000100000
15;10000010000010010000100000
10;00100010000010010000100000
10;00010010000010010000100000
10;00011000000010010000100000
11;00010001000010010000100000
19;00100001000010010000100000
13;00100100000010010000100000
8;00011000000100010000000010
8;00010001000100010000000010
8;00010100000100010000000010
11;00010100000100010000010000
12;00010001000100010000010000
13;00011000000100010000010000
14;00101000000100010000010000
15;00100010000100010000010000
13;01000010000100010000010000
11;01000100000100010000010000
8;01000100000100000010010000
8;00010100000100000010010000
7;00010100000001000010010000
7;00011000000001000010010000
10;00011000000100000010010000
11;10001000000100000010010000
19;10001000000100100000010000
18;00101000000100100000010000
13;00100001000100100000010000
8;00100010000100010000001000
8;10000010000100010000001000
8;10000010000100010000000010
9;10000100000100010000000010
9;00100100000100010000000010
13;00100100000100010000010000
11;01000100000100010000010000
13;01000010000100010000010000
15;01000010000100000001010000
9;01000010000100000001000001
6;00010010000100000001000001
5;00010010000001000001000001
7;01000010000001000001000001
7;01000010000001000001010000
7;10000010000001000001010000
9;00010010000001000001010000
8;00010010000100000001010000
7;00010001000100000001010000
11;00100001000100000001010000
7;00100001000010000010100000
7;00010001000010000010100000
8;00010010000010000010100000
8;01000010000010000010100000
8;01001000000010000010100000
7;00101000000010000010100000
10;00011000000010000010100000
6;00011000000010000010000010
5;00010100000010000010000010
5;00100100000010000010000010
6;10000100000010000010000010
7;10000100000010000010010000
11;10001000000010000010010000
8;00101000000010000010010000
11;00101000000010100000010000
9;00100010000010100000010000
13;00100001000010100000010000
11;10000001000010100000010000
7;10000100000010100000010000
8;01000010100000000100100000
8;00010010100000000100100000
6;00011000100000000100100000
7;00010001100000000100100000
10;00010001100000000001100000
8;00010100100000000001100000
10;10000100100000000001100000
9;10000001100000000001100000
10;10000001100000000001000001
9;00100001100000000001000001
7;00010001100000000001000001
8;00010001100000000001000100
8;00010010100000000001000100
11;00100010100000000001000100
11;00100010100000001000000100
15;10000010100000001000000100
10;00010010100000001000000100
9;00010010100000001000000001
11;00010100100000001000000001
7;01000001000010000001010000
8;01000001000100000001010000
9;01001000000100000001010000
10;10001000000100000001010000
9;10000001000100000001010000
8;10000001000010000001010000
9;10001000000010000001010000
7;10000010000010000001010000
12;10000010001000000001010000
7;00010010001000000001010000
8;00010100001000000001010000
8;00010001001000000001010000
9;10000001001000000001010000
13;10001000001000000001010000
10;01001000001000000001010000
10;01000010001000000001010000
9;00100010001000000001010000
8;00100100001000000001010000
12;00100001001000000001010000
12;00101000001000000001010000
8;00100010000001001000010000
9;00100010001000001000010000
10;10000010001000001000010000
11;10001000001000001000010000
12;00101000001000001000010000
12;00101000001000000001010000
13;10001000001000000001010000
9;00011000001000000001010000
8;00010001001000000001010000
9;10000001001000000001010000
10;10000001001000100000010000
13;10000100001000100000010000
12;00100100001000100000010000
9;00100100000001100000010000
15;00100001000001100000010000
12;00010001000001100000010000
11;10000001000001100000010000
12;10000001100000100000010000
9;10000100100000100000010000
8;00010010010000100000010000
7;10000010010000100000010000
7;10000001010000100000010000
8;00010001010000100000010000
8;00100001010000100000010000
7;00100100010000100000010000
7;00010100010000100000010000
8;00010100000010100000010000
8;00100100000010100000010000
7;10000100000010100000010000
11;10000010000010100000010000
11;10000001000010100000010000
11;10001000000010100000010000
11;00101000000010100000010000
9;00100010000010100000010000
10;01000010000010100000010000
12;01000001000010100000010000
8;01001000000010100000010000
8;01000100000010100000010000
7;00100001000100100000001000
7;00100010000100100000001000
9;00100010000100100000000010
8;00010010000100100000000010
9;00010100000100100000000010
8;00010100000001100000000010
7;01000100000001100000000010
9;01000100000001100000010000
9;01000100000001100000000001
11;00010100000001100000000001
12;00010100000100100000000001
11;00010100000100100000000100
19;00100100000100100000000100
14;00100010000100100000000100
11;01000010000100100000000100
16;01000001000100100000000100
11;10000001000100100000000100
8;10000001000010100000000100
8;10001000000010100000000100
10;10001000000010000010000100
8;01000100000001010000100000
9;10000100000001010000100000
10;10000100100000010000100000
11;10000100100000010000000001
8;00100100100000010000000001
10;00010100100000010000000001
11;01000100100000010000000001
10;01000010100000010000000001
12;01001000100000010000000001
7;01001000000010010000000001
7;01000001000010010000000001
12;01000001000010010000010000
13;10000001000010010000010000
12;10000001000100010000010000
11;10000010000100010000010000
15;00100010000100010000010000
15;00100001000100010000010000
12;00010001000100010000010000
9;00010001000001010000010000
8;01000100001000100000001000
7;01001000001000100000001000
7;10001000001000100000001000
7;10000001001000100000001000
9;01000001001000100000001000
8;00010001001000100000001000
10;00010010001000100000001000
11;00010010001000100000000010
10;00100010001000100000000010
9;10000010001000100000000010
10;10000001001000100000000010
8;10001000001000100000000010
9;01001000001000100000000010
9;00011000001000100000000010
13;00011000001000100000100000
14;00010100001000100000100000
12;00010010001000100000100000
11;01000010001000100000100000
12;01000100001000100000100000
7;10000010000001000001010000
7;00100100000001000001010000
9;00101000000001001000010000
9;10001000000001001000010000
7;10000010000001000010010000
7;10000100000001000010010000
8;10000100000001010000010000
11;10000001000001010000010000
10;10000010000001010000010000
12;10000010100000010000010000
11;01000010100000010000010000
14;00010010100000010000010000
12;00010001100000010000010000
10;00010100100000010000010000
9;10000100100000010000010000
10;10001000100000010000010000
11;00011000100000010000010000
13;00101000100000010000010000
14;00100010100000010000010000
13;00100001100000010000010000
8;10000001000010001000100000
9;00100001000010001000100000
9;00010001000010001000100000
11;01000001000010001000100000
12;01000001000100001000100000
13;01001000000100001000100000
11;00011000000100001000100000
15;00010001000100001000100000
12;00010100000100001000100000
11;00010100000001001000100000
10;01000100000001001000100000
9;10000100000001001000100000
10;10000001000001001000100000
9;01000001000001001000100000
10;00010001000001001000100000
11;00011000000001001000100000
9;00010010000001001000100000
10;00010010000100001000100000
13;00100010000100001000100000
7;01000010000001000001010000
7;01000010000001000001000001
7;01000100000001000001000001
8;01001000000001000001000001
8;10001000000001000001000001
6;00011000000001000001000001
8;00010100000001000001000001
6;00010001000001000001000001
6;10000001000001000001000001
7;10000001000001100000000001
7;01000001000001100000000001
8;00010001000001100000000001
11;00010001000001100000000100
15;00010100000001100000000100
9;00010010000001100000000100
10;00010010000001100000000001
7;01000010000001100000000001
9;01000100000001100000000001
9;01000100000001100000010000
16;01000001000001100000010000
8;01000010010000100000000100
7;10000100010000100000000100
6;00101000010000100000000100
5;00011000010000000010000100
5;01000100010000000010000100
7;00100100010000010000000100
8;00101000010000010000000100
8;01001000000001010000000100
9;00011000000001010000000100
8;00010001000001010000000100
9;00010010000001010000000100
8;01000010000001010000000100
10;10000010000001010000000100
10;10000010100000010000000100
9;10000001100000010000000100
17;10000100100000010000000100
13;10001000100000010000000100
15;00101000100000010000000100
12;01001000100000010000000100
8;01000010000001001000100000
9;00010010000001001000100000
10;00010010000100001000100000
11;00011000000100001000100000
12;10001000000100001000100000
13;10000100000100001000100000
12;00010100000100001000100000
15;01000100000100001000100000
15;01000010000100001000100000
13;00100010000100001000100000
11;00100010000100000010100000
9;00100001000100000010100000
8;00010001000100000010100000
8;00011000000100000010100000
22;00011000000100100000100000
14;00010010000100100000100000
18;00010100000100100000100000
14;00010100000001100000100000
9;00100100000001100000100000
8;00010010000001001000000100
9;00010001000001001000000100
10;00010001000100001000000100
11;00011000000100001000000100
12;10001000000100001000000100
13;00101000000100001000000100
13;00100001000100001000000100
9;00100001000100000001000100
11;00100001000100000001000010
9;00100100000100000001000010
12;00101000000100000001000010
7;10001000000100000001000010
9;10000100000100000001000010
13;10000100000100100000000010
10;01000100000100100000000010
12;00100100000100100000000010
9;00101000000100100000000010
9;00011000000100100000000010
22;00011000000100100000100000
7;00010100000010010000000010
8;00010100000010010000010000
6;01000100000010000010010000
7;01001000000010000010010000
7;00010010000010000010010000
7;10000001000010000010010000
5;00010001000010000100010000
5;10000100000010000100010000
5;01000100000010000100000010
4;00100001000010000100000010
6;10000010000010000100000010
6;00011000000010000100000010
5;00101000100000000100000010
6;00011000100000000100100000
8;01000010100000000100100000
8;01000001100000000100100000
10;00010001100000000001100000
8;00010010100000000001100000
15;01000010100000000001100000
7;10000001100000000010000100
8;10001000100000000010000100
9;00101000100000000010000100
9;00100001100000000010000100
8;00010001100000000010000100
11;00011000100000000010000100
13;00010100100000000010000100
10;10000100100000000010000100
11;00100100100000000010000100
16;00100100100000010000000100
15;00100010100000010000000100
15;00101000100000010000000100
10;00011000100000010000000100
12;01001000100000010000000100
13;01000010100000010000000100
10;01000010100000000001000100
9;01000001100000000001000100
8;01000001100000000001000010
8;00100001100000000001000010
9;00100001100000001000000010
7;01001000010000001000010000
8;10001000010000001000010000
8;10000001010000001000010000
6;10000100010000001000010000
7;10000100000010001000010000
9;10000010000010001000010000
11;10001000000010001000010000
11;00101000000010001000010000
14;00101000100000001000010000
16;00100001100000001000010000
11;10000001100000001000010000
18;00010001100000001000010000
14;01000001100000001000010000
12;01000001100000001000000001
9;10000001100000001000000001
8;10000010100000001000000001
8;10001000100000001000000001
9;10001000100000001000100000
11;10001000000010001000100000
10;00101000000010001000100000
7;10000001100000001000001000
7;00011000100000001000001000
7;01001000100000001000001000
10;01000010100000001000000010
10;00010010100000001000000010
9;00011000100000001000000010
8;10001000100000001000000010
8;10000100100000001000000010
14;00100100100000001000000010
9;00101000100000001000000010
8;00100010100000001000000010
9;00100001100000001000000010
8;00100001100000000001000010
8;01000001100000000001000010
12;01000001100000010000000010
17;00100001100000010000000010
11;00010001100000010000000010
12;00010100100000010000000010
9;00010100100000000010000010
8;00100100100000000010000010
8;01000001000001010000010000
9;00100001000001010000010000
9;00101000000001010000010000
8;10001000000001010000010000
8;10000100000001010000010000
7;10000100000001010000000010
8;00100100000001010000000010
7;00010100000001010000000010
7;00011000000001010000000010
7;00101000000001010000000010
9;10001000000001010000000010
11;10001000000001010000100000
16;10001000100000010000100000
16;00011000100000010000100000
10;00011000000010010000100000
9;00010100000010010000100000
11;00010001000010010000100000
12;00010001000100010000100000
14;00011000000100010000100000
8;00010100000001010000010000
9;00010001000001010000010000
9;00100001000001010000010000
8;01000001000001010000010000
7;01000001000001010000000001
8;10000001000001010000000001
7;10001000000001010000000001
8;10001000100000010000000001
16;10001000100000010000100000
10;10000001100000010000100000
10;10000001100000010000000001
9;00100001100000010000000001
11;00101000100000010000000001
9;00011000100000010000000001
12;01001000100000010000000001
10;01000010100000010000000001
9;00100010100000010000000001
11;00010010100000010000000001
10;00010100100000010000000001
7;00010100000100100000001000
7;00010001000100100000001000
6;00100001000010100000001000
5;00010100000010100000001000
5;10001000000010100000001000
6;00010010000010100000001000
6;10000010000010100000000010
9;00010001000010100000000010
7;00010100000010100000000010
5;10000100010000100000000010
6;00011000010000100000000010
7;01001000010000100000100000
8;00010100010000100000100000
8;00100001010000100000100000
16;01000001000001100000100000
15;00100001000001100000100000
14;00100001001000100000100000
14;00100100001000100000100000
14;00010100001000100000100000
11;10000100001000100000100000
8;01000010001000000010000100
7;00010001001000000010000100
7;00010001001000000010000010
7;00011000001000000010000010
6;00100010001000000010000010
5;00100010001000000010001000
4;00100001001000000010001000
5;00101000001000000010001000
5;00100100001000000010001000
7;00010100001000010000001000
8;10000001001000010000001000
7;00101000001000010000001000
6;01000010001000010000001000
5;01000010000010010000001000
6;10001000000010010000001000
6;10000001000010010000001000
6;01000001000100010000001000
6;00010100000100010000001000
8;00100010000100010000001000
8;10000010100000001000000001
7;10001000000010001000000001
8;10000010000010001000000001
8;10000010001000001000000001
12;10000100001000001000000001
13;00010100001000001000000001
10;01000100001000001000000001
9;01000010001000001000000001
9;01001000001000001000000001
10;10001000001000001000000001
7;00101000001000001000000001
19;00100001001000001000000001
8;10000001001000001000000001
13;00010001001000001000000001
8;00010010001000001000000001
13;00010010001000001000000100
12;01000010001000001000000100
16;01000010000010001000000100
9;01000100000010001000000100
6;10000100000001100000001000
6;10000010100000100000001000
7;00100100100000100000001000
7;00010001100000100000001000
8;00010010100000100000000010
9;00100010100000100000000010
13;00101000100000100000000010
14;00101000100000100000100000
12;00011000100000100000100000
15;10001000100000100000100000
13;10000001100000100000100000
11;10000100100000100000100000
10;10000010100000100000100000
11;10000010100000100000000001
9;10001000100000100000000001
12;10000100100000100000000001
14;01000100100000100000000001
12;00010100100000100000000001
10;00010001100000100000000001
11;00011000100000100000000001
7;00011000010000001000000100
6;00010100010000001000000100
7;00010100000010001000000100
8;00010001000010001000000100
9;00010001000010001000000010
9;00010001000100001000000010
8;00011000000100001000000010
9;00101000000100001000000010
11;10001000000100001000000010
10;10000001000100001000000010
7;10000010000100001000000010
8;01000010000100001000000010
13;01001000000100001000000010
10;01000001000100001000000010
19;01000001000100001000000100
16;01001000000100001000000100
11;01000010000100001000000100
18;10000010000100001000000100
15;10000100000100001000000100
14;01000100000100001000000100
7;01001000000010010000000001
8;01001000000010010000010000
7;01001000000010000001010000
9;10001000000010000001010000
7;10000010000010000001010000
8;10000001000010000001010000
7;01000001000010000001010000
12;01000001000010010000010000
13;10000001000010010000010000
12;10000001000100010000010000
11;10000010000100010000010000
15;00100010000100010000010000
11;00010010000100010000010000
13;01000010000100010000010000
11;01000100000100010000010000
12;01001000000100010000010000
13;00011000000100010000010000
14;00101000000100010000010000
13;10001000000100010000010000
10;10000100000100010000010000
6;10001000001000000100100000
7;10000001001000000100100000
9;01000001001000000100100000
8;00010001001000000100100000
9;00010001001000000001100000
9;00100001001000000001100000
9;00100100001000000001100000
11;01000100001000000001100000
10;00010100001000000001100000
8;00010100001000000100100000
6;10000100001000000100100000
8;01000100001000000100100000
7;00100100001000000100100000
7;00100001001000000100100000
7;00100010001000000100100000
7;00010010001000000100100000
11;00010010001000000001100000
13;10000010001000000001100000
9;10000001001000000001100000
10;10000001001000100000100000
7;01000001000010000010100000
8;01001000000010000010100000
7;00101000000010000010100000
7;00100001000010000010100000
7;00010001000010000010100000
8;00010010000010000010100000
10;00010010000010001000100000
15;00010010001000001000100000
12;01000010001000001000100000
14;01000010001000000010100000
17;01001000001000000010100000
13;01000001001000000010100000
15;00100001001000000010100000
11;00101000001000000010100000
10;00100010001000000010100000
10;00100010000001000010100000
8;00010010000001000010100000
12;00010010000100000010100000
8;00010001000100000010100000
7;00010001100000000010000010
8;00011000100000000010000010
9;00011000100000100000000010
8;00010010100000100000000010
9;00100010100000100000000010
12;00100100100000100000000010
13;00101000100000100000000010
14;00101000100000100000100000
15;10001000100000100000100000
8;10001000100000000010100000
8;10000100100000000010100000
8;10000010100000000010100000
12;10000010100000001000100000
8;10000010100000001000000001
8;10001000100000001000000001
8;00011000100000001000000001
7;00101000100000001000000001
9;00100010100000001000000001
9;00010010100000001000000001
8;00010010100000000010000001
6;00010100001000000100010000
8;00010100001000000001010000
9;00011000001000000001010000
8;00011000001000000100010000
8;10001000001000000100010000
8;10000001001000000100010000
7;00010001001000000100010000
8;00010001001000000001010000
12;00100001001000000001010000
11;01000001001000000001010000
9;10000001001000000001010000
10;10000001001000100000010000
13;00010001001000100000010000
13;00011000001000100000010000
14;00010010001000100000010000
9;00010010000010100000010000
8;00010100000010100000010000
8;00100100000010100000010000
7;00100100010000100000010000
7;00010100010000100000010000
7;00010100000010001000000100
6;00010100010000001000000100
7;00100100010000001000000100
8;10000100010000001000000100
7;01000100010000001000000100
7;01001000010000001000000100
8;01001000000001001000000100
14;00011000000001001000000100
15;10001000000001001000000100
15;10000100000001001000000100
11;00010100000001001000000100
9;01000100000001001000000100
13;00100100000001001000000100
9;00101000000001001000000100
7;00101000000001000001000100
9;10001000000001000001000100
9;10000001000001000001000100
7;00100001000001000001000100
8;00100001000001001000000100
11;00100010000001001000000100
7;00100001000010000010100000
7;00010001000010000010100000
8;00010010000010000010100000
9;00100010000010000010100000
11;00100010000010001000100000
10;00010010000010001000100000
11;01000010000010001000100000
8;01000010000010000010100000
8;01001000000010000010100000
7;00101000000010000010100000
6;00101000000010000010000010
8;00101000000010100000000010
7;10001000000010100000000010
8;10001000000010100000100000
7;10001000000010100000000001
7;10000010000010100000000001
8;10000010000010100000100000
8;10000010000010000001100000
13;10000010001000000001100000
15;01000010001000000001100000
7;01000100010000001000000100
6;00010001010000001000000100
7;00100010010000001000000100
6;01000010010000000010000100
5;00010100010000000010000100
7;00100100010000010000000100
8;01000100000001010000000100
8;10000100000001010000000100
10;10000010000001010000000100
9;00010010000001010000000100
10;00100010000001010000000100
11;00100010001000010000000100
10;00100100001000010000000100
16;10000100001000010000000100
17;10000001001000010000000100
15;10000010001000010000000100
11;01000010001000010000000100
14;00010010001000010000000100
11;00011000001000010000000100
24;10001000001000010000000100
8;00101000010000010000010000
9;10001000010000010000010000
7;10000010010000010000010000
11;00010010010000010000010000
8;00010001010000010000010000
7;00011000010000010000010000
7;10001000000100000100010000
7;00010010000100000100010000
7;00010001000100000100010000
7;01000100000100000100010000
6;00100100000100000100000010
4;00010010000100000100000010
5;00100001000100000100000010
6;01000001000010000100000010
6;00101000000010000100000010
5;01000100000010000100000010
5;10000100010000000100000010
3;00100100010000000100010000
4;01000100000010000100010000
6;00100001000010000100010000
6;00010001000010000010010000
7;00100100000010000010010000
13;00100010000010000010010000
11;10001000000010000010010000
8;01001000000010100000010000
13;00100001000010100000010000
7;00100010001000001000000010
6;10000010000010001000000010
9;10000100000010001000000010
9;01001000000010001000000010
11;10001000000010001000100000
7;10001000000010001000000001
10;00011000000010001000000001
10;00011000000010001000000100
7;00010100000010001000000100
8;00010001000010001000000100
10;00010001000100001000000100
18;10000001000100001000000100
19;01000001000100001000000100
16;01001000000100001000000100
13;00101000000100001000000100
17;00100100000100001000000100
11;00100100000100000001000100
12;00101000000100000001000100
12;00100010000100000001000100
14;00100010000100001000000100
7;01000010100000000100010000
7;01000001100000000100010000
9;00010001100000000010010000
11;01001000100000000010010000
12;01001000100000100000010000
10;10001000100000000001010000
13;10000010100000000001010000
12;10000010100000100000010000
12;10000001100000100000010000
15;00100001100000100000010000
13;01000001100000100000010000
13;00010001100000100000010000
15;00010100100000100000010000
11;00011000100000100000010000
12;00101000100000100000010000
9;00101000100000000010010000
10;00100100100000000010010000
13;00010100100000000010010000
9;00010001100000000010010000
8;00101000100000000010000010
8;00100100100000000010000010
10;00100100100000000010010000
9;00101000100000000010010000
8;10001000100000000010010000
12;10000100100000000010010000
8;10000010100000000010010000
12;00100010100000000010010000
10;00100001100000000010010000
8;00100001100000000100010000
6;00101000100000000100010000
7;00100010100000000100010000
7;00100100100000000100010000
7;00010100100000000100010000
7;00011000100000000100010000
10;00011000100000000001010000
10;00010001100000000001010000
8;00010100100000000001010000
9;00100100100000000001010000
6;00010100010000001000000100
7;00100100010000001000000100
7;01000100010000001000000100
7;01000010010000001000000100
7;01000001010000001000000100
7;01001000010000001000000100
8;01001000000001001000000100
9;01000100000001001000000100
11;00010100000001001000000100
12;00010100000100001000000100
15;10000100000100001000000100
18;10000001000100001000000100
19;01000001000100001000000100
11;01000010000100001000000100
18;10000010000100001000000100
14;00010010000100001000000100
8;00010010000001001000000100
12;10000010000001001000000100
13;10000001000001001000000100
15;10000100000001001000000100
8;01000100001000100000001000
9;00010100001000100000001000
10;00010010001000100000001000
7;00011000001000100000001000
8;00010001001000100000001000
7;00100001001000100000001000
7;00100100001000100000001000
8;00100100001000100000000001
7;00101000001000100000000001
9;10001000001000100000000001
10;10000010001000100000000001
9;00010010001000100000000001
12;00010010001000100000000100
16;00011000001000100000000100
10;00011000001000000010000100
8;00010010001000000010000100
9;10000010001000000010000100
8;10000001001000000010000100
7;00100001001000000010000100
7;00100001000010000001000100
7;10000001000010000001000100
8;10001000000010000001000100
7;01001000000010000001000100
7;01000001000010000001000100
10;01000001000010010000000100
9;01000001000100010000000100
8;01000001000100010000000010
10;10000001000100010000000010
15;10000001000100010000000100
16;10001000000100010000000100
13;10000100000100010000000100
12;00100100000100010000000100
9;00010100000100010000000100
8;00010100000100010000000001
12;00010010000100010000000001
10;00011000000100010000000001
10;00010001000100010000000001
7;00010001000010010000000001
7;00010010000010010000000001
6;10000100010000001000010000
8;10001000010000001000010000
8;10000001010000001000010000
8;00010001010000001000010000
7;00010010010000001000010000
7;00010100010000001000010000
8;00010100000010001000010000
7;10000100000010001000010000
9;10000010000010001000010000
8;10000010000010000010010000
13;00100010000010000010010000
8;00101000000010000010010000
11;00101000000010100000010000
10;00011000000010100000010000
9;00010010000010100000010000
14;00010010001000100000010000
13;00011000001000100000010000
16;00010100001000100000010000
13;10000100001000100000010000
8;10000100001000100000000010
5;01000001000010010000001000
5;01000010000010010000001000
5;00100100000010010000001000
3;00010100000010000010001000
7;10000010000010000010001000
6;00010010000010001000001000
6;00100010001000001000001000
9;10000001001000001000001000
7;00100100001000001000001000
7;00101000001000001000001000
7;00101000001000001000000001
7;00101000001000000001000001
7;00101000000001000001000001
8;01001000000001000001000001
7;01000010000001000001000001
5;01000001000001000001000001
6;00010001000001000001000001
6;10000001000001000001000001
6;10000010000001000001000001
8;10000010100000000001000001
7;00100001000100000010000010
8;00100100000100000010000010
9;10000100000100000010000010
7;10000001000100000010000010
7;10000001000010000010000010
5;01000001000010000010000010
8;01001000000010000010000010
6;00011000000010000010000010
8;00011000000010100000000010
9;00011000100000100000000010
11;01001000100000100000000010
15;10001000100000100000000010
13;10000100100000100000000010
12;00100100100000100000000010
15;01000100100000100000000010
14;00010100100000100000000010
15;00010100100000100000010000
13;00010001100000100000010000
13;01000001100000100000010000
15;01000010100000100000010000
8;01000001100000001000001000
8;00010001100000001000001000
8;00010100100000001000001000
7;00011000100000001000001000
7;01001000100000001000001000
9;01000100100000001000001000
5;10001000010000000100010000
8;10000010000010000010000010
5;00010010000010000010000010
5;00010100000010000010000010
6;10000100000010000010000010
7;10000100000010000010010000
7;00100100000010000010010000
7;00010100000010000010010000
6;00010001000010000010010000
7;00010010000010000010010000
10;01000010000010000010010000
8;10000010000010000010010000
11;10001000000010000010010000
11;10001000000010100000010000
7;10000100000010100000010000
11;10000010000010100000010000
9;00100010000010100000010000
11;00101000000010100000010000
8;00101000000010000010010000
13;00100010000010000010010000
7;10000001001000000100100000
8;00010001001000000100100000
9;01000001001000000100100000
7;01000010001000000100100000
7;00100010001000000100100000
7;00100100001000000100100000
6;10000100001000000100100000
8;00010100001000000100100000
7;00010010001000000100100000
11;00010010001000000001100000
15;01000010001000000001100000
10;01000010001000010000100000
11;00010010001000010000100000
12;00010100001000010000100000
13;01000100001000010000100000
16;00100100001000010000100000
14;00101000001000010000100000
16;01001000001000010000100000
11;00011000001000010000100000
10;00011000001000010000000010
8;00100100100000000001000010
8;01000100100000000001000010
8;01000001100000000001000010
9;01000001100000000001000100
10;01000010100000000001000100
13;01000010100000010000000100
14;00010010100000010000000100
10;00011000100000010000000100
15;00101000100000010000000100
12;01001000100000010000000100
13;10001000100000010000000100
9;10001000000001010000000100
9;00011000000001010000000100
10;00011000000001010000000001
10;00011000000100010000000001
9;00101000000100010000000001
12;01001000000100010000000001
9;01000100000100010000000001
10;01000100000100000001000001
8;10000100000001001000000001
7;10000001000001001000000001
9;10000001100000001000000001
8;10000010100000001000000001
10;10000100100000001000000001
11;01000100100000001000000001
13;01000100100000001000010000
13;01001000100000001000010000
10;10001000100000001000010000
14;00011000100000001000010000
18;00010001100000001000010000
14;01000001100000001000010000
16;00100001100000001000010000
12;00100010100000001000010000
12;00100010100000000010010000
10;00100001100000000010010000
10;00100100100000000010010000
12;10000100100000000010010000
7;10000100000001000010010000
7;01000001010000001000000100
7;01000001000001001000000100
8;00100001000001001000000100
9;00101000000001001000000100
11;00100010000001001000000100
11;00100010001000001000000100
13;00010010001000001000000100
14;00010001001000001000000100
12;00010100001000001000000100
11;00100100001000001000000100
11;01000100001000001000000100
13;10000100001000001000000100
16;10000010001000001000000100
9;10000010001000000010000100
9;10001000001000000010000100
10;00011000001000000010000100
10;00101000001000000010000100
11;01001000001000000010000100
13;01000100001000000010000100
16;10000100001000000010000100
5;00011000001000000001001000
4;00010010001000000100001000
5;00100001001000000100001000
5;00100100001000000100000001
6;10000001001000000100000001
5;01000010001000000100000001
7;01000001001000000100010000
8;10000001001000000100010000
6;00100100001000000100010000
6;00100001000001000100010000
6;00010010000001000100010000
5;01001000000001000100010000
5;10000100000001000100010000
6;10000100100000000100010000
7;00011000100000000100010000
8;00010100100000000001010000
9;00100100100000000001010000
8;00100100100000000001000010
14;00100100100000001000000010
8;00100010100000001000000010
7;01000001000001001000000100
7;01000001010000001000000100
7;01000010010000001000000100
7;10000010010000001000000100
8;10000100010000001000000100
7;10000001010000001000000100
8;10001000010000001000000100
7;01001000010000001000000100
8;01001000000001001000000100
9;01000100000001001000000100
13;00100100000001001000000100
11;00100010000001001000000100
11;00100010001000001000000100
8;00100010001000000001000100
9;00101000001000000001000100
8;00100001001000000001000100
7;00100001000001000001000100
7;00101000000001000001000100
8;00100100000001000001000100
8;10000100000001000001000100
8;10000010000001000001100000
9;10000100000001000001100000
10;10000100100000000001100000
7;10000100100000000001000001
7;00010100100000000001000001
8;01000100100000000001000001
8;01000001100000000001000001
9;01000010100000000001000001
8;10000010100000000001000001
6;10000010000001000001000001
6;10000001000001000001000001
9;10000100000001000001000001
10;10000100000001100000000001
7;10001000000001100000000001
7;10000001000001100000000001
14;10000001000001100000100000
11;10000010000001100000100000
10;10000010100000100000100000
11;10000010100000100000000001
7;10000001100000000100100000
8;01000001100000000100100000
8;01000010100000000100100000
7;00100010100000000100100000
8;00010010100000000100100000
6;00011000100000000100100000
7;00010001100000000100100000
10;00010001100000000001100000
15;01000001100000000001100000
10;00100001100000000001100000
9;00100010100000000001100000
10;00100010100000001000100000
14;00010010100000001000100000
13;00011000100000001000100000
16;01001000100000001000100000
9;10001000100000001000100000
11;10000001100000001000100000
9;10000001100000001000000001
12;01000001100000001000000001
11;01000010100000001000000001
7;10001000000010000001100000
7;00101000000010000001100000
8;00101000100000000001100000
9;00100010100000000001100000
8;00010010100000000001100000
8;00010010100000000100100000
7;00100010100000000100100000
8;01000010100000000100100000
8;01000001100000000100100000
7;00010001100000000100100000
7;00010100100000000100100000
7;10000100100000000100100000
7;10000001100000000100100000
10;00100001100000000100100000
9;00100001100000000010100000
10;00100010100000000010100000
11;01000010100000000010100000
13;00010010100000000010100000
9;00011000100000000010100000
8;00011000100000000010000010
7;01000001000010000001000100
7;00100001000010000001000100
9;00100001000100000001000100
10;01000001000100000001000100
9;01000001000100010000000100
11;00010001000100010000000100
8;00010001000001010000000100
9;00011000000001010000000100
8;00010100000001010000000100
8;01000100000001010000000100
7;01000100000001000001000100
8;00100100000001000001000100
7;00101000000001000001000100
9;00101000000001001000000100
15;10001000000001001000000100
14;00011000000001001000000100
8;01001000000001001000000100
9;01000100000001001000000100
7;01000100010000001000000100
7;01001000010000001000000100
7;00010100000100000001000001
8;00100100000100000001000001
9;00101000000100000001000001
7;00100010000100000001000001
6;00010010000100000001000001
5;00010010000001000001000001
6;00010001000001000001000001
5;00100001000001000001000001
7;00101000000001000001000001
8;10001000000001000001000001
9;10000100000001000001000001
6;10000001000001000001000001
10;10000001100000000001000001
7;10000100100000000001000001
12;10000100100000100000000001
11;10000010100000100000000001
8;10000010100000000001000001
9;01000010100000000001000001
8;01000001100000000001000001
8;01000100100000000001000001
7;10001000000001100000000001
8;10001000000001100000100000
7;10001000000001100000000010
7;10000001000001100000000010
11;00010001000001100000000010
10;00010001000100100000000010
9;00010001000010100000000010
8;00100001000010100000000010
10;00100001000010100000000100
9;00010001000010100000000100
10;00010001000100100000000100
11;00010100000100100000000100
12;01000100000100100000000100
16;01000001000100100000000100
15;00100001000100100000000100
13;00100001000100100000000010
9;01000001000100100000000010
12;01001000000100100000000010
9;00101000000100100000000010
8;10001000000100100000000010
5;01000001010000000001000100
5;00100001010000000001000100
6;00101000010000001000000100
7;00100100000010001000000100
7;00100100010000001000000100
6;00101000010000001000000100
7;00011000010000001000000100
6;00010100010000001000000100
7;01000100010000001000000100
7;01000001010000001000000100
7;01001000010000001000000100
8;01001000000001001000000100
9;00101000000001001000000100
10;00101000001000001000000100
9;00101000001000000001000100
8;00100010001000000001000100
11;01000010001000000001000100
12;01000100001000000001000100
11;01001000001000000001000100
8;00011000001000000001000100
7;00011000100000000100010000
8;00010010100000000100010000
8;00010010100000000001010000
10;00100010100000000001010000
11;00101000100000000001010000
11;01001000100000000001010000
7;01001000000010000001010000
9;10001000000010000001010000
11;10001000000010100000010000
8;01001000000010100000010000
11;00101000000010100000010000
9;00100010000010100000010000
9;00010010000010100000010000
10;01000010000010100000010000
8;01000100000010100000010000
8;00010100000010100000010000
7;00010100010000100000010000
8;00010010010000100000010000
7;10000010010000100000010000
8;00100010010000100000010000
5;00100100000010000010000010
5;00010100000010000010000010
6;10000100000010000010000010
7;10000001000010000010000010
7;00100001000010000010000010
7;00010001000010000010000010
6;00011000000010000010000010
6;00101000000010000010000010
8;00101000000010100000000010
8;00011000000010100000000010
7;00010010000010100000000010
7;00010100000010100000000010
7;00100100000010100000000010
8;00100100000010100000010000
7;00100100010000100000010000
7;00010100010000100000010000
8;00010001010000100000010000
8;00100001010000100000010000
7;10000001010000100000010000
6;01001000100000100000001000
7;10000001100000100000001000
6;10000010000001100000001000
6;00100001000001100000001000
7;00100100001000100000001000
8;00100001001000100000000001
14;01000001001000100000000001
11;01000001001000100000010000
16;00010100001000100000010000
13;00010100001000100000000010
15;00100100001000100000000010
14;01000100001000100000000010
9;01001000001000100000000010
16;00101000001000100000000010
8;10001000001000100000000010
10;10001000001000100000100000
12;00101000001000100000100000
14;00100001001000100000100000
14;00100100001000100000100000
8;10000100000010010000010000
7;10000100000010000010010000
7;00010100000010000010010000
10;00011000000010000010010000
10;00011000100000000010010000
9;00101000100000000010010000
11;01001000100000000010010000
9;01000010100000000010010000
10;01000010100000001000010000
12;00100010100000001000010000
12;00100010100000000010010000
8;10000010100000000010010000
14;00010010100000000010010000
9;00010001100000000010010000
13;00010100100000000010010000
9;00010100100000000010000010
7;00010001100000000010000010
7;00100001100000000010000010
9;00100001100000000010000100
7;00101000010000100000100000
8;00100100010000100000100000
8;00100010010000100000100000
7;10000010010000100000100000
6;10000100010000100000100000
7;10000100000010100000100000
12;01000100000010100000100000
10;00010100000010100000100000
9;00011000000010100000100000
8;00101000000010100000100000
10;01001000000010100000100000
10;01000010000010100000100000
9;00100010000010100000100000
10;00100001000010100000100000
10;00100001000100100000100000
12;00100100000100100000100000
18;00010100000100100000100000
14;00010010000100100000100000
11;00100010000100100000100000
7;10000010001000010000001000
8;10001000001000010000001000
8;10000001001000010000001000
8;00010001001000010000001000
7;00010100001000010000001000
6;00010010001000010000001000
6;00100010001000010000001000
7;00101000001000010000001000
10;00101000001000010000000001
10;00011000001000010000000001
11;00010010001000010000000001
7;00010010000010010000000001
7;00011000000010010000000001
9;00011000000010010000000100
9;01001000000010010000000100
10;00101000000010010000000100
11;00100010000010010000000100
11;00100010001000010000000100
10;00100010000001010000000100
10;10000010000001010000000100
5;00100100000010000010000010
6;00101000000010000010000010
7;00101000000010000010100000
8;00101000000010100000100000
9;00100010000010100000100000
10;01000010000010100000100000
11;01000010001000100000100000
12;00010010001000100000100000
11;10000010001000100000100000
10;10000001001000100000100000
9;10000001001000000001100000
10;01000001001000000001100000
9;00100001001000000001100000
9;00010001001000000001100000
8;00010001001000000100100000
12;00010001001000000010100000
20;00010010001000000010100000
15;00010010001000001000100000
18;10000010001000001000100000
9;10000010000010001000100000
11;10001000000010001000100000
10;00011000000010001000100000
8;00010100000010010000010000
7;00010100000010000010010000
7;10000100000010000010010000
8;10000010000010000010010000
10;01000010000010000010010000
13;00100010000010000010010000
8;00100010000010001000010000
9;00100010001000001000010000
12;01000010001000001000010000
11;01000001001000001000010000
15;01000100001000001000010000
12;00100100001000001000010000
16;00100100001000001000000010
18;00010100001000001000000010
14;01000100001000001000000010
9;01000010001000001000000010
7;01000010001000000010000010
6;10000010001000000010000010
8;10000010000010000010000010
7;00010001001000000001000100
8;00011000001000000001000100
9;00101000001000000001000100
9;10001000001000000001000100
8;10000001001000000001000100
9;10000100001000000001000100
13;10000100001000100000000100
13;00010100001000100000000100
13;01000100001000100000000100
13;01000010001000100000000100
12;01001000001000100000000100
12;01000001001000100000000100
14;10000001001000100000000100
11;10000010001000100000000100
8;10000010000010100000000100
8;10000001000010100000000100
11;10000001000100100000000100
10;10000100000100100000000100
9;10000100000100000001000100
8;00010100000100000001000100
6;10000100000010000010000010
7;10000001000010000010000010
8;10001000000010000010000010
8;10000010000010000010000010
6;10000010001000000010000010
7;01000010001000000010000010
7;00010010001000000010000010
9;00010100001000000010000010
9;00010100001000000010010000
9;01000100001000000010010000
8;01000010001000000010010000
11;01001000001000000010010000
7;01001000001000000010000001
8;10001000001000000010000001
13;10001000001000000010100000
10;10000100001000000010100000
11;00010100001000000010100000
23;00011000001000000010100000
20;00010010001000000010100000
10;00100010001000000010100000
15;00100001001000000010100000
8;00010001010000100000010000
8;00010010010000100000010000
7;10000010010000100000010000
7;10000001010000100000010000
8;00100001010000100000010000
7;00100100010000100000010000
8;00100010010000100000010000
7;01001000000010000001000100
8;10001000000010000001000100
7;10000001000010000001000100
7;00100001000010000001000100
9;00100001000100000001000100
12;00100010000100000001000100
10;01000010000100000001000100
8;01000100000100000001000100
8;00010100000100000001000100
11;00100100000100000001000100
17;00100100000100001000000100
12;00010100000100001000000100
14;01000100000100001000000100
19;01000001000100001000000100
13;00100001000100001000000100
13;00101000000100001000000100
12;10001000000100001000000100
18;10000010000100001000000100
18;10000001000100001000000100
15;10000100000100001000000100
7;10001000000001100000000010
8;00101000000001100000000010
7;00100010000001100000000010
10;00100010001000100000000010
9;10000010001000100000000010
8;01000010001000100000000010
11;00010010001000100000000010
13;00010100001000100000000010
14;01000100001000100000000010
15;00100100001000100000000010
12;00100100001000100000010000
12;00100010001000100000010000
10;00100010000001100000010000
9;00010010000001100000010000
8;01000010000001100000010000
7;01000010000001100000000001
7;00100010000001100000000001
9;10000010000001100000000001
10;10000100000001100000000001
10;10000100000001100000100000
7;01000100000001100000000010
8;00010100000001100000000010
9;00010100000001100000010000
8;10000100000001100000010000
11;10000001000001100000010000
12;10000001100000100000010000
12;10000010100000100000010000
13;10000010100000000001010000
10;10001000100000000001010000
11;00101000100000000001010000
10;00011000100000000001010000
7;00011000100000000100010000
9;00010001100000000100010000
6;10000001100000000100010000
8;00100001100000000100010000
7;01000001100000000100010000
8;01000001100000000010010000
11;01000100100000000010010000
12;10000100100000000010010000
8;10001000100000000010010000
7;10001000000010100000000010
8;00101000000010100000000010
6;00101000000010000010000010
7;00100001000010000010000010
5;00100100000010000010000010
5;00010100000010000010000010
6;10000100000010000010000010
7;10000001000010000010000010
7;00010001000010000010000010
6;00011000000010000010000010
10;00011000000010000010100000
9;00011000000010100000100000
12;00011000100000100000100000
16;00010001100000100000100000
13;10000001100000100000100000
9;10000001100000000001100000
8;10001000100000000001100000
7;10001000100000000001000001
7;10000100100000000001000001
9;10000100000001000001000001
8;00010010000010000010100000
9;00100010000010000010100000
10;00100010001000000010100000
11;00101000001000000010100000
12;00101000001000100000100000
13;00011000001000100000100000
14;00010100001000100000100000
14;00100100001000100000100000
15;00100010001000100000100000
12;00010010001000100000100000
18;00010001001000100000100000
10;10000001001000100000100000
11;10000100001000100000100000
11;10000010001000100000100000
10;10000010001000100000000001
9;10000001001000100000000001
14;01000001001000100000000001
8;00100001001000100000000001
8;00100010001000100000000001
6;00010010000100000001000001
7;00100010000100000001000001
8;00100100000100000001000001
10;01000100000100000001000001
11;10000100000100000001000001
7;10000001000100000001000001
7;01000001000100000001000001
8;01000001000100000001010000
11;01000100000100000001010000
11;01000100000100010000010000
11;00010100000100010000010000
8;00010100000100010000000010
9;01000100000100010000000010
12;01001000000100010000000010
8;00011000000100010000000010
10;10001000000100010000000010
8;10000010000100010000000010
10;10000001000100010000000010
8;01000001000100010000000010
9;01000001000100010000000100
8;01001000001000001000001000
8;01000001001000001000001000
10;01000100001000001000001000
7;00010100001000001000001000
11;00011000001000001000001000
8;00010001001000001000001000
9;10000001001000001000001000
11;10001000001000001000001000
8;10000100001000001000001000
8;10000001000001010000000001
9;10000001000001010000100000
10;10000001100000010000100000
11;10000010100000010000100000
12;01000010100000010000100000
13;01000100100000010000100000
14;00010100100000010000100000
10;10000100100000010000100000
9;10000100000001010000100000
7;10000100000001000010100000
8;00010100000001000010100000
8;00010010000001000010100000
9;00010010000001001000100000
8;01000010000001001000100000
9;01000001000001001000100000
10;10000001000001001000100000
11;10000001100000001000100000
11;10000100100000001000100000
10;00100100100000001000100000
7;01000001000100000001000010
8;01000001000100010000000010
9;01000001000100010000000100
10;01000010000100010000000100
11;01000100000100010000000100
12;01000100000100000010000100
11;00100100000100000010000100
12;00100100000100010000000100
13;00100001000100010000000100
15;10000001000100010000000100
13;10000100000100010000000100
14;10000010000100010000000100
15;00100010000100010000000100
17;00101000000100010000000100
16;10001000000100010000000100
15;01001000000100010000000100
9;01001000000100000001000100
8;00011000000100000001000100
8;00010100000100000001000100
8;01000100000100000001000100
6;10000010000001000001000001
5;00010010000001000001000001
8;00010100000001000001000001
7;00010100000100000001000001
11;10000100000100000001000001
10;10000100000100000001100000
12;10001000000100000001100000
10;01001000000100000001100000
11;01000100000100000001100000
12;01000100000100010000100000
15;00100100000100010000100000
18;00101000000100010000100000
10;00101000000100010000000010
9;00100100000100010000000010
9;10000100000100010000000010
10;10000001000100010000000010
15;10000001000100010000000100
14;10000010000100010000000100
16;10001000000100010000000100
7;01000010000001000001010000
9;00101000000001000001010000
6;00010100000001000001010000
8;00011000000100000001010000
8;10000100000100000001010000
9;10000100000100000001000010
13;10000100000100100000000010
8;10001000000100100000000010
9;00011000000100100000000010
10;00010001000100100000000010
13;00100001000100100000000010
9;01000001000100100000000010
10;01000100000100100000000010
15;01000100000100100000010000
16;01001000000100100000010000
17;01000010000100100000010000
19;00010010000100100000010000
13;00010001000100100000010000
12;00010001000001100000010000
7;01000010100000010000001000
8;01000010100000010000000010
9;00100010100000010000000010
8;00010010100000010000000010
11;00010001100000010000000010
12;00010100100000010000000010
8;10000100100000010000000010
7;10000100000001010000000010
8;00100100000001010000000010
7;00101000000001010000000010
7;00011000000001010000000010
7;00010100000001010000000010
8;00010100000100010000000010
9;00100100000100010000000010
9;00100001000100010000000010
8;01000001000100010000000010
9;01000001000100010000000100
10;01000010000100010000000100
15;00100010000100010000000100
10;00010010000100010000000100
6;00010010100000000010001000
6;01000100100000000010001000
5;00100001100000000010001000
6;01001000100000000010001000
4;00101000000010000010001000
6;01001000000010100000001000
4;10000100000010100000001000
5;10000010000010100000001000
7;01000010000010100000000010
8;01000010001000100000000010
7;00100010001000100000001000
7;00011000001000100000001000
7;00101000001000100000000001
9;10001000001000100000000001
10;10000100001000100000000001
13;01000100001000100000000001
12;00010100001000100000000001
9;00010010001000100000000001
10;01000010001000100000000001
14;01000001001000100000000001
8;01001000100000010000000010
9;01000100100000010000000010
8;01000010100000010000000010
7;10000010100000010000000010
8;10000001100000010000000010
12;10001000100000010000000010
9;10001000000010010000000010
11;00011000000010010000000010
10;00011000000010010000100000
10;00010010000010010000100000
10;00100010000010010000100000
12;01000010000010010000100000
15;10000010000010010000100000
9;10000010001000010000100000
17;10000001001000010000100000
16;10001000001000010000100000
9;10001000001000010000000010
8;01001000001000010000000010
7;01000010001000010000000010
7;10001000000010100000000001
8;10000001000010100000000001
8;10000001000010100000100000
10;00100001000010100000100000
8;00101000000010100000100000
8;00101000000010100000000010
8;00100001000010100000000010
7;00100100000010100000000010
7;00010100000010100000000010
9;00010001000010100000000010
9;00010001000010100000000100
13;01000001000010100000000100
8;10000001000010100000000100
7;10000001000010000001000100
7;01000001000010000001000100
7;00100001000010000001000100
14;00100001000010001000000100
13;00100001000100001000000100
10;00010001000100001000000100
18;10000001000100001000000100
8;00100100100000001000000001
9;00100010100000001000000001
8;00100001100000001000000001
10;00010001100000001000000001
11;00010100100000001000000001
11;01000100100000001000000001
10;10000100100000001000000001
9;10000001100000001000000001
8;10000010100000001000000001
11;01000010100000001000000001
8;01001000100000001000000001
11;01001000000010001000000001
10;00011000000010001000000001
7;10001000000010001000000001
8;10000010000010001000000001
7;01000010000010001000000001
8;01000010000010001000010000
9;01001000000010001000010000
10;00011000000010001000010000
7;00010010000010001000000010
9;00010001000010001000000010
6;00010100000010001000000010
8;01000100000010001000000010
7;01000100000010001000010000
8;01000010000010001000010000
9;10000010000010001000010000
10;10000010001000001000010000
12;01000010001000001000010000
10;00010010001000001000010000
11;00010010000010001000010000
9;00010001000010001000010000
10;00010001000100001000010000
13;00010010000100001000010000
12;00011000000100001000010000
23;01001000000100001000010000
10;01000100000100001000010000
9;01000100000100001000000001
7;00100100000100001000000001
8;10000010100000000010000100
7;10000001100000000010000100
8;00010001100000000010000100
11;00011000100000000010000100
8;10001000100000000010000100
10;10001000000010000010000100
7;10000100000010000010000100
9;01000100000010000010000100
7;01000001000010000010000100
7;01001000000010000010000100
9;01001000100000000010000100
10;01000010100000000010000100
16;01000010100000001000000100
10;00010010100000001000000100
11;00100010100000001000000100
12;00100001100000001000000100
13;01000001100000001000000100
25;01000100100000001000000100
15;10000100100000001000000100
7;00011000001000010000001000
8;10000001001000010000001000
7;01001000001000010000001000
7;01000010001000010000000010
8;01001000001000010000000010
10;00011000001000010000000010
13;00101000001000010000000010
14;00101000001000010000100000
10;00101000000001010000100000
11;10001000000001010000100000
16;10001000100000010000100000
12;10001000100000010000000010
11;00011000100000010000000010
16;00011000100000010000100000
18;01001000100000010000100000
8;01001000100000010000000010
7;01001000000010010000000010
9;10001000000010010000000010
7;10000001000010010000000010
9;10000001000010010000000100
8;00010010001000001000000001
8;10000010001000001000000001
10;10001000001000001000000001
8;10000001001000001000000001
12;10000001001000001000100000
13;10000100001000001000100000
12;10000100001000001000000001
10;01000100001000001000000001
9;01000010001000001000000001
12;01000010001000001000010000
11;01000001001000001000010000
10;01000001001000001000000001
13;00010001001000001000000001
13;00010100001000001000000001
12;00011000001000001000000001
9;01001000001000001000000001
14;01001000001000001000010000
11;10001000001000001000010000
12;00101000001000001000010000
7;00011000100000010000001000
8;00010001100000010000001000
9;00010010100000010000001000
8;00010010100000010000000010
12;00010100100000010000000010
10;00100100100000010000000010
8;10000100100000010000000010
12;10001000100000010000000010
8;01001000100000010000000010
7;01001000000010010000000010
7;01000001000010010000000010
8;01000001000100010000000010
9;01000001000100010000000100
11;01000100000100010000000100
9;00010100000100010000000100
13;10000100000100010000000100
16;10001000000100010000000100
15;01001000000100010000000100
13;00011000000100010000000100
7;10000100000001000010100000
8;10000100100000000010100000
9;01000100100000000010100000
10;01001000100000000010100000
9;01001000100000000010000010
7;01000001100000000010000010
7;00010001100000000010000010
8;00010001100000000010000100
11;00011000100000000010000100
9;00010010100000000010000100
10;00010010100000001000000100
16;01000010100000001000000100
11;00100010100000001000000100
12;00100001100000001000000100
13;00101000100000001000000100
17;10001000100000001000000100
14;10000001100000001000000100
13;01000001100000001000000100
11;01000001100000001000000010
9;01001000100000001000000010
7;01000100000010001000010000
8;01000001000010001000010000
9;00010001000010001000010000
10;00100001000010001000010000
8;00100010000010001000010000
9;00100010001000001000010000
12;00100100001000001000010000
13;00010100001000001000010000
15;01000100001000001000010000
12;01000010001000001000010000
14;01001000001000001000010000
9;01001000001000001000000001
10;01000001001000001000000001
8;10000001001000001000000001
8;10000010001000001000000001
10;10001000001000001000000001
13;10001000001000001000100000
12;10001000001000001000000010
15;10000100001000001000000010
16;10000001001000001000000010
7;10000001010000001000000100
7;10000010010000001000000100
8;10001000010000001000000100
8;10000100010000001000000100
7;01000100010000001000000100
7;01001000010000001000000100
7;00011000010000001000000100
6;00010100010000001000000100
7;00100100010000001000000100
7;00100100000010001000000100
8;00100010000010001000000100
16;01000010000010001000000100
12;01000010001000001000000100
16;10000010001000001000000100
13;10000100001000001000000100
13;10001000001000001000000100
11;01001000001000001000000100
10;00101000001000001000000100
9;00101000001000000001000100
8;00011000000100000010000100
7;00010001000100000010000100
7;01000001000100000010000100
8;00100001000100000010000100
7;00100001000100000100000100
8;00101000000100000100000100
8;01001000000100000100000100
13;01000010000100000100000100
9;00100010000100000100000100
10;00100100000100000100000100
7;10000100000100000100000100
9;10000010000100000100000100
7;10001000000100000100000100
7;00011000000100000100000100
8;00011000000100000001000100
6;00011000000001000001000100
7;00101000000001000001000100
9;10001000000001000001000100
8;10000010000001000001000100
7;00010100010000100000000100
8;00100100010000100000000100
9;00100100000010100000000100
10;00100001000010100000000100
11;00101000000010100000000100
12;00100010000010100000000100
13;00100010001000100000000100
12;00010010001000100000000100
13;00010100001000100000000100
16;00100100001000100000000100
13;00101000001000100000000100
10;00101000001000000010000100
11;00100010001000000010000100
12;00100100001000000010000100
13;01000100001000000010000100
11;01000100001000010000000100
16;10000100001000010000000100
24;10001000001000010000000100
11;00011000001000010000000100
14;00010010001000010000000100
8;01001000001000001000001000
8;01000001001000001000001000
8;00010001001000001000001000
7;00010100001000001000001000
10;01000100001000001000001000
8;10000100001000001000001000
9;10000001001000001000001000
11;10001000001000001000001000
11;00011000001000001000001000
7;10001000001000100000001000
7;10000001001000100000001000
7;00100001001000100000001000
8;00100001001000100000000001
7;00100001000001100000000001
8;00010001000001100000000001
7;10000001000001100000000001
7;10001000000001100000000001
9;10000010000001100000000001
7;00100010000001100000000001
9;00100100000001100000000001
11;00010100000001100000000001
9;00011000000001100000000001
8;00011000000100100000000001
9;01001000000100100000000001
11;01000001000100100000000001
12;10000001000100100000000001
9;10000001000100100000100000
9;10000001000100000001100000
13;10000010000100000001100000
7;10000010000001000010010000
8;10001000000001000010010000
7;00011000000001000010010000
10;00011000000100000010010000
11;00011000000100100000010000
12;00010100000100100000010000
9;00010100000001100000010000
12;00010001000001100000010000
15;00100001000001100000010000
11;10000001000001100000010000
12;10000001100000100000010000
11;10001000100000100000010000
9;10001000000001100000010000
10;00011000000001100000010000
8;00101000000001100000010000
9;00100100000001100000010000
8;00100100000001100000000010
8;00010100000001100000000010
7;01000100000001100000000010
7;01000001000001100000000010
7;00011000100000001000001000
8;00010001100000001000001000
8;01000001100000001000001000
7;00100001100000001000001000
8;00100001100000001000000001
9;10000001100000001000000001
7;10000001000001001000000001
10;10000001000001001000100000
12;00100001000001001000100000
10;00010001000001001000100000
9;00010010000001001000100000
8;01000010000001001000100000
8;10000010000001001000100000
8;10001000000001001000100000
11;00011000000001001000100000
11;00011000000100001000100000
10;00010010000100001000100000
15;00010001000100001000100000
15;10000001000100001000100000
7;10000001001000100000001000
7;10001000001000100000001000
7;01001000001000100000001000
7;00011000001000100000001000
8;00010001001000100000001000
9;01000001001000100000001000
8;01000100001000100000001000
9;00010100001000100000001000
10;00010010001000100000001000
11;00010010001000100000000010
9;10000010001000100000000010
8;10001000001000100000000010
10;10001000001000100000100000
8;10001000001000000001100000
9;10000100001000000001100000
8;10000100001000000001000001
8;10001000001000000001000001
7;00101000001000000001000001
7;01001000001000000001000001
9;01000100001000000001000001
8;10001000100000001000000010
9;10001000100000001000100000
8;10001000100000001000000001
9;10000001100000001000000001
8;00100001100000001000000001
10;00010001100000001000000001
11;00010100100000001000000001
9;00010010100000001000000001
8;00011000100000001000000001
7;00101000100000001000000001
8;00100100100000001000000001
11;01000100100000001000000001
11;01000010100000001000000001
9;00100010100000001000000001
7;00100010100000000001000001
9;01000010100000000001000001
10;01000010100000010000000001
11;01000100100000010000000001
10;01000100100000010000010000
6;10000100010000100000100000
7;10000100000010100000100000
8;10001000000010100000100000
7;10001000000010100000000001
8;10000001000010100000000001
7;10000010000010100000000001
10;10000010001000100000000001
8;00100010001000100000000001
10;01000010001000100000000001
9;00010010001000100000000001
8;00011000001000100000000001
8;01001000001000100000000001
16;01001000001000100000010000
11;01000001001000100000010000
13;00010001001000100000010000
16;00010100001000100000010000
14;00010010001000100000010000
9;00010010000010100000010000
10;00011000000010100000010000
10;00011000000010000010010000
6;00100010001000010000001000
7;00101000001000010000001000
7;01001000001000010000001000
7;01000100001000010000001000
7;00010100001000010000001000
7;00011000001000010000001000
6;00010010001000010000001000
8;00010001001000010000001000
8;10000001001000010000001000
7;10000100001000010000001000
7;10000010001000010000001000
8;10001000001000010000001000
7;01000010000010001000000001
8;10000010000010001000000001
9;10000010000010001000100000
10;00010010000010001000100000
8;00010010000010000010100000
7;00010001000010000010100000
7;00100001000010000010100000
9;00100001000100000010100000
7;10000001000100000010100000
10;10000100000100000010100000
11;00100100000100000010100000
10;00101000000100000010100000
11;00100010000100000010100000
12;00010010000100000010100000
9;00010100000100000010100000
10;01000100000100000010100000
12;01000100000100010000100000
14;01000001000100010000100000
13;00100001000100010000100000
18;00101000000100010000100000
8;10001000001000000100010000
7;00101000001000000100010000
8;00011000001000000100010000
7;00010001001000000100010000
11;00010001001000000010010000
8;01000001001000000010010000
11;01001000001000000010010000
7;01001000001000000010000001
8;01000100001000000010000001
9;01000100001000000010010000
9;10000100001000000010010000
16;10001000001000000010010000
9;10000001001000000010010000
8;10000001001000000100010000
7;00100001001000000100010000
7;00101000000001000001000100
8;00100010001000000001000100
7;00010001001000000001000100
9;10001000001000000001000100
11;01001000001000000001000100
11;01000001001000000001000010
13;01000001001000010000000010
11;10000001001000010000000010
9;10000100001000010000000010
8;01000100001000010000000010
7;01000100001000000001000010
10;01000100001000000001010000
9;01000100001000000001000001
8;01000100001000010000000001
8;10000100001000010000000001
11;10000100001000010000100000
12;00010100001000010000100000
13;01000100001000010000100000
11;01000100001000000001100000
9;10000100001000000001100000
7;00100001000100100000001000
9;00100010000100100000000010
9;00101000000100100000000010
8;10001000000100100000000010
12;01001000000100100000000010
9;00011000000100100000000010
9;00010100000100100000000010
8;00010100000001100000000010
9;00010100000001100000010000
10;00011000000001100000010000
8;00101000000001100000010000
9;00100100000001100000010000
10;00100010000001100000010000
15;00100001000001100000010000
12;00100001001000100000010000
17;00101000001000100000010000
16;01001000001000100000010000
16;01000100001000100000010000
13;01000100001000100000000001
8;01000001001000001000001000
8;00010001001000001000001000
7;00010100001000001000001000
11;00011000001000001000001000
8;01001000001000001000001000
11;10001000001000001000001000
9;10000001001000001000001000
8;10000100001000001000001000
10;01000100001000001000001000
7;00010100010000100000010000
8;00010100000010100000010000
9;00010010000010100000010000
10;00011000000010100000010000
10;00011000000010000010010000
11;10001000000010000010010000
8;10000010000010000010010000
9;10000010000010001000010000
7;10000100000010001000010000
6;10000100010000001000010000
6;01000100010000001000010000
7;01001000010000001000010000
7;00101000010000001000010000
8;10001000010000001000010000
8;10000001010000001000010000
8;00010001010000001000010000
8;00011000010000001000010000
7;00010100010000001000010000
7;00010010010000001000010000
5;00011000000001000100000001
6;00011000000001000001000001
7;00101000000001000001000001
7;00100100000001000001000001
9;10000100000001000001000001
7;01000100000001000001000001
7;01000010000001000001000001
7;01000010000001000001010000
9;00100010000001000001010000
8;00100010000001001000010000
8;00100100000001001000010000
12;00100100001000001000010000
14;10000100001000001000010000
15;10000100001000001000000010
16;00100100001000001000000010
18;00010100001000001000000010
14;01000100001000001000000010
9;01000001001000001000000010
10;01000001001000001000000100
14;10000001001000001000000100
14;00010001001000001000000100
13;00011000001000001000000100
7;10000100000001010000000010
8;00100100000001010000000010
8;00100100000001010000010000
8;10000100000001010000010000
8;10001000000001010000010000
10;10001000100000010000010000
12;10000001100000010000010000
12;10000010100000010000010000
9;10000100100000010000010000
14;00100100100000010000010000
13;00100001100000010000010000
13;01000001100000010000010000
11;01001000100000010000010000
10;01000100100000010000010000
9;01000100100000010000000010
8;01000100100000000001000010
8;00100100100000000001000010
9;00100100100000000001010000
12;10000100100000000001010000
13;10000010100000000001010000
5;00011000010000000001010000
5;01000100010000000001010000
6;10001000010000000001010000
6;00100001010000000001010000
6;00100100010000001000010000
7;01000001010000001000010000
8;00011000010000001000010000
8;00010100000010001000010000
7;10000100000010001000010000
11;10001000000010001000010000
10;10001000100000001000010000
9;10001000000001001000010000
7;01001000000001001000010000
7;01001000010000001000010000
8;00011000010000001000010000
7;00010100010000001000010000
8;00010001010000001000010000
7;00010010010000001000010000
8;00101000000100000010000010
7;00100001000100000010000010
8;00100001000100000010000100
9;00101000000100000010000100
10;10001000000100000010000100
12;10001000000100100000000100
10;10000100000100100000000100
11;10000001000100100000000100
8;10000001000010100000000100
13;01000001000010100000000100
16;01000001000100100000000100
11;01000010000100100000000100
10;10000010000100100000000100
14;00100010000100100000000100
12;00010010000100100000000100
11;00010100000100100000000100
12;00010100000100100000000001
11;00010100000001100000000001
9;00100100000001100000000001
7;10001000100000000001000001
8;10001000100000000001100000
9;01001000100000000001100000
8;00101000100000000001100000
11;00101000100000001000100000
10;00101000000010001000100000
11;10001000000010001000100000
10;00011000000010001000100000
10;00010010000010001000100000
8;00010010000010000010100000
9;00100010000010000010100000
7;00101000000010000010100000
10;00011000000010000010100000
9;00011000100000000010100000
8;00011000100000000010000010
8;00101000100000000010000010
9;01001000100000000010000010
7;01000001100000000010000010
8;01000001100000000010000100
9;01000100100000000010000100
5;00010010000010000010000010
6;01000010000010000010000010
7;01000010001000000010000010
6;10000010001000000010000010
7;00010010001000000010000010
7;00010001001000000010000010
7;00010001001000000010000100
9;00010100001000000010000100
10;00010100001000010000000100
11;00011000001000010000000100
12;00101000001000010000000100
16;00100001001000010000000100
16;00010001001000010000000100
17;00010001001000010000000010
12;00100001001000010000000010
8;00100010001000010000000010
7;00010010001000010000000010
9;10000010001000010000000010
7;01000010001000010000000010
8;01000100001000010000000010
9;10000100001000010000000010
10;10000100001000010000010000
7;00100001000001001000000010
8;00010001000001001000000010
9;00010001000001001000000100
8;00010010000001001000000100
12;10000010000001001000000100
13;10000001000001001000000100
8;00100001000001001000000100
13;00100100000001001000000100
9;00101000000001001000000100
11;00100010000001001000000100
9;00100010000001000001000100
7;00100001000001000001000100
7;00101000000001000001000100
9;10001000000001000001000100
8;10000100000001000001000100
7;01000100000001000001000100
8;01000100000001010000000100
6;01000100010000010000000100
8;10000100010000010000000100
7;00010010000100000100010000
8;10000010000100000100010000
8;00100010000100000100010000
7;01000010000100000100010000
7;01001000000100000100010000
7;10001000000100000100010000
8;00101000000100000100010000
7;00100100000100000100010000
7;01000100000100000100010000
7;10000100000100000100010000
8;00100100100000100000000001
9;00100001100000100000000001
10;00100010100000100000000001
11;10000010100000100000000001
12;10000100100000100000000001
12;00010100100000100000000001
14;01000100100000100000000001
13;01000001100000100000000001
12;10000001100000100000000001
7;10000001000001100000000001
7;00100001000001100000000001
7;01000001000001100000000001
7;01000010000001100000000001
9;01000100000001100000000001
11;00010100000001100000000001
8;00010001000001100000000001
9;00011000000001100000000001
#<Time>=0.68531s/900
#<PlanCost>=single integer value
#<State>=Atom at-airplane(plane2, beijing);Atom at-airplane(plane2, seoul);Atom at-airplane(plane2, shanghai);Atom at-airplane(plane2, tokyo);Atom at-airplane(plane1, beijing);Atom at-airplane(plane1, seoul);Atom at-airplane(plane1, shanghai);Atom at-airplane(plane1, tokyo);Atom at-person(carol, beijing);Atom at-person(carol, seoul);Atom at-person(carol, shanghai);Atom at-person(carol, tokyo);Atom in-airplane(carol, plane1);Atom in-airplane(carol, plane2);Atom at-person(bob, beijing);Atom at-person(bob, seoul);Atom at-person(bob, shanghai);Atom at-person(bob, tokyo);Atom in-airplane(bob, plane1);Atom in-airplane(bob, plane2);Atom at-person(alice, beijing);Atom at-person(alice, seoul);Atom at-person(alice, shanghai);Atom at-person(alice, tokyo);Atom in-airplane(alice, plane1);Atom in-airplane(alice, plane2);
12;00011000000001100000000100
9;00101000000001100000000100
7;00100010100000000001000001
8;10000010100000000001000001
9;01000010100000000001000001
10;01000010100000010000000001
11;00010010100000010000000001
9;00100010100000010000000001
11;00101000100000010000000001
8;10001000100000010000000001
7;10001000000001010000000001
10;00011000000001010000000001
10;00010001000001010000000001
10;00010001000100010000000001
8;00010100000100010000000001
10;00011000000100010000000001
12;01001000000100010000000001
10;10001000000100010000000001
12;10001000000100010000100000
12;10000010000100010000100000
13;10000001000100010000100000
11;10000100000100010000100000
7;00010001000010000010100000
7;00100001000010000010100000
9;00100001000100000010100000
10;00101000000100000010100000
11;00100010000100000010100000
12;00010010000100000010100000
8;00011000000100000010100000
8;00010001000100000010100000
9;00010100000100000010100000
10;10000100000100000010100000
11;10000100000100010000100000
13;10000001000100010000100000
12;10001000000100010000100000
13;01001000000100010000100000
14;00011000000100010000100000
12;00010001000100010000100000
13;00010100000100010000100000
9;00010100000001010000100000
8;00010100000001000010100000
8;00010010000001000010100000
7;00100010000001100000000010
8;00100100000001100000000010
7;01000100000001100000000010
7;01000001000001100000000010
8;01000001000001100000000100
8;01000001010000100000000100
7;00010001010000100000000100
7;00100001010000100000000100
7;00100010010000100000000100
8;01000010010000100000000100
7;00010010010000100000000100
7;00010100010000100000000100
7;01000100010000100000000100
7;10000100010000100000000100
8;00100100010000100000000100
6;00101000010000100000000100
7;01000001000100000010000100
6;00010001000100000100000100
9;10000010000100000100000100
8;01001000000100000100000100
8;00011000000100000001000100
8;00010100000100000001000100
7;00010100000100000001000001
10;01000100000100000001000001
11;01000100000100000001010000
11;01000100000100010000010000
10;10000100000100010000010000
11;10000010000100010000010000
13;01000010000100010000010000
12;01001000000100010000010000
13;10001000000100010000010000
12;10000001000100010000010000
15;00100001000100010000010000
14;00101000000100010000010000
15;00100010000100010000010000
13;00100100000100010000010000
7;00100001001000000100010000
8;10000001001000000100010000
7;10000100001000000100010000
8;10001000001000000100010000
8;00011000001000000100010000
9;00011000001000000001010000
10;01001000001000000001010000
10;01000100001000000001010000
10;01000010001000000001010000
9;00100010001000000001010000
9;00100010000001000001010000
9;00101000000001000001010000
9;00101000000001001000010000
12;00101000001000001000010000
12;00101000001000000001010000
8;00100100001000000001010000
12;00100100001000001000010000
9;00100010001000001000010000
10;10000010001000001000010000
9;10000010000010001000010000
6;01000100010000010000000100
8;10000100010000010000000100
7;00100100010000010000000100
8;00101000010000010000000100
7;00100001010000010000000100
7;10000001010000010000000100
8;10000010010000010000000100
8;10001000010000010000000100
7;00100001000100100000001000
7;01000001000100100000001000
7;01000100000100100000001000
6;10000100000100100000001000
7;10000010000100100000001000
8;01000010000100100000001000
10;01000010000100100000000010
9;00100010000100100000000010
9;00101000000100100000000010
12;00100100000100100000000010
14;00100100000100100000010000
12;00010100000100100000010000
19;00010010000100100000010000
13;00010001000100100000010000
12;01000001000100100000010000
17;01000010000100100000010000
10;01000010000100100000000001
9;01000100000100100000000001
15;01000100000100100000010000
7;01000100000001000001000100
8;01000100000001010000000100
8;10000100000001010000000100
7;10000100000001000010000100
10;10000100100000000010000100
13;00010100100000000010000100
11;00100100100000000010000100
9;00101000100000000010000100
11;00011000100000000010000100
9;01001000100000000010000100
7;01001000000010000010000100
9;01000100000010000010000100
8;00100100000010000010000100
6;00100001000010000010000100
7;00100001000010000010000010
6;00101000000010000010000010
8;00101000100000000010000010
13;00101000100000100000000010
11;01001000100000100000000010
7;00100100010000001000100000
8;00100100000010001000100000
8;00010100000010001000100000
10;00011000000010001000100000
11;10001000000010001000100000
10;00101000000010001000100000
7;00101000000010000001100000
9;00100001000010000001100000
7;00100100000010000001100000
7;01000100000010000001100000
8;01000100000010010000100000
17;01000001000010010000100000
20;10000001000010010000100000
8;10001000000010010000100000
16;10001000100000010000100000
10;10000001100000010000100000
9;10000001000001010000100000
9;10000100000001010000100000
9;00010100000001010000100000
7;01001000001000000001000001
9;01001000001000010000000001
8;01000100001000010000000001
9;01000100001000000001000001
10;01000100001000000001010000
10;01000010001000000001010000
11;01000001001000000001010000
12;00100001001000000001010000
15;00100001000001000001010000
8;10000001000001000001010000
11;10000001100000000001010000
12;00100001100000000001010000
16;00100001100000001000010000
14;00100100100000001000010000
14;00100100100000001000000010
9;00010100100000001000000010
20;00010100100000001000010000
11;10000100100000001000010000
13;01000100100000001000010000
7;00011000000100000001000001
7;00010100000100000001000001
8;00100100000100000001000001
9;00101000000100000001000001
11;10001000000100000001000001
12;10001000000100000001100000
13;00101000000100000001100000
14;00101000000100001000100000
12;10001000000100001000100000
11;10001000000100001000000010
10;10000001000100001000000010
10;01000001000100001000000010
9;01000001000010001000000010
9;01000001000010001000000100
19;01000001000100001000000100
13;00100001000100001000000100
10;00010001000100001000000100
9;00010001000001001000000100
13;10000001000001001000000100
12;10000010000001001000000100
7;00010001010000010000000100
7;00100001010000010000000100
7;00100010010000010000000100
7;00100100010000010000000100
8;00100100000010010000000100
10;00100001000010010000000100
13;00100001000100010000000100
9;01000001000100010000000100
15;10000001000100010000000100
16;10001000000100010000000100
17;00101000000100010000000100
12;00100100000100010000000100
13;10000100000100010000000100
10;10000100000100000010000100
8;10000001000100000010000100
7;01000001000100000010000100
7;01000001000010000010000100
5;01000001000010000010000010
8;01001000000010000010000010
6;00011000000010000010000010
7;01000001001000010000001000
8;00010001001000010000001000
6;00010010001000010000001000
7;00010100001000010000001000
7;10000100001000010000001000
7;10000010001000010000001000
8;10001000001000010000001000
7;00101000001000010000001000
10;00101000001000010000000001
10;00011000001000010000000001
9;10001000001000010000000001
8;10000100001000010000000001
9;00010100001000010000000001
11;00010001001000010000000001
11;01000001001000010000000001
8;01000001001000000001000001
7;01001000001000000001000001
10;01001000001000000001010000
11;01000001001000000001010000
10;01000010001000000001010000
6;00010001001000000100000100
7;10000001001000000100000100
8;10000001001000000010000100
10;01000001001000000010000100
11;01001000001000000010000100
12;01001000001000100000000100
13;01000100001000100000000100
12;01000001001000100000000100
11;00010001001000100000000100
14;10000001001000100000000100
8;10000001001000000001000100
7;10000001001000000001000010
7;00100001001000000001000010
8;00100001001000000001000100
7;00010001001000000001000100
9;01000001001000000001000100
11;01001000001000000001000100
9;00101000001000000001000100
9;00100100001000000001000100
11;00100100001000001000000100
6;01000001010000000001100000
5;00010001010000000001100000
6;00100010010000000001100000
5;10001000010000000001100000
6;10000010010000000001000001
6;10000100010000100000000001
6;01000100010000100000000001
4;00101000010000100000000001
6;00100100010000100000001000
3;10000001010000100000001000
6;01000001010000100000001000
4;00010100010000100000001000
7;00010001000100001000001000
7;01000001000100001000001000
8;01001000000100001000001000
7;00011000000100001000001000
7;00010100000100001000001000
7;00100100000100001000001000
6;00100010000100001000001000
7;00100010000100001000000010
9;00101000000100001000000010
12;00101000000100000001000010
9;00100100000100000001000010
11;00100001000100000001000010
9;00100001000100000001000100
10;01000001000100000001000100
8;10000001000100000001000100
7;10000001000010000001000100
8;10001000000010000001000100
7;00101000000010000001000100
7;01001000000010000001000100
9;01001000000010010000000100
8;10001000000100010000001000
8;10000010000100010000001000
8;00100010000100010000001000
7;00101000000100010000001000
9;00101000000100010000000001
10;00011000000100010000000001
12;00010010000100010000000001
8;00010100000100010000000001
9;10000100000100010000000001
8;10000001000100010000000001
8;01000001000100010000000001
7;01000001000010010000000001
7;00010001000010010000000001
7;00011000000010010000000001
7;00010010000010010000000001
7;01000010000010010000000001
7;01001000000010010000000001
8;01001000000010010000010000
11;01001000100000010000010000
7;00100100001000000100000100
7;00101000001000000100000100
9;01001000001000000100000100
8;01000100001000000100000100
8;10000100001000000100000100
7;10000010001000000100000100
7;10000001001000000100000100
8;10000001001000000010000100
9;10000010001000000010000100
16;10000010001000001000000100
13;10000100001000001000000100
14;10000001001000001000000100
13;10001000001000001000000100
13;00011000001000001000000100
12;00011000001000001000000001
13;00010100001000001000000001
19;00100100001000001000000001
19;00100001001000001000000001
13;00010001001000001000000001
10;01000001001000001000000001
6;10000010001000000010000010
8;10000010001000001000000010
9;01000010001000001000000010
10;01001000001000001000000010
11;00011000001000001000000010
12;10001000001000001000000010
13;10001000001000001000100000
14;00011000001000001000100000
15;00010010001000001000100000
12;01000010001000001000100000
13;01000100001000001000100000
16;00010100001000001000100000
14;00100100001000001000100000
13;10000100001000001000100000
12;10000100001000001000000001
8;10000010001000001000000001
10;10001000001000001000000001
8;10000001001000001000000001
19;00100001001000001000000001
7;00101000001000001000000001
7;00010010010000001000100000
7;00100010010000001000100000
7;00100100010000001000100000
8;00100100000010001000100000
8;10000100000010001000100000
11;01000100000010001000100000
11;01000001000010001000100000
9;00010001000010001000100000
8;10000001000010001000100000
9;10000010000010001000100000
8;10000010000010001000000001
7;01000010000010001000000001
9;01000010001000001000000001
10;01000100001000001000000001
19;00100100001000001000000001
7;00101000001000001000000001
9;01001000001000001000000001
10;10001000001000001000000001
13;10001000001000001000100000
18;10000010001000001000100000
8;10000001010000001000010000
8;10001000010000001000010000
8;00011000010000001000010000
8;00010001010000001000010000
7;00010100010000001000010000
8;00010100000010001000010000
6;00010100000010001000000010
8;00011000000010001000000010
11;10001000000010001000000010
9;10000100000010001000000010
7;10000100000010001000010000
7;01000100000010001000010000
9;01001000000010001000010000
8;01000010000010001000010000
8;00100010000010001000010000
9;00100010001000001000010000
10;00010010001000001000010000
11;00010010001000000010010000
9;00010100001000000010010000
8;00011000001000000001000100
9;00101000001000000001000100
10;00101000001000001000000100
11;00100010001000001000000100
12;00100001001000001000000100
8;00100001001000000001000100
8;00100010001000000001000100
9;00100010000001000001000100
8;00100100000001000001000100
13;00100100000001001000000100
11;00100100001000001000000100
11;01000100001000001000000100
12;01000010001000001000000100
13;00010010001000001000000100
16;10000010001000001000000100
14;10000001001000001000000100
16;10000001001000001000000010
15;00010001001000001000000010
9;01000001001000001000000010
6;01000010010000010000010000
6;01000100010000010000010000
8;00010100000010010000010000
11;10001000000010010000010000
12;01000001000010010000010000
7;01000001000010010000000001
7;00010001000010010000000001
7;00010010000010010000000001
11;00010010001000010000000001
10;00011000001000010000000001
9;10001000001000010000000001
10;00101000001000010000000001
9;01001000001000010000000001
7;01001000001000000001000001
7;00101000001000000001000001
7;00101000001000001000000001
19;00100001001000001000000001
10;01000001001000001000000001
11;01000001001000001000010000
7;00100001000100000100000100
8;00101000000100000100000100
8;01001000000100000100000100
7;00011000000100000100000100
8;00011000000100000001000100
12;00101000000100000001000100
13;00101000000100001000000100
14;00100010000100001000000100
11;01000010000100001000000100
16;01001000000100001000000100
12;10001000000100001000000100
18;10000010000100001000000100
15;10000100000100001000000100
18;10000001000100001000000100
19;01000001000100001000000100
9;01000001000010001000000100
9;01000001000010001000000010
9;00010001000010001000000010
13;10000001000010001000000010
9;10000100000010001000000010
8;01000010010000100000100000
8;00100010010000100000100000
8;00010010010000100000100000
10;00010001010000100000100000
8;00010100010000100000100000
10;00010100000010100000100000
9;00100100000010100000100000
12;01000100000010100000100000
11;01000001000010100000100000
14;01000001000100100000100000
9;10000001000100100000100000
12;10000001000100100000000001
10;10000100000100100000000001
9;00100100000100100000000001
7;00101000000100100000000001
9;01001000000100100000000001
11;01000001000100100000000001
12;01000001000010100000000001
7;00100001000010100000000001
7;10000010001000000100010000
7;00100001001000000100010000
6;00010100001000000100010000
8;00010001001000000001010000
8;00100100001000000001010000
10;01000100001000000001010000
7;01000100001000000001000010
8;01000100001000010000000010
10;00010100001000010000000010
10;00011000001000010000000010
17;00010001001000010000000010
16;00010001001000010000000100
11;00011000001000010000000100
10;00010100001000010000000100
9;00010100001000000010000100
8;00010010001000000010000100
11;00100010001000000010000100
11;00100010001000001000000100
16;10000010001000001000000100
14;10000001001000001000000100
7;00100010000010010000000010
8;00100010001000010000000010
7;00010010001000010000000010
8;00010010000010010000000010
11;00011000000010010000000010
11;00011000100000010000000010
8;00010010100000010000000010
7;10000010100000010000000010
12;10001000100000010000000010
8;10000001100000010000000010
11;00010001100000010000000010
12;01000001100000010000000010
17;00100001100000010000000010
10;00100100100000010000000010
8;00100100100000000010000010
10;00100100100000000010010000
12;00100010100000000010010000
9;01000010100000000010010000
11;01001000100000000010010000
7;01001000000010000010010000
7;01000010010000100000010000
8;00100010010000100000010000
8;00100100000010100000010000
7;00100100000010100000000010
8;00101000000010100000000010
7;10001000000010100000000010
11;10000001000010100000000010
8;00100001000010100000000010
8;01000001000010100000000010
9;00010001000010100000000010
7;00010010000010100000000010
11;00010010001000100000000010
10;00100010001000100000000010
9;10000010001000100000000010
8;10001000001000100000000010
10;10001000001000100000100000
11;10000100001000100000100000
11;10000010001000100000100000
15;00100010001000100000100000
9;00100010000010100000100000
8;00100010000100000100100000
9;00100100000100000100100000
8;01000100000100000100100000
7;00010100000100000100100000
8;00010100000100000001100000
7;00010100000001000001100000
9;10000100000001000001100000
8;00100100000001000001100000
14;00100100000001001000100000
12;00101000000001001000100000
12;00100001000001001000100000
11;00100010000001001000100000
14;00100010001000001000100000
10;00100010001000000010100000
9;00100010000010000010100000
7;00101000000010000010100000
8;01001000000010000010100000
10;01001000100000000010100000
9;01000001100000000010100000
6;00100001000100000100010000
8;00100001000100000010010000
9;01000001000100000010010000
10;10000001000100000010010000
11;10001000000100000010010000
12;10000100000100000010010000
11;00100100000100000010010000
8;01000100000100000010010000
11;01000100000100010000010000
10;10000100000100010000010000
9;10000100000100010000000010
8;10000010000100010000000010
10;10001000000100010000000010
10;00101000000100010000000010
9;00100010000100010000000010
9;00100001000100010000000010
8;01000001000100010000000010
7;01000001000100000001000010
7;01000100000100000001000010
8;01001000000100000001000010
7;01001000100000000100100000
6;00011000100000000100100000
7;00010100100000000100100000
8;00100100100000000100100000
9;01000100100000000100100000
8;01000010100000000100100000
7;00100010100000000100100000
8;00010010100000000100100000
8;00010010100000000001100000
8;00010100100000000001100000
15;01000100100000000001100000
9;01001000100000000001100000
7;01001000000010000001100000
7;01000100000010000001100000
7;00100100000010000001100000
9;00100001000010000001100000
8;01000001000010000001100000
17;01000001000010010000100000
14;01000001000100010000100000
12;01000100000100010000100000
6;00010100000100000100000001
7;00010100000100000001000001
7;00010010000100000001000100
6;00010010000100000100000100
7;00100001000100000100000100
8;00100001000100000010000100
8;10000001000100000010000100
9;10000010000100000010000100
10;10000100000100000010000100
11;00100100000100000010000100
8;00010100000100000010000100
8;00010010000100000010000100
11;01000010000100000010000100
11;01001000000100000010000100
8;00011000000100000010000100
9;00101000000100000010000100
19;00101000000100100000000100
13;01001000000100100000000100
12;10001000000100100000000100
13;10001000000100000001000100
8;00010001100000000010000100
9;00100001100000000010000100
7;10000001100000000010000100
8;10000010100000000010000100
9;00010010100000000010000100
11;00011000100000000010000100
9;00011000100000100000000100
15;01001000100000100000000100
9;01001000100000000010000100
10;01000010100000000010000100
8;01000001100000000010000100
7;01000001100000000010000010
7;00010001100000000010000010
7;00100001100000000010000010
8;00100100100000000010000010
8;01000100100000000010000010
9;01001000100000000010000010
11;01001000100000100000000010
11;01001000100000100000100000
8;10000100001000000001000001
8;10000001001000000001000001
9;10000001001000100000000001
10;10000010001000100000000001
8;00100010001000100000000001
10;01000010001000100000000001
14;01000001001000100000000001
11;01000001001000100000010000
16;01000100001000100000010000
16;00010100001000100000010000
13;10000100001000100000010000
8;10000100001000100000000010
15;00100100001000100000000010
10;00100010001000100000000010
11;00100001001000100000000010
9;00100001000001100000000010
8;00101000000001100000000010
7;00011000000001100000000010
9;00011000000100100000000010
5;00100010000010000010000010
7;00010010000010001000000010
8;00100001000010001000000010
9;01001000000010001000000010
9;00101000100000001000000010
9;00010100100000001000000010
11;01000001100000001000000010
8;00100001100000000001000010
11;00100001100000000001000100
10;00100100100000000001000100
14;00100100100000001000000100
12;00100001100000001000000100
14;10000001100000001000000100
16;00010001100000001000000100
15;00010001100000001000000010
10;10000001100000001000000010
8;10001000100000001000000010
9;00011000100000001000000010
9;00010100100000001000000010
10;01000100100000001000000010
8;00010010100000100000000010
9;00100010100000100000000010
10;01000010100000100000000010
11;01000001100000100000000010
9;10000001100000100000000010
13;10000100100000100000000010
14;00010100100000100000000010
11;00010001100000100000000010
16;00010001100000100000000100
16;00010100100000100000000100
18;00100100100000100000000100
11;10000100100000100000000100
10;10001000100000100000000100
15;00101000100000100000000100
9;00011000100000100000000100
15;01001000100000100000000100
15;01001000000010100000000100
11;00101000000010100000000100
10;00100001000010100000000100
6;10000010001000000010001000
6;00100010000010000010001000
5;00100010000010000010000010
7;00010001000010000010000010
7;10000001000100000010000010
8;10000001000100000010000100
9;10000010000100000010000100
14;00010010000100001000000100
8;00010010000100001000000001
11;10000010000100001000000001
10;01000010000100001000000001
11;01000010000100001000010000
10;01000100000100001000010000
9;01000100000100001000000001
8;01000001000100001000000001
9;01001000000100001000000001
9;00101000000100001000000001
7;00100100000100001000000001
8;00100010000100001000000001
7;00100010000100000001000001
7;01000100100000000100010000
7;00100100100000000100010000
6;00101000100000000100010000
8;00100001100000000100010000
6;10000001100000000100010000
7;01000001100000000100010000
8;01000001100000000010010000
10;00100001100000000010010000
9;00101000100000000010010000
12;00101000100000100000010000
14;00100010100000100000010000
15;00100001100000100000010000
13;01000001100000100000010000
12;01001000100000100000010000
11;01000100100000100000010000
10;00100100100000100000010000
12;00100100100000100000000010
9;00100010100000100000000010
14;00100001100000100000000010
16;00100001100000100000000100
8;01000010000100000100100000
8;01000100000100000100100000
9;00100100000100000100100000
7;00010100000100000100100000
8;00010100000100000001100000
7;00010100000001000001100000
9;10000100000001000001100000
10;10000100100000000001100000
9;10000010100000000001100000
9;10000001100000000001100000
8;10001000100000000001100000
7;10001000000010000001100000
7;01001000000010000001100000
8;01001000000010010000100000
18;01001000100000010000100000
16;00011000100000010000100000
15;00101000100000010000100000
16;10001000100000010000100000
8;10001000100000010000000001
7;00011000100000000100010000
6;00101000100000000100010000
8;00100001100000000100010000
10;00100001100000000010010000
12;00100010100000000010010000
12;00100010100000001000010000
12;10000010100000001000010000
10;10001000100000001000010000
11;10000001100000001000010000
14;01000001100000001000010000
12;01000001100000001000000001
8;01001000100000001000000001
11;01001000000010001000000001
7;10001000000010001000000001
10;00011000000010001000000001
8;00011000100000001000000001
7;00101000100000001000000001
8;00100100100000001000000001
11;00010100100000001000000001
7;00101000001000010000001000
6;00100010001000010000001000
7;00100010001000010000000001
10;00100001001000010000000001
11;01000001001000010000000001
8;01000100001000010000000001
9;01000100001000000001000001
8;01000001001000000001000001
8;10000001001000000001000001
9;10000001001000100000000001
9;10001000001000100000000001
8;00011000001000100000000001
12;00010100001000100000000001
13;01000100001000100000000001
8;01001000001000100000000001
7;00101000001000100000000001
8;00100010001000100000000001
7;00100010000001100000000001
9;10000010000001100000000001
11;10000010100000100000000001
8;10000100001000001000001000
7;00010100001000001000001000
8;00010001001000001000001000
11;00011000001000001000001000
11;10001000001000001000001000
8;01001000001000001000001000
8;01000001001000001000001000
9;10000001001000001000001000
7;10000100100000000100100000
8;00100100100000000100100000
9;01000100100000000100100000
7;01001000100000000100100000
8;01000001100000000100100000
10;00100001100000000100100000
9;00100001100000000010100000
8;00010001100000000010100000
15;00010100100000000010100000
13;00010010100000000010100000
11;01000010100000000010100000
9;01000001100000000010100000
10;01001000100000000010100000
10;00101000100000000010100000
9;00011000100000000010100000
12;00011000100000100000100000
9;00011000000010100000100000
11;00010010000010100000100000
10;00010001000010100000100000
10;00010100000010100000100000
7;00010100000010010000000100
8;00100100000010010000000100
8;00100100000010000010000100
7;10000100000010000010000100
10;10000100000010010000000100
9;10000010000010010000000100
8;00010010000010010000000100
7;00010010000010010000000001
11;00010010001000010000000001
8;01000010001000010000000001
8;10000010001000010000000001
8;10000100001000010000000001
8;01000100001000010000000001
9;00010100001000010000000001
9;00010100001000000010000001
9;00010100001000000010000100
16;10000100001000000010000100
9;10000010001000000010000100
8;00010010001000000010000100
10;00011000001000000010000100
7;00100001001000000100010000
7;00101000001000000100010000
8;00011000001000000100010000
8;10001000001000000100010000
7;10000100001000000100010000
8;10000001001000000100010000
9;10000001001000000010010000
8;01000001001000000010010000
9;01000100001000000010010000
9;00010100001000000010010000
12;00011000001000000010010000
11;01001000001000000010010000
8;01000010001000000010010000
12;01000010001000001000010000
9;00100010001000001000010000
9;00100010001000000001010000
12;00100001001000000001010000
8;00010001001000000001010000
9;10000001001000000001010000
8;01000001001000000010010000
8;01000010001000000010010000
9;01000100001000000010010000
9;00010100001000000010010000
9;00010100001000000010000010
8;01000100001000000010000010
7;00100100001000000010000010
14;00100100001000010000000010
8;00100100000001010000000010
8;00100100000001010000010000
13;00100100001000010000010000
16;00100001001000010000010000
17;00101000001000010000010000
18;10001000001000010000010000
10;10000100001000010000010000
11;10000010001000010000010000
13;01000010001000010000010000
8;01000010001000010000000001
7;01000010000010010000000001
7;01001000000010000001100000
7;10001000000010000001100000
7;00101000000010000001100000
7;00100100000010000001100000
8;00100100000010001000100000
11;00100010000010001000100000
8;00100010000010000001100000
8;10000010000010000001100000
8;10000010000010100000100000
11;10000010001000100000100000
11;01000010001000100000100000
12;00010010001000100000100000
15;00100010001000100000100000
12;00101000001000100000100000
16;00101000001000100000000010
8;00101000000001100000000010
8;00101000000001100000100000
8;00011000000001100000100000
13;00010010000001100000100000
14;00010100000001100000100000
7;00100100000010000001100000
8;00100100000010001000100000
9;00100001000010001000100000
8;10000001000010001000100000
11;01000001000010001000100000
11;01000010000010001000100000
11;01000100000010001000100000
8;10000100000010001000100000
9;10000010000010001000100000
10;00010010000010001000100000
8;00010100000010001000100000
9;00010100010000001000100000
9;01000100010000001000100000
10;01000100000001001000100000
9;10000100000001001000100000
8;10000100000001001000000001
8;10001000000001001000000001
7;10000001000001001000000001
9;10000001100000001000000001
10;00010001100000001000000001
7;00010100000001001000000010
8;00010001000001001000000010
9;00010001000100001000000010
10;10000001000100001000000010
11;10001000000100001000000010
12;10001000000100001000100000
14;00101000000100001000100000
13;00101000000100000001100000
12;00100010000100000001100000
13;00100010000100001000100000
10;00010010000100001000100000
11;00011000000100001000100000
8;00011000000100001000000010
8;00010100000100001000000010
12;00010100000100001000010000
10;01000100000100001000010000
23;01001000000100001000010000
10;00101000000100001000010000
12;00011000000100001000010000
6;10000100001000000100100000
8;01000100001000000100100000
9;01000001001000000100100000
7;10000001001000000100100000
6;10001000001000000100100000
7;01000100000010000001100000
8;01000100000010010000100000
9;00010100000010010000100000
10;00011000000010010000100000
11;00010001000010010000100000
12;00010001000100010000100000
13;00100001000100010000100000
14;01000001000100010000100000
13;10000001000100010000100000
12;10000010000100010000100000
12;10001000000100010000100000
18;00101000000100010000100000
10;00101000000100010000000010
12;01001000000100010000000010
10;10001000000100010000000010
9;10000100000100010000000010
9;00100100000100010000000010
9;00100001000100010000000010
8;01000001000100010000000010
7;01000001000010010000000010
8;01000100000100000100100000
9;00100100000100000100100000
8;00100010000100000100100000
7;00101000000100000100100000
7;00011000000001010000000010
7;00101000000001010000000010
9;10001000000001010000000010
7;10000100000001010000000010
8;10000100100000010000000010
9;01000100100000010000000010
8;01000100100000000001000010
8;00100100100000000001000010
9;00100100100000000001010000
14;00100100100000001000010000
14;00100100100000001000000010
8;00100010100000001000000010
9;00101000100000001000000010
8;10001000100000001000000010
9;00011000100000001000000010
15;00010001100000001000000010
9;00100001100000001000000010
12;00100001100000001000000100
14;10000001100000001000000100
16;00010001100000001000000100
8;10000010000010000010000010
5;00010010000010000010000010
6;01000010000010000010000010
8;01001000000010000010000010
6;00011000000010000010000010
7;00010001000010000010000010
7;00100001000010000010000010
5;01000001000010000010000010
7;01000001000010000010000100
7;01001000000010000010000100
9;00101000000010000010000100
11;00101000000010100000000100
15;00101000100000100000000100
18;00100100100000100000000100
19;00100010100000100000000100
12;10000010100000100000000100
10;10000010000001100000000100
9;00010010000001100000000100
11;00010001000001100000000100
7;00100100010000010000000100
8;00101000010000010000000100
7;00100001010000010000000100
7;10000001010000010000000100
8;10000010010000010000000100
8;10001000010000010000000100
8;10000100010000010000000100
6;01000100010000010000000100
8;01000100000001010000000100
8;01000010000001010000000100
8;01001000000001010000000100
9;00011000000001010000000100
8;00010001000001010000000100
11;00010001000100010000000100
8;00010001000100010000000010
9;00100001000100010000000010
9;00100100000100010000000010
9;10000100000100010000000010
9;01000100000100010000000010
8;01000001000100010000000010
5;00100001000001000001000001
6;00010001000001000001000001
5;00010010000001000001000001
6;10000010000001000001000001
9;10000010000001100000000001
10;00010010000001100000000001
8;00010001000001100000000001
11;00010100000001100000000001
12;00010100000100100000000001
14;00010010000100100000000001
10;01000010000100100000000001
8;00100010000100100000000001
16;10000010000100100000000001
8;10000010000100000001000001
6;00010010000100000001000001
7;00011000000100000001000001
10;01001000000100000001000001
12;01001000000100010000000001
10;10001000000100010000000001
12;10001000000100010000100000
13;10000001000100010000100000
12;00010001000100010000100000
7;00010100010000001000010000
8;00010001010000001000010000
8;10000001010000001000010000
8;10001000010000001000010000
6;10000100010000001000010000
6;01000100010000001000010000
8;01000100000001001000010000
8;00100100000001001000010000
12;00100100001000001000010000
16;00100100001000001000000010
8;00100001001000001000000010
12;00100001001000001000000100
10;00101000001000001000000100
9;00101000000001001000000100
14;00011000000001001000000100
11;00011000000100001000000100
12;10001000000100001000000100
18;10000001000100001000000100
15;10000100000100001000000100
17;00100100000100001000000100
8;00100010000010001000010000
9;00100010001000001000010000
10;00010010001000001000010000
11;00010001001000001000010000
11;01000001001000001000010000
13;10000001001000001000010000
14;10000100001000001000010000
15;10000100001000001000000010
16;10000001001000001000000010
15;00010001001000001000000010
9;01000001001000001000000010
10;01001000001000001000000010
8;00101000001000001000000010
8;00100001001000001000000010
12;00100001001000001000000100
8;00100001001000000001000100
7;00010001001000000001000100
6;00010001001000000100000100
7;00010001001000000010000100
6;10000001100000000100010000
8;00100001100000000100010000
7;01000001100000000100010000
8;01000001100000000010010000
11;01001000100000000010010000
11;01000100100000000010010000
12;10000100100000000010010000
9;10000100100000010000010000
10;10001000100000010000010000
11;01001000100000010000010000
11;00011000100000010000010000
13;00101000100000010000010000
14;00100010100000010000010000
11;01000010100000010000010000
14;00010010100000010000010000
12;00010001100000010000010000
10;00010100100000010000010000
12;00010100100000010000000010
10;00100100100000010000000010
14;00100100100000010000010000
8;00010001000001001000000010
9;00010001000100001000000010
10;10000001000100001000000010
10;01000001000100001000000010
11;00100001000100001000000010
8;00100100000100001000000010
7;00100010000100001000000010
9;00101000000100001000000010
12;00101000000100000001000010
11;00100001000100000001000010
7;10000001000100000001000010
8;10000001000100000001000100
9;00100001000100000001000100
12;00101000000100000001000100
8;00011000000100000001000100
7;00011000000100000100000100
8;00101000000100000100000100
7;10001000000100000100000100
7;10000100000100000100000100
7;10000010100000010000000010
8;10000100100000010000000010
9;10000100100000010000010000
10;00010100100000010000010000
11;00011000100000010000010000
10;00011000000010010000010000
8;00010100000010010000010000
8;10000100000010010000010000
7;00100100000010010000010000
7;00100100000010000010010000
5;00100100000010000010000010
7;00100001000010000010000010
7;10000001000010000010000010
8;10001000000010000010000010
6;00011000000010000010000010
8;00011000000010100000000010
9;00010001000010100000000010
10;00010001000100100000000010
8;00010010000100100000000010
10;01000010000100100000000010
8;00011000100000000010000010
9;00011000100000000010100000
8;10001000100000000010100000
10;01001000100000000010100000
9;01000100100000000010100000
9;01000001100000000010100000
11;01000010100000000010100000
10;00100010100000000010100000
10;00100100100000000010100000
9;00100001100000000010100000
10;00101000100000000010100000
7;00101000000010000010100000
6;00101000000010000010000010
8;00101000000010100000000010
8;00100001000010100000000010
11;10000001000010100000000010
7;10001000000010100000000010
15;10001000100000100000000010
9;00011000100000100000000010
7;00101000010000010000100000
8;00100010010000010000100000
9;00010010010000010000100000
7;00010100010000010000100000
7;00011000010000010000100000
8;00010001010000010000100000
7;01000001010000010000100000
9;01000001000001010000100000
9;10000001000001010000100000
10;00010001000001010000100000
9;00010100000001010000100000
8;00010100000001000010100000
7;10000100000001000010100000
8;00100100000001000010100000
9;00100100000001010000100000
11;00100001000001010000100000
10;00101000000001010000100000
11;10001000000001010000100000
9;10001000000001010000000010
12;10001000100000010000000010
8;00101000000100000100010000
7;10001000000100000100010000
8;10000010000100000100010000
7;10000100000100000100010000
7;00100100000100000100010000
8;00100010000100000100010000
7;01000010000100000100010000
7;01001000000100000100010000
7;01000100000100000100010000
5;00010001010000000010010000
6;00100010010000000010010000
6;10001000010000000010010000
6;10000100010000000010010000
7;00010100000010000010010000
5;01000100000010000010000010
5;10000100010000000010000010
3;00100001010000000010000010
4;00100001010000000010000100
3;00010001010000000100000100
4;01000010010000000100000100
4;01000100010000000100000100
4;00010100000010000100000100
5;00011000000010000100000100
6;01000010000010000100000100
6;00010010001000000100000100
6;00010001001000000100000100
7;00010001001000000001000100
8;10000001001000000001000100
9;10001000001000000001000100
8;10001000000001000001000001
6;00011000000001000001000001
8;00010100000001000001000001
7;01000100000001000001000001
5;01000001000001000001000001
7;01000010000001000001000001
8;01001000000001000001000001
7;00101000000001000001000001
7;00100100000001000001000001
5;00100001000001000001000001
6;00010001000001000001000001
6;10000001000001000001000001
8;10000001000001000001100000
9;10000100000001000001100000
8;10000010000001000001100000
9;10000010100000000001100000
8;10001000100000000001100000
9;01001000100000000001100000
15;01000100100000000001100000
8;00100100000001000001100000
7;01000100000001000001100000
8;01000100000001010000100000
11;00100010000001010000100000
9;10000100000001010000100000
11;10000010100000010000100000
14;01000001100000010000100000
15;00101000100000010000100000
16;00011000100000010000100000
15;00010100100000000010100000
9;00011000100000000010100000
12;00011000100000100000100000
11;01001000100000100000100000
15;01000001100000100000100000
13;10000001100000100000100000
16;00010001100000100000100000
11;00010010100000100000100000
18;01000010100000100000100000
12;00100010100000100000100000
8;10001000000010010000100000
9;10001000000010010000000010
6;10000010000010010000000010
7;10000001000010010000000010
7;01000001000010010000000010
10;01000001000010010000000100
8;00010001000010010000000100
7;00010100000010010000000100
8;00100100000010010000000100
11;01000100000010010000000100
6;01000100010000010000000100
6;01000010010000010000000100
8;01000010000001010000000100
8;01001000000001010000000100
10;00101000000001010000000100
9;00011000000001010000000100
13;00011000000100010000000100
17;00101000000100010000000100
15;00100010000100010000000100
7;10001000000010000001100000
8;10001000000010100000100000
8;10000001000010100000100000
10;00010001000010100000100000
11;00010001000100100000100000
12;00010001000001100000100000
8;00011000000001100000100000
8;10001000000001100000100000
14;10000001000001100000100000
16;01000001000001100000100000
15;00100001000001100000100000
9;00100100000001100000100000
11;01000100000001100000100000
12;01000010000001100000100000
16;00100010000001100000100000
15;00100010001000100000100000
14;00100100001000100000100000
12;01000100001000100000100000
11;01000010001000100000100000
12;00010010001000100000100000
7;01000100010000100000000100
8;00100100010000100000000100
6;10000001010000100000000100
7;00010100010000100000000100
8;00010100000010100000000100
8;00011000000010100000000100
9;00011000100000100000000100
11;00011000100000000010000100
8;10001000100000000010000100
7;10000001100000000010000100
8;01000001100000000010000100
8;01000001100000000100000100
8;01000010100000000100000100
8;01000100100000000100000100
8;00100100100000000100000100
8;00100010100000000100000100
8;00100001100000000100000100
9;00100001100000000010000100
11;00100100100000000010000100
7;00101000000100000100100000
8;00100010000100000100100000
8;01000010000100000100100000
8;01000100000100000100100000
7;00010100000100000100100000
9;00100100000100000100100000
7;01000001000001010000000001
5;01000001000001000001000001
5;00100001000001000001000001
6;00010001000001000001000001
6;00011000000001000001000001
7;00101000000001000001000001
7;00100100000001000001000001
9;10000100000001000001000001
6;10000010000001000001000001
8;10001000000001000001000001
7;10001000100000000001000001
10;10000001100000000001000001
8;01000001100000000001000001
7;00010001100000000001000001
9;00100001100000000001000001
7;00100010100000000001000001
9;01000010100000000001000001
10;01000010100000010000000001
11;00010010100000010000000001
9;00011000100000010000000001
7;10001000010000010000100000
7;10000001010000010000100000
7;01000001010000010000100000
9;01000001000001010000100000
10;00010001000001010000100000
9;00010100000001010000100000
12;00011000000001010000100000
11;10001000000001010000100000
10;10000010000001010000100000
9;10000100000001010000100000
10;10000100100000010000100000
16;10001000100000010000100000
15;00101000100000010000100000
18;01001000100000010000100000
16;00011000100000010000100000
22;00010001100000010000100000
14;01000001100000010000100000
12;01000010100000010000100000
15;01000010100000000001100000
9;10000010100000000001100000
7;01000010001000000100100000
7;00100010001000000100100000
7;00100100001000000100100000
6;10000100001000000100100000
7;10000001001000000100100000
6;10001000001000000100100000
7;10001000010000100000000100
6;00101000010000100000000100
6;00011000010000100000000100
7;01001000010000100000000100
8;01000010000001100000000100
10;00100010000001100000000100
8;10000001000001100000000100
7;10000001000001100000000010
9;10000001100000100000000010
11;01000001100000100000000010
14;00100001100000100000000010
12;00100100100000100000000010
13;10000100100000100000000010
9;10000100100000100000010000
11;01000100100000100000010000
15;01000100100000100000000010
14;00010100100000100000000010
15;00010100100000100000010000
10;00100100100000100000010000
6;00101000100000000010001000
6;01000100100000000010001000
7;00100100100000010000001000
6;10001000100000010000001000
7;01000010100000010000001000
8;00010010100000010000000010
10;00100100100000010000000010
12;01000001100000010000000010
8;01000001100000000001000010
8;01000100100000000001000010
8;00100100100000000001000010
9;00100100100000000001010000
12;00100001100000000001010000
11;00101000100000000001010000
10;00100010100000000001010000
13;10000010100000000001010000
8;00010010100000000001010000
10;01000010100000000001010000
9;01000010100000000001000001
8;01000100100000000001000001
8;00100010000010000001100000
7;00100100000010000001100000
9;00100001000010000001100000
8;10000001000010000001100000
8;10000001000010100000100000
10;00100001000010100000100000
9;00100100000010100000100000
9;00100010000010100000100000
8;00101000000010100000100000
7;00101000000010000010100000
9;00100010000010000010100000
11;00100010000010001000100000
10;00101000000010001000100000
7;00101000000010001000000010
8;00100001000010001000000010
11;00100001000100001000000010
13;00100001000100001000000100
17;00100100000100001000000100
12;00010100000100001000000100
7;01000001000100000001000010
7;01000100000100000001000010
9;00100100000100000001000010
8;00100100000100001000000010
11;00100001000100001000000010
11;00100001000100000001000010
12;00101000000100000001000010
13;00101000000100000001100000
12;10001000000100000001100000
9;10000001000100000001100000
9;10000001000100100000100000
12;10001000000100100000100000
10;00101000000100100000100000
11;00100010000100100000100000
10;00100001000100100000100000
12;00100100000100100000100000
18;00010100000100100000100000
22;00011000000100100000100000
8;00011000000100000010100000
9;10001000000100000010100000
7;00010010000010001000000010
8;00011000000010001000000010
9;00011000100000001000000010
10;00010010100000001000000010
9;00010100100000001000000010
10;01000100100000001000000010
13;01000100100000001000010000
10;01000010100000001000010000
15;00010010100000001000010000
12;00100010100000001000010000
12;10000010100000001000010000
11;10000001100000001000010000
14;01000001100000001000010000
18;00010001100000001000010000
16;00100001100000001000010000
12;00100001100000000001010000
9;00100100100000000001010000
14;00100100100000001000010000
14;00101000100000001000010000
14;00011000100000001000010000
7;00101000000001000001000001
7;00101000001000000001000001
8;10001000001000000001000001
8;10000100001000000001000001
10;10000100001000100000000001
13;01000100001000100000000001
12;00010100001000100000000001
13;00010100001000100000000100
16;00011000001000100000000100
12;00010010001000100000000100
13;01000010001000100000000100
12;01000001001000100000000100
14;10000001001000100000000100
8;10000001001000000001000100
8;00100001001000000001000100
12;00100001001000001000000100
10;00101000001000001000000100
13;00011000001000001000000100
13;00010010001000001000000100
7;10000100000010000010010000
7;00010100000010000010010000
5;00010100000010000010000010
5;00010010000010000010000010
6;01000010000010000010000010
8;10000010000010000010000010
7;10000001000010000010000010
7;00100001000010000010000010
5;00100100000010000010000010
6;00101000000010000010000010
8;01001000000010000010000010
8;01001000000010000010100000
10;00011000000010000010100000
9;00011000100000000010100000
13;00010010100000000010100000
15;00010100100000000010100000
8;00010001100000000010100000
9;01000001100000000010100000
11;01000010100000000010100000
10;01001000100000000010100000
7;01000010000001000001000100
8;10000010000001000001000100
9;00100010000001000001000100
8;00100010001000000001000100
8;00100001001000000001000100
7;00100001001000000001000010
8;00100001001000001000000010
9;01000001001000001000000010
14;01000100001000001000000010
10;01001000001000001000000010
9;01000010001000001000000010
8;00010010001000001000000010
11;00011000001000001000000010
8;00101000001000001000000010
16;00100100001000001000000010
15;10000100001000001000000010
14;10000100001000001000010000
15;01000100001000001000010000
13;00010100001000001000010000
13;00011000001000001000010000
8;01001000001000000001100000
8;00101000001000000001100000
9;00100001001000000001100000
8;00100001000001000001100000
8;10000001000001000001100000
9;10000100000001000001100000
8;00100100000001000001100000
9;00100010000001000001100000
10;00100010001000000001100000
15;01000010001000000001100000
13;10000010001000000001100000
11;10000010001000100000100000
10;10000010001000100000000001
8;00100010001000100000000001
7;00100010000001100000000001
7;00100001000001100000000001
7;10000001000001100000000001
6;10000001000001000001000001
5;00100001000001000001000001
8;00011000000010100000000100
9;00010001000010100000000100
8;10000001000010100000000100
11;10000001000100100000000100
10;10000001000100100000000010
7;10000001000100000001000010
7;10001000000100000001000010
12;00101000000100000001000010
11;00100001000100000001000010
7;01000001000100000001000010
8;01000001000100010000000010
10;10000001000100010000000010
15;10000001000100010000000100
13;00100001000100010000000100
9;00100001000100010000000010
10;00101000000100010000000010
9;00100010000100010000000010
9;00100100000100010000000010
9;10000100000100010000000010
7;00100010100000000100010000
8;00010010100000000001010000
8;00010100100000000001010000
10;00011000100000000001010000
11;01001000100000000001010000
12;01000001100000000001010000
9;01000100100000000001010000
10;01000010100000000001010000
10;00100010100000000001010000
9;00100100100000000001010000
8;00100100100000000001000010
8;00100001100000000001000010
9;00100001100000001000000010
9;00101000100000001000000010
8;10001000100000001000000010
9;10001000100000001000100000
8;10001000100000001000000001
9;10000001100000001000000001
10;00010001100000001000000001
8;00100001100000001000000001
7;00100010100000000100100000
8;00010010100000000100100000
7;00010100100000000100100000
8;00100100100000000100100000
10;00100001100000000100100000
9;00100001100000000010100000
9;01000001100000000010100000
8;01000001100000000100100000
7;10000001100000000100100000
7;10000100100000000100100000
9;01000100100000000100100000
8;01000010100000000100100000
7;01001000100000000100100000
6;00011000100000000100100000
7;00010001100000000100100000
10;00010001100000000001100000
15;01000001100000000001100000
15;01000010100000000001100000
15;01000100100000000001100000
7;00100001000001000010100000
8;00100100000001000010100000
9;00100100001000000010100000
10;10000100001000000010100000
11;10000100001000010000100000
12;00010100001000010000100000
13;01000100001000010000100000
11;01000100001000000001100000
15;01000010001000000001100000
10;00100010001000000001100000
9;00100100001000000001100000
8;00101000001000000001100000
9;00100001001000000001100000
9;10000001001000000001100000
13;10000010001000000001100000
8;10000010000010000001100000
8;10000001000010000001100000
8;01000001000010000001100000
19;01000001000100000001100000
11;01000100000100000001100000
8;10001000000001000001010000
9;10001000000001100000010000
8;10000100000001100000010000
9;10000100100000100000010000
12;10000001100000100000010000
13;00010001100000100000010000
13;01000001100000100000010000
15;01000010100000100000010000
12;01001000100000100000010000
12;00101000100000100000010000
11;00101000000010100000010000
8;00100100000010100000010000
9;00100010000010100000010000
9;00010010000010100000010000
8;00010100000010100000010000
7;10000100000010100000010000
11;10000010000010100000010000
13;10000010001000100000010000
13;10000100001000100000010000
8;10001000100000000001000100
9;10000010100000000001000100
8;10000010000001000001000100
9;00100010000001000001000100
8;00100010001000000001000100
8;00100001001000000001000100
12;00100001001000001000000100
11;00100100001000001000000100
13;00100100000001001000000100
8;00100001000001001000000100
9;00010001000001001000000100
8;00010001000001001000000001
9;00011000000001001000000001
14;00011000000001001000000100
11;00010100000001001000000100
15;10000100000001001000000100
15;10001000000001001000000100
8;01001000000001001000000100
9;00101000000001001000000100
7;10000001001000000001000010
8;10000001001000000001000100
7;00010001001000000001000100
10;00010100001000000001000100
9;00100100001000000001000100
9;00101000001000000001000100
11;01001000001000000001000100
9;01000001001000000001000100
11;01000010001000000001000100
8;10000010001000000001000100
11;10000010001000100000000100
8;10000010000010100000000100
12;00100010000010100000000100
9;00100100000010100000000100
10;00100001000010100000000100
9;00010001000010100000000100
10;00010001000010100000000001
7;00100001000010100000000001
12;01000001000010100000000001
12;01000001000010100000010000
8;10000001010000001000010000
6;10000100010000001000010000
8;10001000010000001000010000
8;00011000010000001000010000
7;00010100010000001000010000
6;01000100010000001000010000
8;01000100000001001000010000
8;00010100000001001000010000
9;00010001000001001000010000
11;01000001000001001000010000
11;00100001000001001000010000
8;00100010000001001000010000
8;00010010000001001000010000
13;00010010000100001000010000
10;00010001000100001000010000
9;00010001000010001000010000
10;00011000000010001000010000
11;10001000000010001000010000
11;00101000000010001000010000
7;01000001000001100000000010
8;01000001000001100000000100
8;01000001010000100000000100
7;00100001010000100000000100
8;00100100010000100000000100
7;01000100010000100000000100
13;01000100000001100000000100
8;01000010000001100000000100
8;01000010010000100000000100
7;00100010010000100000000100
7;00010010010000100000000100
7;00010100010000100000000100
8;00010100000010100000000100
9;00010001000010100000000100
10;00010001000010100000000001
8;00010010000010100000000001
9;00010010001000100000000001
8;00011000001000100000000001
16;00011000001000100000000100
11;00010001001000100000000100
8;01000001000100010000000010
7;01000001000010010000000010
7;01001000000010010000000010
8;00101000000010010000000010
8;00100001000010010000000010
7;00100010000010010000000010
8;00010010000010010000000010
9;00010001000010010000000010
11;00011000000010010000000010
10;00011000000010010000100000
10;00010010000010010000100000
12;01000010000010010000100000
15;10000010000010010000100000
8;10001000000010010000100000
20;10000001000010010000100000
13;10000001000100010000100000
12;10000010000100010000100000
23;00100010000100010000100000
16;01000010000100010000100000
8;10000001010000010000010000
7;00100100010000010000010000
7;00100100000010010000010000
11;00100001000010010000010000
12;01000001000010010000010000
8;01001000000010010000010000
7;01001000000010010000000001
7;01000010000010010000000001
7;01000001000010010000000001
8;01000001000100010000000001
8;10000001000100010000000001
10;00010001000100010000000001
8;00010100000100010000000001
9;10000100000100010000000001
11;10000100000100010000100000
15;00100100000100010000100000
13;00100001000100010000100000
13;10000001000100010000100000
12;00010001000100010000100000
7;01000010000100001000001000
7;10000010000100001000001000
7;10000010000100001000000010
9;10000100000100001000000010
8;00010100000100001000000010
8;00011000000100001000000010
11;10001000000100001000000010
9;00101000000100001000000010
12;00101000000100000001000010
8;01001000000100000001000010
7;01000001000100000001000010
8;01000001000100010000000010
8;00010001000100010000000010
9;00100001000100010000000010
10;10000001000100010000000010
15;10000001000100010000000100
13;10000100000100010000000100
14;10000010000100010000000100
10;00010010000100010000000100
10;01000010000100010000000100
6;00010100010000000010010000
4;00010100010000000010000010
6;10000100010000010000000010
6;01000100010000010000010000
8;10000001010000010000010000
8;01000001000001010000010000
7;01000010000001010000010000
7;01001000000001010000010000
9;00011000000001010000010000
9;00010001000001010000010000
8;00010100000001010000010000
8;10000100000001010000010000
10;10000010000001010000010000
12;10000010100000010000010000
14;00100010100000010000010000
11;01000010100000010000010000
14;00010010100000010000010000
12;00010001100000010000010000
10;00010100100000010000010000
14;00100100100000010000010000
7;00101000001000001000000001
8;10000001001000001000000001
8;10000010000010001000000001
7;10001000000010001000000001
8;10001000100000001000000001
8;01001000100000001000000001
13;01001000100000001000010000
14;01000001100000001000010000
10;01000010100000001000010000
11;01000010100000001000000001
8;01000010100000000010000001
8;01000100100000000010000001
11;01000100100000010000000001
10;00010100100000010000000001
9;00011000100000010000000001
12;01001000100000010000000001
7;01001000100000000001000001
7;10001000100000000001000001
8;10000010100000000001000001
7;00100010100000000001000001
7;10000100010000100000000100
7;00010100010000100000000100
7;00010001010000100000000100
7;00100001010000100000000100
8;01000001010000100000000100
7;01000100010000100000000100
8;00100100010000100000000100
7;00100010010000100000000100
6;00101000010000100000000100
7;00011000100000010000001000
8;00010001100000010000001000
7;01000001100000010000001000
8;00100001100000010000001000
9;00100001100000010000000001
8;00100100100000010000000001
11;00101000100000010000000001
8;10001000100000010000000001
10;10000010100000010000000001
11;00010010100000010000000001
14;00010010100000010000000100
10;00011000100000010000000100
11;00010001100000010000000100
12;00010001100000010000000001
9;01000001100000010000000001
10;10000001100000010000000001
11;10000100100000010000000001
11;01000100100000010000000001
10;01000010100000010000000001
7;01001000100000001000001000
8;01000001100000001000001000
9;01000100100000001000001000
8;00010100100000001000001000
8;00010001100000001000001000
7;00011000100000001000001000
5;10001000010000000100000100
7;00011000010000001000100000
8;00010100000010001000100000
9;00010001000010001000100000
10;00011000000010001000100000
11;10001000000010001000100000
8;10000001000010001000100000
9;10000010000010001000100000
11;00100010000010001000100000
11;01000010000010001000100000
10;01001000000010001000100000
10;00101000000010001000100000
7;00101000000010000001100000
7;00100100000010000001100000
8;00100100000010001000100000
11;01000100000010001000100000
8;10000100000010001000100000
6;10000100000100100000001000
7;01000100000100100000001000
7;01000001000100100000001000
7;00100001000100100000001000
7;00100010000100100000001000
9;00100100000100100000001000
9;00100100000100100000000001
8;00100010000100100000000001
10;01000010000100100000000001
17;01000010000100100000010000
18;00100010000100100000010000
19;00010010000100100000010000
11;00011000000100100000010000
10;00011000000001100000010000
9;00010010000001100000010000
10;00100010000001100000010000
9;00100100000001100000010000
12;00100100001000100000010000
16;01000100001000100000010000
8;01000100001000010000000001
9;01000100001000010000010000
10;10000100001000010000010000
11;10000001001000010000010000
11;10000010001000010000010000
13;01000010001000010000010000
12;00010010001000010000010000
15;00010001001000010000010000
16;00100001001000010000010000
17;00101000001000010000010000
14;01001000001000010000010000
19;00011000001000010000010000
20;00010100001000010000010000
13;00100100001000010000010000
8;00100100001000000010010000
7;00100100001000000010000010
7;00101000001000000010000010
7;00011000001000000010000010
23;00011000001000000010100000
8;01000100000010001000000010
9;01001000000010001000000010
10;01001000000010001000100000
11;01000010000010001000100000
12;01000010001000001000100000
13;01000100001000001000100000
14;01001000001000001000100000
15;00101000001000001000100000
14;00011000001000001000100000
16;00010100001000001000100000
13;10000100001000001000100000
18;10000010001000001000100000
20;10000010001000000010100000
10;10000100001000000010100000
10;01000100001000000010100000
13;01000100001000010000100000
11;10000100001000010000100000
16;10001000001000010000100000
14;00101000001000010000100000
7;01000100001000000001000010
8;01000100001000010000000010
10;00010100001000010000000010
9;00010100001000000010000010
9;00010100001000000010010000
8;00100100001000000010010000
13;00100100001000010000010000
14;00100010001000010000010000
11;10000010001000010000010000
11;10000001001000010000010000
18;10001000001000010000010000
10;10000100001000010000010000
20;00010100001000010000010000
15;00010001001000010000010000
19;00011000001000010000010000
14;01001000001000010000010000
13;01000010001000010000010000
9;01000100001000010000010000
9;01000100001000000010010000
7;10000001000010000001000100
7;01000001000010000001000100
7;01001000000010000001000100
10;01001000100000000001000100
8;10001000100000000001000100
10;10000001100000000001000100
8;00010001100000000001000100
8;00010010100000000001000100
9;00010100100000000001000100
11;10000100100000000001000100
11;10000100100000100000000100
10;10000001100000100000000100
16;00010001100000100000000100
9;00011000100000100000000100
8;00011000000010100000000100
15;01001000000010100000000100
14;01000010000010100000000100
14;01000100000010100000000100
13;01000001000010100000000100
16;01000001000100100000000100
7;10000010000100000010000001
8;10000100000100000010000001
9;10000100000100010000000001
9;01000100000100010000000001
10;00100100000100010000000001
8;00010100000100010000000001
7;00010100000100000010000001
7;00011000000100000010000001
8;01001000000100000010000001
8;01000010000100000010000001
9;01000010000100000010010000
12;01001000000100000010010000
11;10001000000100000010010000
10;00011000000100000010010000
8;00010100000100000010010000
11;00010100000100010000010000
8;00010100000001010000010000
8;10000100000001010000010000
10;10000010000001010000010000
7;01000010000001010000010000
5;01000100000001000100100000
4;01001000010000000100100000
3;10000100010000000100100000
6;00010010010000000100100000
4;00100100010000000100100000
8;01001000000010000010000010
6;01000010000010000010000010
5;00010010000010000010000010
5;00010100000010000010000010
5;00100100000010000010000010
7;00100001000010000010000010
6;00100001000010000010000100
9;00100010000010000010000100
8;01000010000010000010000100
7;01001000000010000010000100
9;01001000100000000010000100
10;01000010100000000010000100
9;01000100100000000010000100
13;00010100100000000010000100
8;00010001100000000010000100
11;00011000100000000010000100
9;00011000100000100000000100
15;00101000100000100000000100
11;00101000000010100000000100
8;01000010000001100000000100
8;01000010010000100000000100
7;00010010010000100000000100
7;00010001010000100000000100
7;00100001010000100000000100
7;00100010010000100000000100
6;00101000010000100000000100
8;00100100010000100000000100
7;10000100010000100000000100
7;01000100010000100000000100
8;01000001010000100000000100
8;01000001000001100000000100
8;10000001000001100000000100
11;00010001000001100000000100
12;00011000000001100000000100
9;00010010000001100000000100
12;00010010000100100000000100
14;00010010000100100000000001
10;00010010000001100000000001
7;01000100100000000100010000
7;00100100100000000100010000
6;00101000100000000100010000
7;00011000100000000100010000
9;00010001100000000100010000
9;00010001100000000010010000
13;00010100100000000010010000
9;00010100100000000010000010
7;00010001100000000010000010
8;00010001100000000010000100
11;00011000100000000010000100
9;01001000100000000010000100
9;01000100100000000010000100
10;01000010100000000010000100
8;01000001100000000010000100
9;00100001100000000010000100
7;10000001100000000010000100
10;10000100100000000010000100
17;10000100100000010000000100
14;00010100100000010000000100
6;00101000000010010000001000
6;10001000100000010000001000
9;00010010100000010000001000
7;01000100100000010000001000
7;01000001100000010000001000
9;00100001100000010000000001
12;00010001100000010000000001
9;00011000100000010000000001
10;00011000100000010000000100
9;00011000000010010000000100
9;01001000000010010000000100
8;01000010000010010000000100
11;01000010001000010000000100
11;01000010001000000001000100
8;10000010001000000001000100
8;10000001001000000001000100
7;10000001001000000001000010
7;10000100001000000001000010
8;10000100001000100000000010
13;00010100001000100000000010
7;10000100000100000100100000
6;10000100000100000100000001
5;00101000000100000100000001
4;00100001000100000100001000
6;01000010000100000100001000
6;00011000000100000100001000
3;10000001000100000100001000
7;00100010000100001000000010
8;00100100000100001000000010
9;10000100000100001000000010
7;10000010000100001000000010
11;10001000000100001000000010
10;10000001000100001000000010
9;00010001000100001000000010
10;01000001000100001000000010
8;01000100000100001000000010
10;01000100000100001000010000
10;10000100000100001000010000
18;10000010000100001000010000
11;01000010000100001000010000
13;00010010000100001000010000
12;00010100000100001000010000
12;00011000000100001000010000
9;00011000000001001000010000
7;01001000000001001000010000
7;01001000010000001000010000
6;01000100010000001000010000
7;00101000001000100000000001
8;01001000001000100000000001
9;10001000001000100000000001
10;10000100001000100000000001
11;10000100001000100000100000
12;01000100001000100000100000
11;01000001001000100000100000
14;00100001001000100000100000
15;00100001000001100000100000
14;10000001000001100000100000
8;10000001000001000001100000
9;10000001100000000001100000
9;10000010100000000001100000
8;10000010100000000001000001
9;01000010100000000001000001
8;01000001100000000001000001
12;01000001100000000001010000
13;01000001100000010000010000
12;00010001100000010000010000
14;00010010100000010000010000
8;00010100001000000100100000
6;00101000001000000100100000
6;10000010001000000100100000
9;01000001001000000100100000
12;00010001001000000010100000
7;00100001000001000010100000
8;00100100000001000010100000
9;00100100001000000010100000
10;01000100001000000010100000
13;01000100001000010000100000
16;01001000001000010000100000
8;01001000001000010000000010
9;10001000001000010000000010
16;10001000001000010000100000
11;00011000001000010000100000
12;00010001001000010000100000
16;01000001001000010000100000
10;01000010001000010000100000
11;00100010001000010000100000
7;00010100000001000001100000
8;00100100000001000001100000
9;10000100000001000001100000
10;10000100000001100000100000
11;01000100000001100000100000
7;01000100010000100000100000
8;00010100010000100000100000
10;00010001010000100000100000
8;00010010010000100000100000
8;00100010010000100000100000
7;10000010010000100000100000
7;10000001010000100000100000
6;10000100010000100000100000
8;00100100010000100000100000
9;00100100000010100000100000
10;00100001000010100000100000
11;01000001000010100000100000
8;10000001000010100000100000
7;10000100000010100000100000
8;10000010001000000001000100
9;10001000001000000001000100
10;10001000001000100000000100
11;10000010001000100000000100
12;00010010001000100000000100
9;00010010001000100000000001
8;00010010000010100000000001
10;00010001000010100000000001
11;00010001000100100000000001
14;00010010000100100000000001
16;10000010000100100000000001
12;10000001000100100000000001
11;01000001000100100000000001
10;01000010000100100000000001
9;01001000000100100000000001
8;01001000000100000010000001
7;10001000000100000010000001
7;10000010000100000010000001
17;10000010000100000010100000
7;10000010001000000010000001
8;10000010001000001000000001
9;01000010001000001000000001
10;01000100001000001000000001
9;01001000001000001000000001
12;00011000001000001000000001
13;00011000001000001000000100
14;00010001001000001000000100
13;00010001001000001000000001
8;00010010001000001000000001
13;00010010001000001000000100
12;01000010001000001000000100
11;01000100001000001000000100
11;01001000001000001000000100
13;10001000001000001000000100
14;10000001001000001000000100
13;10000100001000001000000100
16;10000010001000001000000100
11;10000010000010001000000100
8;00100010000010001000000100
8;01000100001000000100000100
8;10000100001000000100000100
7;10000010001000000100000100
10;10001000001000000100000100
7;10000001001000000100000100
6;00010001001000000100000100
7;00010001001000000001000100
8;00011000001000000001000100
9;00101000001000000001000100
8;00100010001000000001000100
9;00100010000001000001000100
7;00101000000001000001000100
8;00100100000001000001000100
7;00100001000001000001000100
8;00100001000001001000000100
12;00100001001000001000000100
11;00100010001000001000000100
11;00100010000001001000000100
13;00100100000001001000000100
6;10000100010000001000000010
6;10000001010000001000000010
7;01000001010000001000000100
7;10000010010000001000000100
7;00100100010000001000000100
9;01000100000001001000000100
13;00100100000001001000000100
11;00010100000001001000000100
15;10000100000001001000000100
12;10000010000001001000000100
15;10000010100000001000000100
16;01000010100000001000000100
11;01001000100000001000000100
17;10001000100000001000000100
13;00101000100000001000000100
12;00100001100000001000000100
13;01000001100000001000000100
11;01000001100000001000000010
10;01000010100000001000000010
8;00100010100000001000000010
7;00100010100000000100100000
8;00010010100000000001100000
10;00010001100000000001100000
10;00100001100000000001100000
9;10000001100000000001100000
8;10000001000001000001100000
9;10000100000001000001100000
9;10000100000001000001000001
7;00100100000001000001000001
7;01000100000001000001000001
7;01000010000001000001000001
7;01000010000001000001010000
9;00100010000001000001010000
9;00010010000001000001010000
8;00010010000100000001010000
7;00010100000100000001010000
11;01000100000100000001010000
15;01000010000100000001010000
8;01000001000100000001010000
8;10001000000100100000000010
7;10001000000100000010000010
10;01001000000100000010000010
11;01000100000100000010000010
8;00100100000100000010000010
11;00100100000100000010010000
13;00100100000100010000010000
15;00100001000100010000010000
15;00100010000100010000010000
11;10000010000100010000010000
11;00010010000100010000010000
9;00010010000001010000010000
10;10000010000001010000010000
10;00100010000001010000010000
7;01000010000001010000010000
7;01000010000001000001010000
7;01000010000001000001000001
8;01001000000001000001000001
7;01000100000001000001000001
6;10000100000100100000001000
7;01000100000100100000001000
8;01000010000100100000001000
10;01000010000100100000000010
10;01000100000100100000000010
12;01001000000100100000000010
9;00101000000100100000000010
12;00100100000100100000000010
9;00100010000100100000000010
7;00100010000100100000001000
7;10000010000100100000001000
7;00010100000001000010000100
8;00010100000100000010000100
8;00011000000100000010000100
10;00011000000100100000000100
8;00011000000100100000000001
11;00010001000100100000000001
12;10000001000100100000000001
11;01000001000100100000000001
12;01000001000010100000000001
7;01001000000010100000000001
7;10001000000010100000000001
9;10001000100000100000000001
12;10000001100000100000000001
12;10000100100000100000000001
12;00010100100000100000000001
14;00010010100000100000000001
11;00011000100000100000000001
10;00010001100000100000000001
9;00100001100000100000000001
8;00100100100000100000000001
6;00010001000010000100100000
7;00100001000010000010100000
7;00010100000010000010100000
8;01000100000010010000100000
12;01000010000010010000100000
9;00101000000010010000100000
7;01001000000010010000000010
9;00101000100000010000000010
9;00100010100000010000000010
17;00100001100000010000000010
8;01000001100000000001000010
12;01000001100000010000000010
11;01000001100000010000000100
11;00010001100000010000000100
10;00011000100000010000000100
15;00101000100000010000000100
16;00100100100000010000000100
15;00100010100000010000000100
14;00010010100000010000000100
7;00101000000100000100100000
8;00100010000100000100100000
8;01000010000100000100100000
8;01000100000100000100100000
9;00100100000100000100100000
7;00010100000100000100100000
8;00010100000100000001100000
9;00010010000100000001100000
12;00100010000100000001100000
13;00101000000100000001100000
13;00100100000100000001100000
14;00100001000100000001100000
14;00100001000100001000100000
9;00100001000010001000100000
11;00100010000010001000100000
11;01000010000010001000100000
10;01001000000010001000100000
16;01001000100000001000100000
13;01000001100000001000100000
8;01000001000100000010100000
9;00100001000100000010100000
10;00101000000100000010100000
8;00101000000100000010000010
10;01001000000100000010000010
11;01000100000100000010000010
8;01000100000100000010010000
11;01000100000100010000010000
11;00010100000100010000010000
13;00011000000100010000010000
14;00101000000100010000010000
13;00100100000100010000010000
9;00100100000100010000000010
8;00100100000100000010000010
9;10000100000100000010000010
7;10000001000100000010000010
7;10001000000100000010000010
8;10001000000100100000000010
12;01001000000100100000000010
7;00011000010000001000000100
7;01001000010000001000000100
8;10001000010000001000000100
7;10000001010000001000000100
7;10000010010000001000000100
7;01000010010000001000000100
7;01000001010000001000000100
7;01000100010000001000000100
9;01000100000010001000000100
16;01000010000010001000000100
9;01000001000010001000000100
8;00010001000010001000000100
10;00011000000010001000000100
12;00011000100000001000000100
11;01001000100000001000000100
13;00101000100000001000000100
17;10001000100000001000000100
9;10001000000010001000000100
13;10000001000010001000000100
11;10000010000010001000000100
7;00100001001000000001000010
8;00100001001000000001000100
9;01000001001000000001000100
10;01000001001000010000000100
11;01000010001000010000000100
11;01000010001000000001000100
12;01000100001000000001000100
9;10000100001000000001000100
8;10000001001000000001000100
7;00010001001000000001000100
6;00010001001000000100000100
7;00010001001000000010000100
8;00010010001000000010000100
8;01000010001000000010000100
13;01000100001000000010000100
11;01000100001000010000000100
10;00010100001000010000000100
10;00100100001000010000000100
11;00100010001000010000000100
14;00010010001000010000000100
6;01000100010000001000010000
8;01000100000001001000010000
9;10000100000001001000010000
9;10000010000001001000010000
9;10001000000001001000010000
10;10001000100000001000010000
13;01001000100000001000010000
14;00101000100000001000010000
14;00011000100000001000010000
15;00010010100000001000010000
10;01000010100000001000010000
14;01000001100000001000010000
13;01000100100000001000010000
20;00010100100000001000010000
11;10000100100000001000010000
11;10000001100000001000010000
18;00010001100000001000010000
16;00100001100000001000010000
12;00100010100000001000010000
12;00100010100000000010010000
7;10000100001000000010000001
8;01000100001000000010000001
9;00010100001000000010000001
8;00011000001000000010000001
7;01001000001000000010000001
7;01000010001000000010000001
8;01000010001000000010010000
9;00100010001000000010010000
8;00101000001000000010010000
8;00100100001000000010010000
13;00100100001000010000010000
17;00101000001000010000010000
14;00100010001000010000010000
10;00100010000010010000010000
7;00100100000010010000010000
17;00101000000010010000010000
10;00011000000010010000010000
11;00011000100000010000010000
10;00010100100000010000010000
12;00010100100000010000000010
7;10001000000010001000000001
8;10001000100000001000000001
8;00011000100000001000000001
10;00011000000010001000000001
11;01001000000010001000000001
7;01000010000010001000000001
8;10000010000010001000000001
9;10000010000010001000100000
11;10001000000010001000100000
8;10000001000010001000100000
15;10000001000100001000100000
14;10000010000100001000100000
17;10000010000100000010100000
7;10000001000100000010100000
8;01000001000100000010100000
7;01000001000010000010100000
8;01001000000010000010100000
10;00011000000010000010100000
9;00011000000010100000100000
10;00010001000010100000100000
6;01000100010000001000010000
8;01000100000001001000010000
8;00010100000001001000010000
8;00010010000001001000010000
9;00011000000001001000010000
12;00011000000100001000010000
10;00101000000100001000010000
11;00100100000100001000010000
8;00100100000100001000000010
11;00100001000100001000000010
11;00100001000100000001000010
12;00101000000100000001000010
9;00101000000100001000000010
7;00100010000100001000000010
8;01000010000100001000000010
7;01000010000100001000001000
8;01001000000100001000001000
8;10001000000100001000001000
7;10000001000100001000001000
8;10000100000100001000001000
7;10000010010000100000010000
7;10000001010000100000010000
8;00100001010000100000010000
8;00010001010000100000010000
8;00010010010000100000010000
7;00010100010000100000010000
8;00010100000010100000010000
9;00010010000010100000010000
10;00011000000010100000010000
11;00011000100000100000010000
11;10001000100000100000010000
12;00101000100000100000010000
9;00101000100000000010010000
10;00100001100000000010010000
8;01000001100000000010010000
9;01000010100000000010010000
12;00100010100000000010010000
8;10000010100000000010010000
8;10001000100000000010010000
11;10001000000010000010010000
6;00100010000100001000001000
7;00101000000100001000001000
9;00101000000100001000000001
9;00101000000100000001000001
10;01001000000100000001000001
7;00011000000100000001000001
8;00011000000100000001000100
13;10001000000100000001000100
9;10000100000100000001000100
8;00010100000100000001000100
11;00100100000100000001000100
12;00101000000100000001000100
13;00101000000100001000000100
12;10001000000100001000000100
11;00011000000100001000000100
10;00010001000100001000000100
12;00010100000100001000000100
17;00100100000100001000000100
14;00100010000100001000000100
12;00100010000100000001000100
7;00010100000100000001010000
8;00100100000100000001010000
9;00101000000100000001010000
10;00101000000100001000010000
11;10001000000100001000010000
12;00011000000100001000010000
9;00011000000001001000010000
9;00010001000001001000010000
11;00100001000001001000010000
12;00100001001000001000010000
11;01000001001000001000010000
11;00010001001000001000010000
13;00011000001000001000010000
11;10001000001000001000010000
10;10000010001000001000010000
9;00100010001000001000010000
12;01000010001000001000010000
8;01000010000010001000010000
7;01000010000010001000000001
9;01000010001000001000000001
7;01001000000001010000010000
9;00011000000001010000010000
9;00010001000001010000010000
9;00010010000001010000010000
7;01000010000001010000010000
7;01000010000001000001010000
9;00100010000001000001010000
9;00100010001000000001010000
12;00100001001000000001010000
9;10000001001000000001010000
12;10000010001000000001010000
13;10000010001000100000010000
14;01000010001000100000010000
14;00010010001000100000010000
9;00010010000010100000010000
10;01000010000010100000010000
9;00100010000010100000010000
13;00100001000010100000010000
11;00101000000010100000010000
7;01000100000100000100010000
7;00100100000100000100010000
6;00100001000100000100010000
8;00100001000100000010010000
9;01000001000100000010010000
12;01001000000100000010010000
8;01001000000100000010000001
7;00011000000100000010000001
8;00011000000100100000000001
9;00011000000001100000000001
7;10001000000001100000000001
8;10001000000001100000100000
8;00011000000001100000100000
8;00101000000001100000100000
16;00100010000001100000100000
9;00100100000001100000100000
10;10000100000001100000100000
11;10000010000001100000100000
13;00010010000001100000100000
14;00010100000001100000100000
7;01001000010000001000000100
6;00010001010000001000000100
6;00010100010000001000000100
9;01000100000001001000000100
8;01001000000001001000000100
7;01001000010000001000000100
7;01000001010000001000000100
7;01000010010000001000000100
7;01000100010000001000000100
8;10000100010000001000000100
7;10000001010000001000000100
7;10000010010000001000000100
8;10001000010000001000000100
6;00101000010000001000000100
7;00100100010000001000000100
6;00010100010000001000000100
7;00011000010000001000000100
8;00010001100000000010100000
9;00100001100000000010100000
10;00101000100000000010100000
7;00101000000010000010100000
6;00101000000010000010000010
8;00101000100000000010000010
9;01001000100000000010000010
11;01001000100000100000000010
9;00011000100000100000000010
8;00011000000010100000000010
9;00011000000010100000100000
11;00010010000010100000100000
10;00010001000010100000100000
8;10000001000010100000100000
11;01000001000010100000100000
10;01001000000010100000100000
10;01000010000010100000100000
9;00100010000010100000100000
9;00100100000010100000100000
7;10000001010000100000100000
8;00100001010000100000100000
7;00101000010000100000100000
8;00100100010000100000100000
9;00100100000010100000100000
8;00101000000010100000100000
9;00011000000010100000100000
10;00011000000010000010100000
6;00011000000010000010000010
8;10001000000010000010000010
8;01001000000010000010000010
6;01000010000010000010000010
5;00010010000010000010000010
7;00010010000010001000000010
8;00011000000010001000000010
9;00010001000010001000000010
9;01000001000010001000000010
9;01001000000010001000000010
9;01001000100000001000000010
10;01000100100000001000000010
7;00010010000001000010010000
8;00010010000001001000010000
9;10000010000001001000010000
9;10001000000001001000010000
7;01001000000001001000010000
9;00101000000001001000010000
8;00100010000001001000010000
8;00100100000001001000010000
9;10000100000001001000010000
8;00010100000001001000010000
7;00010100000001001000000010
8;00010001000001001000000010
9;00010001000100001000000010
10;01000001000100001000000010
8;01000100000100001000000010
8;00100100000100001000000010
8;00010100000100001000000010
8;00011000000100001000000010
11;00011000000100001000100000
15;00010001000100001000100000
6;00101000000010100000001000
6;10001000000010000010001000
3;01000001000010000010001000
6;10000100000010000010001000
4;01000010000010000010001000
6;00010010001000000010001000
5;00100100001000000010001000
7;00010100001000010000001000
7;01001000001000010000001000
8;10000001001000010000001000
6;00010010001000010000001000
8;00100010001000010000000010
13;01000001001000010000000010
10;01000001001000010000000100
10;00010100001000010000000100
12;01000100001000000001000100
11;01000100001000010000000100
10;00010100001000010000000100
14;00010010001000010000000100
8;00010010000010010000000100
7;00010100000010000010010000
7;10000100000010000010010000
7;00100100000010000010010000
5;00100100000010000010000010
7;00100001000010000010000010
6;00100001000010000010000100
9;00101000000010000010000100
9;00100010000010000010000100
8;01000010000010000010000100
7;01001000000010000010000100
15;01001000000010100000000100
8;00011000000010100000000100
11;00101000000010100000000100
8;10001000000010100000000100
8;10000001000010100000000100
13;01000001000010100000000100
10;00100001000010100000000100
15;00100001000100100000000100
19;00100100000100100000000100
19;00101000000100100000000100
7;00010010010000001000100000
8;00010001010000001000100000
7;10000001010000001000100000
8;01000001010000001000100000
9;01000100010000001000100000
11;01000100000010001000100000
8;00100100000010001000100000
8;00010100000010001000100000
8;10000100000010001000100000
11;10001000000010001000100000
7;10001000000010001000000001
8;10000010000010001000000001
9;10000010000010001000100000
11;01000010000010001000100000
11;00100010000010001000100000
9;00100001000010001000100000
10;00101000000010001000100000
11;00101000100000001000100000
16;01001000100000001000100000
6;00101000010000000001000100
5;00010010010000000001000100
5;01000001010000000001000100
7;01001000010000010000000100
8;10001000010000010000000100
10;10000100000010010000000100
9;10000010000010010000000100
11;00100010000010010000000100
8;00010010000010010000000100
8;00010001000010010000000100
10;00100001000010010000000100
10;01000001000010010000000100
9;01000001000100010000000100
11;00010001000100010000000100
10;00010001000100010000000001
10;00011000000100010000000001
12;00010010000100010000000001
8;00010100000100010000000001
9;10000100000100010000000001
8;10000100000100000010000001
7;10001000000010001000000001
8;10001000100000001000000001
9;10000001100000001000000001
7;10000001000001001000000001
10;10000001000001001000100000
9;01000001000001001000100000
12;00100001000001001000100000
8;00100001000001000001100000
8;10000001000001000001100000
9;10000100000001000001100000
8;10000010000001000001100000
11;10000010000001100000100000
8;10001000000001100000100000
14;10000001000001100000100000
15;00100001000001100000100000
16;01000001000001100000100000
9;01000001010000100000100000
7;01000100010000100000100000
8;01000010010000100000100000
8;00010010010000100000100000
8;00010010000001000010100000
8;00010100000001000010100000
9;00010100000100000010100000
8;00011000000100000010100000
8;00010001000100000010100000
9;00100001000100000010100000
8;01000001000100000010100000
7;01000001000010000010100000
7;00100001000010000010100000
9;00100010000010000010100000
8;01000010000010000010100000
11;01000010000010001000100000
11;01000100000010001000100000
9;01000100010000001000100000
9;00010100010000001000100000
7;00100100010000001000100000
7;00100010010000001000100000
7;00010010010000001000100000
8;00010001010000001000100000
5;10001000000100000100001000
8;00100100000001001000010000
8;00010100000001001000010000
8;01000100000001001000010000
9;10000100000001001000010000
9;10000010000001001000010000
8;10000001000001001000010000
11;10000001100000001000010000
12;10000010100000001000010000
12;00100010100000001000010000
14;00101000100000001000010000
10;10001000100000001000010000
14;00011000100000001000010000
18;00010001100000001000010000
20;00010100100000001000010000
15;00010010100000001000010000
10;01000010100000001000010000
13;01000100100000001000010000
14;01000001100000001000010000
12;01000001100000001000000001
6;00011000000001000001000100
8;00011000000100000001000100
9;01001000000100000001000100
10;01000010000100000001000100
8;01000100000100000001000100
11;01000100000100010000000100
10;01000010000100010000000100
14;10000010000100010000000100
15;00100010000100010000000100
10;00010010000100010000000100
9;00010100000100010000000100
13;00011000000100010000000100
9;00011000000001010000000100
10;00101000000001010000000100
12;00101000001000010000000100
10;00100100001000010000000100
11;01000100001000010000000100
12;01000100001000000001000100
11;01000010001000000001000100
11;01001000001000000001000100
7;00101000010000001000010000
8;10001000010000001000010000
6;10000100010000001000010000
7;10000100000010001000010000
7;01000100000010001000010000
8;00010100000010001000010000
9;00010001000010001000010000
11;10000001000010001000010000
9;10000010000010001000010000
10;10000010001000001000010000
12;10000010001000000010010000
9;10000100001000000010010000
9;01000100001000000010010000
8;00100100001000000010010000
9;00100010001000000010010000
11;00010010001000000010010000
11;00010001001000000010010000
9;00010100001000000010010000
12;00011000001000000010010000
13;00011000001000100000010000
8;10000001000010000001010000
9;10000001000100000001010000
7;00010001000100000001010000
11;00100001000100000001010000
8;00100100000100000001010000
11;00100100000100001000010000
12;00100010000100001000010000
13;00010010000100001000010000
11;01000010000100001000010000
10;01000010000100001000000001
8;00100010000100001000000001
7;00100010000100000001000001
9;00101000000100000001000001
9;00101000000100001000000001
7;00100100000100001000000001
7;00100100000100001000001000
7;00101000000100001000001000
7;00011000000100001000001000
7;00010100000100001000001000
8;00101000000100000100000100
9;01000100000100000100000100
8;00010100000100000001000100
7;00010100000100000001000001
10;01000100000100000001000001
9;01000100000100010000000001
12;01000010000100010000000001
8;01000001000100010000000001
12;01001000000100010000000001
10;10001000000100010000000001
9;00101000000100010000000001
10;00100100000100010000000001
11;00100010000100010000000001
14;00100001000100010000000001
10;00010001000100010000000001
7;00010001000010010000000001
7;00010010000010010000000001
11;00010010001000010000000001
8;10000010001000010000000001
7;10001000000010100000000001
7;10000010000010100000000001
8;00010010000010100000000001
8;01000010000010100000000001
7;01001000000010100000000001
8;01001000100000100000000001
11;01000010100000100000000001
14;00010010100000100000000001
10;00010001100000100000000001
9;00100001100000100000000001
8;00100100100000100000000001
10;00100010100000100000000001
11;10000010100000100000000001
10;10000010100000100000100000
11;00010010100000100000100000
18;01000010100000100000100000
12;00100010100000100000100000
12;00100100100000100000100000
14;00101000100000100000100000
13;00100001100000100000100000
7;00100100000001000001000001
7;00101000000001000001000001
6;00011000000001000001000001
8;00010100000001000001000001
7;00010100000100000001000001
7;00011000000100000001000001
11;10001000000100000001000001
11;10000100000100000001000001
8;10000010000100000001000001
6;00010010000100000001000001
9;01000010000100000001000001
12;01000010000100010000000001
12;01001000000100010000000001
12;01001000000100010000010000
13;01000010000100010000010000
15;01000001000100010000010000
15;00100001000100010000010000
12;10000001000100010000010000
12;00010001000100010000010000
12;00010001000010010000010000
8;10000001001000010000001000
7;01000001001000010000001000
7;01000100001000010000001000
7;10000100001000010000001000
8;10001000001000010000001000
7;10000010001000010000001000
9;10000010001000010000000010
9;10001000001000010000000010
16;10001000001000010000100000
17;10000001001000010000100000
14;10000001001000010000000001
9;10001000001000010000000001
10;00101000001000010000000001
7;00101000001000010000001000
6;00100010001000010000001000
8;00100010001000010000000010
7;01000010001000010000000010
8;01001000001000010000000010
8;01000100001000010000000010
7;01000001100000000100010000
8;00100001100000000100010000
6;10000001100000000100010000
9;00010001100000000100010000
8;00010010100000000100010000
7;00010100100000000100010000
7;01000100100000000100010000
7;00100100100000000100010000
7;00100010100000000100010000
6;00101000100000000100010000
7;00011000100000000100010000
10;00011000100000000001010000
11;00101000100000000001010000
14;00101000100000001000010000
14;00100100100000001000010000
11;10000100100000001000010000
10;10001000100000001000010000
14;00011000100000001000010000
20;00010100100000001000010000
15;00010010100000001000010000
6;10000001100000000100010000
7;01000100100000000100010000
8;01000001100000000010010000
11;01001000100000000010010000
8;10001000100000000010010000
10;00011000100000000010010000
14;00010010100000000010010000
13;00010100100000000010010000
11;01000100100000000010010000
9;01000010100000000010010000
8;10000010100000000010010000
7;10000010000001000010010000
8;10001000000001000010010000
7;00011000000001000010010000
7;00010100000001000010010000
8;00010100000001010000010000
9;00011000000001010000010000
13;00011000000100010000010000
13;10001000000100010000010000
8;10000100001000001000001000
9;10000001001000001000001000
8;00010001001000001000001000
11;00011000001000001000001000
11;10001000001000001000001000
8;01001000001000001000001000
10;01000100001000001000001000
8;01000001001000001000001000
7;10000001001000000100100000
6;10000100001000000100100000
7;00100100001000000100100000
8;01000100001000000100100000
8;00010100001000000100100000
8;00010001001000000100100000
7;00010010001000000100100000
11;00010010001000000001100000
13;10000010001000000001100000
8;10001000001000000001100000
9;10000100001000000001100000
9;10000001001000000001100000
9;00100001001000000001100000
9;00100100001000000001100000
8;00101000001000000001100000
8;01001000001000000001100000
15;01000010001000000001100000
11;01000100001000000001100000
10;00010100001000000001100000
9;00010001001000000001100000
7;00011000100000100000001000
8;00010010100000100000000010
9;00011000100000100000000010
8;00011000100000000010000010
7;00010001100000000010000010
8;00010001100000000010000100
13;00010100100000000010000100
9;01000100100000000010000100
10;01000010100000000010000100
13;00100010100000000010000100
9;00100001100000000010000100
7;10000001100000000010000100
8;01000001100000000010000100
8;01000001100000000100000100
8;01000100100000000100000100
8;00100100100000000100000100
8;00100010100000000100000100
8;00100001100000000100000100
7;10000001001000000100000100
7;10000010001000000100000100
8;10000100001000000100000100
10;10001000001000000100000100
9;01001000001000000100000100
7;00101000001000000100000100
7;00100100001000000100000100
8;01000100001000000100000100
8;01000010100000100000001000
7;01000001100000100000001000
7;01000100100000100000001000
8;00010100100000100000001000
8;00010010100000100000001000
12;00100010100000100000001000
10;00100010100000100000000001
8;00100100100000100000000001
14;01000100100000100000000001
13;01000001100000100000000001
11;01000010100000100000000001
8;01001000100000100000000001
11;00011000100000100000000001
10;00010001100000100000000001
12;00010100100000100000000001
14;00010010100000100000000001
13;00010010100000100000000100
14;01000010100000100000000100
17;01000100100000100000000100
6;00010100000010001000000010
7;00010010000010001000000010
5;00010010000010000010000010
7;00010010001000000010000010
7;01000010001000000010000010
9;01000010001000001000000010
10;01001000001000001000000010
14;01000100001000001000000010
15;01000100001000001000010000
14;01001000001000001000010000
12;01000010001000001000010000
8;01000010000010001000010000
9;10000010000010001000010000
7;10000100000010001000010000
11;10001000000010001000010000
11;10000001000010001000010000
8;01000001000010001000010000
10;00100001000010001000010000
11;00101000000010001000010000
9;01001000000010001000010000
7;01000100000010100000000010
8;01000001000010100000000010
9;01000001000100100000000010
10;01000100000100100000000010
10;01000010000100100000000010
12;01001000000100100000000010
13;01001000000100100000100000
10;00101000000100100000100000
10;00100001000100100000100000
10;00100001000010100000100000
9;00100100000010100000100000
8;00100100010000100000100000
6;10000100010000100000100000
7;10000100000010100000100000
8;10000001000010100000100000
8;10000001000010100000000001
7;00100001000010100000000001
10;00010001000010100000000001
9;00010001000010100000000100
8;00011000000010100000000100
7;00011000000001010000000010
7;00010100000001010000000010
8;00010100000001010000010000
8;00100100000001010000010000
8;00100100000001010000000010
7;00101000000001010000000010
13;00101000001000010000000010
14;00101000001000010000100000
15;00100001001000010000100000
16;01000001001000010000100000
10;01000010001000010000100000
12;01000010000010010000100000
11;01000010000010000001100000
8;01000001000010000001100000
8;10000001000010000001100000
8;10000010000010000001100000
8;10000010000010100000100000
7;10000010000010100000000001
8;10000001000010100000000001
10;00010001000010100000000001
8;00010100000010001000010000
7;10000100000010001000010000
9;10000010000010001000010000
8;00100010000010001000010000
8;01000010000010001000010000
12;01000010001000001000010000
11;01000001001000001000010000
14;01001000001000001000010000
15;01000100001000001000010000
13;00010100001000001000010000
11;00010001001000001000010000
13;00011000001000001000010000
12;00101000001000001000010000
11;10001000001000001000010000
13;10000001001000001000010000
14;10000100001000001000010000
10;10000010001000001000010000
10;00010010001000001000010000
11;00010010001000000010010000
7;01000100000100000010000001
8;01000010000100000010000001
9;01000010000100000010010000
10;00100010000100000010010000
11;00100100000100000010010000
8;00100001000100000010010000
10;10000001000100000010010000
12;10000100000100000010010000
8;00010100000100000010010000
10;00010010000100000010010000
8;00010001000100000010010000
10;00011000000100000010010000
7;00011000000001000010010000
10;00011000000001100000010000
9;00010100000001100000010000
8;00010100000001100000000010
7;00011000000001100000000010
8;00011000000001100000100000
8;10001000000001100000100000
7;10001000000001100000000001
7;10000100100000000100100000
7;00010100100000000100100000
8;00010100100000000001100000
10;10000100100000000001100000
11;10000100100000100000100000
12;01000100100000100000100000
12;00100100100000100000100000
14;00101000100000100000100000
8;00101000000010100000100000
10;01001000000010100000100000
10;01000010000010100000100000
9;00100010000010100000100000
15;00100010001000100000100000
11;01000010001000100000100000
12;00010010001000100000100000
11;00010010000010100000100000
9;00011000000010100000100000
8;10001000000010100000100000
7;10001000000010100000000001
8;10000001000010100000000001
8;01000100001000000100000100
8;10000100001000000100000100
7;10000001001000000100000100
6;00010001001000000100000100
7;00010001001000000010000100
8;00010010001000000010000100
13;00010010001000001000000100
12;00010100001000001000000100
13;00010100001000001000000001
8;00010010001000001000000001
13;00010001001000001000000001
14;00010001001000001000000100
10;01000001001000001000000100
12;00100001001000001000000100
14;10000001001000001000000100
13;10000100001000001000000100
16;10000010001000001000000100
13;10001000001000001000000100
11;01001000001000001000000100
7;00010010001000000001010000
8;00010001001000000001010000
9;10000001001000000001010000
10;10000001001000100000010000
11;01000001001000100000010000
12;00100001001000100000010000
13;00010001001000100000010000
13;00011000001000100000010000
12;00011000001000000010010000
11;01001000001000000010010000
8;01000001001000000010010000
11;00010001001000000010010000
9;00010100001000000010010000
9;10000100001000000010010000
9;01000100001000000010010000
9;01000100001000010000010000
20;00010100001000010000010000
12;00010010001000010000010000
11;00010010000010010000010000
12;00010001000010010000010000
7;00100100001000100000001000
8;00100100001000100000000001
8;00100010001000100000000001
7;00100010000001100000000001
7;01000010000001100000000001
9;10000010000001100000000001
7;10000001000001100000000001
10;10000100000001100000000001
9;01000100000001100000000001
9;01000100000001100000010000
8;10000100000001100000010000
9;10001000000001100000010000
11;10000001000001100000010000
13;10000010000001100000010000
12;10000010100000100000010000
12;10000001100000100000010000
15;00100001100000100000010000
14;00100010100000100000010000
15;01000010100000100000010000
7;00100010010000001000100000
7;00010010010000001000100000
8;00010001010000001000100000
9;00010100010000001000100000
7;00100100010000001000100000
9;01000100010000001000100000
8;01000001010000001000100000
7;10000001010000001000100000
7;00010100000010100000000010
7;01000100000010100000000010
7;00100100000010100000000010
8;00100100000010100000010000
7;00100100010000100000010000
8;00100001010000100000010000
8;00010001010000100000010000
7;10000001010000100000010000
7;10000010010000100000010000
8;00010010010000100000010000
7;00010100010000100000010000
8;00010100000010100000010000
10;00011000000010100000010000
11;10001000000010100000010000
11;10000001000010100000010000
11;10000010000010100000010000
9;00100010000010100000010000
13;00100001000010100000010000
14;00010001000010100000010000
9;00010010000010100000010000
8;01000001100000000100000100
8;01000001100000000010000100
10;01000010100000000010000100
8;10000010100000000010000100
10;10000100100000000010000100
7;10000100000001000010000100
8;00100100000001000010000100
12;00100100001000000010000100
16;10000100001000000010000100
13;01000100001000000010000100
8;01000010001000000010000100
11;01001000001000000010000100
10;01000001001000000010000100
8;10000001001000000010000100
7;00010001001000000010000100
8;00010010001000000010000100
13;00010010001000001000000100
12;00010100001000001000000100
13;00011000001000001000000100
7;01000010001000000010000010
8;01000100001000000010000010
7;10000100001000000010000010
9;10000100001000010000000010
11;10000001001000010000000010
12;00100001001000010000000010
13;00101000001000010000000010
8;00100010001000010000000010
6;00100010001000010000001000
7;10000010001000010000001000
6;00010010001000010000001000
7;00010010001000010000000010
7;01000010001000010000000010
8;01001000001000010000000010
16;01001000001000010000100000
11;00011000001000010000100000
11;00010010001000010000100000
10;00010010000010010000100000
10;00011000000010010000100000
11;00011000000010010000000010
7;10000100000010100000010000
8;00010100000010100000010000
7;00010100000010100000000010
7;00100100000010100000000010
8;00101000000010100000000010
8;00100001000010100000000010
8;01000001000010100000000010
11;01001000000010100000000010
11;01001000100000100000000010
13;00101000100000100000000010
9;00011000100000100000000010
12;00011000100000100000100000
9;00011000100000000010100000
10;00011000000010000010100000
9;00011000000010100000100000
10;00010100000010100000100000
9;00100100000010100000100000
9;00100010000010100000100000
8;00101000000010100000100000
8;10001000000010100000100000
8;10001000000001001000000001
7;10000001000001001000000001
10;10000001000001001000100000
8;10001000000001001000100000
12;00101000000001001000100000
11;00011000000001001000100000
11;00010100000001001000100000
9;10000100000001001000100000
11;10000100100000001000100000
12;10000010100000001000100000
14;01000010100000001000100000
10;00100010100000001000100000
14;00010010100000001000100000
13;00011000100000001000100000
10;00011000000010001000100000
8;00011000000010001000000010
7;00010010000010001000000010
6;00010100000010001000000010
8;01000100000010001000000010
7;00011000000100000100000100
8;01001000000100000100000100
7;10001000000100000100000100
7;10000100000100000100000100
9;01000100000100000100000100
10;00100100000100000100000100
9;00100010000100000100000100
13;01000010000100000100000100
9;10000010000100000100000100
8;01001000000001001000000100
9;01000100000001001000000100
7;01000001000001001000000100
8;00100001000001001000000100
7;00100001000001000001000100
8;00100100000001000001000100
8;10000100000001000001000100
9;10001000000001000001000100
8;10000010000001000001000100
9;10000010100000000001000100
11;00100010100000000001000100
11;00100001100000000001000100
10;10000001100000000001000100
9;01000001100000000001000100
8;01000001100000000001000010
12;01000001100000010000000010
9;01000100100000010000000010
8;01000100100000000010000010
11;01000100100000000010010000
7;00010001010000100000000100
8;01000001010000100000000100
8;01000001000001100000000100
8;10000001000001100000000100
8;10001000000001100000000100
10;10000010000001100000000100
12;10000010100000100000000100
14;01000010100000100000000100
13;00010010100000100000000100
16;00010001100000100000000100
10;00010001100000100000000001
12;00010100100000100000000001
12;10000100100000100000000001
11;10000010100000100000000001
9;10000010000001100000000001
11;10000010000001100000100000
10;10000100000001100000100000
14;00010100000001100000100000
8;00011000000001100000100000
13;00010010000001100000100000
7;10000010010000100000100000
8;01000010010000100000100000
9;01000001010000100000100000
10;00010001010000100000100000
8;00010010010000100000100000
8;00010100010000100000100000
8;00100100010000100000100000
8;00100010010000100000100000
8;00100001010000100000100000
7;10000001010000100000100000
6;10000100010000100000100000
7;01000100010000100000100000
11;01000100000001100000100000
12;01000010000001100000100000
11;10000010000001100000100000
8;10000010000001000001100000
9;10000010100000000001100000
8;10001000100000000001100000
10;10000100100000000001100000
8;00010100100000000001100000
7;10000010001000010000001000
8;10001000001000010000001000
7;00101000001000010000001000
10;00101000001000010000000001
10;00100001001000010000000001
7;00100010001000010000000001
8;10000010001000010000000001
9;10001000001000010000000001
10;00011000001000010000000001
11;00011000001000010000000100
12;00101000001000010000000100
10;00101000000001010000000100
9;10001000000001010000000100
8;10000100000001010000000100
8;00010100000001010000000100
9;00010100000100010000000100
12;00100100000100010000000100
11;01000100000100010000000100
10;01000010000100010000000100
15;00100010000100010000000100
7;00010001000100000010000100
8;00010100000100000010000100
8;00010010000100000010000100
10;00100010000100000010000100
11;00100100000100000010000100
10;10000100000100000010000100
8;10000001000100000010000100
7;10000001000100000010000010
7;10001000000100000010000010
8;10001000000100100000000010
12;10001000000100100000100000
17;10000010000100100000100000
15;01000010000100100000100000
11;00100010000100100000100000
10;00100001000100100000100000
14;01000001000100100000100000
16;01000100000100100000100000
15;10000100000100100000100000
9;10000001000100100000100000
8;10000001000010100000100000
7;00100010000100000001000001
8;00100010000100001000000001
7;00100100000100001000000001
7;00100100000100001000001000
7;00101000000100001000001000
9;00101000000100001000000001
9;00101000000100000001000001
10;01001000000100000001000001
10;01000100000100000001000001
9;01000100000100010000000001
9;10000100000100010000000001
8;00010100000100010000000001
10;00100100000100010000000001
14;00100001000100010000000001
10;00010001000100010000000001
11;00010001000100010000000100
9;01000001000100010000000100
15;01001000000100010000000100
10;01000010000100010000000100
15;00100010000100010000000100
7;00100010001000000100100000
7;00100001001000000100100000
7;00100100001000000100100000
6;10000100001000000100100000
7;10000001001000000100100000
6;10001000001000000100100000
6;00010010001000010000001000
7;00010010001000010000000010
9;10000010001000010000000010
7;10000010001000010000001000
6;00100010001000010000001000
7;00100010001000010000000001
8;10000010001000010000000001
14;10000001001000010000000001
10;00100001001000010000000001
10;00101000001000010000000001
10;00011000001000010000000001
9;00010100001000010000000001
8;01000100001000010000000001
9;01001000001000010000000001
14;01001000001000010000010000
17;01000001001000010000010000
11;01000001001000000001010000
12;00100001001000000001010000
12;00100001001000001000010000
9;00100010001000001000010000
4;00011000100000000001001000
4;00010001100000000100001000
5;10000001100000000100001000
4;01000100100000000100001000
3;00101000100000000100001000
5;00100100100000000100000001
5;01001000100000000100000001
6;10000001100000000100000001
6;00010010100000000100000001
7;00010010100000000100000100
9;00010100100000000001000100
9;01000001100000000001000100
7;01001000000010000001000100
10;01001000100000000001000100
12;01001000100000010000000100
10;00011000100000010000000100
13;10001000100000010000000100
9;10000001100000010000000100
8;10000001100000010000000010
12;01000001100000010000000010
8;00010100000001010000000100
9;00010100000100010000000100
8;00010100000100010000000001
10;00010001000100010000000001
12;00010010000100010000000001
12;01000010000100010000000001
12;01001000000100010000000001
8;01000001000100010000000001
14;00100001000100010000000001
8;10000001000100010000000001
9;10000100000100010000000001
11;10000100000100010000100000
12;01000100000100010000100000
15;00100100000100010000100000
18;00101000000100010000100000
14;00011000000100010000100000
13;01001000000100010000100000
14;01000001000100010000100000
16;01000010000100010000100000
7;10000001001000100000001000
8;00010001001000100000001000
7;00011000001000100000001000
10;00010010001000100000001000
11;00010010001000100000000010
10;00010001001000100000000010
10;10000001001000100000000010
11;01000001001000100000000010
9;01001000001000100000000010
8;10001000001000100000000010
16;00101000001000100000000010
15;00100100001000100000000010
13;00010100001000100000000010
14;01000100001000100000000010
8;10000100001000100000000010
13;10000100001000100000010000
11;10000100001000000001010000
12;10000010001000000001010000
7;00010010001000000001010000
8;00010100001000000001010000
8;01001000000001010000000100
9;00011000000001010000000100
10;00011000000001010000000001
10;00010001000001010000000001
8;10000001000001010000000001
9;10000010000001010000000001
10;10000010000001010000100000
9;10000001000001010000100000
11;00100001000001010000100000
10;00101000000001010000100000
11;10001000000001010000100000
9;10000100000001010000100000
8;01000100000001010000100000
9;01000001000001010000100000
10;00010001000001010000100000
12;00011000000001010000100000
9;00010100000001010000100000
10;00010010000001010000100000
8;01000010000001010000100000
7;01000100010000100000100000
8;00010100010000100000100000
8;00100001010000100000100000
6;10000100010000100000100000
5;10001000010000000001100000
5;00010001010000000001100000
6;01000010010000000001100000
6;01001000010000010000100000
7;10000001010000010000100000
6;10001000010000010000000001
5;00010100010000010000000001
6;00010100010000010000000100
8;10000010010000010000000100
10;10000100000010010000000100
7;00010100000010010000000100
8;00100100000010010000000100
10;00101000000010010000000100
15;00101000100000010000000100
16;00100100100000010000000100
13;01000100100000010000000100
8;00010001100000010000001000
7;01000001100000010000001000
7;01000010100000010000001000
8;01000010100000010000000010
9;01000100100000010000000010
8;10000100100000010000000010
12;00010100100000010000000010
10;00010100100000010000010000
14;00010010100000010000010000
11;00011000100000010000010000
13;00101000100000010000010000
13;00100001100000010000010000
12;00010001100000010000010000
12;10000001100000010000010000
12;10000010100000010000010000
11;01000010100000010000010000
14;00100010100000010000010000
14;00100100100000010000010000
9;10000100100000010000010000
7;10000100010000100000000100
7;00010100010000100000000100
8;00010100000010100000000100
8;00011000000010100000000100
9;00010001000010100000000100
13;00010010000010100000000100
14;01000010000010100000000100
15;01001000000010100000000100
13;01000001000010100000000100
16;01000001000100100000000100
11;10000001000100100000000100
10;10000100000100100000000100
19;00100100000100100000000100
14;00100010000100100000000100
19;00101000000100100000000100
13;01001000000100100000000100
11;01001000000100000010000100
7;01000001000100000010000100
8;00100001000100000010000100
7;01000010000010001000000001
8;01000010000010001000010000
9;01001000000010001000010000
10;00011000000010001000010000
11;10001000000010001000010000
11;00101000000010001000010000
8;00100010000010001000010000
10;00100001000010001000010000
8;01000001000010001000010000
9;00010001000010001000010000
10;00010001000100001000010000
15;10000001000100001000010000
11;00100001000100001000010000
14;01000001000100001000010000
11;01000010000100001000010000
18;10000010000100001000010000
19;10000010000100000010010000
12;10000100000100000010010000
10;10000001000100000010010000
9;01000001000100000010010000
7;01001000100000000001000001
8;01000100100000000001000001
9;01000010100000000001000001
8;10000010100000000001000001
7;10001000100000000001000001
8;10001000100000000001100000
9;10000001100000000001100000
8;10000001000001000001100000
9;10000100000001000001100000
8;10000010000001000001100000
9;00100010000001000001100000
10;00100010001000000001100000
13;10000010001000000001100000
8;10001000001000000001100000
8;01001000001000000001100000
15;01000010001000000001100000
10;01000001001000000001100000
9;10000001001000000001100000
9;00100001001000000001100000
9;00100100001000000001100000
7;00100001000001000001000100
8;00100001001000000001000100
9;00100100001000000001000100
10;00010100001000000001000100
9;10000100001000000001000100
9;10001000001000000001000100
10;10001000001000100000000100
14;10000001001000100000000100
11;10000010001000100000000100
8;10000010001000000001000100
11;01000010001000000001000100
11;01001000001000000001000100
9;00101000001000000001000100
10;00101000001000001000000100
13;00011000001000001000000100
12;00010100001000001000000100
14;00010001001000001000000100
10;01000001001000001000000100
9;01000001001000001000000010
16;10000001001000001000000010
7;01001000000010000001010000
7;01000010000010000001010000
7;01000001000010000001010000
8;10000001000010000001010000
11;10000001000010100000010000
12;01000001000010100000010000
12;01000001000010100000000001
8;10000001000010100000000001
12;10000001000100100000000001
9;10000001000100100000100000
15;10000100000100100000100000
10;10000100000100000001100000
13;00100100000100000001100000
11;01000100000100000001100000
19;01000001000100000001100000
8;00010001000100000001100000
9;10000001000100000001100000
14;00100001000100000001100000
13;00101000000100000001100000
12;00100010000100000001100000
8;00101000000001100000010000
9;10001000000001100000010000
10;00011000000001100000010000
9;00010100000001100000010000
9;00010010000001100000010000
8;01000010000001100000010000
9;01000100000001100000010000
8;10000100000001100000010000
9;10000100100000100000010000
12;10000100100000000001010000
9;00100100100000000001010000
9;01000100100000000001010000
12;01000001100000000001010000
12;00100001100000000001010000
16;00100001100000001000010000
12;00100010100000001000010000
14;00101000100000001000010000
11;00101000000010001000010000
9;01001000000010001000010000
8;10001000000100010000001000
7;00101000000100010000001000
9;00101000000100010000000001
10;10001000000100010000000001
12;10000010000100010000000001
11;00100010000100010000000001
14;00100001000100010000000001
8;01000001000100010000000001
9;01000100000100010000000001
12;01000010000100010000000001
9;01000010000100000001000001
6;00010010000100000001000001
5;00010010000001000001000001
6;00011000000001000001000001
8;10001000000001000001000001
7;00101000000001000001000001
7;00100100000001000001000001
8;00010100000001000001000001
9;10000100000001000001000001
7;00100100010000100000010000
8;00100100000010100000010000
9;00100010000010100000010000
10;01000010000010100000010000
11;10000010000010100000010000
11;10000001000010100000010000
13;00100001000010100000010000
11;00101000000010100000010000
8;00101000000010000010010000
10;00011000000010000010010000
10;00011000000010100000010000
11;00011000100000100000010000
10;00011000100000000010010000
11;01001000100000000010010000
8;01000001100000000010010000
11;01000100100000000010010000
10;00100100100000000010010000
10;00100001100000000010010000
12;00100010100000000010010000
9;01000010100000000010010000
7;01000001100000000010000010
7;00010001100000000010000010
8;00011000100000000010000010
6;00011000000010000010000010
8;10001000000010000010000010
6;10000100000010000010000010
5;00100100000010000010000010
7;00100100000010000010010000
7;00010100000010000010010000
7;00010010000010000010010000
11;00010010001000000010010000
9;00010100001000000010010000
11;00010001001000000010010000
8;01000001001000000010010000
8;01000010001000000010010000
12;01000010001000001000010000
9;00100010001000001000010000
10;00010010001000001000010000
10;10000010001000001000010000
14;10000100001000001000010000
7;01000010001000000010000001
8;01000010001000000010010000
8;01000001001000000010010000
9;10000001001000000010010000
9;10000100001000000010010000
8;00100100001000000010010000
9;00100010001000000010010000
12;10000010001000000010010000
8;10000010000010000010010000
9;10000010000010001000010000
11;00010010000010001000010000
8;01000010000010001000010000
8;01000001000010001000010000
11;10000001000010001000010000
15;10000001000100001000010000
11;10001000000100001000010000
10;10000100000100001000010000
9;10000100000100001000000010
8;00010100000100001000000010
12;00010100000100001000010000
8;00010010100000100000001000
8;00010010100000100000000010
9;00011000100000100000000010
11;00010001100000100000000010
11;01000001100000100000000010
10;01000010100000100000000010
8;01000010100000100000001000
7;01000100100000100000001000
7;00100100100000100000001000
12;00100010100000100000001000
8;00100001100000100000001000
7;00010001100000100000001000
7;01000001100000100000001000
7;00010001000010000010000010
6;00011000000010000010000010
5;00010010000010000010000010
5;00010100000010000010000010
7;00010100000010000010010000
6;00010001000010000010010000
7;00100001000010000010010000
8;00101000000010000010010000
7;01001000000010000010010000
11;10001000000010000010010000
7;10000100000010000010010000
7;00100100000010000010010000
13;00100010000010000010010000
10;01000010000010000010010000
7;00010010000010000010010000
11;00010010001000000010010000
11;00010001001000000010010000
9;10000001001000000010010000
16;10001000001000000010010000
12;00011000001000000010010000
7;00101000000100010000001000
8;10001000000100010000001000
8;10000010000100010000001000
8;10000010000100010000000010
9;00100010000100010000000010
9;00100100000100010000000010
9;00100001000100010000000010
8;00010001000100010000000010
9;00010001000010010000000010
8;00010010000010010000000010
6;10000010000010010000000010
9;10001000000010010000000010
8;10001000000010010000100000
16;10001000100000010000100000
11;10000010100000010000100000
10;10000010000001010000100000
9;10000010000001010000000001
10;10000010100000010000000001
11;10000100100000010000000001
7;01000010000001100000000001
8;01000010000001100000010000
9;01000100000001100000010000
8;10000100000001100000010000
9;00010100000001100000010000
12;00010100000100100000010000
9;00010100000100100000000010
10;01000100000100100000000010
13;10000100000100100000000010
8;10001000000100100000000010
12;01001000000100100000000010
13;01001000000100100000100000
10;00101000000100100000100000
10;00100001000100100000100000
14;01000001000100100000100000
11;01000001000010100000100000
10;00010001000010100000100000
11;00010001000100100000100000
12;00010001000001100000100000
13;00010010000001100000100000
8;10000100100000001000000010
9;00010100100000001000000010
9;00011000100000001000000010
8;00011000000010001000000010
7;00101000000010001000000010
11;10001000000010001000000010
8;10001000100000001000000010
9;00101000100000001000000010
9;01001000100000001000000010
16;01001000100000001000100000
11;00101000100000001000100000
9;10001000100000001000100000
13;00011000100000001000100000
10;00011000000010001000100000
10;00010010000010001000100000
15;00010010001000001000100000
14;00011000001000001000100000
15;00101000001000001000100000
14;01001000001000001000100000
6;00010010000100000100000001
5;00100010000100000100000001
5;01000001000100000100000001
5;10000001000100000100000001
7;10001000000100000100100000
8;01000010000100000100100000
8;00100010000100000100100000
6;00011000000100000100100000
5;00011000000001000100100000
4;01001000000001000100100000
5;10001000000001000100100000
6;00100010000001000100100000
7;00100001000001000010100000
8;00100100000001000010100000
8;00010100000001000010100000
9;00010100000100000010100000
8;00010001000100000010100000
8;01000001000100000010100000
9;01001000000100000010100000
10;01001000000100000010000010
6;00010001001000000100000100
7;00010001001000000001000100
8;00100001001000000001000100
9;00100100001000000001000100
10;00010100001000000001000100
12;01000100001000000001000100
9;10000100001000000001000100
13;10000100001000100000000100
14;10000001001000100000000100
10;10000001001000100000000010
8;10001000001000100000000010
10;10001000001000100000100000
11;10000100001000100000100000
10;10000100001000100000000001
8;00100100001000100000000001
13;01000100001000100000000001
8;01001000001000100000000001
7;01001000001000000010000001
8;10001000001000000010000001
7;10000010001000000010000001
7;00100100000010010000010000
8;10000100000010010000010000
8;00010100000010010000010000
10;00011000000010010000010000
12;00010001000010010000010000
11;00100001000010010000010000
10;00100010000010010000010000
11;00010010000010010000010000
12;00010010001000010000010000
11;10000010001000010000010000
11;10000001001000010000010000
16;00100001001000010000010000
17;00101000001000010000010000
19;00011000001000010000010000
14;01001000001000010000010000
18;10001000001000010000010000
10;10000100001000010000010000
9;10000100001000000010010000
16;10001000001000000010010000
7;10000010001000000100000100
7;10000001001000000100000100
8;10000001001000000010000100
9;10001000001000000010000100
9;10000010001000000010000100
8;00010010001000000010000100
10;00011000001000000010000100
7;00010001001000000010000100
9;00010100001000000010000100
9;00010100001000000010000001
8;00011000001000000010000001
8;00011000001000100000000001
16;00011000001000100000000100
13;00101000001000100000000100
12;01001000001000100000000100
11;01001000001000000010000100
10;01000001001000000010000100
7;00100001001000000010000100
10;00101000001000000010000100
5;00010001000001000100000100
7;00010100000100000100000100
7;00010001000100000010000100
8;00100001000100000010000100
7;00100001000100000100000100
9;00100010000100000100000100
13;01000010000100000100000100
9;01000100000100000100000100
8;01001000000100000100000100
8;00101000000100000100000100
7;00011000000100000100000100
7;10001000000100000100000100
7;10000100000100000100000100
10;00100100000100000100000100
7;10000001010000010000100000
8;00010001010000010000100000
7;00011000010000010000100000
7;00101000010000010000100000
8;00100001010000010000100000
8;00100010010000010000100000
7;01000010010000010000100000
7;10000010010000010000100000
7;10001000010000010000100000
7;00010001010000010000000100
7;00100001010000010000000100
7;00100100010000010000000100
8;00101000010000010000000100
7;00100010010000010000000100
7;00010010010000010000000100
8;10000010010000010000000100
8;10001000010000010000000100
7;10000001010000010000000100
8;10000100010000010000000100
6;01000100010000010000000100
8;01000100000001010000000100
9;00100100000001010000000100
10;00100100001000010000000100
16;10000100001000010000000100
16;10000100001000000010000100
9;00010100001000000010000100
8;00010010001000000010000100
8;01000010001000000010000100
8;01000010000010000010000100
7;00100001000100000100000100
9;00100010000100000100000100
8;00101000000100000100000100
7;00011000000100000100000100
7;10001000000100000100000100
7;10000100000100000100000100
9;10000010000100000100000100
13;01000010000100000100000100
8;01001000000100000100000100
9;01000100000100000100000100
10;00100100000100000100000100
7;00100001000010100000000001
8;00100001000100100000000001
9;00100100000100100000000001
8;00100010000100100000000001
7;00100010000100100000001000
9;00100010000100100000000010
10;01000010000100100000000010
9;01000001000100100000000010
10;10000001000100100000000010
11;10000001000010100000000010
7;10001000000010100000000010
8;10001000000010000010000010
6;00101000000010000010000010
7;00101000000010000010100000
9;00100010000010000010100000
8;01000010000010000010100000
11;01000010000010001000100000
10;00010010000010001000100000
9;10000010000010001000100000
18;10000010001000001000100000
8;10000010000100010000001000
8;10000010000100010000000010
10;10001000000100010000000010
9;10000100000100010000000010
8;00010100000100010000000010
9;00100100000100010000000010
8;00100100000100000010000010
7;00100001000100000010000010
7;00100001000010000010000010
6;00101000000010000010000010
8;00101000000010100000000010
8;00101000000010100000100000
9;00100010000010100000100000
10;00100001000010100000100000
8;10000001000010100000100000
8;10000010000010100000100000
8;10001000000010100000100000
7;10000100000010100000100000
9;00100100000010100000100000
8;10000001000001000001010000
8;00010001000001000001010000
9;00010010000001000001010000
9;00100010000001000001010000
7;01000010000001000001010000
7;10000010000001000001010000
8;10001000000001000001010000
9;10001000000001100000010000
11;10000001000001100000010000
16;01000001000001100000010000
15;00100001000001100000010000
8;00101000000001100000010000
10;00100010000001100000010000
13;10000010000001100000010000
8;01000010000001100000010000
7;01000010000001100000000001
10;00010010000001100000000001
11;00010100000001100000000001
10;10000100000001100000000001
7;00101000000100000100100000
8;00100010000100000100100000
8;01000010000100000100100000
8;01000100000100000100100000
9;00100100000100000100100000
7;00010100000100000100100000
8;00010100000100000001100000
8;00010001000100000001100000
9;10000001000100000001100000
10;10000100000100000001100000
13;00100100000100000001100000
13;00101000000100000001100000
12;00100010000100000001100000
10;01000010000100000001100000
13;10000010000100000001100000
9;00010010000100000001100000
9;00011000000100000001100000
12;10001000000100000001100000
12;10001000000100100000100000
9;10000001000100100000100000
7;00100001000100100000001000
7;00100010000100100000001000
8;01000010000100100000001000
7;01000100000100100000001000
7;01000001000100100000001000
7;10000001010000100000010000
8;00100001010000100000010000
7;00100100010000100000010000
8;00100100000010100000010000
9;00100010000010100000010000
12;00100010001000100000010000
13;10000010001000100000010000
14;01000010001000100000010000
10;01000010001000100000000001
8;01001000001000100000000001
8;00011000001000100000000001
9;00010010001000100000000001
8;00100010001000100000000001
10;10000010001000100000000001
10;10000100001000100000000001
11;10000100001000100000100000
9;10000100001000000001100000
11;01000100001000000001100000
15;01000010001000000001100000
10;01000010001000010000100000
6;10000100010000001000010000
7;10000100000010001000010000
8;00010100000010001000010000
11;00010010000010001000010000
10;00010010001000001000010000
13;00011000001000001000010000
14;01001000001000001000010000
12;00101000001000001000010000
11;10001000001000001000010000
10;10000010001000001000010000
12;10000010001000000010010000
8;01000010001000000010010000
7;01000010001000000010000001
7;01001000001000000010000001
8;01001000001000100000000001
9;10001000001000100000000001
10;10000100001000100000000001
9;10000001001000100000000001
8;00100001001000100000000001
8;00010100100000000001100000
9;00100100100000000001100000
10;00100100100000001000100000
11;10000100100000001000100000
9;10000100000001001000100000
10;01000100000001001000100000
14;00100100000001001000100000
11;00010100000001001000100000
10;00010001000001001000100000
9;01000001000001001000100000
8;01000010000001001000100000
11;00100010000001001000100000
9;00010010000001001000100000
10;00010010000100001000100000
11;00011000000100001000100000
12;10001000000100001000100000
13;10001000000100001000000001
11;00011000000100001000000001
9;01001000000100001000000001
7;00100100010000001000000100
7;01000100010000001000000100
6;00010100010000001000000100
7;00010100000010001000000100
8;00010001000010001000000100
10;00010001000100001000000100
13;00100001000100001000000100
14;00100010000100001000000100
13;00101000000100001000000100
12;00101000000100000001000100
9;01001000000100000001000100
15;01001000000100010000000100
17;00101000000100010000000100
16;10001000000100010000000100
13;10000100000100010000000100
9;00010100000100010000000100
8;00010100000100010000000001
10;00010001000100010000000001
12;00010010000100010000000001
8;00010010000001010000000001
7;00100010000100100000001000
9;00100100000100100000001000
9;00100100000100100000000001
10;10000100000100100000000001
9;01000100000100100000000001
10;01000010000100100000000001
14;00010010000100100000000001
11;00010001000100100000000001
12;10000001000100100000000001
9;10001000000100100000000001
12;10001000000100100000100000
9;10001000000100000010100000
7;10001000000100000010000010
8;10001000000100100000000010
10;10000001000100100000000010
9;01000001000100100000000010
13;00100001000100100000000010
12;00100100000100100000000010
14;00100100000100100000010000
7;00100001100000001000001000
8;00100001100000001000000001
10;00010001100000001000000001
9;00010010100000001000000001
8;00010010100000000010000001
8;01000010100000000010000001
8;01000100100000000010000001
8;00010100100000000010000001
13;00010100100000000010000100
9;00010010100000000010000100
8;00010001100000000010000100
7;00010001100000000010000010
8;00011000100000000010000010
9;00011000100000100000000010
8;00010010100000100000000010
9;00100010100000100000000010
10;01000010100000100000000010
15;01000100100000100000000010
11;01000100100000100000010000
8;00010010100000000001100000
8;00010100100000000001100000
9;00100100100000000001100000
10;10000100100000000001100000
8;10001000100000000001100000
7;10001000100000000001000001
10;10000001100000000001000001
7;00010001100000000001000001
8;01000001100000000001000001
7;01001000100000000001000001
8;01000100100000000001000001
11;01000100100000010000000001
9;01000001100000010000000001
9;00100001100000010000000001
8;00100001100000010000001000
7;00100010100000010000001000
9;00100010100000010000000010
8;00010010100000010000000010
8;01000010100000010000000010
5;01001000000001001000001000
6;10000001000001001000001000
6;00010001000001001000001000
7;00010100000100001000001000
7;10000010000100001000001000
7;01000001000100001000001000
7;00101000000100001000001000
9;00101000000100001000000001
8;00100100000100000001000001
6;00100010000100000001001000
4;00010001000100000001001000
5;01000001000100000001001000
6;10001000000100000001001000
6;10000001000100100000001000
7;00010100000100100000001000
5;00011000000001100000001000
5;01000010000001100000001000
6;00100100000001100000001000
7;00100001000001100000000001
7;10000001000001100000000001
8;10001000100000000010100000
8;10000100100000000010100000
9;01000100100000000010100000
9;01000001100000000010100000
10;01001000100000000010100000
11;01000010100000000010100000
10;00100010100000000010100000
9;00100001100000000010100000
10;00101000100000000010100000
8;00101000100000000010000010
8;00100100100000000010000010
10;00100100100000010000000010
17;00100001100000010000000010
9;00101000100000010000000010
12;10001000100000010000000010
11;00011000100000010000000010
12;00010100100000010000000010
8;10000100100000010000000010
7;10000010100000010000000010
7;00100001010000100000000100
8;01000001010000100000000100
7;01000100010000100000000100
7;00010100010000100000000100
7;00010001010000100000000100
7;00010010010000100000000100
8;01000010010000100000000100
7;00100010010000100000000100
8;00100100010000100000000100
6;00101000010000100000000100
7;00100010001000000100100000
7;00100100001000000100100000
6;10000100001000000100100000
7;10000001001000000100100000
7;00100001001000000100100000
8;00010001001000000100100000
9;01000001001000000100100000
8;01000100001000000100100000
7;01000010001000000100100000
7;00010010001000000100100000
11;00010010001000000001100000
10;00010100001000000001100000
8;00010100001000000100100000
5;10001000010000000100010000
5;00010100000010000010000010
6;10000100000010000010000010
5;00100100000010000010000010
6;00101000000010000010000010
6;00011000000010000010000010
7;00010001000010000010000010
7;00100001000010000010000010
5;01000001000010000010000010
6;01000010000010000010000010
8;01001000000010000010000010
11;01001000000010100000000010
8;00011000000010100000000010
9;00011000000010100000100000
8;00101000000010100000100000
8;10001000000010100000100000
7;10001000000010100000000001
7;01001000000010100000000001
8;01000010000010100000000001
7;01000100000010100000000001
12;01000001000010100000000001
12;01000001000010100000010000
10;01000010000010100000010000
8;01000100000001010000100000
9;00100100000001010000100000
10;00101000000001010000100000
11;00100001000001010000100000
9;01000001000001010000100000
9;10000001000001010000100000
10;00010001000001010000100000
10;00010010000001010000100000
10;10000010000001010000100000
11;10001000000001010000100000
12;00011000000001010000100000
14;00011000000100010000100000
13;00010100000100010000100000
9;00010100000001010000100000
9;10000100000001010000100000
10;10000100100000010000100000
11;10000010100000010000100000
12;01000010100000010000100000
14;01000001100000010000100000
6;00101000000100000100000010
7;10001000000100000100100000
6;10000001000100000100100000
7;00010010000100000100100000
9;00010010000100000001100000
10;01000010000100000001100000
13;10000010000100000001100000
10;10000100000100000001100000
11;10000100000100000001000001
7;10000001000100000001000001
11;10001000000100000001000001
10;01001000000100000001000001
9;01001000000100000001010000
9;00101000000100000001010000
11;00100001000100000001010000
8;01000001000100000001010000
7;01000001000010000001010000
7;01000010000010000001010000
8;01000010000010010000010000
10;00100010000010010000010000
6;00010001001000000100000100
7;10000001001000000100000100
8;10000100001000000100000100
7;00100100001000000100000100
8;01000100001000000100000100
9;01001000001000000100000100
7;00101000001000000100000100
10;10001000001000000100000100
7;10000010001000000100000100
7;00100100010000010000010000
9;00100010010000010000010000
7;01000001010000010000010000
8;00101000010000010000010000
7;01001000000001010000010000
8;10001000000001010000010000
8;10000100000001010000010000
7;10000100000001000010010000
8;10001000000001000010010000
8;10001000100000000010010000
9;00101000100000000010010000
11;01001000100000000010010000
11;01000100100000000010010000
8;01000100100000000010000010
8;00100100100000000010000010
9;00010100100000000010000010
13;00010100100000000010010000
10;00010100100000010000010000
11;00011000100000010000010000
7;00100001000001100000000001
7;00100010000001100000000001
9;10000010000001100000000001
10;10000100000001100000000001
9;01000100000001100000000001
7;01000010000001100000000001
8;01000010000001100000010000
9;01000100000001100000010000
7;01000100000001100000000010
8;00100100000001100000000010
9;00100001000001100000000010
11;00100001001000100000000010
16;00101000001000100000000010
15;00100100001000100000000010
12;00100100001000100000010000
16;01000100001000100000010000
13;10000100001000100000010000
17;10001000001000100000010000
10;10000001001000100000010000
13;10000010001000100000010000
8;10000001000100000010000100
9;10000010000100000010000100
10;10000100000100000010000100
10;10001000000100000010000100
9;00101000000100000010000100
8;00100001000100000010000100
10;00100010000100000010000100
8;00010010000100000010000100
11;01000010000100000010000100
12;01000100000100000010000100
11;01000100000100010000000100
8;01000100000100000001000100
10;01000001000100000001000100
9;01000001000100010000000100
13;00100001000100010000000100
9;00100001000100010000000010
8;01000001000100010000000010
12;01001000000100010000000010
10;10001000000100010000000010
7;10001000000100000010000001
7;00011000000100000010000001
8;00011000000100100000000001
9;00011000000001100000000001
7;10001000000001100000000001
7;10000001000001100000000001
8;00010001000001100000000001
11;00010001000100100000000001
12;10000001000100100000000001
8;00100001000100100000000001
9;00100100000100100000000001
12;00010100000100100000000001
10;10000100000100100000000001
11;10000100000100000001000001
7;00010100000100000001000001
8;00100100000100000001000001
7;00100100000100001000000001
7;00100100000100001000001000
7;00101000000100001000001000
7;00011000000100001000001000
7;00100010001000000100000100
6;00100010000001000100000100
6;00010100000001000100000100
5;01000010000001000100000100
6;10000010000001000100000100
6;10000001100000000100000100
8;00100100100000000100000100
9;00100001100000000010000100
9;00101000100000000010000100
15;00101000100000100000000100
11;00101000000010100000000100
15;01001000000010100000000100
8;10001000000010100000000100
10;10001000100000100000000100
8;10001000000001100000000100
8;10000001000001100000000100
7;10000001000001100000000010
9;10000001100000100000000010
15;10001000100000100000000010
7;10001000000010100000000010
7;10000100000010000010000100
7;10000010000010000010000100
8;01000010000010000010000100
9;00100010000010000010000100
11;00100010001000000010000100
12;00100100001000000010000100
13;01000100001000000010000100
11;01000100001000010000000100
11;01000010001000010000000100
10;01000001001000010000000100
9;01000001001000000001000100
11;01000010001000000001000100
8;10000010001000000001000100
8;00100010001000000001000100
11;00100010001000001000000100
8;00100010000010001000000100
16;01000010000010001000000100
11;10000010000010001000000100
10;10000100000010001000000100
7;00100100000010001000000100
8;00101000001000001000000010
8;00100001001000001000000010
7;00100001001000000001000010
11;01000001001000000001000010
7;01000100001000000001000010
7;10000100001000000001000010
11;10000100001000000001010000
9;10000001001000000001010000
10;10000001001000100000010000
17;10001000001000100000010000
16;01001000001000100000010000
14;01000010001000100000010000
11;01000001001000100000010000
16;01000100001000100000010000
12;00100100001000100000010000
13;10000100001000100000010000
16;00010100001000100000010000
13;00011000001000100000010000
14;00010010001000100000010000
7;10000100001000000010000001
8;10000100001000010000000001
9;00010100001000010000000001
10;00010100001000010000000100
11;00011000001000010000000100
12;00101000001000010000000100
12;01001000001000010000000100
11;01001000001000000001000100
9;10001000001000000001000100
9;10000100001000000001000100
12;01000100001000000001000100
9;01000001001000000001000100
11;01000010001000000001000100
8;00100010001000000001000100
9;00101000001000000001000100
10;00101000001000001000000100
11;00100010001000001000000100
16;10000010001000001000000100
12;01000010001000001000000100
11;01001000001000001000000100
7;00010001000100000001010000
8;00010001000001000001010000
9;00010010000001000001010000
7;01000010000001000001010000
7;01000010000001000001000001
7;01000100000001000001000001
7;00100100000001000001000001
5;00100001000001000001000001
6;00010001000001000001000001
8;00010100000001000001000001
6;00011000000001000001000001
7;00101000000001000001000001
8;01001000000001000001000001
7;01001000000001000001010000
8;10001000000001000001010000
9;00101000000001000001010000
9;00101000000001001000010000
7;01001000000001001000010000
8;01000100000001001000010000
8;00100100000001001000010000
7;00011000100000001000001000
7;01001000100000001000001000
9;01000100100000001000001000
8;00010100100000001000001000
8;00010001100000001000001000
8;01000001100000001000001000
7;00100001100000001000001000
8;00100001100000001000000001
7;00101000100000001000000001
8;10001000100000001000000001
8;01001000100000001000000001
12;01000001100000001000000001
11;01000100100000001000000001
8;00100100100000001000000001
9;00100010100000001000000001
11;01000010100000001000000001
8;01000010100000000010000001
8;01000100100000000010000001
11;01000100100000010000000001
7;00010010000010010000000001
8;00010010000010010000000100
9;00011000000010010000000100
10;00101000000010010000000100
8;00100100000010010000000100
10;10000100000010010000000100
7;10000100000010000010000100
10;10001000000010000010000100
8;10001000000010100000000100
15;01001000000010100000000100
11;00101000000010100000000100
15;00101000100000100000000100
18;00100100100000100000000100
16;00010100100000100000000100
11;10000100100000100000000100
9;10000100000001100000000100
15;00100100000001100000000100
16;00100100001000100000000100
13;01000100001000100000000100
13;10000100001000100000000100
8;00100010100000001000000010
9;00100001100000001000000010
10;10000001100000001000000010
11;01000001100000001000000010
10;01000010100000001000000010
10;01000100100000001000000010
14;00100100100000001000000010
8;00100100100000000001000010
8;01000100100000000001000010
8;01000001100000000001000010
8;00100001100000000001000010
11;00100001100000000001000100
8;00010001100000000001000100
10;10000001100000000001000100
8;10001000100000000001000100
9;10001000000001000001000100
9;10000001000001000001000100
8;10000100000001000001000100
7;01000100000001000001000100
7;00010100000001010000000010
8;00010100000001010000010000
9;00010010000001010000010000
7;01000010000001010000010000
10;00100010000001010000010000
8;00100100000001010000010000
13;00100100001000010000010000
8;00100100001000000010010000
9;01000100001000000010010000
9;01000100001000010000010000
17;01000001001000010000010000
11;01000001001000010000000001
8;01000010001000010000000001
7;01000010000010010000000001
7;01001000000010010000000001
12;01001000100000010000000001
11;00101000100000010000000001
9;00100010100000010000000001
10;10000010100000010000000001
8;10001000100000010000000001
7;10001000000010100000000001
7;10000010000010100000000001
8;10000010000010100000100000
8;10000010000010000001100000
8;00100010000010000001100000
7;00100100000010000001100000
7;00101000000010000001100000
9;00100001000010000001100000
9;00100001000010001000100000
8;10000001000010001000100000
9;10000010000010001000100000
11;00100010000010001000100000
8;00100100000010001000100000
8;00010100000010001000100000
9;00010100010000001000100000
7;00100100010000001000100000
7;00100010010000001000100000
7;00010010010000001000100000
8;00010001010000001000100000
7;10000001010000001000100000
8;00100100000001000010000100
7;10000100000001000010000100
10;10000100100000000010000100
9;01000100100000000010000100
10;01000010100000000010000100
13;00100010100000000010000100
11;00100100100000000010000100
9;00100001100000000010000100
8;01000001100000000010000100
7;10000001100000000010000100
8;00010001100000000010000100
11;00011000100000000010000100
9;00010010100000000010000100
8;00010010100000000010000001
8;01000010100000000010000001
8;01000100100000000010000001
8;00010100100000000010000001
10;00010100100000010000000001
11;00010010100000010000000001
8;10000001000100000001000100
7;10000001000100000001000010
10;10000001000100100000000010
11;10000001000010100000000010
8;10000001000010100000000100
9;00010001000010100000000100
10;00010001000010100000000001
8;00010010000010100000000001
9;00010010001000100000000001
10;01000010001000100000000001
14;01000001001000100000000001
8;01001000001000100000000001
13;01000100001000100000000001
16;01000100001000100000010000
14;01000100001000100000000010
8;10000100001000100000000010
13;10000100001000100000010000
13;10000010001000100000010000
17;10001000001000100000010000
7;01001000000100000100010000
7;01000100000100000100010000
7;01000010000100000100010000
8;10000010000100000100010000
7;00010010000100000100010000
7;00010001000100000100010000
6;00100001000100000100010000
8;00101000000100000100010000
8;00100010000100000100010000
7;00100100000100000100010000
7;10000100000100000100010000
7;10001000000100000100010000
7;10000001000001100000000010
8;10000001000001100000000100
9;10000001000001000001000100
10;10000001100000000001000100
11;10000100100000000001000100
8;10000100000001000001000100
8;10000010000001000001000100
7;01000010000001000001000100
7;01000100000001000001000100
8;00100100000001000001000100
7;00100001000001000001000100
8;00100001000001001000000100
7;01000001000001001000000100
7;01000001010000001000000100
7;10000001010000001000000100
7;10000010010000001000000100
8;10001000010000001000000100
7;01001000010000001000000100
7;01000010010000001000000100
7;01000100010000001000000100
7;00100001010000100000000100
7;00100010010000100000000100
8;01000010010000100000000100
7;00010010010000100000000100
7;00010001010000100000000100
8;01000001010000100000000100
7;01000100010000100000000100
7;10000100010000100000000100
7;00010100010000100000000100
8;00010100000010100000000100
14;01000100000010100000000100
14;01000010000010100000000100
13;01000001000010100000000100
9;00010001000010100000000100
10;00010001000010100000000001
8;10000001000010100000000001
8;10000001000010100000100000
8;10000010000010100000100000
11;10000010001000100000100000
15;00100010001000100000100000
8;00010010100000000010000001
9;00010010100000000010000100
10;00010010100000001000000100
11;00100010100000001000000100
12;00100001100000001000000100
13;00101000100000001000000100
14;00100100100000001000000100
15;10000100100000001000000100
16;00010100100000001000000100
12;00011000100000001000000100
17;10001000100000001000000100
15;10001000000001001000000100
9;00101000000001001000000100
10;00101000001000001000000100
13;00011000001000001000000100
11;01001000001000001000000100
10;01000001001000001000000100
9;01000001001000001000000010
10;01001000001000001000000010
8;00100010010000100000010000
7;00100100010000100000010000
8;00100100000010100000010000
8;00010100000010100000010000
8;01000100000010100000010000
10;01000010000010100000010000
12;01000001000010100000010000
12;01000001000100100000010000
16;01001000000100100000010000
15;01000100000100100000010000
17;01000010000100100000010000
19;00010010000100100000010000
18;00100010000100100000010000
13;00100001000100100000010000
14;00100100000100100000010000
13;10000100000100100000010000
23;10000001000100100000010000
11;10000001000010100000010000
14;00010001000010100000010000
7;00100100000010001000000100
7;00010100000010001000000100
9;01000100000010001000000100
10;10000100000010001000000100
11;10000010000010001000000100
9;10001000000010001000000100
13;10000001000010001000000100
8;00010001000010001000000100
13;00010010000010001000000100
8;00100010000010001000000100
14;00100001000010001000000100
9;01000001000010001000000100
9;01000001000010001000000010
9;01001000000010001000000010
9;01001000100000001000000010
11;01000001100000001000000010
10;10000001100000001000000010
9;00100001100000001000000010
8;00100010100000001000000010
14;00100100100000001000000010
7;00101000001000000100010000
8;00011000001000000100010000
6;00010100001000000100010000
7;10000100001000000100010000
8;10001000001000000100010000
8;10000001001000000100010000
9;10000001001000000010010000
11;00010001001000000010010000
9;00010100001000000010010000
8;00100100001000000010010000
9;10000100001000000010010000
9;01000100001000000010010000
8;01000100001000000010000001
8;01000100001000010000000001
9;01001000001000010000000001
7;01001000001000000001000001
7;00101000001000000001000001
8;10001000001000000001000001
8;10000001001000000001000001
8;01000001001000000001000001
8;00011000000100001000000010
9;00010001000100001000000010
10;01000001000100001000000010
8;01000100000100001000000010
8;01000010000100001000000010
7;01000010000100001000001000
6;00100010000100001000001000
7;00100010000100001000000010
9;00101000000100001000000010
11;10001000000100001000000010
13;01001000000100001000000010
13;01001000000100001000100000
14;00101000000100001000100000
13;00100010000100001000100000
12;00100010000100000001100000
14;00100001000100000001100000
9;10000001000100000001100000
13;10000010000100000001100000
12;10001000000100000001100000
7;00011000000010010000000001
7;01001000000010010000000001
8;01001000000010010000010000
8;01000010000010010000010000
11;10000010000010010000010000
11;10001000000010010000010000
13;10000001000010010000010000
12;01000001000010010000010000
7;01000001000010010000000001
7;00010001000010010000000001
10;00010001000100010000000001
10;00011000000100010000000001
10;10001000000100010000000001
9;10000100000100010000000001
9;01000100000100010000000001
12;01001000000100010000000001
9;00101000000100010000000001
14;00100001000100010000000001
10;00100100000100010000000001
8;00010100000100010000000001
7;00010100000100000001010000
8;10000100000100000001010000
9;10000100000100000001000010
7;10000001000100000001000010
10;10000001000100100000000010
10;00010001000100100000000010
11;00010001000001100000000010
7;01000001000001100000000010
9;00100001000001100000000010
10;00100001000001100000000100
9;00101000000001100000000100
8;10001000000001100000000100
9;10000100000001100000000100
11;10000100100000100000000100
10;10001000100000100000000100
8;10001000100000000010000100
7;10000001100000000010000100
8;10000010100000000010000100
10;01000010100000000010000100
16;01000010100000001000000100
6;10001000010000010000000010
6;00100100010000010000000010
4;00100100010000000010000010
5;00100010010000000010000010
5;00010001010000000010000010
4;00101000010000000010000010
6;01001000010000100000000010
6;00010001010000100000000010
4;10000010010000100000000010
5;10000010010000100000001000
4;00100001010000100000001000
3;00101000010000100000001000
4;01001000010000000010001000
1;00010001010000000010001000
4;00100100010000000010001000
4;01000010010000000010001000
4;10000010010000001000001000
4;00010001010000001000001000
7;10001000010000001000001000
6;00010100010000001000001000
7;10000001000100000001000001
8;10000010000100000001000001
9;01000010000100000001000001
10;01001000000100000001000001
7;01000001000100000001000001
8;01000001000100000001010000
11;01000100000100000001010000
10;01000100000100000001000001
11;10000100000100000001000001
8;00100100000100000001000001
7;00100100000100001000000001
10;10000100000100001000000001
9;00010100000100001000000001
10;00010100000001001000000001
9;00011000000001001000000001
14;00011000000001001000000100
9;00101000000001001000000100
8;01001000000001001000000100
7;01000001000001001000000100
9;01000100000001001000000100
7;00101000001000000001000001
7;00101000001000001000000001
9;01001000001000001000000001
10;01000001001000001000000001
11;01000001001000001000010000
12;01000010001000001000010000
10;00010010001000001000010000
11;00010010001000000010010000
9;00100010001000000010010000
8;00101000001000000010010000
11;01001000001000000010010000
16;01001000001000100000010000
11;01000001001000100000010000
14;01000010001000100000010000
13;10000010001000100000010000
11;10000010000010100000010000
9;00100010000010100000010000
12;00100010001000100000010000
12;00100001001000100000010000
13;00010001001000100000010000
8;00100010000010001000000100
9;00100010000010000010000100
6;00100001000010000010000100
7;01000001000010000010000100
5;01000001000010000010000010
8;01001000000010000010000010
9;01001000100000000010000010
7;01000001100000000010000010
8;01000001100000000010000100
8;01000001100000000100000100
8;00100001100000000100000100
8;00100100100000000100000100
8;01000100100000000100000100
7;10000100100000000100000100
7;00100010000010010000000010
8;00101000000010010000000010
8;00100001000010010000000010
7;01000001000010010000000010
7;10000001000010010000000010
9;10000001000010010000000100
10;10000100000010010000000100
8;00100100000010010000000100
11;01000100000010010000000100
10;01000001000010010000000100
8;01000010000010010000000100
11;00100010000010010000000100
8;00010010000010010000000100
14;00010010001000010000000100
11;00100010001000010000000100
11;01000010001000010000000100
10;01000001001000010000000100
16;00010001001000010000000100
17;00010001001000010000000010
12;00100001001000010000000010
7;00010010001000000010000010
7;00010001001000000010000010
7;00011000001000000010000010
7;00101000001000000010000010
10;10001000001000000010000010
7;10000100001000000010000010
9;00010100001000000010000010
8;01000100001000000010000010
8;01000100001000010000000010
13;01000001001000010000000010
17;00010001001000010000000010
16;00010001001000010000000100
16;00100001001000010000000100
11;00100010001000010000000100
11;00100010000010010000000100
9;10000010000010010000000100
9;10000001000010010000000100
8;00010001000010010000000100
10;00100001000010010000000100
10;00101000000010010000000100
7;10000001000100001000001000
7;00010001000100001000001000
7;00010100000100001000001000
8;10000100000100001000001000
7;00100100000100001000001000
7;00101000000100001000001000
8;01001000000100001000001000
8;10001000000100001000001000
7;00011000000100001000001000
8;01000010000001100000000100
9;00010010000001100000000100
10;10000010000001100000000100
8;10000010000001000001000100
8;10000100000001000001000100
9;10001000000001000001000100
8;10001000000001100000000100
8;10000001000001100000000100
9;10000001000001000001000100
10;10000001100000000001000100
9;10000010100000000001000100
10;01000010100000000001000100
11;00100010100000000001000100
11;00100010100000001000000100
13;00100010100000000010000100
11;00100100100000000010000100
16;00100100100000010000000100
18;00100001100000010000000100
15;00100010100000010000000100
5;10001000000100000100001000
8;00100100001000000001010000
9;00100010001000000001010000
10;01000010001000000001010000
10;01000100001000000001010000
8;00010100001000000001010000
9;00011000001000000001010000
8;00011000001000000100010000
7;00010001001000000100010000
#<Time>=0.68531s/900
#<PlanCost>=single integer value
#<State>=Atom at-airplane(plane2, beijing);Atom at-airplane(plane2, seoul);Atom at-airplane(plane2, shanghai);Atom at-airplane(plane2, tokyo);Atom at-airplane(plane1, beijing);Atom at-airplane(plane1, seoul);Atom at-airplane(plane1, shanghai);Atom at-airplane(plane1, tokyo);Atom at-person(carol, beijing);Atom at-person(carol, seoul);Atom at-person(carol, shanghai);Atom at-person(carol, tokyo);Atom in-airplane(carol, plane1);Atom in-airplane(carol, plane2);Atom at-person(bob, beijing);Atom at-person(bob, seoul);Atom at-person(bob, shanghai);Atom at-person(bob, tokyo);Atom in-airplane(bob, plane1);Atom in-airplane(bob, plane2);Atom at-person(alice, beijing);Atom at-person(alice, seoul);Atom at-person(alice, shanghai);Atom at-person(alice, tokyo);Atom in-airplane(alice, plane1);Atom in-airplane(alice, plane2);
11;00010001001000000010010000
8;01000001001000000010010000
9;01000100001000000010010000
9;01000100001000010000010000
20;00010100001000010000010000
13;00100100001000010000010000
17;00101000001000010000010000
16;00100001001000010000010000
14;00100010001000010000010000
11;10000010001000010000010000
11;10000001001000010000010000
7;01000001000001100000000001
7;10000001000001100000000001
7;00100001000001100000000001
9;00100100000001100000000001
8;00100100001000100000000001
7;00101000001000100000000001
9;10001000001000100000000001
9;10000001001000100000000001
8;10000001001000000001000001
8;10000100001000000001000001
10;10000100001000100000000001
13;01000100001000100000000001
10;01000010001000100000000001
9;00010010001000100000000001
10;00010001001000100000000001
12;00010100001000100000000001
8;00011000001000100000000001
8;01001000001000100000000001
7;01001000001000000010000001
8;01000100001000000010000001
7;00100010010000001000100000
7;00100100010000001000100000
9;01000100010000001000100000
9;00010100010000001000100000
7;00010010010000001000100000
8;00010001010000001000100000
8;01000001010000001000100000
7;10000001010000001000100000
6;00100001000010000010000100
7;00100001000010000010000010
5;01000001000010000010000010
7;10000001000010000010000010
8;10000010000010000010000010
8;10001000000010000010000010
6;00101000000010000010000010
6;00011000000010000010000010
5;00010010000010000010000010
7;00010001000010000010000010
5;00010100000010000010000010
7;00010100000010000010010000
10;00011000000010000010010000
7;01001000000010000010010000
10;01000010000010000010010000
8;01000010001000000010010000
9;01000100001000000010010000
9;10000100001000000010010000
10;10000100001000010000010000
7;00010001001000000010000100
7;00010001001000000010000010
8;10000001001000000010000010
7;10000100001000000010000010
7;00100100001000000010000010
8;00100100001000000010010000
9;00100010001000000010010000
8;00101000001000000010010000
11;01001000001000000010010000
8;01000010001000000010010000
8;01000001001000000010010000
9;01000100001000000010010000
9;01000100001000010000010000
14;01001000001000010000010000
19;00011000001000010000010000
18;10001000001000010000010000
10;10000100001000010000010000
9;10000100001000010000000010
8;01000100001000010000000010
8;01000100001000000010000010
8;01000001000100001000000001
9;01000100000100001000000001
10;01000010000100001000000001
11;01000010000100001000010000
12;00100010000100001000010000
13;00010010000100001000010000
12;00010100000100001000010000
11;00100100000100001000010000
8;00100100000100001000000010
8;00010100000100001000000010
9;00010001000100001000000010
11;00100001000100001000000010
10;10000001000100001000000010
18;10000001000100001000000100
13;00100001000100001000000100
17;00100100000100001000000100
11;00100100000100000001000100
8;00010100000100000001000100
8;00011000000100000001000100
7;00010010001000000100100000
8;00010001001000000100100000
9;00010001001000000001100000
9;10000001001000000001100000
8;10000001001000000001000001
8;10000100001000000001000001
9;01000100001000000001000001
7;01001000001000000001000001
8;01000001001000000001000001
11;01000001001000000001010000
10;01001000001000000001010000
13;10001000001000000001010000
9;10000001001000000001010000
12;10000010001000000001010000
11;10000100001000000001010000
8;00010100001000000001010000
8;00010001001000000001010000
7;00010001001000000100010000
11;00010001001000000010010000
11;00010010001000000010010000
7;10000001100000000010000100
8;00010001100000000010000100
8;01000001100000000010000100
9;01001000100000000010000100
8;10001000100000000010000100
8;10000010100000000010000100
9;00010010100000000010000100
13;00100010100000000010000100
11;00100010100000001000000100
14;00100100100000001000000100
12;00100001100000001000000100
13;01000001100000001000000100
16;01000010100000001000000100
10;00010010100000001000000100
16;00010100100000001000000100
12;00011000100000001000000100
13;00101000100000001000000100
11;01001000100000001000000100
10;01001000000010001000000100
16;01000010000010001000000100
8;10000001001000000010000010
7;00100001001000000010000100
10;00101000001000000010000100
8;01000010001000000010000100
7;00010010000010000010000100
13;00010010000010001000000100
10;01001000000010001000000100
11;01001000100000001000000100
14;10000001100000001000000100
10;00010001100000001000000001
16;00010001100000001000000100
10;00010010100000001000000100
9;00010010100000001000000001
8;10000010100000001000000001
9;00100010100000001000000001
7;00101000100000001000000001
8;00100100100000001000000001
11;00010100100000001000000001
16;00010100100000001000000100
8;01000010000010100000000001
7;01001000000010100000000001
8;01001000100000100000000001
11;01000010100000100000000001
11;10000010100000100000000001
9;10000010000001100000000001
11;10000010000001100000100000
13;00010010000001100000100000
16;00100010000001100000100000
8;00101000000001100000100000
12;00101000001000100000100000
10;10001000001000100000100000
8;10001000001000100000000010
10;10001000001000000010000010
8;10000001001000000010000010
7;10000100001000000010000010
9;10000100001000010000000010
10;10000100001000010000010000
9;01000100001000010000010000
7;10000010010000100000100000
8;00010010010000100000100000
8;01000010010000100000100000
8;00100010010000100000100000
8;00100100010000100000100000
6;10000100010000100000100000
7;01000100010000100000100000
12;01000100000010100000100000
10;00010100000010100000100000
11;00010010000010100000100000
10;00010001000010100000100000
10;00100001000010100000100000
11;01000001000010100000100000
14;01000001000100100000100000
15;01000010000100100000100000
13;01001000000100100000100000
9;01001000000100000010100000
10;01000100000100000010100000
12;01000100000100010000100000
13;01001000000100010000100000
7;01000100000100000001000010
8;01001000000100000001000010
7;10001000000100000001000010
7;10000001000100000001000010
11;00100001000100000001000010
12;00101000000100000001000010
9;00101000000100001000000010
8;00011000000100001000000010
9;00010001000100001000000010
10;00010001000100001000000100
8;00010001000100001000000001
8;00010001000001001000000001
9;00011000000001001000000001
11;00011000000100001000000001
11;00011000000100001000000100
12;00010100000100001000000100
9;00010100000100001000000001
8;00010010000100001000000001
8;00100010000100001000000001
10;01000010000100001000000001
7;00010001100000000100000100
8;01000100100000000100000100
7;10000010100000000100000100
5;10000001000001000100000100
5;01000100000001000100000100
6;00011000000001000100000100
7;00010100000001000001000100
6;01000001000001000001000100
9;00100010000001000001000100
9;00101000000001001000000100
7;01000010000001001000000100
8;00010010000001001000000100
11;00011000000100001000000100
14;01000100000100001000000100
13;00100001000100001000000100
12;10001000000100001000000100
9;10000010000100000010000100
10;00100010000100000010000100
9;00101000000100000010000100
8;00011000000100000010000100
7;00010100000100000010000001
8;10000100000100000010000001
7;10001000000100000010000001
8;01001000000100000010000001
8;01000010000100000010000001
10;01000010000100001000000001
8;01000001000100001000000001
14;01000001000100001000010000
8;01000001000010001000010000
11;10000001000010001000010000
15;10000001000100001000010000
11;10001000000100001000010000
12;00011000000100001000010000
9;00011000000001001000010000
9;00010001000001001000010000
11;01000001000001001000010000
7;01001000000001001000010000
7;01001000010000001000010000
7;00101000010000001000010000
8;00011000010000001000010000
8;00010100000100000010010000
8;00010001000100000010010000
10;00010010000100000010010000
10;00100010000100000010010000
9;01000010000100000010010000
8;01000100000100000010010000
7;01000100000100000010000001
8;10000100000100000010000001
7;00010100000100000010000001
7;00011000000100000010000001
8;01001000000100000010000001
8;01000010000100000010000001
7;10000010000100000010000001
17;10000010000100000010100000
12;00010010000100000010100000
15;01000010000100000010100000
9;01001000000100000010100000
13;01001000000100100000100000
16;01000100000100100000100000
8;01000001001000000001000001
7;01001000001000000001000001
9;01000100001000000001000001
10;01000100001000000001010000
10;01000010001000000001010000
10;01001000001000000001010000
14;01001000001000010000010000
13;01000010001000010000010000
14;00100010001000010000010000
10;00100010000010010000010000
11;10000010000010010000010000
8;10000100000010010000010000
7;10000100000010000010010000
11;10001000000010000010010000
7;01001000000010000010010000
8;01001000000010100000010000
8;01000100000010100000010000
12;01000001000010100000010000
12;01000001000100100000010000
7;10001000000001100000000010
8;00101000000001100000000010
9;00100001000001100000000010
10;00100001000001100000000100
8;10000001000001100000000100
9;10000100000001100000000100
13;01000100000001100000000100
8;01000010000001100000000100
8;01000010010000100000000100
8;01000001010000100000000100
7;01000100010000100000000100
7;10000100010000100000000100
7;00010100010000100000000100
7;00010001010000100000000100
7;00010010010000100000000100
7;00100010010000100000000100
6;00101000010000100000000100
8;00100100010000100000000100
7;00100001010000100000000100
6;10000010000010000100010000
4;01000100000010000100010000
3;00100100010000000100010000
3;01000001010000000100010000
4;01000001010000000010010000
6;10000100010000000010010000
4;00100100010000000010000010
5;01000100000010000010000010
8;01001000000010000010000010
5;01000001000010000010000010
6;00010001000010000010000100
7;00010001000100000010000100
7;10000001000100000100000100
9;10000010000100000100000100
10;00100100000100000100000100
8;00010100000100000001000100
7;00010100000100000001000001
6;00010010000100000001000001
7;00011000000100000001000001
11;10001000000100000001000001
6;00011000100000000100100000
7;00010001100000000100100000
7;00010100100000000100100000
9;01000100100000000100100000
8;01000001100000000100100000
8;01000010100000000100100000
7;01001000100000000100100000
7;10000100000001000010000100
8;10000100000001010000000100
9;10001000000001010000000100
10;00101000000001010000000100
10;00100010000001010000000100
9;00100100000001010000000100
8;00100100000001000010000100
7;00010100000001000010000100
8;00010100000001010000000100
8;01000100000001010000000100
8;01001000000001010000000100
8;01000010000001010000000100
7;01000010000001000001000100
8;10000010000001000001000100
9;10001000000001000001000100
8;10001000100000000001000100
10;10000001100000000001000100
9;10000010100000000001000100
12;10000010100000100000000100
10;10000001100000100000000100
8;00011000000001100000100000
7;00011000000001100000000010
8;00101000000001100000000010
7;10001000000001100000000010
7;10000001000001100000000010
9;00100001000001100000000010
10;00100001000001100000000100
15;00100100000001100000000100
13;01000100000001100000000100
7;01000100010000100000000100
8;00100100010000100000000100
7;00100001010000100000000100
8;01000001010000100000000100
8;01000010010000100000000100
7;00100010010000100000000100
6;00101000010000100000000100
8;10001000001000100000000010
9;00011000001000100000000010
10;00010001001000100000000010
11;01000001001000100000000010
10;10000001001000100000000010
8;10000100001000100000000010
7;10000100001000000001000010
7;01000100001000000001000010
8;01000100001000010000000010
9;01000100001000010000010000
10;01000100001000000001010000
10;01000010001000000001010000
7;00010010001000000001010000
9;00011000001000000001010000
12;00101000001000000001010000
13;10001000001000000001010000
10;01001000001000000001010000
7;01001000001000000001000001
8;01000001001000000001000001
7;10000010000100100000001000
8;01000010000100100000001000
7;00100010000100100000001000
9;00100010000100100000000010
8;00010010000100100000000010
10;01000010000100100000000010
12;01001000000100100000000010
8;10001000000100100000000010
7;10001000000100000010000010
9;10000100000100000010000010
12;10000100000100000010010000
8;01000100000100000010010000
12;01001000000100000010010000
9;01000010000100000010010000
19;10000010000100000010010000
10;00100010000100000010010000
10;00010010000100000010010000
13;00010010000100001000010000
8;00010010000001001000010000
9;00011000000001001000010000
6;01001000001000000100000010
7;00011000001000000100100000
7;00100100001000000100100000
7;10000001001000000100100000
7;01000010001000000100100000
6;01000010000010000100100000
6;00010001000010000100100000
7;01000001000010000010100000
7;10000001000100000010100000
7;00010001000100000100100000
7;10001000000100000100100000
8;00100010000100000100100000
9;00010010000100000001100000
9;00011000000100000001100000
8;00010001000100000001100000
9;10000001000100000001100000
8;10000001000010000001100000
9;00100001000010000001100000
7;00100100000010000001100000
7;01000100000010000001100000
7;00010010000010100000000010
9;00010001000010100000000010
8;01000001000010100000000010
11;01001000000010100000000010
8;01001000000010000010000010
5;01000001000010000010000010
7;10000001000010000010000010
7;00010001000010000010000010
5;00010100000010000010000010
5;00100100000010000010000010
6;00101000000010000010000010
8;00101000000010100000000010
7;00100100000010100000000010
8;00100100000010100000010000
7;10000100000010100000010000
11;10001000000010100000010000
8;01001000000010100000010000
7;01001000000010100000000001
12;01000001000010100000000001
6;01000010000010000010000010
8;01001000000010000010000010
9;01001000100000000010000010
8;01000100100000000010000010
11;01000100100000000010010000
11;01001000100000000010010000
10;00011000100000000010010000
11;00011000100000100000010000
15;00010010100000100000010000
14;00100010100000100000010000
15;00100001100000100000010000
12;00101000100000100000010000
9;00101000100000000010010000
10;00100001100000000010010000
8;01000001100000000010010000
9;00010001100000000010010000
14;00010010100000000010010000
13;00010100100000000010010000
10;00100100100000000010010000
12;10000100100000000010010000
7;01000100000100000100010000
7;00100100000100000100010000
7;10000100000100000100010000
8;10000010000100000100010000
8;00100010000100000100010000
8;00101000000100000100010000
6;00100001000100000100010000
8;00100001000100000010010000
11;00100100000100000010010000
12;10000100000100000010010000
10;10000001000100000010010000
11;10001000000100000010010000
18;00101000000100000010010000
10;00011000000100000010010000
12;01001000000100000010010000
8;01000100000100000010010000
9;01000010000100000010010000
10;00100010000100000010010000
19;10000010000100000010010000
18;10000010000100001000010000
7;01000001000100000010000010
8;00100001000100000010000100
8;00010010000100000010000100
11;01000010000100001000000100
12;00100010000100000001000100
11;00100100000100000001000100
9;00100001000100000001000100
10;01000001000100000001000100
10;01000010000100000001000100
10;01000010000100010000000100
15;01001000000100010000000100
11;01000100000100010000000100
12;00100100000100010000000100
13;10000100000100010000000100
10;10000100000100000010000100
10;10001000000100000010000100
12;10001000000100100000000100
10;10000010000100100000000100
9;10000010000100000001000100
7;00011000100000100000001000
7;00101000100000100000001000
7;10000001100000100000001000
5;10001000100000000001001000
5;00010010100000000001001000
6;00100010100000000001001000
5;01001000100000000001001000
7;01000010100000010000001000
9;00010010100000010000001000
8;00010010100000010000000010
11;00011000100000010000000010
9;00101000100000010000000010
9;00100010100000010000000010
8;01000010100000010000000010
9;01000100100000010000000010
8;01000100100000000001000010
9;01000100100000000001010000
8;00010100100000000001010000
9;00100100100000000001010000
7;00101000000100010000001000
7;00100100000100010000001000
6;01000001000100010000001000
5;00100001000010010000001000
4;10000100000010010000001000
5;00100100010000010000001000
2;10000100010000000010001000
2;00010010010000000010001000
4;10000010010000000010000010
4;00100010010000001000000010
5;10001000010000001000000010
5;00100100010000001000000010
6;10000100010000001000010000
7;00100001010000001000010000
7;10000010010000001000010000
8;00011000010000001000010000
7;01001000000001001000010000
7;01001000010000001000010000
8;10001000010000001000010000
8;00011000010000001000010000
7;10000100001000000100010000
8;10000001001000000100010000
9;10000001001000000010010000
8;01000001001000000010010000
11;00010001001000000010010000
12;00011000001000000010010000
13;00011000001000100000010000
14;00010010001000100000010000
9;00010010000010100000010000
11;10000010000010100000010000
9;00100010000010100000010000
11;00101000000010100000010000
11;10001000000010100000010000
11;10001000100000100000010000
9;10000100100000100000010000
8;10000100000001100000010000
9;00100100000001100000010000
15;00100001000001100000010000
11;10000001000001100000010000
13;10000010000001100000010000
8;00010001010000010000010000
6;10000100010000010000010000
8;10000100000010010000010000
7;00100100000010010000010000
11;00100001000010010000010000
10;00100010000010010000010000
14;00100010001000010000010000
10;00100010000001010000010000
9;00010010000001010000010000
9;00010001000001010000010000
8;01000001000001010000010000
7;01000010000001010000010000
7;01000010000001000001010000
9;00100010000001000001010000
9;00101000000001000001010000
7;01001000000001000001010000
8;10001000000001000001010000
9;10001000000001100000010000
11;10000001000001100000010000
8;10000001000100010000000001
9;10000100000100010000000001
10;10001000000100010000000001
9;00101000000100010000000001
12;01001000000100010000000001
8;01000001000100010000000001
7;01000001000100000001000001
8;01000001000100000001010000
15;01000001000100010000010000
12;01001000000100010000010000
13;01000010000100010000010000
12;01000010000100010000000001
9;01000100000100010000000001
10;01000100000100000001000001
7;00010100000100000001000001
11;10000100000100000001000001
7;10000001000100000001000001
8;10000010000100000001000001
13;10000010000100000001100000
7;10001000010000010000100000
7;10000010010000010000100000
7;10000001010000010000100000
8;00010001010000010000100000
7;01000001010000010000100000
7;01000010010000010000100000
8;01000010000001010000100000
11;00100010000001010000100000
9;00100100000001010000100000
16;00100100001000010000100000
13;01000100001000010000100000
10;01000100001000000010100000
10;10000100001000000010100000
11;00010100001000000010100000
12;00010100001000010000100000
11;10000100001000010000100000
16;10001000001000010000100000
14;00101000001000010000100000
11;00100010001000010000100000
11;00010010001000010000100000
7;00011000000100000010000001
8;01001000000100000010000001
9;01001000000100100000000001
10;01000010000100100000000001
11;01000001000100100000000001
12;01000001000100100000010000
13;00100001000100100000010000
13;00010001000100100000010000
14;00010001000010100000010000
9;00010010000010100000010000
8;00010100000010100000010000
7;00010100000010100000000010
7;00100100000010100000000010
7;01000100000010100000000010
8;01000001000010100000000010
8;00100001000010100000000010
11;10000001000010100000000010
9;00010001000010100000000010
7;00010010000010100000000010
11;00010010001000100000000010
7;01000010100000010000001000
7;00100010100000010000001000
9;00100010100000010000000001
8;00100100100000010000000001
11;00101000100000010000000001
9;00011000100000010000000001
8;10001000100000010000000001
10;10000010100000010000000001
10;01000010100000010000000001
9;01000010100000000001000001
8;01000100100000000001000001
7;00010100100000000001000001
9;00010100100000000001000100
10;01000100100000000001000100
10;00100100100000000001000100
14;00100100100000001000000100
11;00100010100000001000000100
10;00010010100000001000000100
16;00010001100000001000000100
15;00010001100000001000000010
7;00101000000010000001100000
7;10001000000010000001100000
8;10000001000010000001100000
9;10000001000100000001100000
9;10000001000100100000100000
12;10001000000100100000100000
13;01001000000100100000100000
12;01001000000100100000000010
10;01001000000100000010000010
8;00101000000100000010000010
8;00100100000100000010000010
7;00100001000100000010000010
7;00100001000010000010000010
5;00100100000010000010000010
5;00010100000010000010000010
6;00011000000010000010000010
5;00010010000010000010000010
7;00010001000010000010000010
5;01000001000010000010000010
8;01001000000010000010000010
7;10001000000100000001000010
7;10000001000100000001000010
9;10000100000100000001000010
8;10000100000100000001010000
11;01000100000100000001010000
7;00010100000100000001010000
8;00010010000100000001010000
14;10000010000100000001010000
15;01000010000100000001010000
16;00100010000100000001010000
9;00101000000100000001010000
9;01001000000100000001010000
10;01001000000100000001000001
9;00101000000100000001000001
7;00011000000100000001000001
8;00011000000100000001000100
8;00010100000100000001000100
11;00100100000100000001000100
9;10000100000100000001000100
9;10000010000100000001000100
7;01000100001000010000001000
7;01000001001000010000001000
8;10000001001000010000001000
8;10001000001000010000001000
7;00101000001000010000001000
7;00011000001000010000001000
6;00010010001000010000001000
6;00100010001000010000001000
7;00100010001000010000000001
10;00100001001000010000000001
14;10000001001000010000000001
8;10000100001000010000000001
9;10001000001000010000000001
9;01001000001000010000000001
7;01001000001000000001000001
7;00101000001000000001000001
8;10001000001000000001000001
8;10001000001000000001100000
8;01001000001000000001100000
10;01000001001000000001100000
7;10000100000001000010100000
9;10000100000001010000100000
10;10000010000001010000100000
11;00100010000001010000100000
8;01000010000001010000100000
9;01000001000001010000100000
7;01000001010000010000100000
8;00010001010000010000100000
7;10000001010000010000100000
7;10000010010000010000100000
7;01000010010000010000100000
9;00010010010000010000100000
7;00011000010000010000100000
7;10001000010000010000100000
7;00101000010000010000100000
8;00100001010000010000100000
8;00100010010000010000100000
5;00010010010000001000000001
5;01000010010000001000000001
6;01000100000001001000000001
8;01000100000001001000010000
9;00101000000001001000010000
9;10000010000001001000010000
7;10000010000001000010010000
7;10000100000001000010010000
12;10000100100000000010010000
8;10001000100000000010010000
8;10001000000001000010010000
7;00011000000001000010010000
10;00011000000100000010010000
10;00010010000100000010010000
9;01000010000100000010010000
12;01001000000100000010010000
9;01000001000100000010010000
8;01000100000100000010010000
11;01000100000100000010000010
9;01000100000100010000000010
6;00100010010000000001100000
6;01000010010000000001100000
7;01000100000010000001100000
8;01000001000010000001100000
9;00100001000010000001100000
9;00100001000010001000100000
11;00100010000010001000100000
11;01000010000010001000100000
12;01000010001000001000100000
14;01000001001000001000100000
17;00010001001000001000100000
13;00100001001000001000100000
12;10000001001000001000100000
13;10001000001000001000100000
14;00011000001000001000100000
14;01001000001000001000100000
10;01001000001000001000000010
11;00011000001000001000000010
8;00010010001000001000000010
8;10000010001000001000000010
7;10001000001000100000001000
7;01001000001000100000001000
8;01000100001000100000001000
7;00100100001000100000001000
8;00100100001000100000000001
12;00010100001000100000000001
10;00010001001000100000000001
8;00100001001000100000000001
7;00101000001000100000000001
8;01001000001000100000000001
13;01000100001000100000000001
10;01000010001000100000000001
14;01000001001000100000000001
11;01000001001000100000010000
16;01001000001000100000010000
17;00101000001000100000010000
12;00100010001000100000010000
14;01000010001000100000010000
14;00010010001000100000010000
13;00011000001000100000010000
6;00101000010000100000000100
7;00100010010000100000000100
7;00010010010000100000000100
8;01000010010000100000000100
7;01000100010000100000000100
8;00100100010000100000000100
7;00100001010000100000000100
7;00010001010000100000000100
8;01000001010000100000000100
8;01000001000001100000000100
13;01000100000001100000000100
8;01000010000001100000000100
10;10000010000001100000000100
12;10000010100000100000000100
11;10000100100000100000000100
10;10000001100000100000000100
10;10000001100000000001000100
9;10000010100000000001000100
8;10001000100000000001000100
10;01001000100000000001000100
6;01000100010000010000010000
8;01000001000001010000010000
10;10000010000001010000010000
7;10000100000001000010010000
12;10000100100000000010010000
13;00010100100000000010010000
10;00100100100000000010010000
12;00100010100000000010010000
8;10000010100000000010010000
7;10000010000001000010010000
7;00010010000001000010010000
8;00010010000001001000010000
13;00010010000100001000010000
12;00010100000100001000010000
11;00100100000100001000010000
8;00100100000100000001010000
8;10000100000100000001010000
11;01000100000100000001010000
7;00010100000100000001010000
8;01000001100000000001000010
9;01000001100000000001000100
10;01000100100000000001000100
11;10000100100000000001000100
8;10000100000001000001000100
9;10001000000001000001000100
8;10001000000001100000000100
9;10000100000001100000000100
11;10000100100000100000000100
17;01000100100000100000000100
14;01000010100000100000000100
15;01001000100000100000000100
13;01000001100000100000000100
11;01000001100000100000000010
15;01000100100000100000000010
11;01001000100000100000000010
11;01001000000010100000000010
7;10001000000010100000000010
8;00011000000010100000000010
8;00010010100000000100010000
7;00010100100000000100010000
8;00010100100000000001010000
9;00100100100000000001010000
12;10000100100000000001010000
13;10000010100000000001010000
8;00010010100000000001010000
10;00011000100000000001010000
11;01001000100000000001010000
12;01000001100000000001010000
9;01000100100000000001010000
10;01000100100000010000010000
9;01000100100000010000000010
8;01000010100000010000000010
7;10000010100000010000000010
12;10001000100000010000000010
8;10000100100000010000000010
8;10000001100000010000000010
17;00100001100000010000000010
6;00010100000010000010000100
6;00100001000010000010000100
5;00010001000010000100000100
4;00010100000010000100000100
6;00101000000010000100000100
6;00100010000010000100000100
7;00100010001000000100000100
7;00011000001000000100000100
7;10000001001000000100000100
7;00010001001000000001000100
8;00011000001000000001000100
10;00010100001000000001000100
12;01000100001000000001000100
9;01000001001000000001000100
11;01000001001000000001000010
13;01000001001000010000000010
12;00100001001000010000000010
13;00101000001000010000000010
10;00011000001000010000000010
7;00010100000001001000000010
8;00010100000001001000010000
9;00011000000001001000010000
9;00010001000001001000010000
11;00100001000001001000010000
12;00100001001000001000010000
11;00010001001000001000010000
11;01000001001000001000010000
10;01000001001000001000000001
10;01000100001000001000000001
13;00010100001000001000000001
12;10000100001000001000000001
19;00100100001000001000000001
19;00100001001000001000000001
8;10000001001000001000000001
8;10000010001000001000000001
8;00010010001000001000000001
9;01000010001000001000000001
7;01000010000010001000000001
11;01001000000010001000000001
7;01000010010000010000100000
7;01000001010000010000100000
9;01000001000001010000100000
10;00010001000001010000100000
10;00010010000001010000100000
12;00011000000001010000100000
11;10001000000001010000100000
10;10000010000001010000100000
9;10000010000001010000000001
10;10000010100000010000000001
10;01000010100000010000000001
9;00100010100000010000000001
11;00010010100000010000000001
10;00010100100000010000000001
9;00011000100000010000000001
7;00011000000010010000000001
7;00010001000010010000000001
8;00010001000010010000000100
10;01000001000010010000000100
11;01000100000010010000000100
7;10000010000001000010100000
8;10000010100000000010100000
8;10000100100000000010100000
10;00100100100000000010100000
9;00100001100000000010100000
10;00100010100000000010100000
10;00101000100000000010100000
7;00101000000010000010100000
10;00011000000010000010100000
6;00011000000010000010000010
5;00010100000010000010000010
5;00100100000010000010000010
6;10000100000010000010000010
8;10001000000010000010000010
8;01001000000010000010000010
6;01000010000010000010000010
5;00010010000010000010000010
8;10000010000010000010000010
6;10000010001000000010000010
10;10001000001000000010000010
7;00010100001000010000001000
6;00010010001000010000001000
8;00010001001000010000001000
7;01000001001000010000001000
8;10000001001000010000001000
7;10000100001000010000001000
7;10000010001000010000001000
8;10001000001000010000001000
7;00101000001000010000001000
7;01001000001000010000001000
7;00011000001000010000001000
5;10001000000100000100001000
6;01000010000010100000001000
7;00010010000010100000000010
8;01000010001000100000000010
7;00100010000001100000000010
9;00100001000001100000000010
10;00100001000001100000000100
11;00010001000001100000000100
8;00010001000001100000000001
11;00010100000001100000000001
9;01000100000001100000000001
9;00100100000001100000000001
10;10000100000001100000000001
9;10000100000001000001000001
9;10000100000001000001100000
8;10000010000001000001100000
6;10000010000001000001000001
5;00010010000001000001000001
6;00011000000001000001000001
8;01001000000001000001000001
8;10000100000001100000010000
9;10000100100000100000010000
10;00100100100000100000010000
11;01000100100000100000010000
12;01001000100000100000010000
13;01000001100000100000010000
13;01000001100000100000000001
10;00010001100000100000000001
12;00010100100000100000000001
16;00010100100000100000000100
13;00010010100000100000000100
19;00100010100000100000000100
18;00100100100000100000000100
16;00100001100000100000000100
15;00101000100000100000000100
9;00101000100000000010000100
13;00100010100000000010000100
8;10000010100000000010000100
10;01000010100000000010000100
7;01000001000100100000001000
7;01000100000100100000001000
9;00100100000100100000001000
7;00100001000100100000001000
8;00100001000100100000000001
11;00010001000100100000000001
12;10000001000100100000000001
8;10000001000010100000000001
8;10000001000010100000100000
7;10000100000010100000100000
9;00100100000010100000100000
8;00101000000010100000100000
7;00101000000010000010100000
8;01001000000010000010100000
7;01000001000010000010100000
8;01000010000010000010100000
11;01000010000010001000100000
9;10000010000010001000100000
18;10000010001000001000100000
8;00010001001000001000001000
7;00010100001000001000001000
8;10000100001000001000001000
11;10001000001000001000001000
8;01001000001000001000001000
11;00011000001000001000001000
7;00011000010000010000010000
8;00010001010000010000010000
10;00100001010000010000010000
8;00101000010000010000010000
9;00100010010000010000010000
11;00010010010000010000010000
7;10000010010000010000010000
9;10001000010000010000010000
8;10000001010000010000010000
7;01000100000010100000000001
8;01000010000010100000000001
7;10000010000010100000000001
8;00010010000010100000000001
10;00010001000010100000000001
9;00010001000010100000000100
13;01000001000010100000000100
14;01000010000010100000000100
8;10000010000010100000000100
11;10000010001000100000000100
12;00010010001000100000000100
13;00010100001000100000000100
11;00010001001000100000000100
10;00010001001000100000000001
8;00011000001000100000000001
16;00011000001000100000000100
10;00011000001000000010000100
9;10001000001000000010000100
11;01001000001000000010000100
13;01000100001000000010000100
7;10000010001000010000001000
7;00100010001000010000000001
6;00100010001000010000001000
7;10000010001000010000001000
9;10000010001000010000000010
9;10000100001000010000000010
10;10000100001000010000010000
9;10000100001000000010010000
7;10000100001000000010000010
6;10000010001000000010000010
10;10001000001000000010000010
7;00101000001000000010000010
7;00100100001000000010000010
14;00100100001000010000000010
13;00101000001000010000000010
8;01001000001000010000000010
8;01000100001000010000000010
7;01000010001000010000000010
7;00010010001000010000000010
7;01000010000001000001010000
7;10000010000001000001010000
9;00010010000001000001010000
8;00010001000001000001010000
8;10000001000001000001010000
8;10001000000001000001010000
10;10001000100000000001010000
13;10000010100000000001010000
11;10000001100000000001010000
10;00010001100000000001010000
12;00100001100000000001010000
10;00100010100000000001010000
8;00010010100000000001010000
10;01000010100000000001010000
9;01000100100000000001010000
11;01001000100000000001010000
11;00101000100000000001010000
9;00100100100000000001010000
8;00010100100000000001010000
7;00010100100000000100010000
7;01001000000010000001000100
7;00101000000010000001000100
7;00100001000010000001000100
9;00100001000100000001000100
11;00100100000100000001000100
9;10000100000100000001000100
8;00010100000100000001000100
7;00010100000100000001000001
11;10000100000100000001000001
11;10001000000100000001000001
9;00101000000100000001000001
7;00011000000100000001000001
6;00011000000001000001000001
8;10001000000001000001000001
7;10001000100000000001000001
7;01001000100000000001000001
8;01000100100000000001000001
11;01000100100000010000000001
12;01001000100000010000000001
7;01001000000010010000000001
8;01000010000001010000100000
8;01000100000001010000100000
9;01000001000001010000100000
11;00100001000001010000100000
9;00100100000001010000100000
9;00010100000001010000100000
10;00010010000001010000100000
10;10000010000001010000100000
11;10000010100000010000100000
10;10000001100000010000100000
10;10000100100000010000100000
13;01000100100000010000100000
20;00100100100000010000100000
15;00101000100000010000100000
18;01001000100000010000100000
14;01000001100000010000100000
20;00100001100000010000100000
22;00010001100000010000100000
14;00010010100000010000100000
6;00010010000010001000001000
7;01000010001000001000001000
7;00010100001000001000001000
9;10000001001000001000001000
11;00011000001000001000001000
7;00101000001000001000000001
7;00101000001000000001000001
7;00101000000001000001000001
8;01001000000001000001000001
7;01000010000001000001000001
6;10000010000001000001000001
9;10000100000001000001000001
6;10000001000001000001000001
10;10000001100000000001000001
7;10000100100000000001000001
8;10000010100000000001000001
9;01000010100000000001000001
7;00100010100000000001000001
9;00100010100000001000000001
8;10000010100000001000000001
7;00101000001000100000000001
8;00011000001000100000000001
8;01001000001000100000000001
10;01000010001000100000000001
8;01000010000010100000000001
7;10000010000010100000000001
8;00010010000010100000000001
13;00010010000010100000000100
8;00011000000010100000000100
8;00010100000010100000000100
9;00010001000010100000000100
9;00010001000010100000000010
8;00100001000010100000000010
13;00100001000100100000000010
9;00100010000100100000000010
10;01000010000100100000000010
12;01001000000100100000000010
9;01000001000100100000000010
8;01000001000010100000000010
7;01000100000010100000000010
8;00101000000001100000100000
9;00100100000001100000100000
10;10000100000001100000100000
11;01000100000001100000100000
12;01000010000001100000100000
13;00010010000001100000100000
14;00010010000100100000100000
15;01000010000100100000100000
11;00100010000100100000100000
10;00101000000100100000100000
9;00101000000100100000000010
9;00100010000100100000000010
13;00100001000100100000000010
10;00010001000100100000000010
9;00010001000010100000000010
7;00010010000010100000000010
8;00011000000010100000000010
8;00101000000010100000000010
6;00101000000010000010000010
8;00100001100000000001000010
8;00100100100000000001000010
9;00100100100000000001010000
10;00100010100000000001010000
12;00100010100000001000010000
12;10000010100000001000010000
8;10000010100000000010010000
8;10001000100000000010010000
9;00101000100000000010010000
10;00100001100000000010010000
9;00010001100000000010010000
10;00011000100000000010010000
11;01001000100000000010010000
9;01000010100000000010010000
10;01000010100000001000010000
13;01001000100000001000010000
10;10001000100000001000010000
14;00011000100000001000010000
18;00010001100000001000010000
6;10000001100000000100010000
8;00010010100000000100010000
8;00010010100000000001010000
10;01000010100000000001010000
9;01000010100000000001000001
12;01001000100000010000000001
7;01001000000010010000000001
8;01001000000010010000010000
10;00011000000010010000010000
11;00010010000010010000010000
12;00010001000010010000010000
12;01000001000010010000010000
7;01000001000010010000000001
8;01000001000100010000000001
7;01000001000100000001000001
7;10000001000100000001000001
9;10000001000100000001100000
14;00100001000100000001100000
19;01000001000100000001100000
8;01001000000010010000100000
9;10001000000010010000000010
9;00101000100000010000000010
9;10001000000001010000000010
7;00011000000001010000000010
8;00011000000100010000000010
14;00011000000100010000100000
12;00010001000100010000100000
14;01000001000100010000100000
13;01001000000100010000100000
10;01001000000100000001100000
19;01000001000100000001100000
8;01000001000010000001100000
8;10000001000010000001100000
9;00100001000010000001100000
8;00100010000010000001100000
7;00100100000010000001100000
8;00100100000010001000100000
9;00100001000010001000100000
7;00101000000001010000000010
8;00100100000001010000000010
8;00100100000001010000010000
8;10000100000001010000010000
7;10000100000001000010010000
7;10000010000001000010010000
7;00010010000001000010010000
10;00010010000100000010010000
9;01000010000100000010010000
9;01000001000100000010010000
8;00100001000100000010010000
18;00101000000100000010010000
18;00101000000100100000010000
19;10001000000100100000010000
13;10000100000100100000010000
23;10000001000100100000010000
13;00100001000100100000010000
12;01000001000100100000010000
12;01000001000010100000010000
5;10001000010000000100010000
7;00100010010000001000100000
7;00100100010000001000100000
8;00100100000010001000100000
10;00101000000010001000100000
10;01001000000010001000100000
11;01000001000010001000100000
9;00100001000010001000100000
11;00100010000010001000100000
14;00100010001000001000100000
11;00100010000001001000100000
12;00101000000001001000100000
8;10001000000001001000100000
8;10001000000001001000000001
9;00011000000001001000000001
11;00011000000100001000000001
9;01001000000100001000000001
9;01000100000100001000000001
7;00100100000100001000000001
9;00101000000100001000000001
8;00100010000100001000000001
5;00011000000001000100000001
6;00011000000001000001000001
8;00010100000001000001000001
7;01000100000001000001000001
7;01000010000001000001000001
5;00010010000001000001000001
6;10000010000001000001000001
9;10000010000001100000000001
10;00010010000001100000000001
9;00010010000001100000000100
12;00010010000100100000000100
10;10000010000100100000000100
9;10000010000100000001000100
10;01000010000100000001000100
12;00100010000100000001000100
9;00100001000100000001000100
13;00100001000100001000000100
11;00100001000100001000000010
8;00100100000100001000000010
8;00010100000100001000000010
8;10000001000100001000000001
8;01000001000100001000000001
9;01001000000100001000000001
10;01000010000100001000000001
11;10000010000100001000000001
10;10000100000100001000000001
13;10000100000100001000100000
15;10000001000100001000100000
8;10000001000010001000100000
11;10001000000010001000100000
7;10001000000010001000000001
10;00011000000010001000000001
10;00011000000010001000000100
13;00010010000010001000000100
13;00010010001000001000000100
12;00010100001000001000000100
13;00010100001000001000000001
12;00011000001000001000000001
13;00011000001000001000000100
5;10000010001000000001001000
4;00010010001000000001001000
4;00010010001000000100001000
3;01000010001000000100001000
5;10001000001000000100001000
5;00100010001000000100001000
4;00100010000001000100001000
4;10000001000001000100001000
2;00010100000001000100001000
3;00010100000001000001001000
7;00101000000001000001001000
6;00100001001000000001001000
6;01000001001000000001001000
7;01000001001000010000001000
7;01000010001000010000000010
8;01001000001000010000000010
16;01001000001000010000100000
13;01000100001000010000100000
12;00010100001000010000100000
11;00010100001000000010100000
7;01000100001000010000001000
7;01001000001000010000001000
7;01000001001000010000001000
8;00010001001000010000001000
6;00010010001000010000001000
7;10000010001000010000001000
8;10001000001000010000001000
8;10000001001000010000001000
7;10000100001000010000001000
7;00010100001000010000001000
7;00011000001000010000001000
7;00101000001000010000001000
6;00100010001000010000001000
7;00100010001000010000000001
8;10000010001000010000000001
11;00010010001000010000000001
7;00010010000010010000000001
8;00010010000010010000000100
7;00010100000010010000000100
8;00100100000010010000000100
7;00100010010000001000100000
7;10000100010000001000100000
10;01000100000001001000100000
11;00010100000001001000100000
12;00010100000100001000100000
13;10000100000100001000100000
14;10000010000100001000100000
12;10001000000100001000100000
15;10000001000100001000100000
14;00100001000100001000100000
14;00100001000100000001100000
9;00100001000010000001100000
9;00100001000010001000100000
11;00100010000010001000100000
10;00010010000010001000100000
8;00010100000010001000100000
9;00010100010000001000100000
7;00010010010000001000100000
7;00100010010000001000100000
7;00010010000010001000000010
6;00010100000010001000000010
8;00010100000010001000010000
9;00010001000010001000010000
8;01000001000010001000010000
11;10000001000010001000010000
7;10000100000010001000010000
11;10001000000010001000010000
10;10001000100000001000010000
13;01001000100000001000010000
14;00011000100000001000010000
15;00010010100000001000010000
18;00010001100000001000010000
14;01000001100000001000010000
12;01000001100000001000000001
11;01000100100000001000000001
13;01000100100000001000010000
20;00010100100000001000010000
9;00010100100000001000000010
15;00010001100000001000000010
7;00010001010000100000000100
7;00010010010000100000000100
7;00010100010000100000000100
7;01000100010000100000000100
7;10000100010000100000000100
8;00100100010000100000000100
6;00101000010000100000000100
7;00100001010000100000000100
8;01000001010000100000000100
8;01000001000001100000000100
11;00010001000001100000000100
15;00010100000001100000000100
11;00010100000100100000000100
10;10000100000100100000000100
19;00100100000100100000000100
14;00100010000100100000000100
11;01000010000100100000000100
12;01000100000100100000000100
16;01000001000100100000000100
13;01000001000010100000000100
7;01000001000100000001000001
8;01000001000100010000000001
8;10000001000100010000000001
10;00010001000100010000000001
11;00010001000100010000000100
8;00010001000100010000000010
8;00011000000100010000000010
12;01001000000100010000000010
8;01001000000100000001000010
12;00101000000100000001000010
11;00100001000100000001000010
9;00100100000100000001000010
9;10000100000100000001000010
7;10000001000100000001000010
10;10000001000100100000000010
9;01000001000100100000000010
10;00010001000100100000000010
9;00010001000010100000000010
7;00010010000010100000000010
11;00010010001000100000000010
7;10000001010000001000100000
8;01000001010000001000100000
9;01000100010000001000100000
9;00010100010000001000100000
8;00010100000010001000100000
9;00010001000010001000100000
9;00100001000010001000100000
10;00101000000010001000100000
11;00101000100000001000100000
11;00100001100000001000100000
14;00010001100000001000100000
13;00011000100000001000100000
15;00010100100000001000100000
11;10000100100000001000100000
12;01000100100000001000100000
16;01001000100000001000100000
14;01000010100000001000100000
13;01000001100000001000100000
11;10000001100000001000100000
6;01001000010000100000000010
6;00010100010000100000000010
7;01000100000001100000000010
9;01000100000001100000010000
9;01000100000001100000000001
9;00100100000001100000000001
8;00100100001000100000000001
12;00010100001000100000000001
13;00010100001000100000000100
12;00010010001000100000000100
11;00010001001000100000000100
10;00010001001000100000000001
9;00010010001000100000000001
10;01000010001000100000000001
8;01000010000010100000000001
7;10000010000010100000000001
8;10000001000010100000000001
7;00100001000010100000000001
8;00100001000100100000000001
11;01000001000100100000000001
7;00010010001000010000000010
6;00010010001000010000001000
7;01001000001000010000001000
7;01000100001000010000001000
6;01000100001000000010001000
6;00010010001000000010001000
6;00100010000010000010001000
5;00100010000010000010000010
7;10000001000010000010000010
6;01000001000010000100000010
6;10000010000010000100000010
3;00100100000010000100000010
4;01000100000010000100010000
5;00010001000010000100010000
6;00100010000010000100010000
5;01001000000010000100010000
7;10001000100000000100010000
7;00100010100000000100010000
8;00010010100000000001010000
10;00100010100000000001010000
7;00100001010000100000000100
8;01000010010000100000000100
7;00010100010000100000000100
7;10001000010000100000000100
5;00011000010000000010000100
5;00010100010000000010000100
4;00010001010000000010000100
3;00010001010000000100000100
3;00010100010000000100000100
4;01000010010000000100000100
6;01001000010000000100000100
7;10001000000100000001000010
8;01001000000100000001000010
7;01000001000100000001000010
8;01000001000100010000000010
9;00100001000100010000000010
9;00100010000100010000000010
8;10000010000100010000000010
8;10000010000100010000001000
8;00100010000100010000001000
11;00100010000100010000000001
12;01000010000100010000000001
9;01000010000100000001000001
10;01001000000100000001000001
9;01001000000100000001010000
15;01000010000100000001010000
16;00100010000100000001010000
9;00101000000100000001010000
10;10001000000100000001010000
8;00011000000100000001010000
7;00010100000100000001010000
7;00010100100000000001000001
8;01000100100000000001000001
9;01000100100000000001010000
10;01000010100000000001010000
9;01000010100000000001000001
10;01000010100000010000000001
11;01000010100000010000010000
14;00010010100000010000010000
12;10000010100000010000010000
14;00100010100000010000010000
13;00101000100000010000010000
11;01001000100000010000010000
8;01001000000010010000010000
7;01001000000010010000000001
12;01001000100000010000000001
11;00101000100000010000000001
9;00100001100000010000000001
9;00100010100000010000000001
10;10000010100000010000000001
11;00010010100000010000000001
6;00100100000100000100000010
5;01000010000100000100000010
6;00101000000100000100000010
6;10000001000100000100000010
7;00100001000100000010000010
8;10000001000100000010000100
7;10000001000010000010000100
7;10000010000010000010000100
10;10001000000010000010000100
11;00011000100000000010000100
13;00010100100000000010000100
8;00010001100000000010000100
6;10000001100000000010000010
8;01000100100000000010000010
7;00100010100000000010000010
6;01000010100000000010001000
6;01000100100000000010001000
6;01001000100000000010001000
6;01001000000010000010001000
3;01000001000010000010001000
6;10001000001000000100000001
6;01000100001000000100000001
5;00100001001000000100000001
6;00010100001000000100000001
6;00010010001000000100000100
7;00100010001000000100000100
8;10000100001000000100000100
6;01000001001000000100000100
10;01000001001000000010000100
11;01001000001000000010000100
13;01000100001000000010000100
8;01000010001000000010000100
11;00100010001000000010000100
12;00100100001000000010000100
8;00100100000001000010000100
9;00100100000001010000000100
10;00101000000001010000000100
9;00100001000001010000000100
13;10000001000001010000000100
9;10000001100000010000000100
8;01000100100000000001000010
9;01000100100000010000000010
10;01000100100000010000010000
11;01000010100000010000010000
12;10000010100000010000010000
10;10000010000001010000010000
8;10001000000001010000010000
9;00011000000001010000010000
7;01001000000001010000010000
8;01000001000001010000010000
7;01000001000001010000000001
10;00010001000001010000000001
8;00010010000001010000000001
9;00010010000001010000000100
10;10000010000001010000000100
10;00100010000001010000000100
9;00100001000001010000000100
10;00101000000001010000000100
9;10001000000001010000000100
7;00100001001000000100100000
7;00100100001000000100100000
8;01000100001000000100100000
6;10000100001000000100100000
7;10000001001000000100100000
6;10001000001000000100100000
8;10000001010000010000010000
9;10001000010000010000010000
7;10000010010000010000010000
9;00100010010000010000010000
11;00010010010000010000010000
7;00011000010000010000010000
8;00101000010000010000010000
10;00100001010000010000010000
8;00010001010000010000010000
5;00011000000001000100000001
6;00011000000001000001000001
6;00010001000001000001000001
8;00010100000001000001000001
7;01000100000001000001000001
7;01000010000001000001000001
6;10000010000001000001000001
9;10000100000001000001000001
10;10000100000001100000000001
10;10000100000001100000100000
11;01000100000001100000100000
12;01000010000001100000100000
16;01000001000001100000100000
12;00010001000001100000100000
11;00010001000100100000100000
10;00010001000010100000100000
11;00010010000010100000100000
10;01000010000010100000100000
12;01000100000010100000100000
9;00100100000010100000100000
8;00100100010000100000100000
8;00010100010000100000100000
5;10001000000100000100001000
7;10000010010000010000100000
7;10001000010000010000100000
7;00011000010000010000100000
8;00010001010000010000100000
7;10000001010000010000100000
8;00100001010000010000100000
7;01000001010000010000100000
7;01000010010000010000100000
8;00100010010000010000100000
9;00010010010000010000100000
7;00010100010000010000100000
9;00010100000010010000100000
10;00011000000010010000100000
10;00010010000010010000100000
11;00010001000010010000100000
20;10000001000010010000100000
19;00100001000010010000100000
17;01000001000010010000100000
8;01001000000010010000100000
7;01001000000010010000000010
8;01000100000100000010010000
7;01000100000100000010000001
7;00010100000100000010000001
8;00010100000100000010000100
9;00010100000100010000000100
10;00010010000100010000000100
13;00011000000100010000000100
10;00011000000100010000000001
10;00011000000001010000000001
8;00010010000001010000000001
10;00010001000001010000000001
8;10000001000001010000000001
9;10000001000001010000100000
9;10000100000001010000100000
10;10000010000001010000100000
11;10001000000001010000100000
7;10001000000001010000000001
9;10000010000001010000000001
7;01000010000001010000000001
8;10000001001000001000000001
8;10000010000010001000000001
7;10001000000010001000000001
10;00011000000010001000000001
10;00011000000010001000000100
13;00010010000010001000000100
8;00010001000010001000000100
14;00100001000010001000000100
8;00100010000010001000000100
11;00100010001000001000000100
11;00100100001000001000000100
13;10000100001000001000000100
12;00010100001000001000000100
13;00011000001000001000000100
12;00011000001000001000000001
13;00010100001000001000000001
19;00100100001000001000000001
10;01000100001000001000000001
12;10000100001000001000000001
7;00010010000010100000000010
8;00011000000010100000000010
9;00011000000010100000100000
10;01001000000010100000100000
11;01000001000010100000100000
12;01000100000010100000100000
9;00100100000010100000100000
7;10000100000010100000100000
10;00010100000010100000100000
10;00010001000010100000100000
10;00100001000010100000100000
9;00100010000010100000100000
8;00101000000010100000100000
8;00101000000010100000000010
7;00100100000010100000000010
8;00100001000010100000000010
9;00010001000010100000000010
7;00010100000010100000000010
7;01000100000010100000000010
8;01000001000010100000000010
5;10001000010000000100010000
7;10001000000100000010000010
9;10001000000100000010100000
7;10001000000100000010000001
8;10000100000100000010000001
9;10000100000100010000000001
10;10001000000100010000000001
8;10000001000100010000000001
14;00100001000100010000000001
10;00010001000100010000000001
8;00010100000100010000000001
12;00010010000100010000000001
12;10000010000100010000000001
12;01000010000100010000000001
11;00100010000100010000000001
9;00101000000100010000000001
10;00100100000100010000000001
9;01000100000100010000000001
7;01000100000100000010000001
8;01000100000100000010010000
8;00010010001000000010000100
9;10000010001000000010000100
8;01000010001000000010000100
11;01001000001000000010000100
10;00101000001000000010000100
13;00101000001000100000000100
12;01001000001000100000000100
12;01000001001000100000000100
11;00010001001000100000000100
17;00100001001000100000000100
13;00100010001000100000000100
10;00100010000001100000000100
9;00010010000001100000000100
8;01000010000001100000000100
8;01000001000001100000000100
8;01000001010000100000000100
7;00010001010000100000000100
7;00100001010000100000000100
6;00101000010000100000000100
8;10001000001000000001000001
8;10000001001000000001000001
8;01000001001000000001000001
11;01000001001000000001010000
12;00100001001000000001010000
12;00100001001000001000010000
12;00100100001000001000010000
13;00010100001000001000010000
13;00011000001000001000010000
14;01001000001000001000010000
11;01000001001000001000010000
13;10000001001000001000010000
10;10000010001000001000010000
12;01000010001000001000010000
9;01000010001000001000000001
8;10000010001000001000000001
12;10000100001000001000000001
10;10001000001000001000000001
13;10001000001000001000100000
6;10000001100000000100010000
9;00010001100000000100010000
10;00010001100000000001010000
11;10000001100000000001010000
12;10000100100000000001010000
10;10001000100000000001010000
8;10001000000001000001010000
7;10000010000001000001010000
13;10000010000001100000010000
11;10000001000001100000010000
16;01000001000001100000010000
9;01000100000001100000010000
7;01000100000001100000000010
7;01000001000001100000000010
9;00100001000001100000000010
11;00100001001000100000000010
10;00100010001000100000000010
11;00010010001000100000000010
9;10000010001000100000000010
7;10000001000010000001000100
8;10000001000010100000000100
9;00010001000010100000000100
10;00010001000100100000000100
11;00010100000100100000000100
12;00010010000100100000000100
11;01000010000100100000000100
14;00100010000100100000000100
15;00100001000100100000000100
16;01000001000100100000000100
9;01000001000100100000000010
8;01000001000010100000000010
8;00100001000010100000000010
11;10000001000010100000000010
9;00010001000010100000000010
7;00010100000010100000000010
7;01000100000010100000000010
8;01000100000010100000010000
12;01000001000010100000010000
13;00100001000010100000010000
8;01000100000100000100100000
9;00100100000100000100100000
7;00010100000100000100100000
8;00010100000100000001100000
11;01000100000100000001100000
13;00100100000100000001100000
12;00100010000100000001100000
13;00101000000100000001100000
12;10001000000100000001100000
10;10000100000100000001100000
9;10000001000100000001100000
13;10000010000100000001100000
10;01000010000100000001100000
19;01000001000100000001100000
14;01000001000100010000100000
13;10000001000100010000100000
12;10001000000100010000100000
10;10001000000100010000000010
10;00101000000100010000000010
7;01000001000001100000000001
7;10000001000001100000000001
9;10000010000001100000000001
7;01000010000001100000000001
8;01000010000001100000010000
10;00100010000001100000010000
13;10000010000001100000010000
9;00010010000001100000010000
10;00011000000001100000010000
12;00010001000001100000010000
13;00010001000100100000010000
13;00100001000100100000010000
14;00100100000100100000010000
12;00100100000100100000000010
9;00010100000100100000000010
10;01000100000100100000000010
10;01000010000100100000000010
9;01000001000100100000000010
10;00010001000100100000000010
8;00010010000100100000000010
7;00100001100000001000001000
8;00010001100000001000001000
8;00010100100000001000001000
9;01000100100000001000001000
7;01001000100000001000001000
8;01000001100000001000001000
5;00100010010000010000000001
6;00100010010000010000001000
4;10000001010000010000001000
4;00010001010000010000001000
3;01001000010000010000001000
4;01000100000001010000001000
6;00100010000001010000001000
6;00010001000001010000001000
5;10000100000001010000001000
7;10000001100000010000001000
7;10000010100000010000000010
8;00010010100000010000000010
12;00010100100000010000000010
10;00100100100000010000000010
8;00100100100000000010000010
9;00010100100000000010000010
8;01000100100000000010000010
11;01000100100000000010010000
12;10000100100000000010010000
9;10000100100000010000010000
7;10000001100000000100100000
8;01000001100000000100100000
9;01000001100000000010100000
10;01001000100000000010100000
9;00011000100000000010100000
8;10001000100000000010100000
8;10000010100000000010100000
13;00010010100000000010100000
11;01000010100000000010100000
14;01000010100000001000100000
10;00100010100000001000100000
10;00100010100000000010100000
10;00101000100000000010100000
8;00101000100000000010000010
6;00101000000010000010000010
5;00100100000010000010000010
7;00100001000010000010000010
7;00100001000100000010000010
8;00100100000100000010000010
9;10000100000100000010000010
7;00100100001000000010000010
8;01000100001000000010000010
9;01000100001000000010010000
9;00010100001000000010010000
11;00010010001000000010010000
12;10000010001000000010010000
9;00100010001000000010010000
13;00100010000010000010010000
7;00100001000010000010010000
8;00100001000100000010010000
11;00100100000100000010010000
12;10000100000100000010010000
19;10000010000100000010010000
10;00010010000100000010010000
7;00010010000001000010010000
7;00011000000001000010010000
10;00011000000100000010010000
12;01001000000100000010010000
8;01001000000100000010000001
8;01000010000100000010000001
5;10001000010000000100000100
7;00101000010000001000010000
6;00100010010000000001010000
4;00010100010000000001010000
5;01001000010000000001010000
6;01000001010000000001000001
6;00011000010000000001000001
6;10000010010000000001000001
6;10000100010000000001100000
5;00010100010000000001100000
5;01001000010000000001100000
7;01000100000010000001100000
7;00100100000010000001100000
8;00100100000010001000100000
11;00100010000010001000100000
11;01000010000010001000100000
8;01000010000010000010100000
14;01000010001000000010100000
10;00100010001000000010100000
9;00100010000010000010100000
7;00100001000010000010100000
6;00101000010000100000000100
7;00100001010000100000000100
8;01000001010000100000000100
7;01000100010000100000000100
7;00010100010000100000000100
8;00010100000010100000000100
14;01000100000010100000000100
13;01000001000010100000000100
14;01000010000010100000000100
13;01000010001000100000000100
12;00010010001000100000000100
11;10000010001000100000000100
14;10000001001000100000000100
10;10001000001000100000000100
9;10001000001000000001000100
8;00011000001000000001000100
7;00010001001000000001000100
6;00010001001000000100000100
7;00010001001000000010000100
7;00101000010000100000100000
8;00100100010000100000100000
9;00100100000010100000100000
10;00010100000010100000100000
7;10000100000010100000100000
8;10000001000010100000100000
10;00100001000010100000100000
9;00100010000010100000100000
10;01000010000010100000100000
11;01000010001000100000100000
15;00100010001000100000100000
11;10000010001000100000100000
10;10000001001000100000100000
14;00100001001000100000100000
15;00100001000001100000100000
16;00100010000001100000100000
12;01000010000001100000100000
13;00010010000001100000100000
14;00010010000100100000100000
17;10000010000100100000100000
8;01000010000010000010100000
8;01001000000010000010100000
10;00011000000010000010100000
6;00011000000010000010000010
8;01001000000010000010000010
11;01001000000010100000000010
11;01001000100000100000000010
15;01000100100000100000000010
13;10000100100000100000000010
15;10001000100000100000000010
9;10000001100000100000000010
11;01000001100000100000000010
10;01000010100000100000000010
8;00010010100000100000000010
14;00010100100000100000000010
11;00010001100000100000000010
16;00010001100000100000000100
9;00011000100000100000000100
11;00011000100000100000000001
8;01001000100000100000000001
9;10001000100000100000000001
7;10001000000001100000000001
8;10001000000001000001000001
8;01001000000001000001000001
5;01000001000001000001000001
7;01000001000001010000000001
8;01000001000001010000010000
9;00100001000001010000010000
9;00010001000001010000010000
8;00010100000001010000010000
9;00011000000001010000010000
9;00101000000001010000010000
17;00101000001000010000010000
14;00100010001000010000010000
10;00100010000001010000010000
7;01000010000001010000010000
7;01001000000001010000010000
8;10001000000001010000010000
8;00100100001000000010010000
9;10000100001000000010010000
9;10000001001000000010010000
11;00010001001000000010010000
7;00010001001000000100010000
8;00010001001000000001010000
7;00010010001000000001010000
9;00100010001000000001010000
9;00100010000001000001010000
8;00100010000001001000010000
9;00101000000001001000010000
9;00101000000001000001010000
12;00101000001000000001010000
12;00101000001000001000010000
12;00100001001000001000010000
12;00100001001000000001010000
8;00100100001000000001010000
11;10000100001000000001010000
13;10001000001000000001010000
7;01001000000010100000000001
8;01001000000010100000010000
7;01001000000010000010010000
10;01000010000010000010010000
7;00010010000010000010010000
10;00011000000010000010010000
6;00010001000010000010010000
7;00100001000010000010010000
7;00100100000010000010010000
5;00100100000010000010000010
7;00100001000010000010000010
7;10000001000010000010000010
8;10001000000010000010000010
6;00101000000010000010000010
6;00011000000010000010000010
8;00011000000010100000000010
9;00011000000010100000100000
11;00010010000010100000100000
9;00100010000010100000100000
8;00101000000010100000100000
7;00100001100000001000001000
6;10000010100000001000001000
8;01000001100000001000001000
10;01000010100000001000000010
11;01000001100000001000000010
9;01001000100000001000000010
9;00101000100000001000000010
11;00101000100000001000100000
10;00101000000010001000100000
10;01001000000010001000100000
11;01000100000010001000100000
9;01000100010000001000100000
7;00100100010000001000100000
9;00010100010000001000100000
8;00010001010000001000100000
7;00010010010000001000100000
7;00100010010000001000100000
7;10000010100000010000000010
8;00010010100000010000000010
9;00010010100000010000001000
8;00010001100000010000001000
8;00100001100000010000001000
7;00100010100000010000001000
9;00100010100000010000000010
10;00100100100000010000000010
12;00010100100000010000000010
11;00010001100000010000000010
17;00100001100000010000000010
18;00100001100000010000000100
9;10000001100000010000000100
10;10000010100000010000000100
17;10000100100000010000000100
10;10000100100000000010000100
7;10000001100000000010000100
8;10000010100000000010000100
13;00100010100000000010000100
9;00010010100000000010000100
6;00010010000100000100000100
6;00010001000100000100000100
5;00010001000100000100000010
5;01000010000100000100000010
6;10000010000100000100001000
3;00010100000100000100001000
6;00011000000100000100001000
3;01000001000100000100001000
4;00100001000010000100001000
1;00100100000010000100001000
4;10001000000010000100001000
4;00010010000010000100001000
5;00100010000010000100000010
6;01001000000010000100000010
5;01000100000010000100000010
5;00010100000010000100010000
6;10000010000010000100010000
6;10001000000010000100010000
6;01001000100000000100010000
8;00010100000001100000000010
9;00010100000100100000000010
10;00010001000100100000000010
9;01000001000100100000000010
10;01000100000100100000000010
13;10000100000100100000000010
10;10000001000100100000000010
11;10000001000010100000000010
8;01000001000010100000000010
7;01000100000010100000000010
11;01001000000010100000000010
8;00011000000010100000000010
6;00011000000010000010000010
5;00010010000010000010000010
7;00010001000010000010000010
7;10000001000010000010000010
8;10001000000010000010000010
8;10000010000010000010000010
6;10000010001000000010000010
7;00010100000001000010010000
8;00010100000001010000010000
9;00010010000001010000010000
10;00100010000001010000010000
8;00100100000001010000010000
9;00101000000001010000010000
9;00011000000001010000010000
13;00011000000100010000010000
11;00010100000100010000010000
8;00010100000100010000000010
9;01000100000100010000000010
7;01000100000100000001000010
7;01000001000100000001000010
8;01001000000100000001000010
12;00101000000100000001000010
7;10001000000100000001000010
8;10001000000100100000000010
12;01001000000100100000000010
13;01001000000100100000100000
12;10001000000100100000100000
7;10000001010000010000000100
8;10000010010000010000000100
7;00100010010000010000000100
6;01000010010000010000000100
6;01000100010000010000000100
11;01000100000010010000000100
7;00010100000010010000000100
10;10000100000010010000000100
7;10000100000010000010000100
10;10001000000010000010000100
9;00101000000010000010000100
6;00100001000010000010000100
9;00100010000010000010000100
7;10000010000010000010000100
9;10000010001000000010000100
8;10000001001000000010000100
9;10001000001000000010000100
10;00101000001000000010000100
11;01001000001000000010000100
13;01000100001000000010000100
7;10000100100000000100000100
8;01000100100000000100000100
8;01000010100000000100000100
8;00100010100000000100000100
8;00100001100000000100000100
9;00100001100000000010000100
9;00101000100000000010000100
11;00011000100000000010000100
9;01001000100000000010000100
8;10001000100000000010000100
10;10000100100000000010000100
13;00010100100000000010000100
14;00010100100000010000000100
10;00010100100000010000000001
11;01000100100000010000000001
12;01001000100000010000000001
9;00011000100000010000000001
11;00010010100000010000000001
12;00010001100000010000000001
11;00010001100000010000000100
7;00100001100000001000001000
7;01000010100000001000001000
8;00010100100000001000001000
7;10000001100000001000001000
6;10000100000001001000001000
6;00101000000001001000001000
7;00100100000001001000000001
8;00010001000001001000000001
6;01000010000001001000000001
6;01001000010000001000000001
5;00010010010000001000000001
5;00101000010000001000000001
6;00101000010000000001000001
4;00100010010000000001001000
2;10001000010000000001001000
2;01000010010000000001001000
3;01000001010000010000001000
7;10001000010000010000001000
4;00100001010000010000001000
4;00100100010000010000000001
8;10001000100000000010100000
8;10000010100000000010100000
10;00100010100000000010100000
10;00100010100000001000100000
9;00100010100000000001100000
8;00101000100000000001100000
9;01001000100000000001100000
15;01000100100000000001100000
8;00010100100000000001100000
9;00100100100000000001100000
10;00100001100000000001100000
15;01000001100000000001100000
15;01000010100000000001100000
9;10000010100000000001100000
10;10000010100000100000100000
12;00100010100000100000100000
13;00100001100000100000100000
14;00101000100000100000100000
10;00101000100000000010100000
7;00100010000001100000000001
8;00100010001000100000000001
8;00100001001000100000000001
7;00101000001000100000000001
8;00100100001000100000000001
12;00010100001000100000000001
13;00010100001000100000000100
13;10000100001000100000000100
13;01000100001000100000000100
13;01000010001000100000000100
13;00100010001000100000000100
11;10000010001000100000000100
8;10000010001000000001000100
9;10001000001000000001000100
9;10000100001000000001000100
12;01000100001000000001000100
9;01000001001000000001000100
8;10000001001000000001000100
7;10000001001000000001000010
7;00100001001000000001000010
7;00100001000001001000000010
8;00100001000001001000000100
9;00101000000001001000000100
10;00101000001000001000000100
11;00100100001000001000000100
12;00010100001000001000000100
13;10000100001000001000000100
14;10000001001000001000000100
10;01000001001000001000000100
11;01001000001000001000000100
11;01000100001000001000000100
12;01000010001000001000000100
11;00100010001000001000000100
11;00100010001000000010000100
8;01000010001000000010000100
13;01000100001000000010000100
12;00100100001000000010000100
10;00101000001000000010000100
9;10001000001000000010000100
16;10000100001000000010000100
6;10000100010000100000100000
8;00100100010000100000100000
7;01000100010000100000100000
8;01000010010000100000100000
8;00100010010000100000100000
8;00100001010000100000100000
7;00101000010000100000100000
7;01000100100000100000001000
7;01000001100000100000001000
7;00010001100000100000001000
8;00100001100000100000001000
12;00100010100000100000001000
10;00100010100000100000000001
8;00100100100000100000000001
12;00010100100000100000000001
16;00010100100000100000000100
16;00010001100000100000000100
11;00010001100000100000000010
9;10000001100000100000000010
15;10001000100000100000000010
7;10001000000001100000000010
7;00011000000001100000000010
8;00010100000001100000000010
11;00010001000001100000000010
7;10000001000001100000000010
8;10000001000001100000000100
7;01001000001000000010000001
8;00011000001000000010000001
9;00010100001000000010000001
7;10000100001000000010000001
8;01000100001000000010000001
7;01000010001000000010000001
8;01000010001000000010010000
12;10000010001000000010010000
9;10000100001000000010010000
16;10001000001000000010010000
11;01001000001000000010010000
16;01001000001000100000010000
16;01000100001000100000010000
14;01000100001000100000000010
8;01000010001000100000000010
10;00100010001000100000000010
7;00100010000001100000000010
8;00100100000001100000000010
8;00101000000001100000000010
8;00101000000001100000100000
8;00100001100000000001000010
8;01000001100000000001000010
9;01000001100000000001000100
10;01000100100000000001000100
10;01001000100000000001000100
7;01001000000010000001000100
9;01001000000010010000000100
10;00101000000010010000000100
9;00011000000010010000000100
8;00010010000010010000000100
8;01000010000010010000000100
10;01000001000010010000000100
8;00010001000010010000000100
9;00010001000010010000000010
11;00011000000010010000000010
8;00101000000010010000000010
7;00100010000010010000000010
8;00100001000010010000000010
10;00100001000010010000000100
7;10000010010000100000010000
7;10000001010000100000010000
8;00010001010000100000010000
7;00010100010000100000010000
8;00010010010000100000010000
8;00100010010000100000010000
7;00100100010000100000010000
8;00100001010000100000010000
7;10000010010000001000000100
7;01000010010000001000000100
7;01001000010000001000000100
7;00011000010000001000000100
6;00010100010000001000000100
7;00010100000010001000000100
9;01000100000010001000000100
7;00100100000010001000000100
14;00100001000010001000000100
8;00010001000010001000000100
9;01000001000010001000000100
13;10000001000010001000000100
10;10000100000010001000000100
8;10000100010000001000000100
7;10000001010000001000000100
7;01000001010000001000000100
7;01000001000001001000000100
9;00010001000001001000000100
13;10000001000001001000000100
12;10000010000001001000000100
8;00010100100000000010000001
8;01000100100000000010000001
8;01000010100000000010000001
11;01000010100000001000000001
10;01000010100000001000010000
13;01001000100000001000010000
14;00011000100000001000010000
14;00101000100000001000010000
12;00100010100000001000010000
12;00100010100000000010010000
10;00100001100000000010010000
10;00100100100000000010010000
11;01000100100000000010010000
12;10000100100000000010010000
8;10001000100000000010010000
9;00101000100000000010010000
12;00101000100000100000010000
12;01001000100000100000010000
8;01001000100000100000000001
8;00101000010000010000000100
7;00100100010000010000000100
7;00100001010000010000000100
7;00100010010000010000000100
8;10000010010000010000000100
7;00010010010000010000000100
6;01000010010000010000000100
6;01000100010000010000000100
11;01000100000010010000000100
10;01000001000010010000000100
7;01000001000010010000000010
8;00100001000010010000000010
9;00010001000010010000000010
8;00010001000010010000000100
7;00010001000010010000000001
7;01000001000010010000000001
7;01000010000010010000000001
7;00010010000010010000000001
11;00010010001000010000000001
7;00010001000010010000000001
8;00010001000010010000000100
9;10000001000010010000000100
10;00100001000010010000000100
10;00101000000010010000000100
9;01001000000010010000000100
9;00011000000010010000000100
10;00011000100000010000000100
14;00010010100000010000000100
13;01000010100000010000000100
15;00100010100000010000000100
15;00101000100000010000000100
18;00100001100000010000000100
11;01000001100000010000000100
9;01000001100000000001000100
10;01000010100000000001000100
9;10000010100000000001000100
11;10000100100000000001000100
10;10000001100000000001000100
8;00010001100000000001000100
7;00100001001000000100010000
8;10000001001000000100010000
7;10000100001000000100010000
8;10001000001000000100010000
8;00011000001000000100010000
7;00101000001000000100010000
8;00101000001000000001100000
8;10001000001000000001100000
10;10001000001000100000100000
8;10001000001000100000000010
10;10001000001000000010000010
13;10001000001000000010100000
11;00101000001000000010100000
7;00101000001000000010000010
16;00101000001000100000000010
15;00100100001000100000000010
11;00100001001000100000000010
11;01000001001000100000000010
14;01000100001000100000000010
13;00010100001000100000000010
11;00010010001000100000000010
10;00100010001000100000000010
7;00100010000001100000000010
8;00100100000001100000000010
9;00100100000001100000010000
8;00100010000100010000001000
9;00100010000100010000000010
8;10000010000100010000000010
8;10000010000100010000001000
8;10001000000100010000001000
7;00101000000100010000001000
9;00101000000100010000000001
12;01001000000100010000000001
12;01001000000100010000010000
15;01000001000100010000010000
8;01000001000100010000000001
8;10000001000100010000000001
14;00100001000100010000000001
10;00010001000100010000000001
8;00010100000100010000000001
9;00010100000100010000000100
13;10000100000100010000000100
16;10001000000100010000000100
15;01001000000100010000000100
7;10000100001000010000001000
8;10000001001000010000001000
8;00010001001000010000001000
7;00010100001000010000001000
7;01000100001000010000001000
7;01001000001000010000001000
8;10001000001000010000001000
7;10000010001000010000001000
6;00010010001000010000001000
7;00011000001000010000001000
7;00101000001000010000001000
6;00100010001000010000001000
7;00100010001000010000000001
11;00010010001000010000000001
7;00010010000010010000000001
7;00011000000010010000000001
9;00011000100000010000000001
11;00101000100000010000000001
12;01001000100000010000000001
11;01001000100000010000010000
6;10001000000100000010001000
5;00010100000100000010001000
7;10000100000100010000001000
10;00100100000100010000000001
11;00100010000100010000000001
12;01000010000100010000000001
13;01000010000100010000010000
11;10000010000100010000010000
12;10000001000100010000010000
13;10001000000100010000010000
10;10000100000100010000010000
9;10000100000100010000000010
8;10000010000100010000000010
9;00100010000100010000000010
10;00101000000100010000000010
12;01001000000100010000000010
9;01000100000100010000000010
8;00010100000100010000000010
9;00100100000100010000000010
13;00100100000100010000010000
8;01000010001000100000000010
9;01001000001000100000000010
8;10001000001000100000000010
8;10000100001000100000000010
7;10000100001000000001000010
7;10000001001000000001000010
7;00100001001000000001000010
8;00100001001000000001000100
8;00100010001000000001000100
9;00100010000001000001000100
11;00100010000001001000000100
11;00100010001000001000000100
10;00101000001000001000000100
9;00101000001000000001000100
9;00100100001000000001000100
11;00100100001000001000000100
13;00100100000001001000000100
8;00100100000001000001000100
7;00101000000001000001000100
7;01001000100000001000001000
7;00011000100000001000001000
8;00010001100000001000001000
8;01000001100000001000001000
7;00100001100000001000001000
8;00100001100000001000000001
10;00010001100000001000000001
9;10000001100000001000000001
8;10001000100000001000000001
9;10001000100000001000100000
11;10001000000010001000100000
10;00011000000010001000100000
13;00011000100000001000100000
15;00010100100000001000100000
11;10000100100000001000100000
10;10000100100000001000000001
8;10000100000001001000000001
9;10000100000001001000100000
14;00100100000001001000100000
8;10001000100000000010010000
9;00101000100000000010010000
10;00011000100000000010010000
11;00011000100000100000010000
11;10001000100000100000010000
12;00101000100000100000010000
14;00100010100000100000010000
15;00100001100000100000010000
13;00010001100000100000010000
15;00010100100000100000010000
14;00010100100000100000000010
13;10000100100000100000000010
9;10000001100000100000000010
7;10000001000001100000000010
11;00010001000001100000000010
10;00010001000100100000000010
10;10000001000100100000000010
7;10000001000100000001000010
7;10001000000100000001000010
8;10000100000001100000010000
9;00100100000001100000010000
9;01000100000001100000010000
9;00010100000001100000010000
12;00010001000001100000010000
13;00010001000100100000010000
14;00010001000010100000010000
8;00010100000010100000010000
8;01000100000010100000010000
7;10000100000010100000010000
11;10000001000010100000010000
13;00100001000010100000010000
9;00100010000010100000010000
9;00010010000010100000010000
10;00011000000010100000010000
11;00011000100000100000010000
15;00010010100000100000010000
15;00010100100000100000010000
10;00100100100000100000010000
7;01000010010000001000000100
7;01000001010000001000000100
7;00011000010000001000000100
8;01001000000001001000000100
7;01001000010000001000000100
7;01000010010000001000000100
7;01000100010000001000000100
6;00010100010000001000000100
7;00010100000010001000000100
8;00010001000010001000000100
14;00100001000010001000000100
13;00100001000100001000000100
13;00101000000100001000000100
12;00101000000100000001000100
11;00100100000100000001000100
8;00010100000100000001000100
7;00010100000100000001000001
8;00010100000001000001000001
7;00100100000001000001000001
7;00101000000001000001000001
7;00100010001000010000000001
8;10000010001000010000000001
9;10001000001000010000000001
10;00011000001000010000000001
11;00010010001000010000000001
9;00010100001000010000000001
8;01000100001000010000000001
11;01000001001000010000000001
8;01000010001000010000000001
7;01000010000010010000000001
7;01000001000010010000000001
7;00010001000010010000000001
7;00011000000010010000000001
9;00011000000010010000000100
9;01001000000010010000000100
7;01001000000010000001000100
10;01001000100000000001000100
9;01000001100000000001000100
11;00100001100000000001000100
10;00100100100000000001000100
7;00100001100000001000001000
8;00010001100000001000001000
8;01000001100000001000001000
9;01000100100000001000001000
7;01001000100000001000001000
7;00011000100000001000001000
8;00010100100000001000001000
7;00010100001000001000001000
8;01001000001000001000001000
6;00010010001000001000001000
5;00100010001000000010001000
5;10000001001000000010001000
5;00100001001000000100001000
3;00101000001000000100001000
4;00010100001000000100001000
4;10000010001000000100001000
5;00010010001000000100000010
6;01000100001000000100000010
6;01000100001000000100010000
7;01000001001000000100010000
7;00100001001000000010010000
12;00011000001000000010010000
11;00010010001000000010010000
9;00010100001000000010010000
13;00100100001000010000010000
8;01000100001000010000000010
13;01000001001000010000000010
8;00010001000100000001100000
8;00010100000100000001100000
9;00011000000100000001100000
10;01001000000100000001100000
10;01000010000100000001100000
11;01000100000100000001100000
12;01000100000100010000100000
15;00100100000100010000100000
13;00100001000100010000100000
14;01000001000100010000100000
13;01001000000100010000100000
18;00101000000100010000100000
12;10001000000100010000100000
13;10000001000100010000100000
12;10000010000100010000100000
11;10000100000100010000100000
10;10000100000100000010100000
7;10000001000100000010100000
9;00100001000100000010100000
6;00010001001000000100000100
7;00010001001000000010000100
10;01000001001000000010000100
7;00100001001000000010000100
12;00100100001000000010000100
11;00100010001000000010000100
11;00100010001000001000000100
8;00100010000010001000000100
16;01000010000010001000000100
8;01000010000010000010000100
7;01001000000010000010000100
7;01000001000010000010000100
7;01000001000100000010000100
11;01000010000100000010000100
10;00100010000100000010000100
8;00100001000100000010000100
7;00100001000100000100000100
9;00100010000100000100000100
9;10000010000100000100000100
6;00101000010000000010100000
4;10000001010000000010100000
4;00010001010000000100100000
5;00011000010000000100100000
6;00010010010000000100100000
4;01000100010000000100100000
5;00010100000010000100100000
6;00010001000010000100100000
5;10001000000010000100100000
6;00010010000010000100100000
7;01000010001000000100100000
11;00010010001000000001100000
13;10000010001000000001100000
10;00100010001000000001100000
9;00100100001000000001100000
9;10000100001000000001100000
11;01000100001000000001100000
10;00010100001000000001100000
8;00010100001000000100100000
7;00010010001000000100100000
7;00101000000010000001000100
8;00101000000010001000000100
9;10001000000010001000000100
10;00011000000010001000000100
8;00010001000010001000000100
9;01000001000010001000000100
13;10000001000010001000000100
11;10000010000010001000000100
8;00100010000010001000000100
7;00100100000010001000000100
9;01000100000010001000000100
7;00010100000010001000000100
6;00010100010000001000000100
7;01000100010000001000000100
7;01000010010000001000000100
7;01001000010000001000000100
8;01001000000001001000000100
9;00101000000001001000000100
8;00100001000001001000000100
7;00100001000001001000000010
7;01000010100000010000001000
7;10000010100000010000001000
7;00100010100000010000001000
8;00100100100000010000000001
10;10000001100000010000000001
8;10000001000001010000000001
7;01000001000001010000000001
6;01001000010000010000000001
5;00100001010000010000000001
6;10000001010000010000000001
6;00011000010000010000000001
7;00010010010000010000000100
7;00100010010000010000000100
7;01001000010000010000000100
11;01000100000010010000000100
10;10000100000010010000000100
12;10001000000010010000000100
9;10000001000010010000000100
7;10000001000010010000000010
9;00010001000010010000000010
7;01000100000010001000010000
8;01000100000010001000000010
9;01001000000010001000000010
8;00011000000010001000000010
10;00011000000010001000100000
13;00011000100000001000100000
14;00010001100000001000100000
15;00010100100000001000100000
14;00010010100000001000100000
12;10000010100000001000100000
11;10000001100000001000100000
9;10001000100000001000100000
8;10001000100000001000000010
9;00101000100000001000000010
9;00011000100000001000000010
15;00010001100000001000000010
11;01000001100000001000000010
9;00100001100000001000000010
10;10000001100000001000000010
8;00010010000100100000000010
9;00011000000100100000000010
7;00011000000001100000000010
8;00010100000001100000000010
7;01000100000001100000000010
8;00100100000001100000000010
7;00100010000001100000000010
10;00100010001000100000000010
16;00101000001000100000000010
12;00101000001000100000100000
14;00100001001000100000100000
10;10000001001000100000100000
10;10001000001000100000100000
11;10000100001000100000100000
10;10000100001000100000000001
8;00100100001000100000000001
12;00010100001000100000000001
13;01000100001000100000000001
14;01000001001000100000000001
7;01000100000010000001100000
8;01000001000010000001100000
7;01001000000010000001100000
7;00101000000010000001100000
7;10001000000010000001100000
8;10001000100000000001100000
9;10000010100000000001100000
10;10000100100000000001100000
11;10000100100000100000100000
15;10001000100000100000100000
12;00011000100000100000100000
11;01001000100000100000100000
14;00101000100000100000100000
13;00101000100000100000000010
9;00011000100000100000000010
8;00011000000010100000000010
6;00011000000010000010000010
10;00011000000010000010100000
8;00010010000010000010100000
10;00010010000010001000100000
8;00010001010000100000010000
7;10000001010000100000010000
8;00100001010000100000010000
7;00100100010000100000010000
8;00100100000010100000010000
13;00100001000010100000010000
12;01000001000010100000010000
8;01001000000010100000010000
10;01000010000010100000010000
14;01000010001000100000010000
13;10000010001000100000010000
10;10000001001000100000010000
12;00100001001000100000010000
13;00010001001000100000010000
11;01000001001000100000010000
16;01000100001000100000010000
13;01000100001000100000000001
10;10000100001000100000000001
8;10000100001000000001000001
7;01000001000100000010000100
8;00100001000100000010000100
7;00100001000100000010000010
8;00101000000100000010000010
10;01001000000100000010000010
12;01001000000100100000000010
10;01000010000100100000000010
9;00100010000100100000000010
7;00100010000100100000001000
9;00100100000100100000001000
7;00100001000100100000001000
8;00100001000100100000000001
11;00010001000100100000000001
8;00011000000100100000000001
10;00011000000100100000000100
12;00011000000001100000000100
8;10001000000001100000000100
9;10001000000001000001000100
8;10000100000001000001000100
7;00010100000100000001010000
8;00010010000100000001010000
7;00010001000100000001010000
8;00010001000001000001010000
8;10000001000001000001010000
11;10000001100000000001010000
12;10000001100000100000010000
11;10001000100000100000010000
8;10001000100000000010010000
8;10001000000001000010010000
7;10000010000001000010010000
9;10000010000001001000010000
12;10000010100000001000010000
12;00100010100000001000010000
14;00101000100000001000010000
14;00100100100000001000010000
13;01000100100000001000010000
10;01000100100000001000000010
9;00010100100000001000000010
14;00100100100000001000000010
7;00010100100000010000001000
8;00100100100000010000000001
9;00100010100000010000000001
10;10000010100000010000000001
11;00010010100000010000000001
9;00011000100000010000000001
10;00011000100000010000000100
11;00010001100000010000000100
12;00010001100000010000000001
9;00100001100000010000000001
10;10000001100000010000000001
8;10001000100000010000000001
11;00101000100000010000000001
12;01001000100000010000000001
7;01001000000010010000000001
7;01000001000010010000000001
8;01000001000100010000000001
9;01000100000100010000000001
8;00010100000100010000000001
10;00100100000100010000000001
7;01001000010000001000010000
7;00101000010000001000010000
8;00011000010000001000010000
8;00010001010000001000010000
8;10000001010000001000010000
8;10001000010000001000010000
6;10000100010000001000010000
7;00010100010000001000010000
6;01000100010000001000010000
7;01000100000010001000010000
8;01000010000010001000010000
11;00010010000010001000010000
9;10000010000010001000010000
11;10001000000010001000010000
11;10000001000010001000010000
9;00010001000010001000010000
10;00010001000100001000010000
12;00010100000100001000010000
10;10000100000100001000010000
6;01000010000010000010000010
5;01000001000010000010000010
7;01000001000010000010000100
8;01000010000010000010000100
9;00100010000010000010000100
8;00100010000010001000000100
8;00101000000010001000000100
7;00100100000010001000000100
7;00010100000010001000000100
9;01000100000010001000000100
16;01000010000010001000000100
9;01000001000010001000000100
13;10000001000010001000000100
10;10000100000010001000000100
11;10000010000010001000000100
7;10000010000010000010000100
7;10000100000010000010000100
10;10001000000010000010000100
7;01001000000010000010000100
7;01000100000100100000001000
7;00010001000100100000001000
6;10000100000100100000001000
9;00100100000100100000001000
9;00100010000100100000000010
7;00100010000100100000001000
8;01000010000100100000001000
7;01000100000100100000001000
6;10000100000100100000001000
9;00100100000100100000001000
7;00100001000100100000001000
8;00100001000100100000000001
12;10000001000100100000000001
8;10000001000010100000000001
7;10001000000010100000000001
7;10000010000010100000000001
8;10000010000010100000100000
8;10000010000010000001100000
8;10000001000010000001100000
7;00100010100000010000001000
7;01000100100000010000001000
7;10000001100000010000001000
9;00100001100000010000000001
11;00101000100000010000000001
12;01001000100000010000000001
7;01001000100000000001000001
8;01000100100000000001000001
7;00010100100000000001000001
7;10000100100000000001000001
10;10000001100000000001000001
7;00010001100000000001000001
8;00010001100000000001000100
9;00010100100000000001000100
8;00010010100000000001000100
11;00100010100000000001000100
11;00100010100000001000000100
13;00100010100000000010000100
10;01000010100000000010000100
8;01000001100000000010000100
7;01000100000001000001000100
8;10000100000001000001000100
9;10000100000001100000000100
8;10000001000001100000000100
10;00100001000001100000000100
8;01000001000001100000000100
8;01000010000001100000000100
13;01000100000001100000000100
15;00010100000001100000000100
11;00010100000001100000000001
9;01000100000001100000000001
7;01000001000001100000000001
16;01000001000001100000010000
8;01000010000001100000010000
9;00010010000001100000010000
10;00100010000001100000010000
15;00100001000001100000010000
12;00010001000001100000010000
9;00010100000001100000010000
8;00010100000001100000000010
7;10000100001000000001000010
8;10000100001000100000000010
9;10000010001000100000000010
10;10000001001000100000000010
11;00100001001000100000000010
9;00100001000001100000000010
7;00100010000001100000000010
10;00100010001000100000000010
15;00100100001000100000000010
14;01000100001000100000000010
13;00010100001000100000000010
11;00010010001000100000000010
7;00010010000010100000000010
9;00010001000010100000000010
11;10000001000010100000000010
10;10000001000100100000000010
7;10000001000100000001000010
7;10001000000100000001000010
9;10000100000100000001000010
9;00100100000100000001000010
8;00100010100000000100000100
8;00100001100000000100000100
9;00100001100000000010000100
11;00100100100000000010000100
10;10000100100000000010000100
7;10000001100000000010000100
8;10000010100000000010000100
10;01000010100000000010000100
9;01000100100000000010000100
13;01000100100000010000000100
11;01000001100000010000000100
18;00100001100000010000000100
15;00100010100000010000000100
13;01000010100000010000000100
10;01000010100000000001000100
10;01000100100000000001000100
10;01001000100000000001000100
9;00101000100000000001000100
8;10001000100000000001000100
7;00010010010000001000100000
7;00100010010000001000100000
7;00100100010000001000100000
9;00010100010000001000100000
8;00010100000010001000100000
8;00100100000010001000100000
11;01000100000010001000100000
11;01000001000010001000100000
9;00010001000010001000100000
10;00010010000010001000100000
11;01000010000010001000100000
8;01000010000010000010100000
8;01001000000010000010100000
10;01001000000010100000100000
11;01001000000010100000000010
7;01000100000010100000000010
8;01000001000010100000000010
11;10000001000010100000000010
10;10000001000100100000000010
11;10000001000100100000000100
7;10000100001000000100010000
8;10000001001000000100010000
7;00010001001000000100010000
8;00011000001000000100010000
7;00101000001000000100010000
8;10001000001000000100010000
7;00010001001000000010000010
7;00011000001000000010000010
9;00010100001000000010000010
10;00010100001000010000000010
9;10000100001000010000000010
8;01000100001000010000000010
13;01000001001000010000000010
11;10000001001000010000000010
9;10001000001000010000000010
16;10001000001000010000100000
9;10000010001000010000100000
11;00100010001000010000100000
10;01000010001000010000100000
13;01000100001000010000100000
16;00100100001000010000100000
15;00100001001000010000100000
16;01000001001000010000100000
17;10000001001000010000100000
11;10000100001000010000100000
8;10000100001000010000000001
6;10000100010000001000010000
7;10000100000010001000010000
8;00010100000010001000010000
10;00011000000010001000010000
11;00101000000010001000010000
10;00100001000010001000010000
11;00100001000100001000010000
12;00100010000100001000010000
11;00100100000100001000010000
12;00010100000100001000010000
8;00010100000100001000000010
7;00010100000001001000000010
8;00010001000001001000000010
9;00010001000001001000000100
8;00100001000001001000000100
7;00100001000001001000000010
8;00100001001000001000000010
8;00101000001000001000000010
10;01001000001000001000000010
12;10001000001000001000000010
7;00101000000010001000000010
8;00100001000010001000000010
9;01000001000010001000000010
10;01000001000100001000000010
9;00010001000100001000000010
8;00011000000100001000000010
11;10001000000100001000000010
9;00101000000100001000000010
13;01001000000100001000000010
8;01000010000100001000000010
7;10000010000100001000000010
7;00100010000100001000000010
6;00100010000100001000001000
7;01000010000100001000001000
7;10000010000100001000001000
7;10000001000100001000001000
8;10000100000100001000001000
8;10001000000100001000001000
7;00011000000100001000001000
7;00010100000100001000001000
7;00010001010000010000000100
7;00100001010000010000000100
8;00101000010000010000000100
7;00100010010000010000000100
8;10000010010000010000000100
7;00010010010000010000000100
6;01000010010000010000000100
6;01000100010000010000000100
8;10000100010000010000000100
8;10001000010000010000000100
7;10000001010000010000000100
8;00100001000001000001100000
9;00100001001000000001100000
10;00100010001000000001100000
9;00100100001000000001100000
10;00010100001000000001100000
9;00010001001000000001100000
9;10000001001000000001100000
8;10000001001000000001000001
8;10000100001000000001000001
10;10000100001000100000000001
9;10000001001000100000000001
10;10000001001000100000100000
10;10001000001000100000100000
13;10001000001000000010100000
10;10000100001000000010100000
11;10000100001000010000100000
9;10000010001000010000100000
17;10000001001000010000100000
16;01000001001000010000100000
7;00100001000001000010100000
8;00100100000001000010100000
10;00100010000001000010100000
11;00100010000001001000100000
8;01000010000001001000100000
10;01000100000001001000100000
14;00100100000001001000100000
14;00100100001000001000100000
16;00010100001000001000100000
15;00010010001000001000100000
14;00100010001000001000100000
13;00100001001000001000100000
12;00100001000001001000100000
12;00101000000001001000100000
8;10001000000001001000100000
10;10000001000001001000100000
10;00010001000001001000100000
9;01000001000001001000100000
8;01000001010000001000100000
8;01000100100000000010000010
8;00100100100000000010000010
10;00100100100000010000000010
9;01000100100000010000000010
12;01000001100000010000000010
8;01000001100000000001000010
8;01000100100000000001000010
8;00100100100000000001000010
14;00100100100000001000000010
9;00010100100000001000000010
10;01000100100000001000000010
8;10000100100000001000000010
11;10000100100000001000010000
12;10000010100000001000010000
11;10000001100000001000010000
10;10001000100000001000010000
13;01001000100000001000010000
9;01001000000010001000010000
11;00101000000010001000010000
6;01000010000010000010000010
8;01001000000010000010000010
6;00011000000010000010000010
6;00101000000010000010000010
7;00100001000010000010000010
7;10000001000010000010000010
6;10000100000010000010000010
5;00010100000010000010000010
7;00010100000010000010010000
7;00010010000010000010010000
10;01000010000010000010010000
8;01000010001000000010010000
11;00010010001000000010010000
9;00100010001000000010010000
8;00100100001000000010010000
7;00100100001000000010000010
8;01000100001000000010000010
8;01000100001000010000000010
9;10000100001000010000000010
7;10000100001000000010000010
6;10000010010000001000100000
7;10000001010000001000100000
9;01000001000001001000100000
10;10000001000001001000100000
8;10000010000001001000100000
7;10000010000001000010100000
8;00010010000001000010100000
8;00010100000001000010100000
7;10000100000001000010100000
9;10000100000001010000100000
10;10000010000001010000100000
11;10001000000001010000100000
9;10000001000001010000100000
11;00100001000001010000100000
9;01000001000001010000100000
8;01000010000001010000100000
7;01000010010000010000100000
7;01000001010000010000100000
8;00010001010000010000100000
5;10001000010000000100000100
8;10000010000010000010000010
6;10000010001000000010000010
7;01000010001000000010000010
9;01000010001000001000000010
8;10000010001000001000000010
12;10001000001000001000000010
11;00011000001000001000000010
15;00010001001000001000000010
16;10000001001000001000000010
15;10000100001000001000000010
18;00010100001000001000000010
8;00010010001000001000000010
7;00010010001000000010000010
7;00011000001000000010000010
9;00010100001000000010000010
9;00010100001000000010010000
9;10000100001000000010010000
12;10000010001000000010010000
10;10000010001000001000010000
7;00100010001000000100100000
7;00100001001000000100100000
8;00010001001000000100100000
7;10000001001000000100100000
6;10000100001000000100100000
8;01000100001000000100100000
7;00100100001000000100100000
8;00010100001000000100100000
10;00010100001000000001100000
11;01000100001000000001100000
9;10000100001000000001100000
9;00100100001000000001100000
9;00100001001000000001100000
9;00010001001000000001100000
10;01000001001000000001100000
16;01000001001000010000100000
13;01000100001000010000100000
16;01001000001000010000100000
10;01000010001000010000100000
9;10000010001000010000100000
7;00100001000001001000000001
7;10000001000001001000000001
6;01000010000001001000000001
7;00010010000001001000000001
9;00010100000100001000000001
9;01001000000100001000000001
10;01000100000100001000010000
8;01000001000010001000010000
9;01001000000010001000010000
11;00101000000010001000010000
10;00011000000010001000010000
9;00010001000010001000010000
8;00010100000010001000010000
11;00010010000010001000010000
8;00100010000010001000010000
9;10000010000010001000010000
10;10000010001000001000010000
14;10000100001000001000010000
13;10000001001000001000010000
6;01000100010000001000010000
7;01001000010000001000010000
8;10001000010000001000010000
8;00011000010000001000010000
7;00010010010000001000010000
8;00010001010000001000010000
8;10000001010000001000010000
6;10000100010000001000010000
7;10000100000010001000010000
11;10001000000010001000010000
10;00011000000010001000010000
11;00010010000010001000010000
8;00010100000010001000010000
7;01000100000010001000010000
8;01000010000010001000010000
9;10000010000010001000010000
11;10000001000010001000010000
10;00100001000010001000010000
9;00010001000010001000010000
8;01000001000010001000010000
7;10000001000100000001000010
8;10000001000100000001000100
9;10000010000100000001000100
7;00010010000100000001000100
8;00010100000100000001000100
11;00100100000100000001000100
9;00100001000100000001000100
12;00100010000100000001000100
12;00101000000100000001000100
13;10001000000100000001000100
8;00011000000100000001000100
7;00011000000100000001000001
9;00101000000100000001000001
9;00101000000100001000000001
13;10001000000100001000000001
11;00011000000100001000000001
8;00010001000100001000000001
8;01000001000100001000000001
9;01001000000100001000000001
10;01000010000100001000000001
8;00100100000100000010000010
7;00100001000100000010000010
7;10000001000100000010000010
7;10000001000010000010000010
7;00010001000010000010000010
6;00011000000010000010000010
5;00010100000010000010000010
5;00010010000010000010000010
8;10000010000010000010000010
8;10001000000010000010000010
6;10000100000010000010000010
5;00100100000010000010000010
6;00101000000010000010000010
7;00101000000010000010100000
7;00100001000010000010100000
7;01000001000010000010100000
8;01000001000100000010100000
7;10000001000100000010100000
8;00010001000100000010100000
8;10000001010000010000010000
8;00010001010000010000010000
10;00100001010000010000010000
9;00100010010000010000010000
11;00010010010000010000010000
7;00011000010000010000010000
8;00101000010000010000010000
9;10001000010000010000010000
7;10000010010000010000010000
8;00100010100000001000000010
9;00101000100000001000000010
7;00101000000010001000000010
11;10001000000010001000000010
11;10001000000010001000100000
10;01001000000010001000100000
9;01001000000010001000000010
8;01000100000010001000000010
9;01000001000010001000000010
9;01000001000010001000000100
16;01000010000010001000000100
11;10000010000010001000000100
16;10000010001000001000000100
11;00100010001000001000000100
11;00100010000001001000000100
8;00100001000001001000000100
9;00010001000001001000000100
8;00010001000001001000000001
10;00010100000001001000000001
7;00010001010000010000000100
7;10000001010000010000000100
8;10000100010000010000000100
10;10000100000010010000000100
11;01000100000010010000000100
9;01000100000010000010000100
7;01000001000010000010000100
8;01000010000010000010000100
7;10000010000010000010000100
11;10000010000010001000000100
16;01000010000010001000000100
9;01000001000010001000000100
13;10000001000010001000000100
9;10001000000010001000000100
10;00011000000010001000000100
8;00010001000010001000000100
7;00010100000010001000000100
13;00010010000010001000000100
8;00100010000010001000000100
9;00100010000010000010000100
7;00100100001000000010000010
9;00010100001000000010010000
8;01000001001000000010010000
11;01001000001000000010010000
7;01001000001000000010000001
8;00011000001000000010000001
8;10001000001000000010000001
7;10000100001000000010000001
7;10000010001000000010000001
8;10000010001000001000000001
8;10000010000010001000000001
7;01000010000010001000000001
8;01000010000010001000010000
8;00100010000010001000010000
11;00010010000010001000010000
10;00010010001000001000010000
12;01000010001000001000010000
9;01000010001000001000000001
8;00010010001000001000000001
5;00010010000001000100000100
6;00010001000001000001000100
7;00010010000100000001000100
7;00010100000100000001000001
6;00011000000001000001000001
7;01000010000001000001000001
6;10000001000001000001000001
8;10000001000001000001100000
10;10000100100000000001100000
8;00010100100000000001100000
7;00010100100000000100100000
8;01000001100000000100100000
9;01000001100000000010100000
9;00100001100000000010100000
10;00101000100000000010100000
10;01001000100000000010100000
11;01001000100000100000100000
11;01001000100000100000000010
15;01000100100000100000000010
11;01000001100000100000000010
8;01000010100000000100000100
8;00010010100000000001000100
9;00010100100000000001000100
8;00010001100000000001000100
11;00100001100000000001000100
9;00101000100000000001000100
8;10001000100000000001000100
11;10000100100000000001000100
10;00100100100000000001000100
10;01000100100000000001000100
13;01000100100000010000000100
9;01000100100000000010000100
9;01001000100000000010000100
9;00101000100000000010000100
15;00101000100000100000000100
18;00100100100000100000000100
11;10000100100000100000000100
10;10000001100000100000000100
13;01000001100000100000000100
7;00100001001000100000001000
7;10000001001000100000001000
8;00010001001000100000001000
9;01000001001000100000001000
7;01001000001000100000001000
8;01000100001000100000001000
7;00100100001000100000001000
8;00100100001000100000000001
13;01000100001000100000000001
12;00010100001000100000000001
10;00010001001000100000000001
11;00010001001000100000000100
13;00010100001000100000000100
13;01000100001000100000000100
13;01000010001000100000000100
14;01000010000010100000000100
15;01001000000010100000000100
11;00101000000010100000000100
8;10001000000010100000000100
8;10001000000010000001000100
5;00100001000001000001000001
6;10000001000001000001000001
7;10000001000001100000000001
8;00010001000001100000000001
9;00011000000001100000000001
7;10001000000001100000000001
10;10000100000001100000000001
9;00100100000001100000000001
9;01000100000001100000000001
7;01000010000001100000000001
9;10000010000001100000000001
7;00100010000001100000000001
7;00100001000001100000000001
7;01000001000001100000000001
16;01000001000001100000010000
15;00100001000001100000010000
12;00100001001000100000010000
10;10000001001000100000010000
13;10000100001000100000010000
16;01000100001000100000010000
14;01000010001000100000010000
12;00100010001000100000010000
7;10000100000001000010010000
8;10000100000001010000010000
9;10000100100000010000010000
10;10001000100000010000010000
11;01001000100000010000010000
11;00011000100000010000010000
13;00101000100000010000010000
13;00100001100000010000010000
12;00010001100000010000010000
10;00010100100000010000010000
12;00010100100000010000000010
11;00010001100000010000000010
12;01000001100000010000000010
8;10000001100000010000000010
17;00100001100000010000000010
10;00100100100000010000000010
8;10000100100000010000000010
7;10000010100000010000000010
8;00010010100000010000000010
9;00010010100000010000001000
6;00010010000010000100010000
6;01000010001000000100010000
6;00010100001000000100010000
8;00010100001000000001010000
8;00100100001000000001010000
12;00101000001000000001010000
13;10001000001000000001010000
9;00011000001000000001010000
7;00010010001000000001010000
8;00010001001000000001010000
11;01000001001000000001010000
8;01000001001000000001000001
7;01001000001000000001000001
10;01001000001000000001010000
14;01001000001000010000010000
19;00011000001000010000010000
12;00010010001000010000010000
13;01000010001000010000010000
11;10000010001000010000010000
18;10001000001000010000010000
6;00101000010000100000000100
7;00100001010000100000000100
7;00100010010000100000000100
8;00100100010000100000000100
7;10000100010000100000000100
7;00010100010000100000000100
8;00010100000010100000000100
9;00100100000010100000000100
12;00100010000010100000000100
8;10000010000010100000000100
14;01000010000010100000000100
13;00010010000010100000000100
8;00011000000010100000000100
11;00101000000010100000000100
15;00101000100000100000000100
18;00100100100000100000000100
17;01000100100000100000000100
16;00010100100000100000000100
12;00010100100000100000000001
8;10000010100000000001000001
7;10001000100000000001000001
7;10000100100000000001000001
9;10000100000001000001000001
6;10000001000001000001000001
8;10000001000001000001100000
8;00100001000001000001100000
7;00010001000001000001100000
8;00010001000100000001100000
8;00010100000100000001100000
11;01000100000100000001100000
12;01000100000100010000100000
11;10000100000100010000100000
15;00100100000100010000100000
13;00100001000100010000100000
23;00100010000100010000100000
18;00101000000100010000100000
10;00101000000100010000000010
9;00100100000100010000000010
7;01000100000100000010000001
7;00010100000100000010000001
8;00010100000100010000000001
10;00011000000100010000000001
10;00010001000100010000000001
10;00010001000001010000000001
10;00011000000001010000000001
7;10001000000001010000000001
11;10001000000001010000100000
9;10001000000001010000000010
12;10001000100000010000000010
8;10000100100000010000000010
12;00010100100000010000000010
10;00010100100000010000010000
14;00100100100000010000010000
9;10000100100000010000010000
12;10000001100000010000010000
12;00010001100000010000010000
13;01000001100000010000010000
11;01001000100000010000010000
7;00101000000100100000000001
9;10001000000100100000000001
10;10000100000100100000000001
9;01000100000100100000000001
12;00010100000100100000000001
11;00010100000001100000000001
10;10000100000001100000000001
12;10000100100000100000000001
8;00100100100000100000000001
12;00010100100000100000000001
16;00010100100000100000000100
11;10000100100000100000000100
10;10001000100000100000000100
8;10001000000010100000000100
8;00011000000010100000000100
9;00011000100000100000000100
15;01001000100000100000000100
9;01001000100000000010000100
7;01001000000010000010000100
8;00010010001000001000000010
7;00010010000010001000000010
8;00011000000010001000000010
9;01001000000010001000000010
10;01001000000010001000100000
11;01000100000010001000100000
8;00010100000010001000100000
8;10000100000010001000100000
8;00100100000010001000100000
11;00100010000010001000100000
9;10000010000010001000100000
8;10000001000010001000100000
11;10001000000010001000100000
9;10001000100000001000100000
8;10001000100000001000000010
10;10000001100000001000000010
15;00010001100000001000000010
16;00010001100000001000000100
16;00010100100000001000000100
7;00100001100000000010000010
8;00101000100000000010000010
9;01001000100000000010000010
8;01001000000010000010000010
6;00011000000010000010000010
8;00011000100000000010000010
7;00010001100000000010000010
7;01000001100000000010000010
8;01000001100000000010000100
10;01000010100000000010000100
9;01001000100000000010000100
15;01001000100000100000000100
9;00011000100000100000000100
16;00010001100000100000000100
10;00010001100000100000000001
9;00100001100000100000000001
10;00100010100000100000000001
12;00100010100000100000001000
7;00100100100000100000001000
8;00100100100000100000000001
8;10000010100000001000000001
9;00100010100000001000000001
8;00100100100000001000000001
11;01000100100000001000000001
11;00010100100000001000000001
10;10000100100000001000000001
11;10000100100000001000100000
9;10000100000001001000100000
14;00100100000001001000100000
8;00100100000001000001100000
7;00010100000001000001100000
8;00010100000100000001100000
10;10000100000100000001100000
13;10000010000100000001100000
12;00100010000100000001100000
13;00100100000100000001100000
13;00101000000100000001100000
14;00100001000100000001100000
19;01000001000100000001100000
7;00101000001000000100010000
8;10001000001000000100010000
8;10000001001000000100010000
7;10000100001000000100010000
6;00010100001000000100010000
8;00010100001000000001010000
11;10000100001000000001010000
13;10001000001000000001010000
12;00101000001000000001010000
10;01001000001000000001010000
7;01001000001000000001000001
9;01001000001000010000000001
8;01000100001000010000000001
8;01000100001000000010000001
7;10000100001000000010000001
8;10000100001000010000000001
8;10000010001000010000000001
7;00100010001000010000000001
6;00100010001000010000001000
7;00010010010000010000000100
8;10000010010000010000000100
7;00100010010000010000000100
7;00100100010000010000000100
8;00100100000010010000000100
8;00100100000010000010000100
9;00101000000010000010000100
9;00100010000010000010000100
7;10000010000010000010000100
7;10000100000010000010000100
9;01000100000010000010000100
8;01000010000010000010000100
7;01000001000010000010000100
6;00100001000010000010000100
8;00100001000100000010000100
7;00100001000100000100000100
8;00101000000100000100000100
10;00100100000100000100000100
9;00100010000100000100000100
13;01000010000100000100000100
8;10000001001000000001000001
9;10000001001000100000000001
10;10000001001000100000100000
11;01000001001000100000100000
11;01000010001000100000100000
12;01001000001000100000100000
12;00101000001000100000100000
15;00100010001000100000100000
16;00100010000001100000100000
11;10000010000001100000100000
8;10001000000001100000100000
7;10001000000001100000000001
10;10000100000001100000000001
11;00010100000001100000000001
9;00011000000001100000000001
8;00011000000100100000000001
11;00010001000100100000000001
12;00010100000100100000000001
11;00010100000100100000000100
6;00101000000100000001001000
5;00010100000100000001001000
6;01000100000100000001001000
5;10000100000100000001001000
7;10000010000100100000001000
6;00011000000100100000001000
7;01001000000100100000001000
10;01000010000100100000000010
8;00010010000100100000000010
9;00010100000100100000000010
9;00011000000100100000000010
10;00010001000100100000000010
11;00010001000001100000000010
7;10000001000001100000000010
7;10001000000001100000000010
8;00101000000001100000000010
8;00100100000001100000000010
7;00100010000001100000000010
9;00100001000001100000000010
10;00100001000001100000000100
8;00100001100000100000001000
9;00100001100000100000000001
10;00010001100000100000000001
11;00011000100000100000000001
12;00010100100000100000000001
8;00100100100000100000000001
14;01000100100000100000000001
11;01000010100000100000000001
15;01000010100000100000010000
11;01000100100000100000010000
12;01001000100000100000010000
11;01001000100000000010010000
7;01001000000010000010010000
8;01001000000010100000010000
11;10001000000010100000010000
11;10001000100000100000010000
8;10001000100000000010010000
8;10000010100000000010010000
12;00100010100000000010010000
7;01000010100000010000001000
7;01000001100000010000001000
8;00100001100000010000001000
7;00100010100000010000001000
9;00100010100000010000000001
9;00100001100000010000000001
9;01000001100000010000000001
12;01001000100000010000000001
11;01000100100000010000000001
10;00010100100000010000000001
9;00011000100000010000000001
11;00010010100000010000000001
14;00010010100000010000000100
10;00011000100000010000000100
12;01001000100000010000000100
11;01000001100000010000000100
12;01000001100000010000000010
11;00010001100000010000000010
11;00011000100000010000000010
7;00011000000100000100000100
8;01001000000100000100000100
8;00101000000100000100000100
10;00100100000100000100000100
9;01000100000100000100000100
7;10000100000100000100000100
7;10001000000100000100000100
9;10000010000100000100000100
9;00100010000100000100000100
13;01000010000100000100000100
8;00010001010000001000100000
9;00010100010000001000100000
7;00100100010000001000100000
8;00100100000010001000100000
9;00100001000010001000100000
8;10000001000010001000100000
9;00010001000010001000100000
10;00011000000010001000100000
8;00011000000010001000000010
7;00101000000010001000000010
9;01001000000010001000000010
10;01001000000010001000100000
11;01000100000010001000100000
8;00010100000010001000100000
10;00010010000010001000100000
8;00010010000010000010100000
8;01000010000010000010100000
8;01001000000010000010100000
7;00101000000010000010100000
8;10000010001000000001000100
9;10000100001000000001000100
8;10000001001000000001000100
7;00010001001000000001000100
10;00010100001000000001000100
9;00100100001000000001000100
12;01000100001000000001000100
9;01000001001000000001000100
10;01000001001000010000000100
17;10000001001000010000000100
16;10000100001000010000000100
15;10000010001000010000000100
9;10000010000010010000000100
8;00010010000010010000000100
11;00100010000010010000000100
11;00100010001000010000000100
11;01000010001000010000000100
14;00010010001000010000000100
10;00010100001000010000000100
7;00101000100000001000000001
8;00011000100000001000000001
9;00010010100000001000000001
9;00100010100000001000000001
8;00100001100000001000000001
12;01000001100000001000000001
8;01001000100000001000000001
13;01001000100000001000010000
14;00011000100000001000010000
14;00101000100000001000010000
10;10001000100000001000010000
11;10000001100000001000010000
8;10000001000001001000010000
11;00100001000001001000010000
9;00101000000001001000010000
7;01001000000001001000010000
11;01000001000001001000010000
8;01000100000001001000010000
9;10000100000001001000010000
9;10000010000001001000010000
5;00011000000001000100000001
6;00011000000001000001000001
8;00010100000001000001000001
5;00010010000001000001000001
6;10000010000001000001000001
8;10001000000001000001000001
9;10000100000001000001000001
10;10000100000001100000000001
7;10001000000001100000000001
9;00011000000001100000000001
10;00010010000001100000000001
9;00010010000001100000000100
10;00100010000001100000000100
13;00100010001000100000000100
12;00010010001000100000000100
13;01000010001000100000000100
12;01000001001000100000000100
11;01000001001000100000000010
11;00100001001000100000000010
10;10000001001000100000000010
8;00101000000010010000000010
9;00101000100000010000000010
8;01001000100000010000000010
11;00011000100000010000000010
12;10001000100000010000000010
9;10001000000010010000000010
7;01001000000010010000000010
11;00011000000010010000000010
9;00010001000010010000000010
7;10000001000010010000000010
8;00100001000010010000000010
10;00100001000010010000000100
13;00100001000100010000000100
17;00101000000100010000000100
15;00100010000100010000000100
10;01000010000100010000000100
15;01001000000100010000000100
13;00011000000100010000000100
9;00011000000001010000000100
8;00011000000100000001010000
9;01001000000100000001010000
9;00101000000100000001010000
10;10001000000100000001010000
8;10000100000100000001010000
13;10000100000100100000010000
14;00100100000100100000010000
15;01000100000100100000010000
12;01000001000100100000010000
13;00100001000100100000010000
18;00101000000100100000010000
19;10001000000100100000010000
20;10000010000100100000010000
17;01000010000100100000010000
16;01001000000100100000010000
12;01001000000100000010010000
11;10001000000100000010010000
10;10000001000100000010010000
12;10000100000100000010010000
7;01000010010000010000100000
8;00100010010000010000100000
7;00101000010000010000100000
8;00100001010000010000100000
8;00010001010000010000100000
7;10000001010000010000100000
7;10001000010000010000100000
7;10000010010000010000100000
9;00010010010000010000100000
7;00011000010000010000100000
7;00010100010000010000100000
9;00010100000010010000100000
13;00100100000010010000100000
9;00101000000010010000100000
8;01001000000010010000100000
18;01001000100000010000100000
16;00011000100000010000100000
15;00101000100000010000100000
16;10001000100000010000100000
10;10000100100000010000100000
6;01000010010000010000000100
8;01000010000001010000000100
9;00010010000001010000000100
10;00010010000100010000000100
9;00010100000100010000000100
12;00100100000100010000000100
13;10000100000100010000000100
10;10000100000100000010000100
10;10001000000100000010000100
9;10000010000100000010000100
10;00100010000100000010000100
8;00100001000100000010000100
7;00100001000100000010000010
7;00100001000010000010000010
6;00101000000010000010000010
5;00100100000010000010000010
5;00010100000010000010000010
7;00010100000010000010010000
10;00011000000010000010010000
7;00010010000010000010010000
8;10000001000010001000100000
8;10000100000010001000100000
9;10000010000010001000100000
11;01000010000010001000100000
12;01000010001000001000100000
13;01000100001000001000100000
14;01000001001000001000100000
12;10000001001000001000100000
8;10000001001000001000000001
10;10001000001000001000000001
13;10001000001000001000100000
18;10000010001000001000100000
20;10000010001000000010100000
10;00100010001000000010100000
20;00010010001000000010100000
12;00010001001000000010100000
15;00100001001000000010100000
11;00101000001000000010100000
13;10001000001000000010100000
6;00010100000010001000000010
8;00011000000010001000000010
9;01001000000010001000000010
7;00101000000010001000000010
11;10001000000010001000000010
9;10000100000010001000000010
13;10000001000010001000000010
8;00100001000010001000000010
9;00010001000010001000000010
9;00010001000100001000000010
11;00100001000100001000000010
9;00101000000100001000000010
8;00011000000100001000000010
13;01001000000100001000000010
13;01001000000100001000100000
11;00011000000100001000100000
15;00010001000100001000100000
14;00100001000100001000100000
14;00100001000100000001100000
19;01000001000100000001100000
7;00100001000001000010100000
8;00100100000001000010100000
9;00100100001000000010100000
10;01000100001000000010100000
11;00010100001000000010100000
12;00010100001000010000100000
12;00010001001000010000100000
11;00010010001000010000100000
11;00011000001000010000100000
16;10001000001000010000100000
16;01001000001000010000100000
16;01000001001000010000100000
13;01000100001000010000100000
11;01000100001000000001100000
9;10000100001000000001100000
10;00010100001000000001100000
11;00010010001000000001100000
15;01000010001000000001100000
10;01000001001000000001100000
9;00010001001000000001100000
6;00010100000001000001010000
7;10000100000001000001010000
7;00100100000001000001010000
9;00100010001000000001010000
8;00010100001000000001010000
12;10000010001000000001010000
13;10000100001000100000010000
11;01000001001000100000010000
14;01000100001000100000000010
16;01000100001000100000010000
12;00100100001000100000010000
13;10000100001000100000010000
10;10000001001000100000010000
12;00100001001000100000010000
17;00101000001000100000010000
13;00011000001000100000010000
16;01001000001000100000010000
11;01000001001000100000010000
13;00010001001000100000010000
16;00010100001000100000010000
7;00010010000100000001000100
8;01000100000100000001000100
7;01000001000010000001000100
10;01000001000010010000000100
9;10000001000010010000000100
12;10001000000010010000000100
13;10001000100000010000000100
10;10000010100000010000000100
13;01000010100000010000000100
14;00010010100000010000000100
14;00010100100000010000000100
10;00010100100000010000000001
8;00100100100000010000000001
9;00100010100000010000000001
10;10000010100000010000000001
11;10000100100000010000000001
11;01000100100000010000000001
10;01000010100000010000000001
9;01000001100000010000000001
13;01000001100000010000010000
7;10000001000100000010000010
7;10001000000100000010000010
8;00101000000100000010000010
10;00101000000100000010100000
9;00100001000100000010100000
7;00100001000010000010100000
7;00101000000010000010100000
6;00101000000010000010000010
8;01001000000010000010000010
6;01000010000010000010000010
7;01000010001000000010000010
8;01000100001000000010000010
8;01001000001000000010000010
10;10001000001000000010000010
6;10000010001000000010000010
7;10000100001000000010000010
9;00010100001000000010000010
9;00010100001000000010010000
20;00010100001000010000010000
19;00011000001000010000010000
6;01001000001000000100000010
7;00011000001000000100100000
6;10000100001000000100100000
10;00010100001000000001100000
8;00010100001000000100100000
7;00010010001000000100100000
8;00010001001000000100100000
7;00100001001000000100100000
15;00100001001000000010100000
9;00100100001000000010100000
16;00100100001000010000100000
13;01000100001000010000100000
11;01000100001000000001100000
15;01000010001000000001100000
10;00100010001000000001100000
13;10000010001000000001100000
8;10001000001000000001100000
8;00101000001000000001100000
9;00100001001000000001100000
9;10000001001000000001100000
8;00010010100000000001100000
9;00100010100000000001100000
10;00100001100000000001100000
11;00100001100000001000100000
10;00100010100000001000100000
10;00100100100000001000100000
9;00100100100000000001100000
8;00101000100000000001100000
8;10001000100000000001100000
9;10000001100000000001100000
8;10000001000001000001100000
7;00010001000001000001100000
8;00010001000100000001100000
9;00011000000100000001100000
8;00010100000100000001100000
13;00100100000100000001100000
11;01000100000100000001100000
10;01000010000100000001100000
16;01000010000100010000100000
7;00010100000100000100100000
8;00010100000100000001100000
9;00011000000100000001100000
10;01001000000100000001100000
10;01000010000100000001100000
12;00100010000100000001100000
13;00100010000100001000100000
14;00100001000100001000100000
12;01000001000100001000100000
15;01000010000100001000100000
10;00010010000100001000100000
15;00010001000100001000100000
10;00010001000001001000100000
11;00011000000001001000100000
9;00010010000001001000100000
8;00010010000001000010100000
12;00010010000100000010100000
8;00010001000100000010100000
9;00100001000100000010100000
8;01000001000100000010100000
7;10000010010000100000100000
6;10000100010000100000100000
8;00100100010000100000100000
8;00100001010000100000100000
8;00100010010000100000100000
8;01000010010000100000100000
8;00010010010000100000100000
8;00010100010000100000100000
7;01000100010000100000100000
12;01000100000010100000100000
10;00010100000010100000100000
11;00010010000010100000100000
9;00011000000010100000100000
10;00011000000010000010100000
7;00010001000010000010100000
8;00010010000010000010100000
10;00010010000010001000100000
9;00010001000010001000100000
9;00100001000010001000100000
11;00100010000010001000100000
7;00100001000010000010100000
7;00010001000010000010100000
7;01000001000010000010100000
8;01001000000010000010100000
8;01000010000010000010100000
11;01000010000010001000100000
12;01000010001000001000100000
14;01001000001000001000100000
13;10001000001000001000100000
10;10001000001000001000000001
9;01001000001000001000000001
7;00101000001000001000000001
7;00101000001000000001000001
7;01001000001000000001000001
9;01001000001000010000000001
14;01001000001000010000010000
17;01000001001000010000010000
16;00100001001000010000010000
15;00010001001000010000010000
20;00010100001000010000010000
7;00100001000100000010000010
8;00100001000100000010000100
10;00100010000100000010000100
11;01000010000100000010000100
8;00010010000100000010000100
8;00011000000100000010000100
10;10001000000100000010000100
9;00101000000100000010000100
11;00100100000100000010000100
12;00100100000100010000000100
13;00100001000100010000000100
15;00100010000100010000000100
17;00101000000100010000000100
15;01001000000100010000000100
11;01000100000100010000000100
10;01000010000100010000000100
9;01000001000100010000000100
8;01000001000100010000000010
7;01000001000010010000000010
7;10000010000001000010010000
8;10001000000001000010010000
8;10001000100000000010010000
11;10001000100000100000010000
12;10000010100000100000010000
9;10000100100000100000010000
11;01000100100000100000010000
15;00010100100000100000010000
14;00010100100000100000000010
13;10000100100000100000000010
12;00100100100000100000000010
13;00101000100000100000000010
8;00101000100000000010000010
6;00101000000010000010000010
7;00101000000010000010100000
10;00101000100000000010100000
10;00100100100000000010100000
9;01000100100000000010100000
11;01000010100000000010100000
7;00101000010000010000100000
8;00100001010000010000100000
7;10000001010000010000100000
7;10001000010000010000100000
7;10000010010000010000100000
9;00010010010000010000100000
7;00011000010000010000100000
8;00010001010000010000100000
7;01000001010000010000100000
7;01000010010000010000100000
8;01000010000001010000100000
11;00100010000001010000100000
10;00101000000001010000100000
9;00100100000001010000100000
9;00010100000001010000100000
8;00010100000001000010100000
8;00010010000001000010100000
7;10000010000001000010100000
7;10000100000001000010100000
8;00100100000001000010100000
7;00101000000010000001000100
9;00101000100000000001000100
10;00100100100000000001000100
11;00100001100000000001000100
12;00100001100000001000000100
13;01000001100000001000000100
14;10000001100000001000000100
15;10000010100000001000000100
16;01000010100000001000000100
10;01000010100000000010000100
9;01001000100000000010000100
9;01000100100000000010000100
13;00010100100000000010000100
8;00010001100000000010000100
9;00010010100000000010000100
13;00100010100000000010000100
11;00100100100000000010000100
9;00101000100000000010000100
11;00011000100000000010000100
5;10001000000100000100001000
6;00010010000100000001000001
5;00010010000001000001000001
7;01000010000001000001000001
7;01000100000001000001000001
7;00100100000001000001000001
7;00101000000001000001000001
7;00101000001000000001000001
7;01001000001000000001000001
8;10001000001000000001000001
9;10001000001000100000000001
10;10000100001000100000000001
8;00100100001000100000000001
12;00010100001000100000000001
10;00010001001000100000000001
9;10000001001000100000000001
8;10000001001000000001000001
9;10000001001000000001100000
10;01000001001000000001100000
16;01000001001000010000100000
10;01000010001000010000100000
6;00010010010000010000000001
5;01000100010000010000000001
4;00100100010000010000000001
4;00101000010000010000001000
3;01000001010000010000001000
2;01000010010000000001001000
2;10001000010000000001001000
4;00100010010000000001001000
4;00100100010000001000001000
7;10001000010000001000001000
4;01000001010000001000001000
5;01001000000001001000001000
5;00010010000001001000001000
7;00011000000100001000001000
7;10000001000100001000001000
7;00100100000100001000001000
5;00100001000100000001001000
9;00101000000100000001000001
10;01001000000100000001000001
12;01001000000100010000000001
8;00010001100000000001000100
9;01000001100000000001000100
10;01000010100000000001000100
10;01001000100000000001000100
10;01000100100000000001000100
11;10000100100000000001000100
8;10000100000001000001000100
9;10000100000001100000000100
8;10001000000001100000000100
9;00101000000001100000000100
15;00100100000001100000000100
10;00100010000001100000000100
9;00010010000001100000000100
12;00011000000001100000000100
10;00011000000100100000000100
19;00101000000100100000000100
9;00101000000100000010000100
8;00100001000100000010000100
6;00100001000010000010000100
7;01000001000010000001000100
7;01001000000010000001000100
9;01001000000010010000000100
8;01000010000010010000000100
8;00010010000010010000000100
9;10000010000010010000000100
10;10000100000010010000000100
12;10001000000010010000000100
9;10000001000010010000000100
10;00100001000010010000000100
10;01000001000010010000000100
7;01000001000010010000000010
9;00010001000010010000000010
7;10000001000010010000000010
6;10000010000010010000000010
9;10000010001000010000000010
7;00010010001000010000000010
8;00010010000010010000000010
7;00100010000010010000000010
8;00101000000010010000000010
7;00101000010000100000100000
8;00100100010000100000100000
9;00100100000010100000100000
10;00010100000010100000100000
11;00010010000010100000100000
9;00011000000010100000100000
10;01001000000010100000100000
11;01001000000010100000000010
8;01001000000010000010000010
6;00101000000010000010000010
5;00100100000010000010000010
7;00100100000010000010010000
13;00100010000010000010010000
8;00100010000010001000010000
11;00101000000010001000010000
10;00100001000010001000010000
11;00100001000100001000010000
11;00100001000100000001010000
9;00101000000100000001010000
9;01001000000100000001010000
8;01001000000001000001000001
8;10001000000001000001000001
6;00011000000001000001000001
5;00010010000001000001000001
6;00010010000100000001000001
9;01000010000100000001000001
7;00100010000100000001000001
8;10000010000100000001000001
11;10000100000100000001000001
7;10000001000100000001000001
12;10000001000100100000000001
8;10000001000010100000000001
12;01000001000010100000000001
11;01000001000100100000000001
12;01000001000100100000010000
17;01000010000100100000010000
10;01000010000100100000000001
9;01001000000100100000000001
9;10001000000100100000000001
8;00010001000001010000000100
9;00100001000001010000000100
10;00100010000001010000000100
11;00100010001000010000000100
11;01000010001000010000000100
11;01000100001000010000000100
10;00010100001000010000000100
14;00010010001000010000000100
16;00010001001000010000000100
16;00100001001000010000000100
10;01000001001000010000000100
13;01000001001000010000000010
12;00100001001000010000000010
13;00101000001000010000000010
8;01001000001000010000000010
7;01000010001000010000000010
8;01000100001000010000000010
10;00010100001000010000000010
20;00010100001000010000010000
8;01001000000010000010100000
8;01001000000010000010000010
8;10001000000010000010000010
6;00011000000010000010000010
10;00011000000010000010100000
7;00101000000010000010100000
8;00101000000010100000100000
14;00101000100000100000100000
12;00011000100000100000100000
11;00010010100000100000100000
18;01000010100000100000100000
12;00100010100000100000100000
13;00100001100000100000100000
16;00010001100000100000100000
13;00010100100000100000100000
12;00100100100000100000100000
11;10000100100000100000100000
12;10000100100000100000000001
11;10000010100000100000000001
8;00010100000001010000010000
9;00011000000001010000010000
9;00010010000001010000010000
11;00010010000100010000010000
11;00010100000100010000010000
13;00011000000100010000010000
12;01001000000100010000010000
15;01000001000100010000010000
8;01000001000100000001010000
7;00010001000100000001010000
8;00010001000001000001010000
8;10000001000001000001010000
7;10000010000001000001010000
7;01000010000001000001010000
7;01000010000001000001000001
5;00010010000001000001000001
8;00010100000001000001000001
9;10000100000001000001000001
9;10000100000001000001100000
7;10000001100000000100100000
8;01000001100000000100100000
9;01000001100000000010100000
9;01000100100000000010100000
11;01000010100000000010100000
10;00100010100000000010100000
13;00010010100000000010100000
14;00010010100000001000100000
15;00010100100000001000100000
12;01000100100000001000100000
13;01000001100000001000100000
16;01001000100000001000100000
10;01001000000010001000100000
11;01000100000010001000100000
8;00100100000010001000100000
11;00100010000010001000100000
9;00100010000010000010100000
8;01000010000010000010100000
8;01001000000010000010100000
10;01001000100000000010100000
6;01000100010000010000000100
7;00100100010000010000000100
8;00100100000010010000000100
11;00100010000010010000000100
9;10000010000010010000000100
8;00010010000010010000000100
14;00010010001000010000000100
11;01000010001000010000000100
10;01000001001000010000000100
9;01000001001000000001000100
7;00010001001000000001000100
8;00100001001000000001000100
7;00100001001000000001000010
8;00100001001000001000000010
9;01000001001000001000000010
14;01000100001000001000000010
16;00100100001000001000000010
12;00100100001000001000010000
9;00100010001000001000010000
7;00100001001000100000001000
8;00100001001000100000000001
9;10000001001000100000000001
10;10000010001000100000000001
10;10000100001000100000000001
11;10000100001000100000100000
12;01000100001000100000100000
14;00100100001000100000100000
12;00101000001000100000100000
12;01001000001000100000100000
11;01000010001000100000100000
12;00010010001000100000100000
14;00010100001000100000100000
13;00011000001000100000100000
9;00011000001000100000000010
10;00010001001000100000000010
10;10000001001000100000000010
9;10000010001000100000000010
8;01000010001000100000000010
11;01000001001000100000000010
7;10000010010000001000000100
7;01000010010000001000000100
7;01000001010000001000000100
7;01000001000001001000000100
8;00100001000001001000000100
11;00100010000001001000000100
9;00101000000001001000000100
7;00101000000001000001000100
9;00101000001000000001000100
11;01001000001000000001000100
12;01000100001000000001000100
11;01000010001000000001000100
9;01000001001000000001000100
7;00010001001000000001000100
10;00010100001000000001000100
8;00011000001000000001000100
9;10001000001000000001000100
10;10001000001000100000000100
11;10000010001000100000000100
8;10000010001000000001000100
7;01000001001000010000001000
7;01001000001000010000001000
7;01000100001000010000001000
7;00010100001000010000001000
7;10000100001000010000001000
8;10001000001000010000001000
7;00011000001000010000001000
8;00010001001000010000001000
6;00010010001000010000001000
7;10000010001000010000001000
6;00100010001000010000001000
7;00100010001000010000000001
10;00100001001000010000000001
10;00101000001000010000000001
9;10001000001000010000000001
8;10000100001000010000000001
8;01000100001000010000000001
8;01000100001000000010000001
7;10000100001000000010000001
10;10000100001000000010100000
7;10000001000100000010000010
8;10000001000100000010000100
9;10000010000100000010000100
8;00010010000100000010000100
11;01000010000100000010000100
11;01000010000100001000000100
14;01000100000100001000000100
15;10000100000100001000000100
12;10001000000100001000000100
16;01001000000100001000000100
13;00101000000100001000000100
17;00100100000100001000000100
12;00010100000100001000000100
11;00011000000100001000000100
10;00010001000100001000000100
9;00010001000001001000000100
7;01000001000001001000000100
13;10000001000001001000000100
12;10000010000001001000000100
7;00100100001000000100000100
8;01000100001000000100000100
8;10000100001000000100000100
10;10001000001000000100000100
7;00101000001000000100000100
9;01001000001000000100000100
7;00010001000100000010000100
8;00010100000100000010000100
7;00010100000100000010000001
8;00010100000100010000000001
10;00010001000100010000000001
12;00010010000100010000000001
12;10000010000100010000000001
11;00100010000100010000000001
14;00100001000100010000000001
8;10000001000100010000000001
10;10001000000100010000000001
12;01001000000100010000000001
9;00101000000100010000000001
7;00101000000100010000001000
8;00100010000100010000001000
9;00100010000100010000000010
9;00100001000100010000000010
10;10000001000100010000000010
7;10000001000010010000000010
7;01000001000010010000000010
7;10000010000100100000001000
8;01000010000100100000001000
7;01000100000100100000001000
7;01000001000100100000001000
7;00100001000100100000001000
8;00100001000100100000000001
9;00100100000100100000000001
10;10000100000100100000000001
15;10000100000100100000100000
16;01000100000100100000100000
14;01000001000100100000100000
9;10000001000100100000100000
12;10000001000100100000000001
16;10000010000100100000000001
8;10000010000100000001000001
6;00010010000100000001000001
7;00100010000100000001000001
9;01000010000100000001000001
15;01000010000100000001010000
11;01000100000100000001010000
7;00010100000001010000000010
8;00010100000001010000010000
8;00100100000001010000010000
8;00100100000001010000000010
7;10000100000001010000000010
8;10000100100000010000000010
12;00010100100000010000000010
9;00010100100000000010000010
8;00100100100000000010000010
8;00101000100000000010000010
9;01001000100000000010000010
8;00011000100000000010000010
9;00011000100000100000000010
11;01001000100000100000000010
13;00101000100000100000000010
8;00101000000010100000000010
7;00100100000010100000000010
8;00100100000010100000010000
13;00100001000010100000010000
9;00100010000010100000010000
7;00100001000010000010000010
5;01000001000010000010000010
8;01001000000010000010000010
9;01001000100000000010000010
11;01001000100000100000000010
11;01000001100000100000000010
13;01000001100000100000000100
14;01000010100000100000000100
15;01001000100000100000000100
9;00011000100000100000000100
15;00101000100000100000000100
18;00100100100000100000000100
16;00100001100000100000000100
16;00010001100000100000000100
10;00010001100000100000000001
11;00011000100000100000000001
8;01001000100000100000000001
14;01000100100000100000000001
13;01000001100000100000000001
13;01000001100000100000010000
7;10001000001000100000001000
7;10000001001000100000001000
9;01000001001000100000001000
8;01000100001000100000001000
9;00010100001000100000001000
7;00011000001000100000001000
7;01001000001000100000001000
7;10001000100000000001000001
8;10001000100000000001100000
9;10000010100000000001100000
10;10000010100000100000100000
11;00010010100000100000100000
12;00100010100000100000100000
13;00100001100000100000100000
13;10000001100000100000100000
15;01000001100000100000100000
11;01001000100000100000100000
14;00101000100000100000100000
13;00101000100000100000000010
11;01001000100000100000000010
15;10001000100000100000000010
13;10000100100000100000000010
15;01000100100000100000000010
11;01000100100000100000010000
15;01000010100000100000010000
12;01001000100000100000010000
13;01000001100000100000010000
7;10000100010000100000000100
7;00010100010000100000000100
7;00010010010000100000000100
7;00100010010000100000000100
8;00100100010000100000000100
9;00100100000010100000000100
12;00100010000010100000000100
14;01000010000010100000000100
15;01001000000010100000000100
7;01001000000010000010000100
7;01000001000010000010000100
5;01000001000010000010000010
7;00100001000010000010000010
6;00101000000010000010000010
8;00101000000010100000000010
7;00100100000010100000000010
7;00010100000010100000000010
8;00010100000010100000010000
8;00100100000010100000010000
8;01000100000010100000010000
8;10001000000010100000000100
9;00011000100000100000000100
8;10001000100000000001000100
9;10000010100000000001000100
10;01000010100000000001000100
10;01001000100000000001000100
9;01000001100000000001000100
10;10000001100000000001000100
10;10000001100000100000000100
10;10001000100000100000000100
15;01001000100000100000000100
17;01000100100000100000000100
14;01000010100000100000000100
13;00010010100000100000000100
9;00011000100000100000000100
11;00011000100000000010000100
8;10001000100000000010000100
8;10000010100000000010000100
7;10000001100000000010000100
7;10000001001000000100100000
6;10000100001000000100100000
8;00010100001000000100100000
7;00100100001000000100100000
8;01000100001000000100100000
7;01000010001000000100100000
7;00100010001000000100100000
7;00010010001000000100100000
11;00010010001000000001100000
10;00010100001000000001100000
11;01000100001000000001100000
9;10000100001000000001100000
8;10000100001000000001000001
9;01000100001000000001000001
10;01000100001000000001010000
10;01000010001000000001010000
13;01000010001000010000010000
9;01000100001000010000010000
17;01000001001000010000010000
14;01001000001000010000010000
5;00011000000001000100000001
6;00011000000001000001000001
6;00010001000001000001000001
5;00010010000001000001000001
8;00010100000001000001000001
7;00010100000100000001000001
11;10000100000100000001000001
10;10000100000100000001100000
9;10000001000100000001100000
13;10000010000100000001100000
8;10000010000100000001000001
7;00100010000100000001000001
8;00100100000100000001000001
10;01000100000100000001000001
9;01000010000100000001000001
7;01000001000100000001000001
8;01000001000100010000000001
14;00100001000100010000000001
10;00010001000100010000000001
11;00010001000100010000000100
9;01000001000100010000000100
15;10000001000100010000000100
7;00010010000100000001000100
9;10000010000100000001000100
10;10000010000100100000000100
11;01000010000100100000000100
12;01000100000100100000000100
13;01001000000100100000000100
10;00011000000100100000000100
10;00010001000100100000000100
12;00010010000100100000000100
14;00010010000100100000000001
10;00010010000001100000000001
11;00010100000001100000000001
8;00010001000001100000000001
11;00010001000001100000000100
9;00010010000001100000000100
10;10000010000001100000000100
8;10000001000001100000000100
8;10001000000001100000000100
12;00011000000001100000000100
7;10000010000100001000001000
8;10000100000100001000001000
8;01000100000100001000001000
7;00010100000100001000001000
7;00010001000100001000001000
7;01000001000100001000001000
8;01001000000100001000001000
7;01000010000100001000001000
6;00100010000100001000001000
8;00100010000100001000000001
8;00010010000100001000000001
10;01000010000100001000000001
8;01000001000100001000000001
9;01000100000100001000000001
9;01001000000100001000000001
13;10001000000100001000000001
10;10000100000100001000000001
8;10000001000100001000000001
15;10000001000100001000100000
12;01000001000100001000100000
7;01000100001000010000001000
7;01000001001000010000001000
8;10000001001000010000001000
8;00010001001000010000001000
7;00010100001000010000001000
6;00010010001000010000001000
7;00010010001000010000000010
10;00010100001000010000000010
9;10000100001000010000000010
9;10001000001000010000000010
11;10000001001000010000000010
17;10000001001000010000000100
16;00010001001000010000000100
11;00010001001000010000000001
10;00011000001000010000000001
11;00011000001000010000000100
12;01001000001000010000000100
10;01000001001000010000000100
16;00100001001000010000000100
9;00100001000001010000000100
6;00011000001000000100000001
6;00010001001000000001000001
8;00011000001000000001000100
8;10000001001000000001000100
11;01000010001000000001000100
12;01001000001000010000000100
13;01000001001000010000000010
10;01000001001000010000000100
9;01000001001000000001000100
11;01001000001000000001000100
9;00101000001000000001000100
8;00011000001000000001000100
10;00010100001000000001000100
9;10000100001000000001000100
12;01000100001000000001000100
11;01000100001000010000000100
11;01000010001000010000000100
8;01000010000010010000000100
11;01000100000010010000000100
8;00100100000010010000000100
7;10001000000001100000000010
7;10000001000001100000000010
9;10000001100000100000000010
10;10000001100000100000000100
10;10000001100000000001000100
9;10000010100000000001000100
11;00100010100000000001000100
10;00100100100000000001000100
9;00010100100000000001000100
8;00010001100000000001000100
11;00100001100000000001000100
9;00101000100000000001000100
13;00101000100000001000000100
17;10001000100000001000000100
12;00011000100000001000000100
8;00011000100000001000000001
9;00010010100000001000000001
8;10000010100000001000000001
12;10000010100000001000100000
8;10000010100000000010100000
5;10001000000100000100001000
5;00010010000001000001000001
7;01000010000001000001000001
7;01000100000001000001000001
5;01000001000001000001000001
6;00010001000001000001000001
6;00011000000001000001000001
7;00101000000001000001000001
8;10001000000001000001000001
6;10000001000001000001000001
10;10000001100000000001000001
9;10000001100000000001100000
10;00010001100000000001100000
8;00010100100000000001100000
9;00100100100000000001100000
10;00100100100000001000100000
10;00100010100000001000100000
11;00101000100000001000100000
8;00101000100000000001100000
9;01001000100000000001100000
8;10000010000001001000100000
8;10001000000001001000100000
10;10000001000001001000100000
9;01000001000001001000100000
12;00100001000001001000100000
13;00100001001000001000100000
14;00100100001000001000100000
15;00101000001000001000100000
8;00101000001000001000000010
11;00011000001000001000000010
12;10001000001000001000000010
8;10000010001000001000000010
16;10000001001000001000000010
15;10000100001000001000000010
14;10000100001000001000010000
12;00100100001000001000010000
12;00101000001000001000010000
11;10001000001000001000010000
13;00011000001000001000010000
7;00100100000010000001100000
7;00101000000010000001100000
9;00100001000010000001100000
8;00100010000010000001100000
8;10000010000010000001100000
7;10001000000010000001100000
8;10001000000010100000100000
7;10001000000010100000000010
15;10001000100000100000000010
7;10001000000001100000000010
8;10001000000001100000100000
7;10001000000001100000000001
8;10001000000001000001000001
6;00011000000001000001000001
7;00101000000001000001000001
7;00101000001000000001000001
8;10001000001000000001000001
8;10000100001000000001000001
9;01000100001000000001000001
8;01000001001000000001000001
7;01000010000001100000000001
7;01000001000001100000000001
9;01000100000001100000000001
9;00100100000001100000000001
11;00010100000001100000000001
9;00011000000001100000000001
7;10001000000001100000000001
9;10000010000001100000000001
6;10000010000001000001000001
8;10001000000001000001000001
8;01001000000001000001000001
7;01000010000001000001000001
7;01000010000001010000000001
9;10000010000001010000000001
7;10001000000001010000000001
10;00011000000001010000000001
10;00011000000100010000000001
12;00010010000100010000000001
10;00010001000100010000000001
7;00010001000010010000000001
7;00010100000001000010010000
7;10000100000001000010010000
8;10000100000001010000010000
8;10001000000001010000010000
7;01001000000001010000010000
7;01001000000001000001010000
7;01000010000001000001010000
9;00100010000001000001010000
15;00100001000001000001010000
8;10000001000001000001010000
8;10001000000001000001010000
9;00101000000001000001010000
12;00101000001000000001010000
9;00011000001000000001010000
7;00010010001000000001010000
12;10000010001000000001010000
13;10001000001000000001010000
10;01001000001000000001010000
14;01001000001000010000010000
8;00010001000001001000000001
9;00011000000001001000000001
10;00010100000001001000000001
11;00010100000001001000000100
12;00010100000100001000000100
10;00010001000100001000000100
8;00010001000100001000000001
9;00010100000100001000000001
7;00100100000100001000000001
10;10000100000100001000000001
11;10000010000100001000000001
10;01000010000100001000000001
9;01001000000100001000000001
8;01000001000100001000000001
9;01000100000100001000000001
10;01000100000100001000010000
12;00010100000100001000010000
11;00100100000100001000010000
12;00100010000100001000010000
7;10000001010000001000100000
8;01000001010000001000100000
8;00010001010000001000100000
7;00010010010000001000100000
7;00100010010000001000100000
7;00100100010000001000100000
9;01000100010000001000100000
11;01000100000010001000100000
11;01000010000010001000100000
9;10000010000010001000100000
18;10000010001000001000100000
12;10000001001000001000100000
13;10000100001000001000100000
16;00010100001000001000100000
13;01000100001000001000100000
14;01001000001000001000100000
12;01000010001000001000100000
14;01000001001000001000100000
13;00100001001000001000100000
7;01001000010000001000010000
6;01000100010000001000010000
8;01000100000001001000010000
9;10000100000001001000010000
11;10000100100000001000010000
12;10000010100000001000010000
12;00100010100000001000010000
14;00100100100000001000010000
9;00100100100000000001010000
11;00101000100000000001010000
14;00101000100000001000010000
11;00101000000010001000010000
10;00011000000010001000010000
11;00010010000010001000010000
10;00010010001000001000010000
10;10000010001000001000010000
9;00100010001000001000010000
12;01000010001000001000010000
15;01000100001000001000010000
14;10000100001000001000010000
7;10000010000010000001010000
7;01000010000010000001010000
#<Time>=0.68531s/900
#<PlanCost>=single integer value
#<State>=Atom at-airplane(plane2, beijing);Atom at-airplane(plane2, seoul);Atom at-airplane(plane2, shanghai);Atom at-airplane(plane2, tokyo);Atom at-airplane(plane1, beijing);Atom at-airplane(plane1, seoul);Atom at-airplane(plane1, shanghai);Atom at-airplane(plane1, tokyo);Atom at-person(carol, beijing);Atom at-person(carol, seoul);Atom at-person(carol, shanghai);Atom at-person(carol, tokyo);Atom in-airplane(carol, plane1);Atom in-airplane(carol, plane2);Atom at-person(bob, beijing);Atom at-person(bob, seoul);Atom at-person(bob, shanghai);Atom at-person(bob, tokyo);Atom in-airplane(bob, plane1);Atom in-airplane(bob, plane2);Atom at-person(alice, beijing);Atom at-person(alice, seoul);Atom at-person(alice, shanghai);Atom at-person(alice, tokyo);Atom in-airplane(alice, plane1);Atom in-airplane(alice, plane2);
4;01000100010000000100100000
4;01000001000001000010000001
7;01000010010000010000100000
6;01001000000001100000000010
13;00010010001000001000000100
18;10001000001000010000010000
7;00100100000010100000000010
8;01000010001000000010010000
7;01000001001000000100010000
7;01001000000001010000010000
3;00100100000001000100000001
9;01000100000010001000000100
4;00100010000100000100001000
4;01000001010000000010010000
13;01000010001000100000000100
7;00010010000100001000000010
9;00010100000001010000100000
5;00010010000001000001001000
3;01001000100000000100001000
11;10000100100000001000100000
6;01001000100000100000001000
8;00100100010000100000000100
12;00010010000100000010100000
5;00011000100000000100000001
7;00010001100000000010000001
4;10000010000001000100001000
8;10000010100000001000000001
5;00100010000010000010000001
7;00101000001000001000000001
8;00010001001000000001010000
9;10000001000010010000000100
6;00100100010000000010000100
13;00011000001000100000010000
6;10001000001000000010001000
5;00010010010000001000000001
8;10000010010000010000000100
11;01000001100000100000000010
7;01000100010000001000000100
12;00100100000100100000000010
10;00100100000100000100000100
5;00100001000100000010001000
14;00100100001000001000100000
4;00100100010000010000000001
2;00011000010000000010001000
5;10000100010000000001010000
9;10000100000100000001000010
6;01001000001000000001001000
5;00101000010000000001100000
12;00010100000100001000000100
8;00011000001000000010000001
6;01000100000001000010000100
2;00011000010000000001001000
3;01000001010000010000001000
15;01000010100000100000010000
16;01000001001000010000100000
5;00100001010000000010100000
12;10001000000100001000000100
7;10000001010000010000000100
5;10000001000001000100100000
7;00011000000001000010100000
4;01000001010000000100000001
11;10000001000010100000000010
11;01001000100000010000010000
6;00100010000010001000000010
3;00101000000010000100000001
17;10001000001000100000010000
3;00100010010000000010000001
5;00100010000001001000001000
5;01000100000010000001000010
4;01000001001000000100001000
5;00010010000001001000001000
10;10000001001000100000000010
7;00100001000010000001010000
5;01000100010000010000001000
7;10000001000001001000000001
6;10000100000010000010100000
5;10000100010000000100000010
6;00010100001000000100000010
6;10000001000010000010001000
6;10000100100000000001001000
8;00100010000100000100100000
17;01001000001000000010100000
12;00010001100000010000010000
16;00100100100000010000000100
7;01000001010000001000010000
7;01000010000010000001010000
3;00010100010000010000001000
6;00010010000010100000001000
9;00011000000010100000100000
16;00100100000100001000100000
10;00010001000100010000000001
6;10000010000001000100000100
7;00010100000100000001010000
9;00010001000010001000100000
12;01000010000001100000100000
6;01000010000010010000000010
11;10000010001000010000010000
4;00100010010000000100100000
7;00010010010000010000000100
5;00010010100000000001001000
8;10000010001000010000000001
7;01001000001000000001000001
5;10001000000001000100100000
12;00010010000100100000000100
5;01000100010000010000001000
7;10000001000001010000000010
8;01000010000100000100100000
7;01000010000010001000000001
6;01000100010000001000001000
8;00100100100000000100000100
5;00010001010000000010100000
11;01000001100000100000000010
9;00010010010000010000100000
7;10000100000010000010010000
11;01001000100000000010010000
17;00100001100000010000000010
5;00100001000001001000001000
13;01000100001000000010000100
13;00100001100000100000100000
7;00010010001000010000000010
7;10000001000001001000000001
16;10000010000100100000000001
9;10000001000100000001100000
7;00100010100000001000001000
8;00100100000100000001010000
11;01000001001000000001010000
3;00100001010000000100000100
5;01000100010000000001010000
20;00100100100000010000100000
9;01000100000100010000000001
9;01000010001000001000000001
5;00010100000010000001000100
9;00100010100000001000000001
6;00100010100000000001001000
12;01001000000100010000010000
16;00100010000001100000100000
6;00100100000100000100000010
7;01001000000001001000010000
7;00011000000001001000000010
8;10001000100000010000000001
10;10000100100000010000100000
8;00010010100000000001000100
8;00100001000010010000000010
6;01000010001000000100010000
15;01000010100000100000010000
12;01000100100000100000100000
14;00010010100000010000100000
6;10000010000001000010000001
7;10000010100000010000001000
7;00010100000100001000001000
9;10000010000100000100000100
7;01000001000010001000000001
4;01001000000001000100000001
8;00010100000010100000000100
7;00010001000010001000000001
6;10000001000010000001000001
12;10001000000100010000100000
13;00010100001000100000000100
12;10000100001000001000000001
8;01000010000001001000100000
3;01000001010000000010000001
9;01001000100000000010000100
15;00101000001000001000100000
4;01001000001000000100001000
5;01000010000010000001000010
13;00010001001000001000000001
12;00010001100000010000010000
10;00101000000010001000100000
4;10000100010000000010000001
4;00010001010000000100010000
5;00010010000001000100000100
6;00010100010000100000000001
14;00101000000100010000010000
5;00010100010000010000000001
8;10001000001000000010000001
8;00101000001000001000000010
6;01000100010000010000010000
7;00100010000100000010000010
8;00010100000100010000000010
8;01000100000010010000100000
7;00010100100000010000001000
6;10000100001000000100000010
6;01000001000100000100010000
3;00010010000010000100000010
11;10000001100000001000010000
13;10000001000010010000010000
10;00100100000100000100000100
7;10000010000100100000001000
11;00010100001000000010100000
6;00100010001000000001000001
7;01000010000010010000000001
9;01000100100000000100100000
6;00011000000001000001010000
6;00010010000100000100000100
6;00010100010000001000000100
8;01001000100000100000000001
9;10000010000100000100000100
4;01001000000001100000001000
0;01000001010000000100001000
9;00010010000100000001100000
6;00100100000100000100001000
4;00100001000001000100000010
6;00010010000001000100100000
10;01000100100000000001000100
7;00011000010000100000010000
9;00010001100000000100010000
8;00010001000010010000000100
11;00010010010000010000010000
9;00100010000100010000000010
4;00010010000010000100001000
7;10000100100000000001000001
7;01001000000001001000100000
14;00010100001000100000100000
6;00100100000001000100000100
9;00100100000001100000100000
16;00100010000100000001010000
7;00011000000100000001000001
7;01001000100000000100000100
5;00010001010000000001100000
6;01000010001000010000001000
7;10001000000010001000000001
6;01000010010000000010000100
7;00100001000001100000000001
13;10000100001000001000100000
6;00010001010000001000000001
6;00101000001000000001001000
4;10000010010000000001001000
7;00101000000001000010100000
6;01000010000010010000000010
18;01000010100000100000100000
8;01000010000100000100100000
5;01000010000100000010001000
9;00101000100000000010010000
6;10001000000010000010000001
0;01001000010000000100001000
6;01001000000001000001000100
7;00010001000001010000000010
10;10000001000100001000000010
7;01000001010000010000100000
6;01000010000001001000000001
7;01000010010000010000100000
7;01000010000001100000000001
3;00010001010000000001000010
13;00010100100000100000100000
13;00100010100000000010000100
6;00100010000001000100100000
3;01001000010000010000001000
5;10001000000100000100001000
14;01000010001000000010100000
12;00100100100000100000100000
13;01001000000100001000000010
4;01000100000010010000001000
4;00101000010000000010000010
6;00010010000010000100100000
8;01000010001000000010000100
13;10000001000010010000010000
14;10000010000100001000100000
12;01000100001000000001000100
11;01001000100000000010010000
7;00011000000001000010100000
11;01000010100000010000010000
10;00010001000001010000100000
5;10001000100000000100000001
6;10000100000010000100000010
10;00100010100000000001010000
14;00010100000001100000100000
7;01000001000001000001100000
11;10000001001000010000010000
12;10000010100000010000010000
15;00100001000001100000010000
7;10000010000010000010100000
0;00100100010000000100001000
7;01001000000001100000010000
13;00010010001000001000000100
3;00010010000001000100000010
8;10001000100000001000000001
7;10000100001000100000001000
8;00100010000010001000010000
9;10001000001000000010000100
9;10000100000100000001000010
8;00101000000100000100010000
6;00010001000001000001000100
10;10001000000100010000000001
11;01000100000100010000010000
8;01000010000001010000000100
4;00010100010000000010000001
8;00100001010000100000010000
14;00100010000100100000000100
5;01000010000010000001000010
5;10000010000010000001000010
9;00010001000100001000000010
12;00101000001000010000000100
7;00101000100000000001000010
1;00100010010000000100000001
6;10000001000100100000001000
11;10000001000010001000010000
5;01000100000010000010000010
6;10001000100000010000001000
5;01001000010000000001100000
11;00010100000001001000000100
14;10000010000100010000000100
3;01000010001000000100001000
8;01001000001000100000000001
16;00011000100000010000100000
15;00010001001000001000000010
9;10000100000001001000100000
11;00010010001000000010010000
13;00101000000100001000000100
13;10000001000010001000000010
12;00100100000100010000000100
7;10000001100000010000001000
17;00100001100000010000000010
16;10000010001000001000000100
13;01001000100000001000010000
11;01000100100000001000000001
8;00100100000001100000000010
7;00101000000100100000000001
5;00100100000001000100010000
0;00100010010000000100001000
6;01000001000010000100000010
8;00100001100000000100000100
7;00100001001000001000001000
9;00100001000100000001000100
11;01000010000100000010000100
10;10000010001000001000010000
5;10000100010000100000000010
3;01000100010000000100010000
16;10001000000100010000000100
9;00010100010000001000100000
7;00010001000100010000001000
4;00100010000010000001001000
9;01000100000010000010000100
5;00010010100000000001001000
6;10000100010000000001100000
6;01000100001000000001001000
7;01000001010000010000010000
11;00100100000100000010100000
7;01001000000010000001000100
7;10000010001000000100000100
6;00100100001000000010000001
18;00010100001000001000000010
12;00101000001000001000010000
10;01000010001000000001010000
5;10000100010000000001000100
6;00010100000001100000001000
11;00100010000001010000100000
5;10000001000001000010000001
4;10000100001000000100001000
5;01001000010000000010010000
7;00011000100000000010000001
10;00010100100000010000000001
11;01000010100000100000000001
6;00100010001000000100010000
8;00101000010000010000010000
6;00010100010000100000000001
3;00010010000001000100000010
5;10001000000010100000001000
19;00100001001000001000000001
16;00100010000001100000100000
13;10001000001000000010100000
7;00010100001000000001000001
8;01001000000001001000000100
5;00101000010000000001100000
6;00100100001000000100010000
8;10000010000100010000000010
6;00010001000100000001000001
6;00010001100000000100000010
6;10000010001000100000001000
14;01000001000100100000100000
4;00100001000010000100001000
11;00100001000010010000010000
9;00010010001000100000000001
7;10000010000010000010001000
7;10001000000010001000000001
3;01000100010000000100010000
8;00100100001000000010010000
8;00100010000100010000001000
7;01001000000010000001100000
10;10000100000100001000010000
5;01000100000010000100100000
10;00101000000100001000010000
14;01000010001000100000010000
5;01000100000001100000001000
8;01001000001000010000000010
13;00010001001000001000000001
8;01000100000100000010010000
8;10000010000010100000000100
12;01000001100000001000000001
14;01000001100000001000010000
7;01000001000100000100100000
9;10000100001000010000000010
7;10000010000001000010010000
10;00010010000001010000100000
9;01000100000100010000000010
7;00010100000100000010000001
5;01001000010000000001100000
7;00101000000100001000001000
12;10000001100000010000010000
7;00010100000010000010010000
8;10001000010000001000010000
7;00100001000100000100100000
11;10001000000010000010010000
4;00010001010000010000001000
4;00010100000001000010001000
3;00011000010000100000001000
5;00010010000010000100000100
10;10000001001000100000010000
8;01000010000100000100100000
11;01000100100000000010010000
6;10000001000001010000001000
6;00010010000001000010000001
5;00010100100000000001001000
12;00010001000001100000100000
3;00100100000010000100000010
5;00100001010000000010010000
6;00100010000010100000001000
6;01001000010000010000100000
11;01000100100000000010010000
7;00100100001000000100100000
10;10000100000010001000000100
6;00100100000010000001000100
6;10000010000010000001000001
10;00100100001000010000000100
6;01000100010000100000000001
6;01000001000100010000001000
7;00100010001000001000000010
6;10000001000010010000001000
7;01000001000010010000000010
2;01001000000010000100001000
5;00100010000100000100000001
7;00100100000010000010010000
4;10000001000010000100000001
4;00100010010000100000001000
10;00100010100000001000100000
9;00100100100000000001010000
11;00100001000001001000010000
14;00100100100000001000000010
7;00100100000010010000010000
8;10000010000100000001000001
12;00010001100000010000000001
7;01000001000001000001100000
4;00100100100000000100001000
2;10001000010000000010001000
7;10000010010000010000100000
7;10000001000010010000000001
4;00011000010000000001100000
8;00100100000010100000010000
8;00011000000100100000000001
5;10000100010000000001010000
5;00010010010000000001010000
6;01001000010000001000000001
7;00100100001000000001000010
9;00011000000100000001100000
5;00010001100000000010001000
6;01000001010000100000000010
10;00100010000010010000010000
6;00101000010000001000100000
6;00100001000100000100010000
4;00010010010000000100010000
7;00011000000001001000000010
10;00100001001000010000000001
13;00100010000100001000100000
15;00010010100000100000010000
9;00101000000001010000010000
6;00010010000001000100100000
7;00010010000001100000000010
6;01000010001000000001000010
7;10000001000010010000000001
6;10000010000010000100000100
10;00011000000010001000000100
11;10001000000010001000100000
9;00100001000100000001000100
2;01000001010000000001001000
6;00101000010000000001000100
14;00101000100000001000010000
10;00010010000001100000000001
11;00010010000010010000010000
9;00101000000100000001000001
8;00010100000001001000010000
4;10000001100000000010001000
8;00010100000100000010000100
6;01000100000010010000000010
5;00011000010000001000000001
14;00100010001000010000010000
8;01000100000010001000000010
7;00101000000010000001100000
14;10000100001000001000010000
7;10001000000100100000001000
6;01000100000010000010010000
11;01000010000100001000010000
6;00010001000010000100000010
6;00010001000001000010000100
9;10000100000001000001100000
7;00011000100000100000001000
7;10000100100000000010000010
7;10000010000001000010010000
13;00011000001000001000010000
7;01001000001000100000001000
6;10000010000010000100010000
5;00100001010000100000000001
6;10000100000001100000001000
7;10000001100000000010100000
7;00100100000001001000000001
4;01001000010000000100100000
10;00011000001000010000000010
3;00010010010000000100000010
8;01000010000100100000001000
4;00100010000001000010001000
7;10000010000001001000000001
8;00011000001000000010000001
10;10000100000100000010000100
9;10001000001000000001000100
6;10000010001000100000001000
7;00100001001000000100100000
16;01000100000100100000100000
4;00100010010000001000000010
4;01000001001000000100001000
11;10000100100000001000100000
10;00010001000001010000100000
5;00100010010000100000000010
7;00010100000100000010000010
12;01001000000100000010010000
6;00010010001000000001000001
13;00010100001000001000000001
5;00011000000100000010001000
7;00100001001000000100100000
8;00100001010000010000100000
8;10000010001000001000000001
5;01000010010000100000000010
4;01000010010000010000000010
9;00101000000100001000000010
5;00011000000100000010001000
4;00100010010000001000000010
10;01001000000010001000000100
19;00011000001000010000010000
12;00010001000100010000010000
8;01000001001000000001000001
8;00100010000100100000000001
8;10000010010000010000000100
3;01000001000001000001001000
5;00010010000001001000001000
5;00100001010000000010010000
8;00010100000100010000000001
6;10000100000010000001000100
7;10000010000010000001010000
6;01000010000001001000000001
8;00011000001000000001000100
9;01000100000001001000000100
9;00010001000010001000000010
13;10000100001000100000010000
4;01000001010000000100000001
9;00100010001000000010010000
12;00011000001000001000000001
7;00100010000001100000000001
11;01000100000010010000000100
5;00011000100000000100001000
7;00011000000010000010000100
8;10000001000010100000000001
10;00010010001000001000010000
8;10000001000100010000000001
7;00101000001000000001000001
14;01001000001000010000010000
7;00101000000001000010100000
7;00100010100000000010000010
7;00100010001000001000000010
1;00100100010000000100000001
9;00101000000100010000000001
7;00101000000010000001100000
2;01001000010000000100000010
6;00101000100000000100010000
11;00100100000100000001000100
4;01000010000010000001001000
4;00010010000001000100001000
8;10000010001000001000000001
4;01000100010000000100000100
12;00010001100000010000010000
5;10001000000001010000001000
13;00011000000100010000010000
6;10000001000100000100100000
7;10000100001000100000001000
7;01001000010000010000010000
5;10000001010000001000000001
6;00100010000001010000000010
7;01001000100000000100000100
8;01000100100000000100000100
8;00010001000010010000000100
11;01001000100000100000000010
3;00010001010000000010000001
8;01000100001000000100100000
5;00010001000010000100010000
5;01000010010000001000000001
6;00100010000001100000001000
10;10000001100000000001000001
14;00100100100000010000010000
8;01000100100000000001000010
7;01001000000001100000000100
7;00010010100000000001000001
18;00010100001000001000000010
16;00010001001000010000000100
12;00010010001000010000010000
6;10001000001000000100100000
13;01001000000100010000100000
5;10000100010000100000000010
6;10000100100000010000001000
6;00010010000001000100100000
8;00010001000100000001100000
4;00100100010000001000001000
7;01000010000010000001000100
6;01000010010000000010100000
8;01000010000001001000100000
5;00100001000100000010001000
10;10001000100000100000000100
11;00011000000100001000000100
3;00010001010000000010000001
10;00101000000010010000000100
9;00010100100000001000000010
9;00101000000100010000000001
17;10001000100000001000000100
4;00101000000001000100000010
4;00100100010000000100100000
3;00011000010000100000001000
7;01000010100000001000001000
9;00100010000001000001010000
7;01001000100000000100000100
6;10001000010000100000100000
5;01000100000001000010000001
11;01001000000100000010000100
14;00101000000100001000100000
5;00100010000010000001000010
9;01001000100000000010000100
6;10001000010000100000100000
6;00010100000100000001000010
8;00100010000100010000001000
3;00100100001000000100001000
2;00100001010000000001001000
6;01000100010000100000000010
4;00010010000010000001000010
5;10000010000001000010000010
4;00101000000010000001001000
8;00010100000100000001000100
7;00010001000100010000001000
0;00010010010000000100001000
5;10001000010000000100100000
6;00010100000001000100100000
5;00010100000010000100000010
14;00100100100000001000000010
12;01000010000001100000100000
6;00010010000100000010000010
11;10001000000100000001000001
6;00100010000010000100010000
3;00100100000010000010001000
4;00100100000010000001000001
5;10000100100000000100000010
9;00010100100000001000000010
7;00010010000010100000000010
5;01000010010000001000001000
4;00011000010000010000001000
8;00010010001000001000000001
7;00101000001000000001000010
4;01000100010000000100100000
8;00010001000001001000000010
6;00100100000100000100000010
7;00100010100000000001000001
9;00100010000100100000000010
8;00100100000001010000010000
11;10000001000100100000000100
6;00100001000010010000000001
12;10000010001000000010010000
7;01000010000001010000010000
7;00010100001000000100000100
5;01000100000010000100000100
2;01000010000001000100000010
7;10000001000001001000000010
7;00010100010000010000100000
2;01000010000001000100000010
5;00100100010000000001000001
2;01000001000010000100001000
6;00010010010000100000001000
9;00100010100000010000000001
7;00010001100000000001000010
8;00010010000001000010100000
8;00100001001000000001000100
6;00100010000100001000001000
13;01000001100000100000000100
7;00101000000010001000000010
12;01000001100000001000000001
4;00010100010000000100000010
8;01000100000010001000000010
10;01000100100000001000000010
9;00100100000100000100100000
4;10000010010000000010000010
7;01000001000001100000000010
8;00100001100000100000001000
6;00100001000010000001000010
9;00100100100000000001010000
5;01000001010000010000000010
4;01000100010000000010000001
3;00011000000010000001001000
4;10000010001000000100001000
7;10000100000001010000000010
7;01000010001000000010000001
12;01000001001000100000000100
10;01000010100000100000000010
10;00010001000010100000100000
13;10000001000001010000000100
17;10000001001000010000100000
7;01001000000010100000000001
6;10000010010000001000100000
5;00010100100000000001001000
6;01001000000010000001000010
5;10000100000010000100000100
13;00100001000100010000100000
12;10000100100000000010010000
6;01000010001000000001000010
6;01000100010000000001000100
9;10001000000001010000000010
11;00010100000100100000000100
6;10001000000001000010000001
4;01000100001000000100001000
7;10001000000001100000000001
7;00010010000100100000001000
6;00100010000001001000000001
6;10000100100000000001001000
6;01000100000010000001010000
4;01000001000010000001001000
0;00100100010000000100001000
4;01000100010000000100100000
0;10000010010000000100001000
11;10000100000100010000100000
5;00011000000010000001000010
9;00010100000100010000000100
9;10000100000001100000000100
7;00100001000001010000000010
6;01000001000010100000001000
6;10000001001000000001001000
3;01000010001000000100001000
7;01000010000100001000001000
16;10001000001000000010010000
8;01000001001000000010010000
5;01000100000010000001000001
7;00011000100000000100010000
6;00010001001000000001000001
13;01000100001000001000100000
7;10000001000100000010100000
13;00010010001000001000000100
14;10000001000001100000100000
8;10000001000010001000100000
16;01001000001000100000010000
3;01001000000001000100000010
9;00101000000100000010000100
7;01001000001000000010000001
4;00010010001000000001001000
11;00100010000100100000100000
7;00101000010000010000100000
8;00100100000001000001000100
9;10001000001000010000000010
7;01001000000001000001010000
13;01000100000001100000000100
9;00100100100000000001100000
9;00010001000010100000000010
6;01001000001000000100000010
7;10000001100000000100100000
11;10000100000100000001000001
9;00100001100000010000000001
4;01001000010000001000001000
14;00100010100000100000010000
15;00101000100000010000000100
6;10001000100000010000001000
6;10000001000001000001000001
6;10001000000100000001001000
7;01000100000010001000010000
7;00011000000100000010000010
12;10001000000100100000000100
7;01000010000010001000000001
12;00010100000100100000010000
6;10000100000001000010000001
10;00101000001000000010000100
9;10000100000001001000100000
2;00100001000001000100001000
10;10001000001000100000000100
7;10000010000010000001000100
7;00101000000100100000001000
5;00010001010000000010000010
12;10001000000100001000000100
9;00011000100000100000000010
3;00100010010000000001000010
11;10000100001000000001010000
5;10001000010000000100010000
9;00100001000100000001000100
5;01001000010000100000000001
6;00100010000001001000000010
10;10001000100000010000010000
19;00100001001000001000000001
6;00010100000001000010000010
9;00010100001000000010000010
5;10000100000010000100010000
12;00101000100000100000010000
10;00011000001000010000000001
6;01001000000001000001000100
10;00011000000010001000100000
11;10000010001000100000100000
7;10000100000001000001010000
6;10000010000010001000001000
7;10000100010000100000000100
11;00010001000001100000000100
6;10000010010000001000100000
7;00100001010000001000010000
3;00010100010000000001000010
7;10000100000001000001010000
5;00010010010000000001100000
2;00010100010000000100000001
5;01000100010000000010000100
7;01001000000010000001100000
5;00011000010000001000000001
16;00100100001000001000000010
6;01001000010000010000000001
12;00011000001000001000000001
4;10000010000001000100001000
4;01000100010000000010001000
6;00100001001000000001001000
5;01000010000001010000000010
7;00100010001000001000000010
4;10000001010000001000001000
11;01000010000100000010000100
7;00100001000100001000000001
7;00100001000100001000000001
10;10000001100000010000100000
6;01000100010000001000000010
11;00100010000001001000100000
7;00100100010000001000000100
6;10000001000100100000001000
16;01001000001000100000010000
14;00010001001000001000000100
7;00100010001000100000001000
12;01000010100000010000100000
11;10000001001000010000010000
9;10000001001000100000000001
7;00010100100000000100010000
6;00010001000100000010000001
14;00010100100000010000100000
5;00100100000001000010000001
5;10001000010000000100000100
9;10000010000010010000000100
7;00100010000100100000001000
12;00101000001000100000100000
10;00100100100000100000010000
5;00010100010000000001000001
5;10000001000100000100000001
7;01000010010000100000010000
12;00100010100000000010010000
4;10000010010000000100010000
6;00011000000001000100000100
5;10000010000001001000001000
5;00100010000001000100010000
4;01000010010000000100100000
14;10000010000100010000000100
6;00100001100000000100000010
8;00010001000001100000000001
7;00010100010000100000000100
7;01000100000100000010000001
4;00010100000010000100000100
6;01000010010000000001100000
14;01000001001000001000100000
7;10000100001000000001000010
4;00011000000010000100000001
8;00101000000010100000100000
8;01000001100000000001000001
9;01000001000100010000000100
4;10001000000010000100000001
6;01000010100000000100000001
8;01000100000001010000100000
2;00101000010000000100000010
7;00010010000001000001000100
11;00010010100000100000100000
11;00010001000100010000000100
6;00010100000001000001010000
6;00100100000100000010000001
7;01001000100000000100000100
3;00010010000100000100001000
11;10001000000100000001000001
2;00011000010000000010001000
14;00100001100000100000000010
6;01000100010000001000000001
5;01000001001000000010001000
6;10000010000010000100000100
7;01001000010000010000010000
6;00100010000001100000001000
9;10000010000001001000010000
6;00101000000100000001001000
6;01001000010000000100010000
7;01000100100000010000001000
4;01000100000100000100001000
7;00100100000001000001010000
7;00010100000001000001000100
1;10000001010000000010001000
7;00100001000001010000000001
9;00011000000010100000100000
15;01000010000100000010100000
0;00101000010000000100001000
8;10000100000010010000010000
6;00100100000010001000000010
14;01001000001000001000100000
7;10001000000010000010100000
9;00010100001000010000000001
4;01000100010000000100000100
12;10001000000010010000000100
7;00101000100000100000001000
14;01000100001000100000000010
6;00011000000001000100000100
15;01000010000100100000100000
3;10000001000100000100001000
12;01001000000100010000010000
5;01000001000010010000001000
5;10000010001000000100000001
8;00010001010000100000010000
7;00010010001000000001000100
4;10000001010000000001000001
8;00101000000001100000000010
6;10000010000010000100000010
9;10000001100000000001100000
9;10001000000010010000000010
14;00010001001000001000000100
6;00100010000001010000001000
11;01000100100000000010010000
11;00011000100000000010000100
6;01000001000010100000001000
7;01000100010000100000010000
6;00010010000001001000000010
15;00100001000001100000010000
13;01000001100000010000010000
7;00101000010000001000010000
6;00101000000001000001000010
19;00100100000100100000000100
10;10000100000100010000010000
6;10000010100000000001000010
5;00010001000001000001000010
7;00100001010000010000000100
8;00100010010000100000100000
7;01000100000100000001000010
5;00101000010000000001001000
8;10000001100000010000000010
5;00100001010000100000000001
5;00101000010000000001001000
5;00010100100000000001001000
4;00100010000010000100001000
14;01000001000100001000010000
9;00010001000010001000010000
7;10000001100000000010000100
5;10000001010000001000000001
7;01000010000010000001000100
7;10000010010000010000100000
10;01000010000100001000000001
5;01000001000001000100010000
6;00100100010000000010100000
7;00010010010000001000100000
9;00100100000100000100100000
10;10000001001000100000010000
15;01000001000100010000010000
14;00010010100000010000000100
11;10000010100000010000100000
18;10000010000100001000010000
14;00100001000010001000000100
2;01000010010000000100000001
7;00010100000010000010010000
5;00101000000100000100000001
6;00100010000010000100000100
5;00010100000100000010001000
5;10000100000010000100000100
8;00100010010000010000100000
5;00011000010000001000000001
3;10000010000001000100000010
10;10001000000100000001010000
6;00100100001000000100010000
5;00101000100000000100000010
5;01001000000001000100000100
12;01000010001000001000100000
4;01000100000010010000001000
11;10000001100000001000100000
9;01000001100000010000000001
11;01000001001000001000010000
6;00010100010000010000000100
4;00100001000001000100000010
9;00100001100000000010100000
6;10001000000010000010000001
13;00101000100000100000000010
12;00010001000100010000010000
13;00010100100000000010010000
10;10000100000010010000000100
6;00100100010000001000010000
6;01000010000010100000001000
10;00101000000100100000100000
13;01000100001000000010000100
16;00100100100000010000000100
6;01000001010000000001010000
10;00011000000010000010100000
3;01000010000010000100000010
2;10000100000001000100001000
6;01000001010000010000000001
10;10000001100000010000000001
7;00100100000010010000000010
25;01000100100000001000000100
10;01000001000100001000000010
11;00100100000100001000010000
15;10000100000001001000000100
11;01000010000010000001100000
8;10000001001000000100010000
6;01001000010000100000010000
13;10000010000100000001100000
5;00100100010000001000000010
7;00011000000100000100000100
9;00011000100000000010100000
5;00101000000010000010000001
10;00010001010000100000100000
7;10000001100000000010010000
5;00100100000010000010000010
2;01000001000001000010001000
11;00010001100000010000000100
7;10000100001000000010000001
7;00100100000001000001000001
6;01000001010000001000000010
8;00011000010000001000010000
6;01000001010000100000000001
7;00010100000100000001010000
4;00101000010000000010001000
5;10000010001000000100000010
5;00100010000001001000001000
2;10001000000001000100001000
6;01000010000010000010000010
9;01001000000100000010100000
14;00011000000100010000100000
6;10000010000010001000001000
7;00010010000010010000000001
5;00100010100000000100000010
0;00010001010000000100001000
8;00011000000010100000000100
6;10000001000010000001000001
6;00010001010000001000000001
5;00100100000010010000001000
7;01000010001000100000001000
8;01001000000010000010000010
15;01000001000100010000010000
7;01001000001000000010000001
6;01000010000100000001001000
15;00100100000001100000000100
6;00010010000001000100100000
7;10000010001000000001000001
3;01000100000010000001001000
17;10000001001000010000100000
4;01000001100000000100001000
9;01000001000100000010010000
10;01000100100000000001000100
8;10001000010000010000000100
4;01000001000001000010000010
8;10000001000100010000000001
4;10000100000100000100001000
6;00010010000001010000000010
5;10001000010000000010100000
9;10000010000001001000010000
7;00010010000001001000000001
17;00100001100000010000000010
14;00100001000100000001100000
5;00100100000010000100100000
10;00011000000010001000000100
7;00100100010000010000100000
5;00011000100000000010001000
7;00010001100000000100100000
11;10000010100000010000100000
8;10000001000001000001010000
5;00101000100000000100000010
7;00010100010000001000010000
6;00010100100000000010001000
5;00011000000001000100001000
12;01000001000010100000000001
12;00101000000100000001000100
11;00100001000001001000010000
2;00010100010000000010001000
8;00101000100000000010000010
8;00010010000001001000010000
4;10001000010000000001000010
7;01000100000100000100010000
16;00011000001000100000000100
7;00100100010000010000010000
11;00100100000100000001000100
5;00011000000001000100001000
7;01001000000100000100010000
6;01000001000010000100000100
4;00010100010000100000001000
13;01000100001000000010000100
3;00010010000100000100001000
4;00011000000001000010001000
10;10000010000001010000010000
17;00101000001000010000010000
8;00010100000010010000010000
4;00101000010000000001000010
9;00100001000100010000000010
4;01001000010000000010001000
7;00100001001000100000001000
9;00100010000010100000010000
7;00101000010000001000010000
3;00010100000100000100001000
7;00010100100000000001000010
7;00101000000010000001100000
8;00010001010000010000010000
7;01000010000010001000000001
7;00100100000100001000001000
8;01000010001000100000000010
17;01000010000100100000010000
15;10001000000001001000000100
12;01000100001000100000100000
8;10000100000100000001010000
8;01000100100000000010000001
18;10000001000100001000000100
14;01000100001000100000000010
4;01000100000001000100010000
12;10000100000100000010010000
4;01000010100000000100001000
6;00100001000010000001000010
6;00010010001000000100010000
6;10000001000001000010010000
12;00010010000100000010100000
6;00100010000001010000001000
0;00100100010000000100001000
7;00100100000001001000000001
15;01000010100000000001100000
12;10001000100000010000000010
6;01000100001000000001001000
11;10000100000100000001000001
5;00101000000100000100000001
5;00010010010000000001100000
9;10000100000100000001000010
6;00010010010000000010010000
2;01000001000010000100001000
7;10000001000010000100000010
2;01001000010000000100000010
3;00010100000010000010001000
4;00010001010000000100000010
15;10001000000001001000000100
9;10001000001000100000000001
7;10001000100000000100010000
6;01001000000100000100000010
7;00100001000100000010000010
4;10001000010000000001000010
10;01001000000100000010000010
11;01001000001000000001000100
9;01000100001000010000010000
8;00010001010000001000100000
8;10000001000001000001100000
6;10000100000001000100100000
12;00100001000001001000100000
7;01001000000010010000000001
7;01000001000010000001010000
15;00101000100000100000000100
10;10000100000100000001100000
10;00010010000100000010010000
7;10000100100000000001000001
10;00101000100000000010100000
11;00100001000100000001010000
7;00100010000100000010000010
10;10001000000100010000000010
5;00011000010000000100100000
14;00100100100000001000000100
6;10000010010000000001000001
7;00100010100000000100100000
7;10000010100000000100100000
10;00011000000010001000000001
6;00101000010000000010010000
3;00100100000001000100000001
7;00010010100000000100000100
8;00010100000100000010000100
7;00011000000001000010000100
4;00010010000100000100000010
19;01000001000100000001100000
10;00011000000010001000000001
6;00101000000001000010000010
9;00101000100000010000000010
7;10000010000010100000000001
11;01000010000100100000000100
11;00010001001000001000010000
4;10000010010000000001001000
7;01000010000001100000000001
7;10001000010000100000000100
12;00101000100000100000010000
8;10000100001000001000001000
9;00010010000001001000100000
6;00100010001000000010000001
7;00100001000010100000000001
11;00100010001000010000100000
6;00100010000100000001000010
5;10001000100000000001001000
19;01000001000100001000000100
6;00010001000010000001010000
9;01000100001000010000010000
11;10001000000010001000000010
7;01000100000010100000000010
6;00101000010000000010000100
7;10001000010000100000010000
5;10000001000100000001001000
9;00010100000100010000000100
7;00011000000010100000000001
6;00101000100000010000001000
10;10000100000010001000000100
7;01000001010000010000100000
11;00100010000010010000000100
7;00101000000001000001100000
5;01000100000010000001000001
6;00100100010000000001100000
11;00010100000001001000100000
10;00101000000010010000000100
8;00010010000100100000000010
6;10000010000100000001000010
6;10000001000100010000001000
15;10001000000001001000000100
5;01001000100000000100000001
4;00010100000001000100000010
9;10001000000001100000010000
8;10000001010000010000010000
5;10000001010000000010010000
6;01000010100000000001001000
7;10000100100000000001000010
5;01001000000001000010000010
8;10000010100000001000000001
7;00010010000100010000000010
13;00100010100000000010000100
7;00100001000100000100000100
7;00010010000100010000000010
8;00101000000001100000010000
7;00100001000001010000000001
13;00100100000100000001100000
6;10001000010000000001000100
9;00010001100000000100010000
15;01000010000100001000100000
8;00010001001000000100100000
8;01000001100000000001000010
8;10001000100000010000000001
7;00100010100000000100010000
9;01000100000100010000000001
15;00100100000001100000000100
7;10001000010000100000010000
7;01001000000001100000100000
16;00010001100000100000100000
7;00100100000100001000000001
5;10001000100000000010001000
4;00010001010000000100100000
5;00010100010000000010000100
7;01000001010000100000010000
7;01001000000100010000001000
7;10001000000010010000000001
2;00100100010000000100000010
7;01001000100000000001000001
9;00010010100000001000000001
6;01001000000010000100000010
5;00011000000001000100001000
6;00100010010000010000001000
7;00010100010000010000100000
11;00010001001000100000000100
5;00100001010000001000000001
4;00100100000010000001000001
3;10000100010000010000001000
10;00100100100000000001000100
2;00100010010000000010001000
16;00010100100000001000000100
5;01001000000100000010001000
6;10000010010000000010010000
6;10000010010000000001000001
10;10000100001000100000000001
4;00011000010000000100000010
6;00101000000010000100010000
1;00010001010000000010001000
7;10000010000010000010000100
5;10000001010000100000000010
7;10001000000100000010000001
8;01000001000100010000000010
11;10000010000010010000010000
4;10000010010000100000000010
9;00101000100000000010010000
14;00100001100000100000000010
14;01000001001000100000000001
8;10000001000100000010000100
5;00100001000100000010000001
12;01000100000010100000100000
6;10000100000001000010000010
8;00010001001000000001010000
7;00100010100000010000001000
6;00011000000100000100001000
7;00100010000010100000000001
9;10001000001000000010000100
5;01000010000100000010001000
5;00010100000010000010000001
5;01000100010000010000001000
10;01000010100000100000000010
5;10000001010000100000000010
6;00010001000010001000001000
2;00100001010000000001001000
7;10000001000010010000000010
4;00100010010000000100100000
9;01001000001000100000000010
5;00010100000100000100000010
18;01001000100000010000100000
4;10000001000001000100001000
10;00011000000001010000000001
11;00101000000010100000000100
12;00100100000100010000000100
7;01001000010000100000000100
8;01000010000010001000010000
10;10000100000001100000100000
10;00101000000001010000000100
7;00100001010000001000100000
7;00100010000100100000001000
4;10000010100000000100000010
7;01001000000010000001100000
10;00010010001000001000010000
11;00010100000001001000100000
5;01000001010000010000000010
8;10001000000010100000000100
7;00100100001000000100100000
8;01000100001000010000000010
6;10000100010000000010010000
12;00101000000100000001000100
7;10001000000010100000000001
4;00100010000001000010001000
7;10000001000001001000000010
7;00010100100000000100000100
8;00100100100000000100100000
6;00011000010000000010010000
7;01000001000010000010100000
11;01000100001000000001100000
6;00100010000100000010001000
7;01001000000100000100100000
6;10000010010000000010000100
0;01001000010000000100001000
1;10000100000010000100001000
6;10001000000100000010001000
5;01000010010000010000000001
5;00101000001000000010001000
9;01001000000010010000000100
7;00010010000001000001100000
6;00100001010000010000000010
5;00010001000001000010000001
10;00100100001000010000000100
11;00100001000001010000100000
4;00101000100000000100000001
7;01000100000001000001000100
9;10001000000001100000010000
6;01000100010000001000000010
9;00010010000010100000010000
7;10000100000001000010010000
11;00100001100000001000100000
4;01001000000001000100100000
13;10000100000100100000000010
14;10000001001000000010100000
6;01000010000100000001001000
7;01001000010000001000000100
9;00011000100000010000000001
6;10000010010000100000000001
4;01001000000001000100100000
7;00100010001000001000000010
15;00100001001000010000100000
10;00010010000010010000100000
14;10000100001000001000010000
13;10001000001000000010100000
7;00100100001000000100000100
2;00100001000001000100001000
1;10000001010000000010001000
8;00100001000001001000000100
13;00101000001000010000000010
11;00100001000001010000100000
4;01000001010000000010010000
7;01000100010000100000010000
9;10000100001000000001000100
6;01000100000100000010001000
7;00101000000001000001000100
11;00010100100000001000000001
4;01000010000001000100010000
5;01001000000001001000001000
7;01000001000001100000000010
11;00010100000001001000100000
11;00010001100000010000000100
7;10001000100000000100010000
16;00010001001000010000000100
3;00101000000001000100000001
4;10000001000001000001001000
13;01000001100000100000010000
5;00010010010000000010000100
9;00100001000100010000000010
11;01000100100000100000010000
12;10000001000100010000010000
4;01000010010000000001000001
19;00100100001000001000000001
8;00100001010000010000100000
6;01000010000010000100000100
10;00101000001000000010000100
15;01000100000100100000010000
6;10001000000001000010000001
7;00100001000001010000000010
9;01000100000100010000000001
5;00100010000010000001000001
14;00010010100000010000000100
9;00101000000010000010000100
7;00100100010000010000100000
7;00011000000100001000001000
6;10001000000010000100000100
7;00010001100000000001000001
6;10001000001000000010001000
12;00100010000100001000010000
5;00011000000001000100000001
7;10000100100000000001000001
8;10001000000100001000001000
0;00101000010000000100001000
15;01000010000100000001010000
7;00100001000100000010000010
10;00011000000010010000010000
13;00100100000010010000100000
8;10000010100000001000000001
4;00101000100000000100000001
14;10000010000100010000000100
7;01000010000010001000000010
12;10000001000100010000010000
15;01001000000100010000000100
8;00100010010000100000100000
6;10000001000001000001000010
14;01000001000100001000010000
4;00010100100000000100001000
5;10000001100000000100001000
8;10000001000010100000100000
11;10000100000100000001000001
7;00100100100000000010000001
12;01000010001000001000000100
9;10000001100000001000000001
8;00100001100000000100000100
9;01000100000001100000000001
9;00100100100000000001010000
4;00010010000010000100001000
5;00010001000010000100000100
13;00100100000100000001100000
7;00010100010000001000010000
12;01000100001000000001000100
5;00100100000001000010000001
6;10000100010000000010000100
12;01001000001000100000100000
5;00100100000001000010000001
5;10000100010000000001010000
16;01000001000001100000010000
9;10000100000001000001000001
4;01001000000001010000001000
2;00100001010000000100000010
8;00101000100000000010000010
9;01000100000100000100000100
9;00101000000100000001000001
6;00100100010000010000000010
7;10000001000100000010000010
7;00010100000010010000000100
2;01000010010000000001001000
5;00100100000010010000001000
12;01000001100000010000000010
4;10000010010000000010000010
6;10000100001000000100000001
12;00010010000100000010100000
5;00011000010000000010100000
8;00010100000001001000010000
11;10000010000010100000010000
6;00100010100000000100001000
6;00100010000100000001000010
9;00011000000100100000000010
8;01000010000001001000100000
11;01000001001000001000010000
14;00101000000100010000010000
7;01000010000001001000010000
7;01000100000010000010100000
7;01000001010000010000100000
11;01000001001000100000000010
10;00010100000001001000000001
8;00010100000100010000000001
5;00100100001000000001001000
8;10000100000001010000000100
15;00100001000001000001010000
7;10000010001000000010000001
5;00100001000010001000001000
7;00010010010000100000000100
7;10000001000010010000000010
9;10001000001000010000000010
19;00100001000010010000100000
8;10000010000010100000000100
8;10000100000010010000010000
4;01001000010000000010001000
6;10001000010000000010000100
3;00010100010000000001000010
3;01000100000001000010001000
6;00100001000100001000001000
5;10000010010000000010100000
12;00010100001000100000000001
12;10000001100000100000010000
8;10001000000100100000000010
10;10000001100000010000100000
16;01000010000100010000100000
6;10001000010000000010000010
14;00100001100000100000000010
17;00101000000010010000010000
5;00100001000010000100000100
6;00100010010000000001100000
7;00010100000100000100000100
8;01000100000100001000001000
4;01000001001000000100001000
6;00011000010000000010010000
10;00100010000010010000010000
4;01000100010000000010001000
8;01001000000001010000000100
13;10000010001000000001100000
14;00011000001000001000100000
8;10000001010000010000010000
7;01001000001000000001000010
12;10000001000100100000000001
10;00010010100000001000000010
10;01000001000010010000000100
4;00010010000010000001000010
10;00011000000010001000100000
4;10000010010000000001001000
6;00011000010000100000000010
8;10001000001000010000001000
7;00010100000100000010000001
7;00101000010000001000010000
6;01000001100000000100000001
3;00100010010000000010000001
11;00100010000001001000000100
7;00010100001000010000001000
8;10000001000001001000010000
9;00010010001000100000000001
14;00100010001000001000100000
5;00010010000100000001000010
5;00101000100000000100000010
6;00100001000010100000001000
9;00101000001000000001000100
12;01000010100000010000100000
8;00010010000010010000000010
7;01001000000001001000100000
6;10000010000001000100010000
6;00010100000100000001000010
13;01001000000100100000000100
9;10000100000100001000000010
8;10001000001000000001000001
3;00101000100000000100001000
6;00010001000100000100000100
6;10001000000010000100000100
7;10001000000010100000000010
11;00011000000100001000100000
9;01000010000100000001000001
16;10000100001000010000000100
5;00010001000001000100010000
3;10000001000100000100001000
4;00010010010000000100010000
6;00010010100000000100000001
7;10001000010000010000001000
6;00100001001000000001001000
9;00010010100000000010000100
5;00010100000100000100000010
8;00100100000100001000000010
4;10000010010000000100000100
5;10000100000001010000001000
7;10001000010000100000010000
7;01001000000001001000100000
5;00010001000100000100001000
3;01000100000001000010001000
7;00101000000001000001000001
11;00011000000100001000100000
5;01000100000010000100000100
18;10001000001000010000010000
14;00010010100000010000000100
5;00010001000010000010001000
4;00100001000010000010000001
8;00100100100000010000000001
6;00010010000001000100100000
5;00100010001000000010001000
7;10000001000001100000000001
13;01001000000100010000100000
5;00101000100000000001001000
1;00100100010000000100000001
12;10000010000100010000000001
16;00010001100000001000000100
6;10000100000010000010000010
12;00100001001000001000000100
6;01000100000100000001001000
6;01000100000001010000000010
4;01001000000010000001001000
3;00101000010000000100100000
7;01000001000001000001100000
13;01000100001000100000000001
11;00101000000010100000000100
10;00011000100000000001010000
4;01000010010000000100100000
5;10000010000010000001000010
5;10000100100000000100000001
7;01000010000001000010100000
3;10000001010000000010000001
14;00101000000100010000010000
6;10000001000001000010000100
6;00100100010000000001000100
6;10000100001000000001001000
6;00100001010000010000000010
5;00100010000001001000001000
9;00011000100000100000000010
10;00011000000010001000100000
4;01000100000010000100010000
5;00100001000010001000001000
9;10001000000100000010100000
4;00100100000001000010001000
9;01001000000100001000000001
6;01000010000010100000001000
9;00100010000010100000100000
4;00010100000010000100000100
9;01000100000010000010000100
7;00101000000100100000001000
8;00101000000010010000000010
3;00100001010000000100000100
8;10000010000010000010010000
7;00101000100000100000001000
5;00100001001000000010000001
10;10000001000001001000100000
11;00100010000100100000100000
14;00100100100000010000010000
6;01001000000010000100000100
6;00010001001000000100001000
4;00101000000001000010001000
11;10000010000100010000010000
7;00100001000100100000001000
15;00010010100000100000010000
5;00010100000001000001000010
13;00011000001000100000010000
6;01001000000100000100000001
16;00010001001000010000000100
9;10000001100000100000000010
16;00011000001000100000000100
4;01001000000001100000001000
6;00010010000010010000001000
8;01000010000010100000000001
6;00011000000001000001001000
6;00101000010000000001000001
7;00100100001000000001000001
11;00010100000100100000000100
4;00101000010000000010000010
3;10000010100000000100001000
8;00100100001000100000000001
4;00101000010000000010001000
6;10000010000001001000000010
4;01000010010000000001000001
5;10000001000010000100100000
9;00101000000001010000010000
3;00010100000010000010001000
9;10000100000100001000000010
6;10001000000001000010000010
5;00100001010000010000000001
14;01000010100000100000000100
5;01000100000001000001001000
10;00100001100000000010010000
16;10000100001000010000000100
10;00010100001000000001000100
6;10000100000001000001000010
7;00010100000010010000000100
11;00011000001000001000000010
6;10000100010000000010010000
6;01000010100000000001001000
5;00100100000001000100010000
7;10000010001000000001000001
6;00011000010000010000000001
8;10001000001000000001000001
16;01001000000100100000010000
12;01001000000100010000010000
8;00010010000010010000000100
5;00010010000100000010001000
8;00011000001000000100010000
11;01000100001000010000000100
8;00010001000001100000000001
7;00100010001000001000000001
5;01000001000100000010001000
11;01000100100000000010010000
16;00010001100000001000000100
6;00100010000001000001001000
5;00010001000001000100010000
4;01000010000001000001000010
6;00101000010000001000000100
6;00010001010000100000000001
7;01000010100000001000001000
10;10000100000100001000010000
6;01000100000001000001010000
3;00010001010000000001000001
9;01000100000100001000000001
9;00100010000010000010100000
10;00011000000100010000000001
8;00010100000100000010010000
10;01000001000010010000000100
7;01001000010000010000010000
7;10000001010000010000100000
7;01000010000001000001100000
7;01001000000001100000000100
6;00100010000010001000000010
4;01000010000001000100010000
5;10000010100000000010001000
7;10001000000100000100100000
7;10000010000100001000001000
6;00010100001000000100010000
14;00010010000100100000000001
10;01000100001000001000001000
10;00010100000001001000000001
6;10000100000010000001010000
7;01000001010000100000010000
9;01000010000100000010010000
11;01000100100000100000010000
14;01000100100000100000000001
8;00010010100000000001010000
5;00100100001000000100000001
7;10000010010000001000000100
6;00100010000100000010001000
3;10000100000010000001001000
7;00010100001000000001000001
9;00011000001000100000000010
7;00010100010000010000100000
10;01000001001000000010000100
5;01000010000001010000000010
11;00010010100000010000000001
7;10000100000010010000000010
7;00101000001000000001000010
8;10000100001000100000000010
6;10000100000100000010001000
11;01001000000100000010000100
7;00100100100000000010000001
8;10001000000001100000100000
12;10000010100000001000100000
5;10001000010000100000001000
8;00101000000100000100000100
12;10000001001000001000100000
6;10000010000100000001000010
7;00100100000100010000001000
6;00100010000001001000000001
14;01000100000100001000000100
6;01000100001000000100010000
14;00010010000100100000000001
11;10000100100000000001000100
9;10000001000001000001000100
4;01000010000010000010001000
14;00010001100000001000100000
7;01001000000001001000000001
7;00100001000100000010000010
7;00010001001000000001000100
10;00011000001000010000000010
5;00101000000010000001000001
7;01001000001000000001000010
6;01000001010000100000000001
5;10000010000100000100000010
7;01001000001000000100010000
7;00010010000010100000000010
16;00101000001000100000000010
8;10001000100000000001100000
8;10001000000001100000100000
7;00100010001000100000001000
7;00010100100000000001000010
7;00100010000010000001000100
15;00100010000100010000010000
10;00010010000001010000100000
7;00100010010000010000000100
3;00100001010000001000001000
5;00010001001000000010001000
9;01000001001000100000001000
6;10000001010000000001100000
6;01000001010000000001000001
8;10001000001000010000001000
6;10000010100000100000001000
6;00101000000010000100010000
5;10000001100000000100000010
6;10000001100000000100010000
6;00101000001000100000001000
5;00100001001000000010000001
4;10000001001000000100001000
26;00010010000100010000100000
7;01001000010000001000010000
3;00010100010000000100010000
11;01000010000100001000010000
6;00101000000010001000000001
6;10000010010000100000000001
11;01000100100000010000000001
5;01001000010000000001100000
8;10000100100000001000000010
8;01000010001000010000000001
6;01000010010000100000000001
6;00010001010000100000000010
14;01000100001000001000000010
16;00010001100000100000100000
8;00010001000001001000000010
7;10001000000100100000001000
12;00100100001000001000010000
5;00100010010000010000000001
6;00010010010000000100100000
10;10000010001000100000000001
15;01000001100000100000100000
6;00010100000010000010000100
13;00100100000100010000010000
6;00100100010000100000000010
14;01000010001000100000010000
7;00100100010000100000010000
6;00100001001000000001000001
4;10001000000001000010001000
7;00100010100000000001000001
3;01000010010000000100000010
8;10000010100000000010100000
8;10000100001000100000000010
8;10000010001000000001000100
7;10000100100000000010000001
6;10000001010000000001010000
6;00100010000100000010000001
11;10000010000010001000000100
5;10000100000010000010000001
8;10001000000001100000100000
7;01000010000001001000010000
3;00101000001000000100001000
11;00100010000010010000000100
7;01000001000010010000000010
7;10000001000010001000000001
8;00100100100000000100000100
13;00010010100000100000000100
6;10000010001000000010001000
12;10000001100000100000010000
15;10000100000100100000100000
5;01000100000010000001000010
7;00010010001000000001000100
0;00100001010000000100001000
4;10000001010000000100010000
9;01001000000010001000000010
8;10001000000001001000100000
6;10001000100000010000001000
12;01000100001000000001000100
7;10000001001000100000001000
7;00010010000100010000001000
13;01000100100000010000100000
14;00100001000100000001100000
9;10001000001000100000000001
7;01000001000100100000001000
5;00010001000010000010001000
13;01000001100000100000010000
6;01000010010000000001100000
8;10000100010000010000000100
7;01000010100000000100010000
7;10000001000010000010000100
8;01001000000010000010100000
7;00010001010000100000000100
10;10001000001000100000000100
5;01000010010000010000000001
10;00010001000100100000000100
13;00101000001000100000000100
10;00101000000010001000100000
2;00010010010000000001000010
8;01000001010000100000000100
5;01000001001000000010001000
6;00011000000010000001000100
3;00101000000010000100000001
9;10000100001000000001100000
4;00010010001000000100001000
7;01000001000010000001010000
10;00010001100000000001100000
9;10000010000100000010000100
7;01000100010000100000100000
11;00100010001000010000100000
6;00010010001000000100010000
4;00100010010000001000000001
8;10000001001000001000000001
7;00101000000010000001100000
12;10000010001000000001010000
6;00010010001000010000001000
5;01001000000001000100010000
12;01000001001000100000000100
12;10000001100000010000010000
8;00010001001000000001010000
10;00010010000100001000100000
7;00100100000100001000001000
7;10000010100000000010000001
6;00010001000100000001000010
6;00010001010000001000000001
9;00010100000001100000010000
4;01001000000001000100100000
2;00010100010000000010001000
5;01000100010000010000001000
11;10001000000100000010010000
8;00100100000100000010000010
10;00100010100000001000100000
14;00100010001000001000100000
25;01000100100000001000000100
8;10000010000010000010010000
8;10000001000001100000000100
11;00100100000100000010000100
6;00101000000010010000001000
4;00010010001000000001001000
8;00010100000100001000000010
10;00100100100000010000000010
7;00100100010000001000000100
3;00010100010000000100010000
4;00100100010000000100100000
4;10000001010000000100000001
7;00010010000001000001100000
7;10000100100000000010000010
7;10001000010000001000100000
4;00010001010000000010000100
12;10000100100000000001010000
9;10001000100000001000100000
7;10001000000010100000000010
10;00101000100000000010100000
4;00100100010000000010001000
15;00100100000100010000100000
5;00100100001000000010001000
7;01001000000100010000001000
6;00100100000001010000000001
9;00010010000001100000000100
10;00100100100000100000010000
6;10000010000001010000001000
5;00011000000100000100000010
10;00010001100000100000000001
9;00100001100000000010000100
8;01001000000010100000010000
8;10000010100000000010100000
2;00011000010000000001001000
6;00100010001000010000001000
4;10000001010000001000001000
7;00101000000001000010000100
8;00010001100000000001000100
13;10000010001000100000010000
13;10000100100000100000000010
8;00101000010000010000000100
16;00100100001000100000000100
7;00010100100000000100010000
8;01000001000100010000000010
5;00010010000010000100000100
13;10001000000100001000000001
9;01000001001000100000001000
5;00010100000010000100000010
5;01000100000010000100000100
17;10000001001000010000100000
4;01000100000100000100001000
5;00100100010000000001010000
5;10000001000001000100000100
6;00010010000001100000001000
8;00100010001000000001000100
3;00100100010000000100010000
8;10000010100000000001000001
9;00011000001000100000000010
8;00010001100000000010100000
4;01000010010000000100000100
6;00010001010000100000000010
2;00011000010000000010001000
8;00010100000001010000000100
11;00100010000001001000100000
6;01000100000010000001010000
6;01000010010000000001100000
7;00100010000001100000000001
5;00101000100000000001001000
22;00011000000100100000100000
12;01000100000100010000100000
7;00010100000001000001000100
10;00100010100000000001010000
7;00101000001000010000001000
4;01000010100000000100001000
6;00011000100000000100000100
6;10000001100000000100000001
5;00100100010000001000000001
8;00011000000100010000000010
14;00101000000100010000010000
11;10000001000100100000000100
5;01001000000100000010001000
7;00100010100000000100010000
1;00010001010000000001001000
7;10000010000010000010001000
7;01000100010000100000000100
5;01000010000001000010000001
4;00100001010000100000001000
6;10000001000010000010100000
5;01000001000010000100010000
7;01000010001000000001000001
13;10000100001000100000000100
9;00100010000100010000000010
9;00010010000001010000000100
6;10000100010000100000100000
6;00100001000001000100010000
6;00101000100000000010001000
6;00011000000001000010000010
15;00100001000001000001010000
8;01000100001000010000000010
6;01000001010000001000000001
6;01001000001000000100000010
7;01001000001000100000001000
7;10000010100000000100010000
7;00101000001000001000000001
20;00100100100000010000100000
5;00100001010000001000000001
11;01000010000010001000100000
10;01000100100000000001000100
7;01001000000100100000001000
7;00010010100000000001000001
6;00010001000100000010000001
11;00101000000010100000010000
0;10001000010000000100001000
10;10000010001000001000010000
5;00100001001000000010000001
8;01000010000010001000010000
8;01000100001000000010000010
14;01000100001000001000000010
7;00100001000100000100000100
7;00100001000100000100100000
13;10000001000010001000000010
6;01001000100000000100010000
11;10000010000010001000000100
5;01001000000001001000001000
13;10001000001000000010100000
6;01001000000010000100100000
10;10000100000010010000000100
2;00100010010000000010001000
14;00011000000100010000100000
14;00010010100000010000010000
6;01000100001000000010001000
7;10000010000010000010001000
6;00100001000001000010010000
15;01000100001000001000010000
6;00011000000001000100010000
6;00010010001000000100010000
7;00010001000010000010100000
6;01000001000010000100100000
6;00101000100000000100010000
8;10000001000100001000000001
1;00100100010000000100000001
6;01000100000100000010001000
6;00010001010000100000000001
13;10000001100000100000100000
6;00101000000010000010000010
5;10000100010000000001010000
7;10000001001000000001000010
4;00010001000100000010001000
6;00010010000010010000001000
8;10001000000100001000001000
5;00101000000001000010000001
6;00010100000001000100100000
6;01000001010000100000001000
12;10000001100000010000010000
10;00010001000001010000000001
11;01001000000010100000000010
11;10000100100000001000010000
7;00011000000001000010010000
2;00010010010000000001000010
7;10001000000001000010000100
10;01000010000100000001100000
13;00100001100000010000010000
4;00100001000010000100000010
5;10000100100000000100000010
11;10000001000001100000010000
3;00100001010000000001000001
7;00010010100000000001000001
4;10000001010000000010100000
6;01000010010000010000010000
8;00010100000010001000010000
3;00010100000010000100000001
15;10000010001000010000000100
11;10000010000100001000000001
10;01000100000100000001000001
4;01001000010000000100100000
6;01000010010000100000001000
9;01001000000100000010100000
11;00010010001000100000000010
6;10000001010000000001010000
6;01001000001000000100000010
5;00010100000010000100000010
6;01000100100000000001001000
9;10000100000001001000100000
3;00100010000010000100000001
7;00101000000100010000001000
8;00100001001000001000000010
4;00010001010000100000001000
3;01000100000001000100000001
23;00100010000100010000100000
5;01000010000100000010001000
10;01000100000001001000100000
11;10000001000001100000010000
6;00100001001000000010000010
7;00010010000100000001000100
10;00100100000100000100000100
6;10000010000100000100000001
6;00010100001000000001000010
9;00010100001000000010000001
14;00010001100000001000100000
5;00100010010000100000000010
7;01000100000010000010100000
9;00010001100000000100010000
10;01000010000010000010010000
10;01000010000010100000010000
6;00010010000010100000001000
13;00100001001000001000100000
7;10000100000010100000000100
7;10000001010000100000010000
7;10000100000001001000000010
11;01000010000010001000100000
6;00010100000001000100100000
11;01000001000010001000100000
7;00100010001000100000001000
6;00101000000100000010000001
14;00010001100000001000100000
5;00010010000100000001001000
5;01001000010000100000000001
3;00100100000001000100000001
13;10000001000001001000000100
8;00011000001000000100010000
8;00100001000100100000000001
2;00010001000001000100001000
7;10000001000001001000000010
6;00010010001000000100010000
6;01000010000100000001000010
20;00010010001000000010100000
2;01000100010000000100000010
8;00101000100000000010000010
6;00010010010000000010100000
5;00100001001000000100000001
14;00101000100000001000010000
5;00010100000010100000001000
14;00010010000100100000000001
7;10000001100000000100100000
8;00010100000100010000000010
6;00010001000010000010010000
7;10000001100000100000001000
7;00101000010000010000100000
15;10000010000010010000100000
8;00010100001000000001010000
16;10000001001000001000000010
7;10000010010000100000000100
12;00010001000100010000010000
6;10000001100000000010000001
9;00010001000010001000000010
10;10000001100000000001000100
2;00101000000001000100001000
8;00100010000100010000001000
5;00010001000010000010001000
6;01000001010000000100100000
3;01000010010000000010000010
19;00100001001000001000000001
10;00010001001000100000000001
11;00101000000010001000010000
6;00100001000001000001000010
1;00100001010000000010001000
9;01001000100000000010000100
7;00101000000100000100100000
11;01000010000100100000000100
7;00011000001000000100100000
6;00101000000010001000000001
10;01000010000010100000010000
7;10000100100000000100000100
7;01000100000100000010000001
0;00010001010000000100001000
6;00101000010000000010100000
7;10001000000001000001100000
5;10000010010000000001100000
13;01000010001000010000010000
5;00101000000001100000001000
5;10001000000001010000001000
4;00010100000010000001000001
10;00100001010000010000010000
6;01001000001000000100000001
2;01000010010000000100000001
6;10001000010000000001000100
5;00011000000010000001000010
4;00100001000010000100000010
8;00100001100000000100000100
6;10000010000001000100000100
7;00101000000001001000000001
8;10000010001000001000000010
5;00011000000010000001000001
12;10001000000100100000100000
12;01000010001000001000000100
6;10000010001000000001000010
6;10000010000010001000000010
18;00100100100000100000000100
12;10001000001000001000000010
14;00100010001000001000100000
11;00100010000001001000100000
8;01000100000010100000010000
7;01001000001000000001000010
7;00101000001000000001000001
18;10000010000100001000000100
23;00100010000100010000100000
3;00010010000010000100000010
7;00100001000100001000000001
6;10000100000010000010001000
7;01001000000001100000100000
6;00010010000010000010000001
6;00010010000001010000000010
12;10000001000100010000010000
11;10000100001000010000100000
7;00010001000100001000001000
7;10000100010000001000100000
3;01001000000001000010001000
1;10000001010000000010001000
20;00010100001000010000010000
12;01001000100000010000000100
6;00100001001000000001000001
5;01000001001000000100000001
9;10000100000001001000100000
6;00100001100000000100001000
7;01000010001000010000000010
6;10000001010000000001010000
9;00101000000100000001000001
9;10000010000001100000000001
4;10000001100000000010001000
7;00100010000001000010010000
6;10000100000010010000000001
9;00010100001000000010000100
2;00100100000001000100001000
7;00100100010000010000100000
8;10000100000100001000001000
4;00100010000001000100001000
6;10000010000100000010001000
8;00010100000010010000010000
11;01001000100000100000000010
5;00010010010000000010000100
13;00101000100000001000000100
9;10001000000100000010100000
13;10001000000100001000000001
10;00011000000010010000010000
6;10001000000010000100010000
8;00101000001000000001100000
5;00010001100000000010001000
6;00100100000001100000001000
17;01000010000100100000010000
9;01000100000001100000010000
2;10000100000001000100001000
4;10000001000001000001001000
9;00100100100000000001010000
3;00101000010000001000001000
12;00010001000001100000010000
6;00100100000100000100000010
14;00100100001000100000100000
5;00011000000001000001000010
5;00010010000100000010001000
13;00100001000010100000010000
8;01000010000001100000000100
8;00011000100000000010000010
10;00010001000001010000000001
8;01000001000010001000010000
6;10000100000010100000000010
5;00010010000100000010001000
10;00010001000100010000000001
5;10000001000001000010000010
10;10001000000100000010000100
13;10000010100000000001010000
18;00100010000100100000010000
4;00100001000010000100001000
9;00100100000001010000100000
8;00010100000010010000010000
3;01000001010000010000001000
4;10000001000001000100001000
0;00011000010000000100001000
7;10000010010000010000100000
10;00010001000100010000000001
5;00100010000001000001000001
5;01001000000010010000001000
4;00100001010000000010000100
12;10000001100000010000010000
14;00010001000010100000010000
16;10000010001000001000000100
6;00010001010000001000000001
19;01000001000100000001100000
4;01000001000010000100000001
10;10001000000100000010000100
7;01000010010000001000100000
7;00010010001000000100100000
12;10000100001000001000000001
13;01000100100000001000010000
5;00010100000100000010001000
6;01000100100000000100000010
6;10000100010000001000000001
8;01001000000001001000000100
5;00010100000010000100010000
8;00010010000010010000000100
5;10001000010000000100100000
6;10000010000010010000001000
11;10000010000001100000100000
2;00100001000001000100001000
14;00010100100000100000000010
5;01000010000001000010000001
10;10000010100000010000000001
10;00100001000100100000100000
6;10000001000010000100010000
9;01000100100000000010000100
11;10000001000001010000010000
15;01000100001000001000010000
7;10000010100000010000001000
5;01000001000001001000001000
4;01000001010000000100000001
10;01000010100000100000000010
7;00100001001000000100100000
7;00100100000010010000000010
9;00100010100000000001100000
6;00010100000001001000001000
12;00010100000100001000000100
6;00100010000001010000000010
7;10000100000010100000000100
8;10001000000010000010000010
8;01000001000010000001100000
6;00010100100000000100000010
6;00011000010000010000000001
14;01000010100000001000100000
5;01001000010000000001010000
4;00011000000010000100000001
4;01000001100000000100001000
7;01000010100000000001000010
11;00100010001000010000000100
11;01000010000010001000100000
10;00010100000001001000000001
9;10000010000001010000000001
11;00010001000100010000000100
7;00011000001000000100100000
5;01000100000001000001000010
8;00011000000010001000000010
7;01000001000010000001010000
6;00011000000010000001100000
8;00100010000100010000001000
5;00010001001000000001001000
8;00011000100000000010000010
7;00100010000001000010000100
4;00100100000010000010000001
7;01000010000100000100010000
6;00101000000100000010001000
7;00010100000010000010100000
5;10001000000010100000001000
11;01000010100000100000000001
7;00010010000100001000000010
5;00011000000010010000001000
7;01001000000001100000100000
7;01001000000001010000010000
6;00100010000010010000000001
7;10000010000001001000000001
6;10000010000100000100000001
6;00010001000100000100000100
4;00010010010000000100010000
8;10000001000001000001010000
7;00010010000001000010000100
6;01001000010000010000000001
8;10000001000010000001010000
15;00100010000100010000010000
5;00100001000100000010000001
5;01000100000010000001000010
7;00101000100000000001000010
8;00101000000010010000000010
8;01000100000100000100100000
5;00100001100000000010001000
7;01000001000010000010000100
10;10000001100000001000000010
7;01001000010000100000100000
6;00010010000010000001000100
12;01000001000100100000010000
15;00010100100000000010100000
7;00101000001000001000000001
7;00010100100000000001000010
13;00100010000100001000100000
16;00100100100000010000000100
12;00100010100000000010010000
6;00100100000001000010000010
11;01000010000100000010000100
6;00100100001000000100010000
7;00100001001000000010010000
5;10001000010000100000001000
7;10000100000010100000010000
7;10000001100000100000001000
11;01000010000100001000000100
7;01000010000001001000010000
6;00101000000010000001000010
7;00101000000001000010100000
2;00011000010000000001001000
7;10001000000010010000000001
4;01000001010000001000001000
7;10000001000001100000000010
14;00101000100000001000010000
12;10000010100000001000010000
6;00011000010000001000000010
10;01000010000100001000000001
4;00010001000010000100000001
9;01000100100000000010100000
8;10000001010000001000010000
8;10001000010000001000010000
12;00100001001000001000000100
11;00011000000100100000010000
7;00010100000100100000001000
5;00101000000010000010000001
8;10001000100000000001100000
7;10000010100000000010000001
5;01000100000010100000001000
6;00010001001000000100000100
8;10001000000010010000100000
10;00100001010000010000010000
7;01000100000001000001100000
5;01001000000010010000001000
18;01001000100000010000100000
9;00101000000010010000100000
6;00100100000100000010000001
11;01001000100000001000000100
6;00010001000010000001000100
6;10000100010000001000000001
6;00010001000001000010000100
8;01001000000010100000010000
7;00011000000010000010000100
5;00101000000010000010000001
12;01000100000010100000100000
11;01000001100000010000000100
13;00010100001000001000000001
5;01000010100000000100000010
10;00100100100000000010010000
6;00010100010000100000000010
5;00100001010000001000000010
8;01000100001000010000000001
8;00100100000010010000000100
19;01000001000100000001100000
7;01000100000010100000000010
6;00100100010000100000001000
16;00010100100000100000000100
6;01000001000010000001000010
6;01000010100000000001001000
7;00010010100000001000001000
7;00100001000100000100000100
0;00100001010000000100001000
8;00100100001000100000000001
13;00010100100000100000100000
12;10000010100000010000010000
6;00010001000010000010000100
7;00100010000001010000000001
6;00101000010000010000000010
7;00010010010000001000010000
10;01000010000100000001100000
7;00100100000010010000000010
12;00011000000100001000010000
8;01000010010000100000100000
11;01000010100000001000000001
14;00100001100000100000000010
13;00100001100000100000100000
6;00010100000010000001100000
7;10000100000010100000010000
6;00010100000100000100000001
13;00100001100000100000100000
14;00100001000100001000100000
9;00100100100000000001100000
10;10000001100000001000000010
8;00011000010000001000010000
7;10000001001000000100100000
5;00100010000010000010000010
7;00011000000100000001000001
8;00100100000001010000000010
6;00100010001000001000001000
7;10001000001000000001000010
6;00100010000010010000000001
5;10000010000010000100100000
13;00010100001000100000000100
7;10001000010000001000100000
23;01001000000100001000010000
6;00101000000001000001000010
6;10000010000100000001001000
6;00101000000010000001000010
2;01000010010000000100000001
11;00011000001000001000001000
5;00011000000001000100001000
7;00100001000010000001010000
6;10000010010000010000000001
6;01000100000010000010010000
10;00011000000010100000010000
7;00100100000001001000000001
4;00011000010000000100000100
8;00010100100000000010000001
6;01000001010000000001000001
11;10000001000100100000000100
9;00100100001000000001100000
11;00010010000010100000100000
6;01001000000010000100100000
9;00101000000100100000000010
10;00010001001000100000000001
6;01000010010000001000010000
8;00010001000100010000000010
7;00100100000001001000000010
11;01000010000010001000100000
15;01000001100000000001100000
22;00010001100000010000100000
6;01000100100000000100000010
19;10001000000100100000010000
12;00011000000100001000010000
5;00100100001000000001001000
6;00100100001000000100010000
6;01001000100000100000001000
9;00010010000010100000010000
5;10000001000001000100100000
10;00100010000001000010100000
8;10000100001000100000000010
8;00100010010000100000100000
10;10000001000100000010010000
10;00011000000001010000000001
11;01000100000001100000100000
17;01000010000100100000010000
6;01000100001000000100000001
7;10000100001000000010000010
8;00011000000010001000000010
15;00010001001000010000010000
6;01000010000010000010000010
13;00100100000001001000000100
2;00010100000001000100001000
4;01000001001000000100001000
11;00011000001000010000100000
15;00010100000001100000000100
7;01001000000010010000000010
5;10001000000001010000001000
11;00010010000010001000010000
11;00101000100000000001010000
9;01000010000100000001000001
6;10001000000010000001000010
5;00100001000001000100000100
6;00010001010000100000000010
8;01001000100000010000000010
12;01001000100000010000000100
8;00101000000010100000100000
6;10000100000100000010001000
7;00101000000001000001000100
6;10000001100000000100000100
10;00100010001000100000000010
7;00100100000010100000000010
5;00101000000001010000001000
5;01000001000010000010000001
15;01001000000010100000000100
6;01000100010000001000000001
5;01000001000001000100010000
5;00010001001000000001001000
11;01000100000100010000010000
8;10000001000100001000000001
7;10000010000010000001010000
7;00101000100000000100000100
5;00010010000001000010000010
7;01001000010000001000010000
6;00010010000100001000001000
14;00100001100000100000000010
12;10001000001000001000000010
6;00101000010000010000000010
6;10000010010000000001000100
9;01000100000100001000000001
5;10000001010000000100100000
12;01000100000100000010000100
16;00010100001000100000010000
15;00010001000100001000100000
11;10000100100000010000000001
1;01000010000001000100001000
6;00010001000010000001010000
7;00100100010000100000010000
3;00011000010000000001000010
7;10001000010000001000100000
8;00100001100000000100010000
15;00010001000100001000100000
8;10000100001000000001000001
7;01000010000100010000001000
13;10001000100000010000000100
7;10000001010000010000100000
8;01000100100000000010000010
19;00100010100000100000000100
8;00010100100000000001010000
6;00010001000010000100000010
6;00010100000001000010000010
6;00100010010000000010100000
6;10000100100000000100010000
8;10001000000010100000100000
7;00100010010000001000000100
7;10000010000100000100100000
17;01000010000100100000010000
4;00100100010000000100000100
5;01000010010000100000000010
8;01000001000100010000000001
4;00011000000010000010001000
4;00011000010000000001000100
5;00100100001000000100000001
6;00011000001000000100000001
5;00101000010000001000000010
8;10000001001000010000001000
13;00011000000100010000000100
4;10000010000001000100001000
7;01001000100000000001000010
10;00100001000010100000100000
7;01000100010000100000100000
13;00010010100000000010100000
6;01001000010000000001000100
4;00010001010000001000001000
7;10000001000100000100010000
7;01000001001000000100010000
7;00100010010000001000100000
4;00100001010000000001000010
6;00100100000010001000000010
6;00100100010000000001000100
6;00010100000010000010000100
6;00101000000010000100000010
8;01000010001000100000000010
8;10000100001000100000000010
6;00010100000001000010000001
5;10001000000010100000001000
7;10000100000010001000010000
8;10000010000100000001000001
7;00011000000100001000001000
9;00100001100000010000000001
7;00100010000001000010000100
13;00011000100000001000100000
7;00010100000100000010000001
9;00101000000010010000100000
5;01001000010000000001100000
12;01001000100000100000010000
4;00010100010000000100100000
7;00100010000001000010000100
8;00010100000010010000010000
7;10000001010000001000100000
7;01000001000001001000000001
6;00100010000001001000000001
9;00100100000100100000000001
9;01000001000100100000000010
14;10000001001000100000000100
11;00010010001000010000000001
3;10000100000010000100000001
6;10000010001000000100100000
11;10000001000001010000010000
9;10000100000001000001000001
13;10000100000100010000000100
8;00100100100000100000000001
8;00010001000001001000000001
8;00100001000010001000000010
4;00010100000001000010001000
7;10000010001000000001000001
7;00100001000100000100100000
11;10000010000100001000000001
8;01001000000010100000010000
11;10000100000100010000100000
9;10001000000001010000000010
8;01000010001000100000000010
0;00011000010000000100001000
4;01001000010000000001000010
6;00101000010000000001000001
6;10000010000010000001000001
10;00010010001000001000010000
7;00100010100000000100010000
6;10000100000001000010000010
14;00010010100000000010010000
8;10000100100000010000000010
5;10000001000001000100010000
14;00011000000001001000000100
8;10001000001000000001100000
12;00010100100000010000000010
2;01000001000010000100001000
6;10001000001000000010001000
7;00010001000001000001100000
7;01000010000001100000000001
7;00100100000100010000001000
0;10001000010000000100001000
8;00010001010000010000010000
6;00010010100000000100000001
9;00100001000100010000000010
4;01000010010000010000000010
5;10000001010000001000000001
6;10000010000100000010001000
14;00010010100000000010010000
13;01000010000100000100000100
9;00100100000100100000000001
12;10000001001000001000100000
6;10000100000010000010000010
7;00010001000001000010100000
11;00100010000100000010100000
15;00101000100000010000100000
4;10000100000010100000001000
10;10000100000100100000000001
5;10000100100000000100000001
4;00100010000001000100001000
8;00100001000100000010000100
8;00100100010000100000000100
1;00100001010000000010001000
7;00010100100000000100010000
10;00100010001000100000000010
14;00010010100000010000000100
8;00011000000001100000100000
6;10000001000100100000001000
7;10000001000100000100000100
8;00100100000001000010100000
8;00100001000001001000000100
16;00010100100000100000000100
5;01000100000010000100000010
6;00101000000100000001001000
5;00100100000001000010000001
8;00010010100000000100010000
6;00100001000001100000001000
11;01001000100000100000100000
6;00100001000001000001000010
3;00010001010000000010000001
5;10000001000001100000001000
15;01000001100000100000100000
11;10001000100000100000010000
3;00010010010000000010000010
5;01000100000001000010000001
6;00100001010000010000000010
17;10000100100000010000000100
11;00010001100000010000000100
7;00010100000001000010010000
5;01001000010000100000000001
4;00010100010000000100000010
4;00010001010000000010000100
8;01000100001000000010000010
7;01001000010000100000100000
10;00100001100000000010010000
6;01001000000010000100000010
5;10000100000010000100000100
6;00011000000001000100010000
6;00101000000010100000000001
4;00100001000100000100000001
6;00100100010000000001100000
12;00100001100000001000000100
6;10000010000100000010001000
5;00010100000001000100010000
10;10000100000100000010100000
7;01001000000100100000001000
12;01000001001000100000000100
7;00100100001000000010000010
8;01001000000001001000000100
7;00100001010000100000000100
6;00101000000001001000001000
6;00010010000001010000001000
6;01000001000100000100000100
9;00100010000010100000100000
8;01000010000001100000010000
9;00010001100000000100010000
4;01000001001000000100001000
7;01000010001000100000001000
11;00010100100000001000000001
6;00100010010000000010100000
18;00101000000100010000100000
4;00010001010000000100010000
13;00101000100000010000010000
9;01000010001000001000000001
6;10000010010000000001000100
7;00010001000100000100100000
6;01001000000010000001000001
6;01000100010000000010000010
13;10000001000100010000100000
15;01000100000100100000010000
15;01000001100000000001100000
4;00100100010000000010001000
13;01000001100000100000000100
5;00010100000010000100010000
10;00101000000100001000010000
9;00010001000010010000000010
8;10001000000001100000100000
8;10001000000001001000000001
6;10000010000100000001000010
14;01000001100000010000100000
13;00010001000100100000010000
10;00010001000100010000000001
5;01000010010000001000000001
7;00011000001000000100000100
10;00010100100000010000010000
5;10000100100000000100000001
8;00010001000001100000000001
6;01000001000010000100000100
6;01000001000010000100000100
4;01000010000001001000001000
7;00011000010000010000000100
14;01001000001000010000010000
4;00100010000010000001001000
5;00010001100000000001001000
7;01000010000010000001000100
8;00010001001000100000001000
4;00101000000010000001001000
6;10000010000010000010000001
6;00100010010000010000001000
10;10000010000001010000000100
19;00100010100000100000000100
5;10000100010000000100000010
9;01000100000100010000000001
12;01000010001000001000010000
2;00010100010000000010001000
6;00100010000100000001001000
7;00010010010000001000100000
3;01000010000010000100000010
4;00100100100000000100001000
4;01000010010000000100100000
0;00101000010000000100001000
8;00010010010000100000100000
6;01000001001000000001001000
3;00011000010000100000001000
10;00100010100000100000000001
6;00011000001000000001000010
6;00010001000001000001000100
5;00010001001000000001001000
10;00010010001000001000010000
8;00010100100000100000001000
7;10001000000001000010100000
2;01000001010000000100000010
8;01000010100000000100000100
11;01001000001000000010010000
7;00010010000100100000001000
9;10000001000100000001010000
6;00010100100000000100000010
6;00011000000001010000001000
7;00101000000001000001000001
8;10000100000001001000000001
6;10001000010000010000000010
6;10000100000010000001010000
5;00010010000100000001001000
8;01001000001000000001100000
8;01000001000100000010100000
7;00010001000100000001010000
3;00010100000001000001001000
12;00010001000001100000010000
7;01001000100000000100000100
8;10001000001000000010000001
7;00010100001000000100000100
6;00101000010000000010010000
11;10000010100000010000100000
6;00010001001000000100001000
9;00100001000010000001100000
6;00100010000100000010001000
12;10001000000100010000100000
8;00011000000100000001000100
9;00100001100000010000000001
7;01000100000010100000000010
11;00011000000100001000000100
5;00010100000010000010000010
4;10001000000010000100000001
7;00010001001000000010000010
7;00100001001000000010000100
7;10000001001000000100100000
6;01000100000001010000000001
5;10001000000001000100100000
7;00100001000001000010100000
5;00010001000100000100000001
13;10000001000100010000100000
7;00010100100000000100100000
6;00101000000010000100000010
7;00100100000010000010010000
7;10000010000001000010010000
11;01000010000100000010000100
13;10000010000001100000010000
7;00010001001000000100010000
9;01000100010000001000100000
5;10000010000001001000001000
4;00010100000001000010001000
7;00010010000001000001100000
7;10000100100000100000001000
7;10001000010000100000010000
7;00010001000001010000000010
8;01000010000010001000010000
11;01000100100000010000000001
9;00101000000010010000100000
6;01000010000010000001000001
11;01000010100000000010100000
6;01000010000100000100001000
5;01001000000001000001000010
8;00010001001000001000001000
14;00100100100000001000000100
5;00100010000001000010000001
8;10000001000010000001100000
10;00010001000100001000000100
5;00011000000010000100100000
11;01000001001000010000000001
17;10000010000100000010100000
7;01000001000100100000001000
7;10000001100000000010010000
10;00100001000010001000010000
7;00010010000100000100100000
6;01000010100000000010001000
8;00101000000010000010010000
9;10001000000010000001010000
13;00100001001000001000100000
7;01001000000001100000100000
9;00010001000010001000010000
7;00010010000100001000000010
5;00010001001000000100000001
8;00010001100000001000001000
18;10000010001000001000100000
3;00100001010000000001000001
14;10000001001000010000000001
12;01000001000010100000000001
5;01000001000001000010000100
6;10001000010000000010000010
4;10000010000001000010001000
4;00100010010000100000001000
6;10000010010000010000000001
7;00100010001000010000000001
8;00010001001000100000001000
13;01001000000100100000100000
12;10000010000100010000000001
8;00010100000100000010000100
12;01000001100000000001010000
5;01000001000100000010001000
13;01001000100000001000010000
6;01000100010000000010100000
6;01001000010000000100010000
16;00100100001000010000100000
7;00100001000100100000001000
7;00010001000100100000001000
7;00100100000010000001100000
6;00101000000010001000000001
8;00100001001000000001000100
13;01000100100000010000100000
8;10001000001000000001100000
6;10001000000001000100010000
7;01000010001000000010000001
9;10001000000010001000000100
5;00101000001000000100000001
6;00010001000001000010010000
5;00100010010000010000000001
6;01000001000010000100000010
14;00011000000001001000000100
3;01000010010000000001000010
6;10001000000001000100000001
5;00010010010000000010000100
9;01000010001000001000000001
14;10000001100000001000000100
6;00010001000001000001000001
13;00011000001000001000000100
5;00011000000001000001000010
8;01001000000001010000000100
11;00011000100000100000000001
7;00010001001000000010000100
12;01001000001000010000000100
4;01000010000010000010001000
9;00101000000100000001000001
7;10000010000010010000000001
8;01000100100000000010000001
6;01000100010000000001100000
7;00101000010000100000100000
6;00100100010000000010000100
6;00100001001000000001000001
14;00101000000100010000010000
6;01000100010000000001100000
7;01000001000001001000000001
7;00011000001000000010000010
2;00010100000010000001001000
3;01000100000001000100000001
7;00100010000100100000001000
10;00100010000010010000010000
7;01000001000100000010000100
9;10001000001000100000000001
8;01000100100000000001000001
8;00010010001000001000000001
6;01001000000100000100000001
15;01000010100000000001100000
7;01000010000001000001000100
9;00010100000001100000010000
4;01000010000010000100000001
6;10000010100000000001000010
9;10000100000001001000010000
12;10001000100000010000000010
7;00100100000010010000000010
7;00010010000100100000001000
15;10000010001000010000000100
6;01001000001000000100000010
8;10001000100000001000000010
8;10001000000001100000100000
6;01001000000010000010001000
4;01000100001000000100001000
8;10001000010000001000010000
7;01000010001000010000000010
12;00100100001000000010000100
8;00010100000100010000000001
7;00101000100000001000000001
6;01000010010000000010100000
6;00100010000100000001000010
13;10000001000010001000000010
13;10000100000100001000100000
8;00010100000001000001000001
8;10000010000010000001100000
13;00010001000100100000010000
8;00010010100000010000000010
5;00101000001000000100000010
6;00010001001000000100000100
7;00010001100000100000001000
7;00010100000001010000000010
6;00100100010000000001100000
10;10000100000001100000000001
7;00010010000001000010010000
6;00011000001000000010001000
6;01000100100000000010001000
13;00100100000001001000000100
6;01000010000010000010000010
16;00010001100000100000000100
3;01000001010000000010000001
6;10000100000010000010001000
9;00010001000100001000000010
7;00011000000001100000000010
14;01001000001000010000010000
7;01000001000010000010100000
8;00100001010000100000100000
11;10000100100000100000000100
6;01000010010000010000000100
7;00010100000010010000000010
8;00010010100000000001100000
13;10001000000100001000000001
9;00101000000100000010000100
7;00100100000010001000000100
6;00100001000010000001000010
7;10001000010000001000100000
13;10000010000001100000010000
11;01000100000100000001100000
12;01000001000100100000010000
6;00010001010000001000000001
7;10001000100000001000001000
6;10000100000010100000000001
5;10001000010000000100100000
5;01000010010000001000001000
8;10001000000001001000000001
8;00101000010000010000010000
6;00010100000001000010000010
7;10000100001000010000001000
11;10000001000010100000010000
10;00100010000010010000100000
6;00011000000100000100001000
7;10000100000100010000001000
6;00100100010000000010000100
14;01000001100000010000100000
8;00010100000010010000010000
9;01000001001000000001000100
9;10000010001000010000100000
13;01000010100000010000000100
6;00011000000001000001000100
11;00100001000100001000010000
3;01000001000001000100000010
13;00010001001000100000010000
14;00100001000100001000100000
6;10000100001000000100000001
9;00010010000001001000100000
4;00100010010000000100010000
9;10000010000100000100000100
5;10001000010000000100000100
6;10000010000001000010000001
11;00011000100000000010000100
15;10001000000001001000000100
3;00011000010000100000001000
8;01000010000001001000100000
6;01000010100000000100000001
7;10000001000100000010000010
5;00100010100000000100000010
8;10000010000100000100010000
7;00010100000100000010000010
8;01000001100000000100000100
8;10000010100000000010000100
7;01000001010000100000010000
9;00010100010000001000100000
9;01000100001000010000010000
17;01001000001000000010100000
0;01000010010000000100001000
6;00100100000001010000000001
14;00100100100000001000000010
7;10000010100000000100000100
6;00101000000001000100010000
10;01000001000100000001000100
9;00100010100000010000000001
6;01001000000010000010000001
5;00100001000001000010000010
4;10000001010000000010000010
5;00101000000001100000001000
8;01000010100000010000000010
13;01000001000010100000000100
6;01000010000010000100100000
6;00010001010000010000000010
15;00100001000100100000000100
7;00011000000100000010000010
8;10000001001000000100010000
10;01000001001000000010000100
6;00010100001000000010001000
4;00100010010000000100010000
7;01001000000100000100010000
4;10000001010000010000001000
7;10000100000001000010010000
8;00100010000010001000000100
15;01000010001000000001100000
7;00010001000100010000001000
6;00010001100000000100000010
9;00100100000001010000000100
4;10000010001000000100001000
7;01001000000010000001010000
6;00010001000010010000001000
7;00010001010000010000000100
4;00010001000001000100000001
8;00010001000001001000000001
5;00100010000010000001000001
6;10000010000001000001001000
7;01000001100000000010000001
13;00010010100000100000000100
6;00100001100000000001001000
18;00100010000100100000010000
4;00100001000010000100000010
10;00011000001000000010000100
4;00010001000100000001001000
6;10000010100000000001000010
6;00100010100000000010001000
5;01000100000001000010000001
6;01000100000010010000000010
5;10001000100000000100000001
6;10000100000010000001000100
7;10000001000100000010000010
4;10000010010000000100010000
7;00011000000001010000000010
6;01000100000100000100000010
5;10000100000010001000001000
8;00100100000010010000000100
6;01001000001000000100000010
11;00010001000100010000000100
10;00010001000100001000010000
7;01000010000001001000000100
7;01001000000001000001010000
12;00010010000100010000000001
4;10001000010000000100000001
9;10001000001000000001000100
11;10001000000010010000010000
10;00011000000100010000000001
7;00010100000001000010000100
6;00100100000001010000000001
13;10000001000001001000000100
11;00100010000001010000100000
6;10000100010000000100010000
8;00011000001000000010000001
8;01000100000100001000001000
15;01001000000010100000000100
5;01000100000010000100000100
5;00010001000010000001000010
9;01000100001000010000010000
6;00010001000010000010000100
6;00011000000100000100001000
11;01000001001000010000000001
6;00101000000001000100010000
8;00100001000001001000000100
8;00010100000100000001100000
8;00100010000001001000010000
17;10000010000100100000100000
7;01000010000001010000000001
6;10000010000001000100000100
6;00010001100000000100000010
13;10000001100000100000100000
5;10000001100000000100001000
4;00010001010000000100010000
6;01001000000010000010000001
7;10001000000010010000000001
7;10000001001000000100000100
8;00010100000001010000010000
6;01001000000001000010010000
10;10000100000100000010000100
10;00101000000010010000000100
7;00010010100000001000001000
8;00010100000100000001000100
12;10001000000100000001100000
13;00100010000100001000100000
12;00100100001000100000010000
7;01001000000100100000001000
7;01001000000001010000100000
10;10000001100000001000000010
6;00100001001000000010000010
3;00100001000001000100000001
8;00010001000100010000000010
9;00100010010000010000010000
8;10000100000100000010000001
16;00011000100000010000100000
9;01000100000100000100000100
13;01000001100000100000000001
2;01001000010000000100000001
5;00101000010000000001001000
12;10000010100000100000010000
13;00011000001000100000100000
6;00010100000001000100100000
12;10000010000001001000000100
9;00010001001000000001100000
5;00100100010000010000001000
8;00010001000001100000000001
7;01000010010000010000100000
11;10000010000010010000010000
15;01000100100000000001100000
5;00010001010000000010100000
5;00010100010000000001000001
5;01000010000010000100010000
5;01001000000010000100010000
6;01000010000001001000000001
7;00010010000001000001100000
7;00011000000100000001000001
7;01001000100000000100100000
5;00101000000100000100000001
6;00101000000010010000000001
6;10001000100000010000001000
6;01000010000010000010000010
7;00010100000100000010000001
18;00100001100000010000000100
5;10000001100000000100000010
6;00101000001000000001001000
10;00100001010000010000010000
6;10000100001000000100000010
12;10000001000100100000000001
7;01000100000010100000000010
13;01000100100000001000010000
16;01000100001000100000010000
5;00100010000001000100010000
10;00010001100000000001100000
7;10000001010000001000000100
4;00010010000010000010001000
14;00010100100000010000100000
8;00010100100000000010000001
7;01001000001000000001000001
5;01000001000001100000001000
12;00010100000100100000000001
8;00100010000100001000000001
7;00010010100000000010000010
13;00100001001000001000100000
6;00101000100000000010000001
5;00010010000010000100000100
10;01000010000100010000000100
6;00100010000001000100000100
9;01000100100000001000001000
9;01001000100000000010000100
1;00100010010000000100000010
13;10000100001000001000100000
4;00010100001000000100001000
2;00010100010000000010001000
6;00100001100000000100000010
6;10001000000010010000001000
6;00011000001000000010001000
9;01000100000001001000000100
7;01001000100000001000001000
6;00100010100000000100001000
12;01001000100000010000000001
15;00101000001000001000100000
11;00010100000100100000000100
10;00100010001000100000000010
6;01000100010000000001000001
6;10000010000010100000000010
7;00010100000001000001100000
2;00100100010000000100000010
9;01000001001000001000000010
5;00010100000001010000001000
11;00011000000100100000010000
7;00100010100000001000001000
7;00010010010000010000000100
7;00010001001000000010000010
16;00010001100000001000000100
7;01001000000001010000100000
8;00010010010000100000100000
15;00100010100000010000000100
8;01000100001000000010000001
7;01001000000001001000100000
6;10001000001000000100000001
7;01000100000100100000001000
4;00011000100000000001001000
6;00011000100000000100000100
7;00011000100000000001100000
6;00010010000001001000000010
7;00100010001000000100100000
6;00011000010000100000000010
6;00010010010000001000000100
9;00010010000010100000010000
5;01000001010000000010000010
12;01001000001000010000000100
7;00100100000001001000000001
9;01000001100000000010100000
6;00100001000001000010010000
11;10001000000010000010010000
8;00010100100000000010000001
4;01000001001000000100001000
6;10000001010000010000000010
8;01000100000100000001000100
6;00010001001000000100001000
2;10001000010000000001001000
6;01001000000100000100000010
6;00010001000010010000001000
5;01001000010000000001001000
7;00010010010000010000000100
6;00010001000100000010000010
4;10000010010000000010000010
6;01001000000100000100000001
12;01000010000001100000100000
8;01000100000100000100100000
11;10001000000100001000010000
12;10000100100000100000000001
11;00010001000001100000000010
3;01001000010000010000001000
10;00010010000010010000100000
7;10000010100000010000001000
2;00100001010000000010000001
6;01000100010000100000001000
7;00100100010000010000100000
16;10000010000100100000000001
9;00100010000001000001000100
9;00101000000100000010000100
11;01000001001000001000010000
7;10000001000100000010000010
14;00100100001000100000100000
5;10000010000010000100100000
6;10000010000001100000000010
10;01000010000100000001000100
6;10001000000001000100000100
7;01000001000010000010100000
7;00010001100000000001000001
6;10000001000010000100010000
5;10000010010000001000000001
8;00101000000010100000000010
9;01000001000100010000000100
13;10001000100000010000000100
10;01000100100000010000010000
11;00100010000010010000000100
7;00011000010000010000000100
6;00010010000001000100100000
5;10000100010000100000000010
6;00100100010000100000001000
11;00011000001000001000001000
6;10000010010000001000100000
6;00010010010000100000000001
9;00100100000100000100100000
5;00100100000010000001000010
10;10000010000001010000100000
11;01000100000010001000100000
4;00100100010000000010001000
10;00100100000100000100000100
4;01000010010000000100100000
5;00010001000001000010000010
23;10000001000100100000010000
16;01001000000100001000000100
7;00010100000010100000000001
7;01000001010000001000010000
7;10000001000001001000000001
10;10000010100000010000000100
14;01000001000100010000100000
6;00010100010000000010100000
7;00101000000001000010000100
5;00100001000100000010001000
17;01000001000010010000100000
7;10000100000001000010000100
7;00100100000100010000001000
11;00010001000001100000000010
7;01000100010000001000000100
6;00010001001000000001000001
8;10000010000010000010010000
6;00010010000100001000001000
11;00010001001000001000010000
8;00100010000010001000010000
9;01000001000001010000100000
7;00010100010000010000100000
7;10000001000001001000000010
10;10000100100000000010000100
8;00010001000100001000000001
14;00100010000100001000000100
11;01000001001000000001000010
10;00010100001000010000000010
8;10000001000001000001010000
9;01000100001000010000010000
6;00100010001000000001000001
6;10001000001000000100000001
7;00010100010000010000100000
7;10000100001000010000001000
9;00011000000100000001100000
7;10000001001000100000001000
7;00010010100000000001000001
2;00010010010000000100000001
9;10001000000100000010100000
13;01000001100000100000010000
14;00101000100000001000010000
5;00100010000010000001000010
10;01000010000100001000000001
5;10000001010000100000000010
12;01001000000100010000000010
8;10000001000100000001000100
6;10000100000001000100100000
9;00100010000010100000010000
8;10000100000010001000100000
9;01000100001000010000010000
17;01001000001000000010100000
2;10000100000001000100001000
7;01000001010000010000100000
7;01001000010000100000100000
6;01000001000010000001000001
10;10000100000100010000010000
5;01000001000100000001001000
8;00100100100000100000000001
4;00010010000001000100001000
6;01000001010000010000000001
3;00010010010000000100000010
9;00011000000010100000100000
10;10001000001000100000100000
7;00010001100000000001000010
8;01000010100000000100000100
5;10001000100000000001001000
13;00100100000001001000000100
8;00010100000100000010010000
4;10000010000010000100000001
9;00010100001000000010000001
14;01001000001000001000100000
6;01000100010000000010000010
7;00100010100000000100100000
8;00011000000100001000000010
6;00010100100000000100000010
7;01000100100000010000001000
9;01000100000100100000000001
7;00011000100000000001100000
3;00010010010000001000001000
8;01000100100000000010000010
15;00101000100000010000100000
7;00011000100000001000001000
8;01000100000100001000000010
5;10000100010000100000000010
10;01000100100000010000010000
4;00010100010000100000001000
3;00101000000010000100000001
5;00100001000001000010000010
9;10000010000100000001000100
8;10000100100000001000000010
4;00100010010000000100010000
2;00010100010000000010001000
15;00100100000100010000100000
3;00100001000010000100000001
8;00010100001000000001010000
7;00100010000100000001000001
7;01000100000100100000001000
7;00100100010000010000010000
5;10000010000001001000001000
6;00010001100000000100000001
3;01000001000001000100000001
4;10001000010000000010000001
11;01001000000010100000000010
15;00100010000100010000010000
9;00010010000001010000010000
7;00011000000100000010000001
10;01000100001000001000001000
5;00010001000001000010000010
10;01001000000010100000100000
6;00010001010000010000000010
3;01000001000001000100000010
11;00011000001000010000000100
11;00010010001000010000100000
6;00010100001000000100000001
10;00100010000001000010100000
8;00010100000001010000010000
3;00100001010000000001000001
8;00101000000100000010000010
12;00010001000100010000010000
6;10000001100000000010000001
6;00010010000010000100010000
10;01000001000100001000000010
4;10001000000001000100000010
8;00010001001000000001010000
8;10000001000010100000000001
5;00010010010000000001100000
15;01000010100000000001100000
5;00010100000100000100000010
8;00101000001000000010010000
6;10000001000001001000001000
6;00100100001000010000001000
6;00011000001000000010001000
5;10000010100000000010001000
8;01000001000100010000000010
10;00100010000001000010100000
8;00100100100000010000000001
6;10000100000010001000000001
9;00101000000001010000010000
8;00100010000010001000000100
4;01000010000010000010001000
5;00010010010000000001100000
6;00011000000001000001100000
5;01000010000100000100000010
6;00100001000100000001000001
10;01001000000010100000100000
4;01000010010000000010000001
5;00100100001000000100000001
6;10001000000001000010000001
11;00010100000001100000000001
12;01001000000100010000010000
9;01001000000100000001010000
14;00100001000100010000000001
1;00100100010000000100000001
4;00011000000001000100000010
9;10001000001000010000000001
10;00100100100000001000100000
15;01000010000100100000100000
6;00010010000010000010000001
4;00010010000010000001000010
9;00100001000100000010100000
5;00010010001000000001000010
3;10000100010000010000001000
7;10000010000100100000001000
10;01000100000001001000100000
7;00010001000001000001100000
6;10000010000001000100000100
5;00100010000001000001000001
9;10000010000001100000000001
11;01000001001000010000000001
12;10001000000100100000100000
4;00010010000001000100000001
10;00010100100000010000010000
13;01000001001000010000000010
5;00010001000001000010000001
7;00100100100000010000001000
13;00100001100000010000010000
6;00101000000010000100100000
7;01000010000001000001010000
5;01000100000010001000001000
4;00010001000100000010001000
2;00010100010000000010001000
5;00100010000010000010000001
3;00010001010000000100000100
15;00100100001000100000000010
7;10000100100000001000001000
9;10000001001000000001010000
7;00010010000100001000000010
5;00100001000001000001000001
4;01000010010000000010000001
6;00010001001000000100000010
6;01001000000100000100000010
6;10001000001000000010001000
8;00010100000010010000010000
7;00010001100000000010000001
7;00100010100000010000001000
8;00100010000100001000000001
6;10001000000001000100000001
8;00010010000010010000000010
6;01001000010000000001000100
11;00010001000100100000000001
10;01000100000100100000000010
8;01001000001000001000001000
15;00010010100000001000010000
6;01001000000001000010000100
5;10000001000100000100000001
5;00010001000010000001000010
6;10001000000010001000001000
7;01000100010000010000100000
7;10000010010000100000010000
7;01000001010000001000000100
3;01001000100000000100001000
14;01001000001000001000010000
6;10000001000100000010000001
4;00100100000010000001000001
4;00010010001000000100001000
5;10001000010000000010100000
23;00100010100000010000100000
7;01001000010000001000010000
7;00010001000010000010100000
4;00100100010000000010000010
8;00100010000010001000010000
5;00010001000001000010000001
11;01000010000010001000100000
6;10000010010000000010000100
0;10000100010000000100001000
4;00010001010000000100010000
8;10000100000001100000010000
3;10000100010000010000001000
5;00010100010000010000000001
5;10000100100000000010001000
15;01000010000100001000100000
5;01000001000010000010000010
6;00100001010000001000000100
16;10000100001000010000000100
4;10000010000010000100000001
5;00100100000010000001000010
5;01000100000001100000001000
5;00100010010000001000001000
6;00100001100000000001001000
9;01001000100000000010000010
12;10000010000001001000000100
9;10000010000001010000000001
5;00100010000010000100000010
7;10000001000001100000000001
12;00101000001000010000000100
9;10001000000100000010100000
15;00100010001000100000100000
9;00011000000001001000010000
7;10000001010000100000010000
5;00011000100000000010001000
2;00100001000001000100001000
5;01000001000010000010000010
5;10000001000001000100010000
4;10000001010000001000001000
2;00010010010000000001000010
6;00100100010000100000001000
11;10000010000100001000000001
7;10000010010000001000000100
9;00100010010000010000010000
11;00100010000010010000000100
5;01000010001000000100000010
11;00100001001000100000000010
6;01000001001000000100000010
14;00010010100000010000100000
6;10001000000001000100010000
10;00010010000100010000000100
16;00100100001000001000000010
8;00101000001000000001100000
5;00101000000001000100100000
5;00100100000010001000000001
12;00010100000100001000010000
7;10001000010000001000100000
11;00010100000001001000100000
12;00100100000100010000000100
2;00100100010000000100000010
14;00101000100000100000100000
1;01000001000001000100001000
8;00100010000100001000000001
8;00100100000010100000010000
6;00100001000001000100100000
11;01001000000010100000000010
14;01000001100000001000010000
7;00101000010000100000010000
3;00010100000010000010001000
5;00010100010000001000000010
9;10000001100000001000000001
8;10000010100000000001000001
5;01000100000001001000001000
15;10001000000001001000000100
8;00100001001000001000000010
12;00010001000100010000010000
9;00100001100000000001000001
9;01001000100000000001100000
7;00101000001000001000001000
12;10000001001000001000100000
3;01000001000010000010001000
9;01000001001000100000001000
7;00100100010000010000010000
7;01001000000010010000000001
6;10000010010000001000100000
8;00101000000100000100010000
7;01000010000010010000000001
14;00101000000100001000100000
6;00011000000001000001000001
17;10000010000100100000100000
4;10000010000001000100000001
3;00010100000100000100001000
7;10000001100000010000001000
10;00010100000001001000000001
5;00011000000010000001000001
8;01000001100000000100100000
7;00100001000001001000000001
6;00011000100000000001000001
6;10000001000010000010100000
9;01000100100000000010000100
5;01000010000001000001001000
4;00100100000010000100010000
6;10000001100000000010000001
9;00010100000100001000000001
15;10000001000100001000010000
9;00010010000001001000100000
4;00011000010000010000001000
4;10001000000010000100001000
7;00100001000001100000000001
7;10000010000001000010010000
4;00101000000001000100000010
15;00010010001000001000100000
8;01000010000010010000000100
5;01000100000010100000001000
5;01000010000001010000001000
8;10000001000100000010000100
7;01000010100000000010000010
14;00101000001000010000100000
11;00011000001000001000001000
15;01000010000100100000100000
4;01000010010000000010001000
4;00011000010000000001100000
6;00010001010000010000000010
4;10000010010000000001001000
8;00010001100000000001000100
4;10000001010000000001000001
15;01001000000010100000000100
6;10000100000001000010000001
5;00011000010000100000000001
8;00101000000001100000000010
5;00100100000010001000000001
7;00011000000100000100000100
7;00100100000010000010100000
8;01000010000010010000000100
6;10000010010000001000100000
6;00100001000100000100010000
6;00010010100000000100000001
7;10000001000001001000000010
11;10000100100000100000100000
7;00100010010000001000000100
7;01001000000010000010000100
7;00100001000001000010100000
5;01000001010000000001000100
10;00010001010000100000100000
7;10000001100000000010100000
14;00100100100000001000010000
6;01000001000010000100100000
6;00010001001000000010000001
20;10000010000100100000010000
4;10000010100000000100000010
9;10001000000001010000000100
10;10000100001000010000010000
10;10000001100000000001000100
7;00011000001000000010000010
7;10000100000001000010100000
13;10000001000010010000010000
8;00100010000001001000010000
14;01000001000100010000100000
6;01000100000010001000000001
7;01001000010000010000010000
5;01000010001000000010001000
3;00100100010000000100010000
5;01001000000001000001000010
3;01000010010000000100010000
7;01001000001000000001000010
17;10001000001000100000010000
7;00100100010000010000000100
8;00100001000100100000000001
7;00100100010000001000000100
9;10001000001000100000000001
7;10001000000001100000000010
11;01000010001000010000000100
9;00100001001000000001100000
14;01001000001000001000010000
5;00100010010000001000001000
7;00010001001000000001000100
13;01000001100000010000010000
7;00010001001000000001000100
4;00010001000010000100000001
4;00010010000100000100000010
6;10000001000001000010100000
6;00010100010000001000000001
13;00101000001000010000000010
12;01000100000100100000000100
10;00100010001000100000000010
6;10000100001000000100100000
6;01000010000001000010010000
5;01000001000100000100000001
15;01000100000100100000010000
14;00100010001000010000010000
6;10001000010000010000000010
5;01001000010000000001001000
6;00011000000001010000001000
10;00011000000100100000000100
5;01000010100000000100000010
0;00011000010000000100001000
15;00100010001000100000100000
7;00101000000100100000001000
8;01001000100000010000000010
6;10000001000010000100010000
6;10000100000010100000000001
5;10000001010000000010000100
11;00010010100000010000000001
11;01000001001000010000000001
6;01000010000010000100000100
5;01001000010000000001001000
7;00010001000100000100100000
12;00010001000001100000100000
2;10000100000001000100001000
7;00011000000001000010010000
6;01000100010000001000000010
7;00010001000010000001100000
8;01000010001000000010000100
4;10000010000001000100001000
6;00010010000100000100000100
5;00100010000010000100000010
6;10000001000001001000001000
8;00010010100000100000000010
9;00100010000001000001100000
7;00101000010000100000100000
7;01001000000010000001100000
5;01000001000010000010000001
12;01000001000100001000100000
4;00010010010000010000001000
5;00100001010000001000000010
14;00100010100000100000010000
4;00010100010000000100100000
5;01000010000100000010001000
9;00100010100000000001100000
9;00010001000001001000010000
7;10000010010000100000010000
6;10001000010000000001010000
25;01000100100000001000000100
12;00010001001000010000100000
6;10000100010000100000100000
6;00100100000001010000000001
4;00101000000010000001001000
11;01001000001000000001000100
6;00010100001000000100000001
11;00010010000010001000010000
7;00100100100000000100010000
5;00101000010000001000000010
10;00010001000100001000010000
10;00010010000010001000100000
4;10000100010000000001001000
16;10001000100000010000100000
6;01000100000001000001010000
6;10000001100000000010000001
6;10001000000001000100000001
16;01000001000001100000010000
8;00100100000100001000000010
6;10000100100000010000001000
7;10000100001000000100010000
7;00010010001000000001010000
10;00100010000100000010010000
4;10000001000001000100000010
4;00100100010000000001000010
0;00011000010000000100001000
6;00010010100000000010001000
14;00100010001000001000100000
8;00100010100000000100000100
13;01000010000100000100000100
18;00100001100000010000000100
6;10000010000001000100010000
7;10000001000010001000000001
6;10000010000001100000001000
7;10001000000100000100010000
10;00101000000010001000100000
9;01000100100000010000000010
9;10001000000100000010100000
6;00010100001000000001000010
13;01000001001000010000000010
9;01000001000100000010010000
6;00010010000001010000000010
10;01000010000010000010010000
8;01001000000001001000000100
10;00011000000010010000010000
10;01000010001000100000000001
5;01000001000001000001000010
6;00100100000001000100000100
3;10000100010000000100100000
7;00011000100000000010000001
4;00011000000001000100000010
7;01000010000010001000000001
8;00010010100000000001000100
11;10000100000100010000100000
7;00101000000100010000001000
10;10000100100000000001100000
6;01000010010000010000010000
7;00011000000010100000000001
5;00101000100000000001001000
13;00100001000100100000000010
6;00010100000010000001100000
6;01000001010000001000000010
6;00011000010000100000000100
9;01001000000010010000000100
10;00100010000001100000000100
5;00100100010000000001010000
6;00100100010000010000000010
5;00100100001000000010001000
11;01000001001000000001010000
14;10000001001000100000000100
15;01001000000010100000000100
7;00101000010000100000010000
5;01000010000001000010000001
4;00100100010000000001001000
7;01000100010000100000100000
5;00101000001000000100000001
7;10001000000001000010100000
10;00100010000100000010000100
10;10000010001000100000000001
7;00100100010000010000100000
0;10001000010000000100001000
6;10000100010000100000000001
8;10001000000001100000100000
10;00100001000010001000010000
13;10001000100000010000000100
18;10000001000100001000000100
7;00010100000100000001000001
13;00010010100000000010100000
4;00010001000100000010001000
5;00010001000001000001001000
9;01001000000100001000000001
10;00011000000001010000000001
15;00100100001000100000000010
8;00100010100000000100000100
4;01000010000010000001001000
23;10000001000100100000010000
5;00100100010000001000000010
5;10000010010000100000001000
8;00100010000100100000000001
4;00010100000001000010001000
6;00010001001000000100001000
10;00101000000001010000000100
11;01000010000010000001100000
6;01000001001000000100000010
7;00010010000010001000000001
7;00011000100000000001100000
9;00100001000010001000100000
3;10000010000001000100000010
8;01000001100000000001000010
6;01001000100000010000001000
4;10000010000001000100000001
7;00100010001000001000000010
7;10000001010000010000000100
11;10000010100000100000000001
7;01000100010000100000000100
7;10000010000010000001000100
6;00010010010000000010010000
7;10001000000010010000000001
8;10000010000001001000100000
8;01000010000100000010000001
16;00100001001000010000000100
7;10001000010000001000100000
6;00100010000010001000000001
7;01000001010000010000100000
2;00010100000001000100001000
8;01001000000010000010100000
8;00011000000100000001000100
6;10000001000001000010100000
10;00010001000100100000000100
8;00010001100000000010100000
7;01000010000001010000000001
8;00100100000001000001000100
9;00100010000010100000100000
4;00100010000001000010001000
6;00101000000100000001001000
9;01000010000100000001000001
7;10001000100000000100000100
7;01000100001000000001000010
5;00100100000010000001000010
11;01000100100000010000000001
7;00101000001000010000001000
12;00011000000100001000010000
6;00100100100000000100000010
13;00101000100000001000000100
7;10000010000010100000000001
5;00101000010000001000000001
14;00100100001000010000000010
4;01000010000001000100010000
6;00011000001000000100000010
7;10000010000100000010000001
5;01000001000001100000001000
11;00100010000001010000100000
6;01001000100000000010001000
2;00101000000010000100001000
6;10000010000001000100100000
5;01000010000010000001000010
9;01001000000100000010100000
6;00100100010000000010100000
5;00101000100000000100000010
8;00100001001000100000000001
7;10000010000010000001010000
6;01001000000010000010000001
8;10001000000100100000000010
1;01000001000001000100001000
6;00100001010000001000000100
7;10001000000010100000000001
8;00010100000100000010000100
5;00100001000010000010001000
6;01000001001000000010000010
11;00011000001000010000100000
7;00101000000001000010000100
11;00100010000001001000000100
2;01000010000001000100000010
10;01001000000100000001000001
6;01000001000010000100100000
7;10000001100000000010100000
6;10000001010000001000000010
14;00010100001000100000100000
7;00100100001000000100100000
6;00100100010000000010100000
13;10000001000100010000100000
11;01001000001000000010000100
7;01000010000001001000000100
6;01000010100000000100000001
8;01001000000001010000000100
7;00100010100000000100100000
11;01000010100000001000000001
18;10000010000100001000010000
7;00100100000010100000000010
8;01000001010000100000000100
7;00010001010000010000000100
5;01000100000001000100100000
10;00010001100000100000000001
7;00100100000010010000010000
7;00010100000100000100100000
7;00101000000001010000000001
7;10000001000010000001000100
7;00010010000010001000000001
8;01000100100000000010000001
9;00010010000100000001100000
17;00101000001000010000010000
6;01001000000010000100100000
5;00010001000001000010000001
11;10001000001000001000001000
7;10001000000010100000000001
19;01000001000100000001100000
1;01000100000010000100001000
5;01001000010000000001001000
6;00100100000001000010000010
10;10000010100000010000000001
6;00010001000001000001000001
5;00010001100000000001001000
6;00010010001000000100010000
6;10000010000010000100000010
6;01000010000010000010000010
6;00011000001000000100000010
9;00010010100000001000000001
6;00010100010000000010010000
12;10000100001000001000000001
5;01000010010000000010010000
16;01000010100000001000000100
9;01000100000100100000000001
6;01000001001000000001001000
13;00010001100000100000010000
7;00100010000010000001010000
9;01000100100000010000000010
11;01000010000010001000100000
11;00011000100000010000000010
7;10000100000010010000100000
6;00010100010000100000000001
11;01001000100000000001010000
9;00010100100000000010000010
7;10001000000100000010000001
9;10000010001000100000000010
5;10000100010000100000001000
6;10001000000001000001001000
8;10001000010000001000000100
5;00100010100000000100000010
6;01000010010000000010100000
4;10000010001000000100001000
19;01000001000100001000000100
8;10000001000100001000000001
7;01000100000001000001000100
8;01001000000010010000100000
7;10000100001000010000001000
5;10001000010000001000000010
12;00010010000100100000000100
3;00010001000010000001001000
7;10000010010000100000010000
3;10000100000010000100000001
7;10001000000001001000000010
2;01000001000001000010001000
6;01000010010000010000000100
9;01000100000100100000000001
5;10000100010000010000000001
8;00100001100000001000000001
14;10000010000100010000000100
9;00011000000001010000000100
16;10000100001000000010000100
5;10000001010000100000000010
6;01000001010000000100100000
6;00101000000010100000000001
2;00100100010000000100000010
6;01001000010000100000000010
9;10001000000010010000000010
5;00100001000100000010001000
10;00011000000001010000000001
5;01000010000010010000001000
7;00011000000001100000000010
11;01000010100000000010100000
4;01001000000001010000001000
5;01001000000001000010000001
5;10000001000010000100001000
7;00010001100000000010000010
5;00010010001000000100000001
8;00100010000001001000010000
15;01000100001000001000010000
7;10000100100000000001000010
6;00011000010000000010010000
9;00010010000001100000010000
6;00100100010000001000010000
8;10001000000010010000100000
6;01000010000100000001000010
15;01000010000100001000100000
7;10000100000001010000000001
9;00010010000001100000000100
16;01000010000100010000100000
7;00010010000100010000000010
12;01000010100000010000100000
7;10000001100000000010010000
7;01001000010000001000000100
16;01000010000100010000100000
12;00010100000100100000010000
6;10000100010000100000100000
6;10000001000100000100100000
4;10000001000100000010001000
9;10000001100000001000000001
6;10000100001000000100000010
6;00100010000010010000000001
8;00100001100000000100010000
10;00100100100000001000100000
9;10001000000100000010100000
7;00011000000100000010000010
7;10000001001000000100100000
10;01000010100000000010000100
13;00011000001000100000100000
22;00011000000100100000100000
6;00010001000001010000001000
7;01000001000001010000000100
7;10000001010000010000100000
4;00100001010000010000001000
10;10001000001000100000000100
15;10000001000100010000000100
6;01000001001000000010000010
9;00010100010000001000100000
15;00100001001000000010100000
14;00011000001000001000100000
19;00100001000010010000100000
3;00010010010000000001001000
4;00010100001000000100001000
8;01001000000100000100000100
7;10000001001000100000001000
3;00010100000010000010001000
7;01000010000100010000000010
10;01001000000010001000000100
16;00010001100000001000000100
3;00100001000001000100000001
7;01000010000010100000000010
10;10000100001000010000010000
13;01000100001000100000000100
5;10000001000010000100100000
8;10000010000100010000000010
7;10000100000100010000001000
11;00010010000010010000010000
11;00100100001000001000000100
7;00010010001000000010000010
6;01000010000001000010000100
6;00100100000010000001000100
6;10000001000010001000001000
5;01000001000100000100000001
6;00010001010000010000000010
7;00010100000001000001000100
15;00100010100000010000000100
11;10000100001000100000100000
5;00010010010000000010000100
6;00101000000010000100000010
5;00010001000010000100000100
12;00100010000010100000000100
7;00100001100000000010000010
6;00100100100000000100000010
10;01001000000010001000100000
11;10000010000010010000010000
6;10000010000001000010000001
7;00100001000100010000001000
7;10001000000010001000000001
12;00010010000100100000000100
17;10000001001000010000100000
5;10001000000010100000001000
7;10000001000100000010100000
10;01000010100000001000000010
12;00100001001000100000010000
4;00011000010000010000001000
6;01000010001000000001000010
7;01000010000001000001000100
10;00010001000010100000100000
20;00010100100000001000010000
3;00010100000010000100001000
9;00101000000001001000000100
4;01001000000001000100000001
13;10000001100000100000100000
10;00011000000100000010010000
13;00011000001000100000010000
8;00101000001000001000000010
6;00010010000100000100000100
6;00100100010000000001100000
4;10000100000010100000001000
15;01001000000010100000000100
6;00100010000001000100100000
8;10000001001000000010000100
4;00100001001000000010001000
7;10000010000100100000001000
12;00100001001000001000000100
10;01000100001000000010100000
10;00010010100000001000000100
7;10001000000010100000000001
8;00100001000100100000000001
14;00100010100000100000010000
7;00010100010000010000100000
4;01000001001000000100001000
10;10000001100000010000100000
0;00101000010000000100001000
9;10000100000100010000000010
14;00101000000100010000010000
11;01000001100000001000000010
13;00100100001000010000010000
6;01001000100000000010001000
6;00011000000001000001000100
3;00010010010000000010000010
6;00010001010000001000000010
2;00010100000010000001001000
4;01000100010000000100100000
9;00010100100000000010000010
12;00010100100000100000000001
16;01001000001000100000010000
8;10001000010000001000000100
7;00100010000001000010010000
5;01000001000001000100010000
6;01000100000001010000000001
7;10000100000100000100000100
7;00100001000001010000000001
5;01000010000100000100000010
9;00100100000100000001000010
10;10000100001000000010100000
6;01001000000001100000000010
7;01001000000010000001000100
7;01001000001000000010000001
3;01000010000001000100000001
3;00100001010000000100000001
9;10000100001000000010010000
8;00100010100000000100000100
7;00010100000100000010000010
2;00010001000001000100001000
14;00100100000100100000010000
4;00100100010000001000001000
12;00100001100000001000000100
6;10000001100000000100010000
4;01000010000001001000001000
5;00100010000010000001000010
10;10000100000010001000000100
1;01000010000001000100001000
7;10000001100000000010010000
12;01000010001000001000010000
13;10000001000100010000100000
9;01000010100000000001000001
8;10001000000001100000000100
11;00101000001000000010100000
8;01001000000010010000010000
5;00100001010000000001000100
6;01001000000010000010001000
6;01000001000010001000001000
13;01000100001000100000000001
5;00010100000010000001010000
10;10000100000010001000000100
6;10000010100000000001001000
7;00010100000100000100000100
4;00010001010000000100010000
7;01000010000001000001100000
5;00010001000001000100010000
7;10000010000010100000000001
8;01000001100000001000001000
7;10000001010000010000100000
7;10000010001000000100010000
5;01001000000100000001001000
0;00010100010000000100001000
14;10000001000001100000100000
9;10000001000100000001010000
11;00010010000010001000010000
4;00011000010000000001000100
10;10001000000100010000000001
5;00100010010000000001000001
6;10000100100000000001001000
8;00010100000001001000010000
3;01000001010000010000001000
6;01001000000001100000000010
9;00010001000010100000000100
13;01000001100000100000010000
7;00011000000100000010000001
8;10000100000001100000010000
11;00011000001000010000000100
6;00101000000010100000000001
12;10001000000100001000100000
7;00101000001000000100000100
11;00010001000010010000100000
8;00010001000001100000000001
12;00010010001000010000010000
3;00010010000010000100000010
7;10001000010000010000001000
13;10001000001000001000000100
16;00100100001000010000100000
6;10001000000010000010001000
7;00101000000100100000001000
8;00010100000100000010000100
11;01000100000010010000000100
8;00100001010000100000010000
7;00011000010000010000010000
18;00100100100000100000000100
9;00101000000010010000100000
13;00010100001000100000000010
12;10000001100000100000000001
8;00100100000100001000000010
8;00100001000001000001100000
2;00100100000001000100001000
5;01000100010000000010010000
9;10000100001000000010010000
6;00100100000010000001000100
9;01000001000100010000000100
7;10001000000001000010100000
13;00101000001000100000000100
8;10001000010000001000000100
7;00100100000001000010010000
6;01000001000100000010000001
13;00011000100000001000100000
6;01000010000100000100000001
8;00100010001000100000000001
13;10000010001000100000010000
6;00101000001000000001001000
9;10000001100000000001100000
9;10000010000100000100000100
6;10000010000001010000000010
8;00100001000001001000000100
5;01000100000001000100000100
5;10000001000001000100010000
7;10000001100000010000001000
2;00101000000010000100001000
9;00010100010000001000100000
12;00101000001000010000000100
7;10000010000010000010001000
20;10000001000010010000100000
11;00100100000100000010100000
6;10000010000001001000000010
8;01001000000100000001000010
12;00010010000100000010100000
7;10000100000001010000000001
10;00101000100000000010100000
8;10000100010000010000000100
8;01001000000001000001000001
6;00101000000010000010000010
6;10000100010000000010010000
9;10000100000100010000000001
5;01000001010000000010000100
14;10000001001000000010100000
7;01001000010000100000100000
6;01000010000001000010010000
8;00101000001000001000000010
4;01001000000001000100000001
6;01001000100000100000001000
6;00101000010000001000000100
8;10001000000100001000001000
6;01000010000001100000000010
12;10000010100000001000100000
9;01000100000001100000010000
5;10000010000001000001000010
4;10000100000001000001001000
8;10000100000001001000000001
13;10000010001000100000010000
6;01000100010000001000000001
7;00010001000010001000000001
12;00010010000100100000000100
4;00010100001000000100001000
4;01001000010000000100100000
9;00101000000100000001010000
7;00010010001000010000000010
11;00101000100000001000100000
19;10000010000100000010010000
8;01000001010000100000000100
7;00011000000001000010100000
5;10000010000001000010000010
12;10001000000100010000100000
14;01001000001000010000010000
5;00011000000010000001000001
3;00010100000010000100000001
4;00010010000010000100000001
3;00010010000100000100001000
14;00010010100000010000010000
5;00100001010000000010100000
13;00100001000100100000000010
15;10001000000001001000000100
6;00010100010000001000000001
6;01000100000100000001001000
5;00100100000010000100000100
6;10000001000100100000001000
18;10000010000100001000000100
6;01000001000001000001000100
6;01000010001000000100010000
2;00010001000001000100001000
9;00010100001000100000001000
8;01000100000100000001000100
4;00010010001000000100001000
8;01000001100000000001000010
10;10000001100000010000100000
3;00011000010000100000001000
7;00101000100000000001000010
5;00010100000001000001000010
6;01000001010000010000000001
6;01001000000001001000000010
7;00011000100000000001100000
8;01000001000010000001100000
2;00011000010000000010001000
6;10000010000010000100000100
1;01000010000001000100001000
6;01000001000001010000000010
9;10000001000100000001010000
6;00100100000100000010001000
8;00100001010000100000010000
5;01000010000001000001001000
15;00100001000100100000000100
4;00010001010000000100000001
6;01001000010000000010000100
5;00101000000010000001000001
13;00011000001000100000100000
11;10000001001000010000010000
11;00010100001000000010100000
9;00101000000001100000000100
2;00010010010000000100000001
11;00010010001000010000100000
7;00010001100000000001000010
10;00100010001000000001100000
9;10000100000001001000100000
13;00011000001000100000010000
7;00100100100000000100010000
9;01001000100000000001100000
5;00011000000010000001000010
6;10000100000001000001000010
8;00011000000001100000100000
7;00010001001000000010000100
9;01000001100000000010100000
6;00100001000001000001000010
6;00010100010000010000000100
15;00010010100000001000010000
7;00100100010000010000000100
3;00101000100000000100001000
8;00100001001000100000000001
7;01001000000001100000000100
4;10000100000001000010001000
8;00010100100000000010000001
7;01001000000100000100010000
4;00010100001000000100001000
6;10000001000001000010100000
4;00100100010000000010001000
9;01000100000001100000010000
20;00010010001000000010100000
3;01000001000001000001001000
9;00010010100000010000001000
7;00010010000100000100100000
7;10001000000010001000000001
12;00010001000010010000010000
8;10001000000001001000100000
10;00100010001000100000000010
6;00011000000100000001000010
8;00101000100000000010000010
8;10000010001000001000000001
6;00010010000001010000000010
2;01001000010000000100000001
10;00100001000010010000000100
5;00100001000001001000001000
9;00010001000001001000010000
7;00100010000010010000000010
11;10000010001000100000100000
6;10000001000100100000001000
8;00100100000100000001000001
5;00100010001000000010001000
7;00010010010000001000010000
7;00101000000001001000000001
15;10000100000100001000000100
7;01001000001000000001000001
7;01000001000010000001000100
8;01000001001000000010010000
7;10000100000010001000010000
5;10000100010000010000000001
7;00100010000010010000000010
7;00100010010000010000000100
8;01000001100000000010010000
8;00101000000010010000000010
9;01000100001000000010010000
8;01000001010000100000000100
8;01000100000001010000000100
11;01000100001000000001100000
11;10000100001000000001010000
6;00101000000001001000001000
5;10000001000001000100000100
7;00100001000100001000000001
18;00101000000100100000010000
8;00100010100000000100000100
5;00100100000100000100000001
8;10001000000010100000100000
15;00010010001000001000100000
6;00010100000100000001000010
7;00010010001000000010000001
2;00100001010000000001001000
2;01000001010000000100000010
5;00010010010000000001010000
11;00101000100000010000000001
5;00010001001000000001001000
6;10001000001000000100000010
8;00011000000100010000000010
16;10000010000100100000000001
10;00010001000001001000100000
13;00011000100000001000100000
2;10000100010000000100000001
7;00010010100000001000001000
8;00010001000001001000000010
14;00100100100000010000010000
10;01001000100000000010100000
7;01000100000010100000000001
6;01000001000010000100000010
10;10001000000100010000000001
7;00010100000010100000000001
9;00010100000001100000010000
8;00010010000100100000000010
6;00100100000001001000001000
7;00010100010000100000000100
6;00100100100000000010001000
4;01000100010000000100000100
5;10000100000001010000001000
6;00100001000001100000001000
7;10000001100000000010000100
6;00011000001000000100001000
10;00101000000100001000010000
9;00100010000001000001000100
10;10000100000100000010100000
13;01000010001000010000010000
6;01000001100000000100000001
8;01000001000100010000000001
4;01001000010000000010000001
8;00010010100000100000000010
8;00010001001000010000001000
7;01001000001000000001000001
0;00010010010000000100001000
7;01001000001000000001000001
8;00010001000010010000000100
8;00010100100000000010000001
2;00010100000001000100001000
2;10000001010000000001001000
8;01001000000100000001000010
1;00010100010000000001001000
4;00100001000010000100000010
7;10000100000001010000000010
7;00010001000001010000000010
8;01000100000100001000001000
6;01000001010000001000000010
5;00100001000010001000001000
9;00101000100000000010000100
7;10000100100000000100000100
6;01000010010000000001100000
10;01000001001000010000000100
8;00100100000001000010100000
7;01001000100000001000001000
9;10000100000100000001000010
6;00011000000001000001100000
7;10000100100000000100100000
11;00010001100000100000000010
9;01000100000010001000000100
17;00101000001000010000010000
10;00100001100000000010010000
3;00010010010000000100000100
14;01001000001000001000100000
10;01000010000010100000010000
16;00100100001000001000000010
5;01000001010000000010100000
7;00010010100000001000001000
3;01000010000001000100000001
4;00011000000010000100000001
8;10001000100000001000000001
5;00100100000010000001000010
7;01001000010000010000000100
5;10001000010000000010100000
8;00101000010000010000010000
9;00010001000010100000000010
8;01000001000100010000000010
7;10000010000100001000000010
9;00011000000001001000000001
5;00010010010000010000000010
6;10000001000001010000001000
6;01000010010000000001100000
12;10000010000100010000000001
6;00010001000100000001000001
10;00100001000010010000000100
13;10000100000100001000100000
7;00010001010000010000000100
6;01000100000100000100000001
3;00100010000001000100000010
4;00100100000010000100010000
7;00100010000010010000000010
9;00101000001000000001000100
2;00100100000010000100000001
7;00100010000100001000000010
6;01000001001000000100000100
5;01001000000001000100000100
8;00011000000100000001010000
10;01000100100000000001000100
9;01000001100000000010100000
5;01000100000001000010000010
8;10000010100000000010010000
3;01000001010000000100010000
5;01000001000010000010000001
15;01000010000100100000100000
12;00010001000010010000010000
0;00010001010000000100001000
4;10000010100000000100000010
5;00010100000010001000001000
10;10000100000100001000010000
6;00010100000010000010000100
7;00100001000010000001000100
8;00010010010000100000100000
12;00101000001000100000100000
14;00010010100000000010010000
6;00100100010000001000010000
6;10001000000010000100000100
6;00101000001000000001001000
22;00011000000100100000100000
5;00100010100000000100000010
4;00100001010000000100010000
7;10000001010000010000000100
7;00100100000001001000000001
6;01001000010000000100000100
14;01000001000100100000100000
6;01000001001000000010000010
4;01000001001000000100001000
5;00010001000001000010000010
12;01000001000100100000010000
9;01001000001000010000000001
7;01000010010000010000100000
8;00100010000010000001100000
6;00101000100000000010000001
13;10000100000100001000100000
5;00100001000010000100000100
13;00100010001000100000000100
9;01000001000001001000100000
7;01001000010000100000100000
11;01001000001000000010000100
6;00010010000001010000001000
4;01001000010000000010001000
8;10000001000010001000100000
7;00100010000100000001000001
4;00010001000001000100000010
9;01001000001000100000000010
5;00101000010000001000000010
10;01000100001000001000000001
7;01000001100000000010000001
11;00101000100000001000100000
8;10000010000001001000100000
8;01000001100000000100000100
4;00100010010000001000000001
5;00010001000001000100010000
10;10000100000100100000000001
8;00010100001000000100100000
8;10000001001000000001000100
11;10000100100000000001000100
14;00010100100000100000000010
14;10000001001000001000000100
22;00010001100000010000100000
6;01000100010000100000001000
8;01000001000100010000000010
14;00100001000100001000100000
12;10000100100000000001010000
10;00011000000010001000000100
3;00010010000010000001001000
16;10001000001000000010010000
9;00011000000001001000010000
5;00010010100000000001001000
4;00010001000100000010001000
7;00010001000100000001000100
6;00010100000010000001100000
5;00100010001000000010001000
5;00100001000010010000001000
5;10000100100000000010001000
9;10000100000100010000000001
5;10001000010000100000000010
6;00010100100000000100000010
9;00100100000010100000000100
10;00010010000100010000000100
9;00101000000100001000000001
14;00100001000010001000000100
7;00100100000010000010010000
8;10000001000100010000000001
7;00100010001000001000000010
5;10000001000001000010000001
4;00100010010000000100010000
5;01000100000010000001000001
8;00101000000010100000000010
7;01000010000100010000001000
5;10000010010000000010100000
8;10000001001000001000000001
14;00100001100000100000000010
7;00101000001000000100000100
14;01000100000100001000000100
10;00010001100000001000000001
7;10000100001000000010000010
7;00010001000100001000001000
5;00100100000010010000000001
9;10001000010000010000010000
5;01000100000010000001000010
5;10000100000001010000001000
3;01000001000001000100000001
8;10001000000001010000010000
13;01001000000100100000100000
11;00010010001000000010010000
15;00100001100000100000010000
6;00011000010000010000000010
7;00010001000100000010000100
4;01001000000010000001001000
8;00010100000001010000000100
4;00100010010000100000001000
8;00010100000100010000000001
8;01000010010000100000000100
10;00010010000100010000000100
4;01000100001000000100001000
5;10000001010000100000000010
7;00100100000100000100010000
7;01001000000001001000100000
9;10000001001000000010010000
6;01000010010000010000010000
7;10000001000010000001000100
10;01001000000100000010000010
7;01000001000100000001000001
5;10000001000010100000001000
4;01001000010000100000001000
4;00011000000001000010001000
8;00010100000001100000000010
7;00010100010000010000010000
7;00101000001000100000000001
5;10000010000010000100100000
11;01000010100000000010100000
8;00100010010000010000100000
7;01000001000100100000001000
7;01000010000100010000001000
8;00100001000100000010010000
5;10000010000010000100100000
6;10000001001000000100000001
7;00011000100000000010000001
2;01000001010000000100000010
5;00010100000010000010000010
10;01000001000010010000000100
8;00010001010000001000010000
14;00010010001000100000010000
9;01000010000100000010010000
6;00010010000010000010000001
6;01000001010000000001010000
5;00011000000001000001000010
5;01000001000001000100100000
6;00010001000010000100000010
4;00010010000001000001000010
13;00010010100000100000000100
11;01000001001000100000010000
14;10000010000100010000000100
10;01000001000100000001000100
2;10001000000001000100001000
12;00100010100000001000010000
8;00010001010000010000100000
6;00010001001000000100001000
6;00100010100000000010001000
10;00011000000100000010010000
8;00100010001000010000000010
6;01001000000001000010010000
10;01000010000100001000000001
8;01000010001000010000000001
3;00101000010000001000001000
11;00010010001000010000000001
13;10000010100000000001010000
6;00100100001000010000001000
6;10000010000010000010000001
7;00100001000100100000001000
12;01000001100000001000000001
8;00010010000100000010000100
6;00010100010000000010010000
5;10001000010000000100100000
5;00010001100000000010001000
3;01000100000010000100000001
7;10000100100000000001000010
5;10000010010000001000000010
4;00010010001000000100001000
6;10000001100000000100000100
7;10001000000010100000000010
13;10000010001000000001100000
10;01001000000100000010000010
3;00010010000100000100001000
6;00010001000010000001010000
13;10001000001000000001010000
7;10000010100000010000000010
5;01000100000001000100000100
6;00100010010000010000001000
5;01000100000010000100000100
3;00010001010000000001000001
8;00100100000100001000000010
5;00011000000001000100001000
5;00100100010000001000000010
8;01000010000010010000010000
8;00100010000001001000010000
7;00010100100000010000001000
3;00010010010000000001001000
11;00100010000001010000100000
8;00010100000001100000000010
4;00100010010000001000000010
6;10000010000001010000000010
7;00101000000100010000001000
5;00100010000010000010000001
7;01000100010000100000000100
8;10000010100000001000000001
7;10000001100000010000001000
3;01000010001000000100001000
5;00010001001000000001001000
11;00011000000001001000100000
6;10000010000010001000001000
7;00011000000001000010100000
6;00100010010000000001010000
14;00010010001000100000010000
7;01000100000001000010100000
8;00011000100000000010000010
18;01000010100000100000100000
9;10000100000100000001000100
19;10000010000100000010010000
2;01000001000010000100001000
8;00100100001000000001010000
12;00011000000100001000010000
11;01000001100000010000000100
7;01001000000001100000000100
5;00100001000001000010000010
7;01000010001000000001000001
15;01001000000100010000000100
6;10000010000001000100000100
11;10000100100000001000100000
6;01000100000100000010001000
11;01000001001000100000010000
6;00010001000010000001010000
4;10000001010000010000001000
10;10001000100000010000010000
8;01000100100000000100000100
11;00010010100000100000100000
4;10000100010000000001000010
8;01001000001000100000000001
5;10000010010000100000001000
6;00011000000100000100000001
11;10000010100000010000100000
11;00010010001000000001100000
6;10000100000010000001000100
5;10000100010000000010000010
7;10000010010000010000100000
5;01000001000100000001001000
20;00100001100000010000100000
6;10000100010000001000000010
11;10000001001000010000000010
4;00100100000010000010000001
9;00100010000100100000000010
7;00010100000010001000000100
12;00101000100000100000010000
8;01001000001000100000000001
7;01000010100000000100010000
6;10000001000001000010010000
10;00011000000010100000010000
6;00100010010000000010000100
10;00011000001000000010000100
7;10001000000001000010100000
5;10000001010000100000000010
6;00010001000010000100100000
7;00100010001000100000001000
5;10001000010000000100010000
15;01001000100000100000000100
5;00011000000100000010001000
13;00011000000100010000000100
5;00100010100000000100000010
8;00011000000100010000000010
7;01000010001000010000000010
9;01000001100000000010100000
5;10001000000001100000001000
5;10000001000001000100100000
9;00100010100000001000000001
5;10000100000010000100010000
5;01000100010000010000001000
6;01001000010000000001000100
8;10000100000010001000100000
15;01000100001000001000010000
13;10001000100000010000000100
5;00010100000001010000001000
2;01000001000001000010001000
8;00010001010000100000010000
2;01000001010000000001001000
6;00011000000100000100001000
11;01000010100000000010100000
7;00101000000100001000001000
7;10000001100000000010100000
9;01001000100000000001100000
9;00100010000001000001010000
13;00011000001000100000010000
6;01000010000010000010000001
6;00010001001000000100000010
6;00011000000010000001010000
3;00010001000010000001001000
8;00010100000100010000000010
9;01000100100000000001010000
7;01001000001000010000001000
15;01000100100000100000000010
13;01000100001000001000100000
9;10000010000100000010000100
4;00101000000010000010001000
13;10000001100000100000100000
25;01000100100000001000000100
9;00101000000001001000010000
6;00010001000100000010000001
6;00010010010000010000000001
4;00011000010000000010000010
6;10000001000001000010000100
7;01000010000001010000010000
15;01000010001000000001100000
9;01000001001000001000000010
4;00010001010000000100010000
9;10000100001000000001000100
11;00100010001000010000000100
1;10000100000010000100001000
9;00100001000100000001000100
8;01000001100000000001000001
11;01000100100000000010010000
6;00010100000100000001000010
7;10001000000001001000000010
7;01001000000001100000000100
5;00100001001000000100001000
8;01000010000010010000000100
7;00100100000001000010010000
6;00010001010000001000000100
9;00011000000001001000010000
7;00100010000010000001010000
8;10000010000100000100010000
8;00011000000100000001000100
5;00100010001000000100001000
4;00100001000001000100000010
14;00100010001000001000100000
6;10001000000001001000001000
7;10001000000010000010100000
13;00100001000100010000100000
12;10001000100000010000000010
6;10000100000010010000000001
9;10000010000010001000010000
7;00101000001000001000001000
6;10000100010000001000000010
6;10000100001000000100000001
13;00010010000001100000100000
10;10000100001000100000000001
14;00100100100000010000010000
7;00100010000100000010000010
7;10000010010000100000100000
5;01000100010000000010000100
7;01000100000001000001000001
8;01000100100000000001000010
15;01000010000100000010100000
5;01000010010000100000000010
6;00100010000100000001001000
7;00100001010000001000010000
6;10001000000010000001000010
2;01001000010000000100000001
9;01000100001000000010010000
6;01000001000100000100000010
2;00010100000010000001001000
8;00100001000001001000000100
6;00100001000001000010010000
11;00100010000100000010100000
6;10000100001000000001001000
7;00010100000100001000001000
6;10000001010000100000000100
6;00011000000010000100000010
14;00100100000100100000010000
6;10000100000010001000000001
20;00010100001000010000010000
9;01000100100000000001010000
2;00010100010000000100000001
9;00100001000010001000100000
9;01000001100000000001000100
11;00010010001000100000000010
2;10000010010000000100000001
7;10000001100000001000001000
9;10001000010000010000010000
2;00100010010000000010001000
7;10000100100000000001000010
14;00010100100000010000000100
6;00010001000001010000001000
6;10000001000001010000001000
8;10001000001000000001000001
6;00010010000100000010000010
10;10001000000100010000000010
8;00100010000100000100100000
9;10000001000100000001100000
6;01000100010000100000001000
9;01001000100000001000000010
7;01001000001000000001000001
9;01000001100000000010100000
11;00011000100000100000000001
6;00101000010000010000000010
6;10000100000100000100000010
9;01001000001000000100000100
13;00100100000010010000100000
8;00100001100000100000001000
8;00100001000001000001100000
5;00010001000001000100000100
7;10000100000001000010100000
6;10000100010000001000000010
7;10000001010000001000000100
4;00010100010000000001010000
13;00010001001000001000000001
6;00010001000001100000001000
5;00100100000001000010000001
14;00010001000010100000010000
7;01000100100000100000001000
12;00100100001000001000010000
6;00010010010000000100100000
17;10000001001000010000000100
9;10001000000001100000010000
6;10000010000010000100010000
6;00101000010000001000000100
6;01000100000010010000000001
6;10000001000010000001000010
6;00010001000001000100100000
9;00100010000010000010000100
4;10000100001000000100001000
0;01001000010000000100001000
7;00010100100000000001000001
4;00010010000100000100000010
6;10000001001000000001001000
9;00010010000001100000010000
8;00100001001000100000000001
9;00100100000001010000100000
8;00100100000001001000010000
7;00100001001000100000001000
8;00010100000100000001000100
8;10000010000100000100010000
13;00100001000100100000000010
6;10001000000001000010000010
9;00100001000001100000000010
11;01000010000010001000100000
6;00010001010000001000000010
6;01000100000001000010000100
7;00010001000100000100100000
6;00101000010000000001010000
6;01001000000010000001000001
17;10000010000100100000100000
6;10000010000010000100010000
7;00010100000100000001010000
6;10000010001000100000001000
6;00101000010000000010000100
8;00010100000010001000100000
11;10000010000100010000010000
6;00010001000001100000001000
11;01000001000010001000100000
7;10000001000001010000000010
13;00010100001000001000010000
10;01000100000100000010100000
7;00010010000010001000000001
9;10001000000001010000000100
13;10001000001000001000000100
6;01001000010000001000100000
12;10000100001000001000000001
6;10000001000100100000001000
8;00010100000010100000010000
6;00100100010000000001000100
6;10001000000100000010001000
11;00010100000001001000000100
8;00010100100000000001010000
7;10000010001000000001000001
