#<Time>=0.830811s/900
#<PlanCost>=single integer value
#<State>=Atom at-airplane(plane2, auckland);Atom at-airplane(plane2, brisbane);Atom at-airplane(plane2, melbourne);Atom at-airplane(plane2, perth);Atom at-airplane(plane2, sydney);Atom at-airplane(plane1, auckland);Atom at-airplane(plane1, brisbane);Atom at-airplane(plane1, melbourne);Atom at-airplane(plane1, perth);Atom at-airplane(plane1, sydney);Atom at-person(kevin, auckland);Atom at-person(kevin, brisbane);Atom at-person(kevin, melbourne);Atom at-person(kevin, perth);Atom at-person(kevin, sydney);Atom in-airplane(kevin, plane1);Atom in-airplane(kevin, plane2);Atom at-person(jane, auckland);Atom at-person(jane, brisbane);Atom at-person(jane, melbourne);Atom at-person(jane, perth);Atom at-person(jane, sydney);Atom in-airplane(jane, plane1);Atom in-airplane(jane, plane2);Atom at-person(ian, auckland);Atom at-person(ian, brisbane);Atom at-person(ian, melbourne);Atom at-person(ian, perth);Atom at-person(ian, sydney);Atom in-airplane(ian, plane1);Atom in-airplane(ian, plane2);
0;1000010000000010000010001000000
1;1000000010000010000010000000001
1;0000100100000000100010001000000
1;0001000010000010000000101000000
1;0001010000000010000000011000000
1;0010000001000001000010001000000
1;0100010000000010000010000000010
2;0000100010000001000010001000000
2;0010001000000001000010001000000
2;1000000001000001000010000000001
2;0001000001000001000000011000000
2;1000010000000001000010001000000
2;1000000100000001000010001000000
0;0000100001000010000010001000000
2;0010000001000010000010000000010
2;0000110000000000100010000000010
0;0000110000000010000010001000000
2;0001010000000010000000010000010
2;0001001000000010000010000000010
2;0100000010000010000010000000010
2;0000100100000010000010000000010
2;0000110000000010000010000000001
2;0100010000000010000010000000001
2;1000000010000010000000100000001
0;1000000100000010000010001000000
2;0001000100000010000010000000001
2;0010000001000010000010000000001
2;0001001000000000100010001000000
2;1000000001000000100010001000000
2;0010000001000000100010001000000
2;0100000010000000100010001000000
0;0000101000000010000010001000000
2;0000100010000000100000101000000
2;0001001000000010000000101000000
2;0100000001000010000000101000000
0;0000100010000010000010001000000
2;0000110000000010000000101000000
2;0000100100000010000000101000000
2;1000000001000010000000011000000
2;0000101000000010000000011000000
2;0100000010000010000000011000000
2;0010000100000010000000011000000
0;0001000010000010000010001000000
1;0001000010000010000000101000000
1;0001000001000001000010001000000
1;0001010000000010000010000000010
0;0010000001000010000010001000000
0;0100000010000010000010001000000
3;0000110000000000100000101000000
3;0001010000000010010000001000000
3;1000010000000010000000100000001
3;0010010000000010000000100000010
1;0000100010000010000000101000000
1;0000110000000010000010000000010
1;0000100001000001000010001000000
3;0000100001000000100010000000010
3;0000100001000001000010000000010
3;0001000001000010000000010000010
3;0000100001000010000010000000100
3;1000010000000010000000010000010
3;1000000001000001000000011000000
3;1000000010000010010000001000000
3;1000010000000010000000010000001
3;0010000010000010000000100000010
3;0001000010000010000000010000010
3;0010000010000010000010000001000
3;0000100010000000100010000000010
3;0000100001000001000000011000000
3;0000100100000010000001001000000
3;0000110000000010000000010000010
3;0000100100000000100000011000000
3;1000000010000000100000101000000
3;1000000010100000000010001000000
3;1000010000000000100010000000001
3;1000010000000000100010000000010
3;0010010000000000100010000000010
3;0010000010000000100000101000000
3;0010000010001000000010001000000
3;0010010000000001000010000000010
3;1000010000000001000010000000001
3;0100010000100000000010001000000
3;0001010000000001000000011000000
3;1000000001000010000000100000001
3;0000100001000001000000101000000
3;0100000001000010000001001000000
3;0000100001000000100000101000000
3;0100010000000000100010000000010
3;0100000010000000100000101000000
3;0100000010010000000010001000000
3;1000000010000001000010000000001
3;0001000010000001000000011000000
3;1000000010000100000010001000000
3;0000100010000001000000101000000
3;0001001000000010001000001000000
3;1000001000000010000000100000001
3;0000101000000000100000101000000
3;0100000100000010000010000100000
3;0100000010000010000000100000001
3;0100000001000001000010000000001
1;1000000010000010000000101000000
1;1000010000000010000010000000010
1;1000000001000001000010001000000
3;0001001000000001000000011000000
3;0000101000010000000010001000000
3;1000001000000001000010000000001
3;0100000010000010001000001000000
3;0100000001000001000000011000000
3;0100010000000010000000010000010
3;1000000100000010000000100000001
1;1000000010000010000010000000001
3;0010000010000010000000100000001
3;0001000010000010000000100000001
3;0000100010000010000000100000001
3;0000100100000000100010000000010
3;0000110000000000100010001000000
3;0000101000000000100010000000010
3;0001010000000000100010000000010
3;0001000100000010000000010000010
3;0100000100000010000010000010000
3;1000000100000001000010000000001
3;0001000100000001000000011000000
3;1000000100001000000010001000000
3;0001000001000001000010000000001
3;0000100001000001000010000000001
3;0010000001000001000010000000001
3;1000000001000010000010000000001
0;0000101000000010000010001000000
1;0000100001000000100010001000000
0;0010000100000010000010001000000
1;0001000001000010000000011000000
3;0001010000000010000000010000001
3;0001000100000010000010000001000
3;0010000001000001000000011000000
3;0000100001000010000010000000100
3;0000100010000000100010000000001
3;0010000100000010000010000010000
3;0010010000000010000000010000010
3;0001001000000010000000010000010
1;0001010000000010000000011000000
3;0001000010000000100000101000000
3;0000100100000000100000101000000
3;0000100010000000100010001000000
1;1000010000000010000010000000001
3;0100001000000010000010000100000
1;0001000010000010000000011000000
3;0010000001000010000100001000000
3;1000000100000010000100001000000
3;0001000010000100000010001000000
3;0001000001000000100000011000000
4;0010000010000010000000100010000
4;0010000001000001000010000010000
4;1000001000000010000010000010000
4;0001000100000010000010000010000
4;0100000001000010000010000010000
4;0000100010000010000010000010000
4;0010000100000010000010000000010
1;0000100100000000100010001000000
4;0001010000000000100010001000000
4;0000101000000000100010001000000
4;0100010000000000100010001000000
4;0010010000000000100010001000000
0;0000110000000010000010001000000
4;1000010000000000100010001000000
2;0100000001000001000010001000000
2;1000000100000001000010001000000
2;1000001000000001000010001000000
2;1000000010000001000010001000000
2;1000010000000001000010001000000
0;1000000001000010000010001000000
1;0010000001000001000010001000000
4;1000000010000010000000100001000
4;0000100010000000100010000001000
4;0100010000000010000010000001000
4;0000101000000010000010000001000
4;0001000010000010000000010001000
4;0000100100000010000010000001000
4;0001000010000010000010000000001
4;0100000001000010000010000001000
0;0000100010000010000010001000000
2;0000101000000010000000101000000
2;0100000010000010000000101000000
2;0000100001000010000000101000000
2;0000110000000010000000101000000
2;0010000010000010000000101000000
2;0000100100000010000000101000000
2;1000000010000010000000011000000
0;0001000010000010000010001000000
2;0000100010000010000000011000000
2;0100000010000010000000011000000
2;0001001000000010000000011000000
2;0010000010000010000000011000000
2;0001000100000010000000011000000
3;1000000010000010010000001000000
4;0000110000000000110000001000000
4;1000010000000010010000000000001
4;0100001000000010010000001000000
4;1000010000000010000000011000000
4;0010010000000010010000000000010
4;1000000100000010010000001000000
4;0100000001000010010000001000000
4;0000100001000010000000010000010
4;0001000001000001000000010000010
4;0001000001000010000000010000100
4;0001000001000010000010000000010
4;0010000001000010000000010000010
4;0100000001000010000000010000010
4;1000000001000010000000010000010
4;0100000010000010000010000000100
3;0000110000000010000010000000100
4;0000100001000010000010000000001
4;0001000100000010000010000000100
4;0100001000000010000010000000100
4;0000100001000000100010000000100
4;0001000001000001000010000000100
4;0010010000000000100000101000000
4;1000010000000000100000101000000
4;0000110000000000100000100000010
4;0100010000000000100000101000000
4;0001010000000000100000101000000
4;0010000100000000100010000000001
4;0100000100000000100010000000001
4;1000000010000000100000100000001
4;0001000010000000100010000000001
4;1000000001100000000010000000001
2;0001000100000010000010000000010
0;0001010000000010000010001000000
2;0010010000000010000010000000010
1;0100010000000010000010000000010
2;0001001000000010000010000000010
2;0001000010000010000010000000010
4;0000110000000010000010000010000
4;0001000001000010000010000010000
4;0000101000000010000010000010000
4;0010000010000010000010000010000
4;0001000100000010000000010010000
4;0010000100000010000010000000001
4;0000100100000000100010000010000
4;0010000001000001000100001000000
4;0100000010000010000100001000000
4;0010000100000010000000101000000
4;1000010000000010000100001000000
4;0000100010000010000100001000000
4;0001001000000010000100001000000
4;0010010000000010000100000000010
4;0001000001000001000010000001000
4;0001001000000001000010000000001
4;0001000100000001000010000000001
4;0001000001000010000010000000001
4;0001010000000001000010000000001
4;0001000001000001000000010000001
4;0001000010000001000010000000001
4;0100001000000000100000011000000
4;0001000010000100000000011000000
4;1000000001000000100000011000000
4;0010000010000000100000011000000
4;0001010000000000100000010000010
4;0010001000000010000000010000010
4;0100001000000010000000010000010
4;0000101000000010000000010000010
4;1000001000000010000000010000010
4;0001001000000010000000010100000
4;0000110000000001000000011000000
4;0000100010000001000000011000000
4;0000101000000001000000011000000
4;0000100001000001000001001000000
4;0000100001000010000000011000000
4;0000100100000001000000011000000
4;0001001000000001000000101000000
4;1000000100000001000000101000000
4;0000100010000100000000101000000
4;1000000010000001000000100000001
4;0000110000000001000000101000000
4;0010001000000010000000100000010
4;0001000001000010000000100000010
4;0000100100000010000000100000010
3;1000001000010000000010001000000
4;0100010000010000000010000000010
3;0001001000010000000010001000000
4;0010000100010000000010001000000
4;0100001000000001000010001000000
4;0000110000010000000010001000000
4;0100000010010000000000101000000
4;0010000100000010000000100000001
4;0010010000000010000000100000001
4;0010000001000010000000100000001
4;0010000010000010000010000000001
4;0010001000000010000000100000001
4;0100000001000010000010000000001
4;1000001000000010000010000000001
4;1000000100000010000010000000001
2;0010000001000010000010000000001
4;0100000010000001000010000000001
4;0100010000000001000010000000001
4;0100001000000001000010000000001
4;0100000100000001000010000000001
4;0100000001000001000010000100000
4;0100001000000010000000100000001
4;0100000001000010000000100000001
4;0100000100000010000000100000001
4;0100000010000010000000100100000
4;0100010000000010000000100000001
4;0100000010000010000010000000001
4;1000000010000010010000000000001
4;0100000100000010000000010000001
4;1000000001000001000000010000001
4;0010001000000010000000010000001
4;0000100100000010000000010000001
4;0001000010000001000010000000010
4;1000000100000001000010000000010
4;0000101000000001000010000000010
4;1000000100000010000100000000001
4;0001000100000010000000100000001
4;1000000100000010000000101000000
4;0000100100000010000000100000001
4;0001010000000001000000010000010
4;1000010000100000000010000000010
4;0010010000000001000000011000000
4;0010000100000001000000011000000
4;0010001000000001000000011000000
4;0010000010000001000000011000000
4;0010000001000010000000011000000
4;0010000010000010000000010000010
4;0010000100000010000000010000010
4;0010010000000010000000011000000
2;0000100010000010000010000000010
2;0000100100000010000010000000010
2;0000101000000010000010000000010
2;0000100001000010000010000000010
4;0001000010000100000000011000000
4;0100000001000100000010001000000
4;1000001000000100000010001000000
4;0100010000000100000010001000000
4;0001000010000000100010001000000
4;0001000100000100000010001000000
4;1000000010000100000010000000001
4;0100000010000010000010000001000
4;0001000010000010000000100001000
4;0010010000000010000010000001000
4;1000000001000010000010000001000
4;0000110000000010000010000001000
4;0001000100000010000000010001000
4;0100000100000001000000011000000
4;0001000100001000000000011000000
4;1000000100000001000000011000000
4;0001000100000001000010001000000
4;0100010000000001000000011000000
4;0100001000000001000000011000000
4;0100000001000001001000001000000
4;0100000001000010000000011000000
4;0100000010000001000000011000000
4;1000001000000001000000011000000
4;1000010000000001000000011000000
2;1000000001000010000000011000000
4;1000000001000001010000001000000
4;1000000010000001000000011000000
4;0010000001000000100010000000010
4;1000000001000000100010000000010
4;0001000001000000100010000000010
4;0100000001000000100010000000010
4;0001000100000000100010000000010
4;0100000100000000100010000000010
4;0010000100000000100010000000010
4;1000000100000000100010000000010
4;0001010000000010000010000100000
3;0100000100000010000010000100000
4;1000000001000010000010000100000
4;0000101000000000100010000100000
4;0100000010000010000010000100000
4;0100001000000010000010000000001
4;0001001000000010000000100000001
4;1000001000000010001000000000001
4;0000101000000010000000100000001
4;1000001000000010000000101000000
4;0001010000000001000010001000000
4;0001010000100000000000011000000
4;0010000100000000100000101000000
4;1000000100000000100000101000000
4;0000100100000000100100001000000
4;0100000100000000100000101000000
4;0001000100000000100000101000000
4;0001000001100000000010001000000
4;0010001000100000000010001000000
4;0100000100100000000010001000000
4;1000010000100000000010000000001
4;0000100010100000000010001000000
0;0000100001000010000010001000000
2;0100000001000000100010001000000
2;0010000001000000100010001000000
2;0001000001000000100010001000000
2;1000000001000000100010001000000
4;0000110000000000100000010000010
4;0000100010000010000000010000010
4;0000100100000010000000010000010
4;0000110000000010000000011000000
4;0000110000000010000001000000010
4;0100000010000010000000010000010
4;1000000010000010000000010000010
4;0001010000000010000000100000001
4;0001000001000010000000100000001
4;1000001000000000100010000000010
4;1000000010000000100010000000010
4;1000010000100000000010000000010
4;1000010000000010010000000000010
4;0010010000000010010000001000000
4;0100010000000010010000001000000
4;0000100001000010010000001000000
4;0001000001000010010000001000000
4;1000010000000010000000101000000
4;0000100010000000100000100000010
4;0001001000000000100010000000010
4;0100001000000000100010000000010
4;0010001000000000100010000000010
4;0010000001000000100000101000000
4;0010000010001000000000101000000
4;0010001000000000100000101000000
4;0010000010000000100010001000000
4;0000101000000001000010000000001
4;0010001000000001000010000000001
4;1000001000010000000010000000001
2;0001000001000010000000101000000
2;0001010000000010000000101000000
2;0001001000000010000000101000000
2;0001000100000010000000101000000
4;1000000100000010000000010000010
2;0100000010000000100010001000000
4;0100001000000000100000101000000
4;0100000001000000100000101000000
4;1000000001000000100000101000000
4;1000000010000000100010001000000
4;1000001000000000100000101000000
4;1000000010100000000000101000000
2;0000100100000001000010001000000
2;0000110000000001000010001000000
2;0000100010000001000010001000000
2;0000101000000001000010001000000
4;0010000010000000100010000000010
4;0001000010000000100010000000010
4;0100000010000000100010000000010
4;0000110000000000100001001000000
4;0010010000000010001000001000000
4;1000000001000010001000001000000
4;0010000100000010001000001000000
4;0100001000000010000000011000000
4;0000101000000000101000001000000
4;1000000010000010001000001000000
4;0001000010000001000010001000000
4;0010000100000001000010000000001
4;0010000010000001000010000000001
4;0010010000000001000010000000001
4;0001001000000000100000101000000
4;0001010000010000000010001000000
4;0000100010010000000010001000000
4;0100000100010000000010001000000
4;0001001000010000000000011000000
4;0010000001010000000010001000000
4;0100001000000000100010001000000
4;0000110000001000000010001000000
4;1000000100001000000010000000001
4;0010001000001000000010001000000
4;1000000010001000000010001000000
4;0001000001001000000010001000000
4;0010000100000000100010001000000
4;0000100001000001000010000000100
4;0000100010000001000010000000001
4;0000100100000001000010000000001
4;0000110000000001000010000000001
0;0001000001000010000010001000000
4;1000000001000001000000100000001
4;1000000001000010000000101000000
4;1000000001000010000001000000001
4;0000100001000010000000100000001
4;0010010000001000000010000000010
4;0100010000000010000000011000000
4;0001010000000010000100001000000
4;0000101000000010000100001000000
4;0000100001000010000100001000000
3;0010000010000010000100001000000
2;0010000100000010000000011000000
4;0000100001000000100001001000000
4;0001000001000000100000101000000
4;0000110000000010000000100000001
4;0000100010000010000010000000001
4;0000100010000010000000100000100
4;0000100010000000100000100000001
4;0000100001000000100010000000100
4;0001000001000010000010000000100
4;0010000010000010000010000000100
4;1000000100000010000010000000100
4;0100010000000010000010000000100
4;0001000010000100000000101000000
4;1000000100000100000010001000000
4;0000110000000100000010001000000
4;0100000100000100000010001000000
4;0001010000000100000010000000010
4;0010000100000100000010001000000
0;1000000010000010000010001000000
4;0100010000000010001000000000010
4;0100000100000010000000010000010
2;0000110000000010000010000000001
2;0010010000000010000010000000001
2;0001010000000010000010000000001
0;1000010000000010000010001000000
2;0100010000000010000010000000001
2;1000000010000010000010000000010
2;1000000100000010000010000000010
2;1000001000000010000010000000010
2;1000000001000010000010000000010
4;0001000001000010001000001000000
4;1000010000000010001000001000000
4;0100001000000010000000101000000
3;0000101000000010001000001000000
4;0010000100000010001000001000000
3;0001000001000010000001001000000
4;1000010000000010000001001000000
4;0100000100000010000001001000000
4;0010001000000010000001001000000
2;0001001000000001000010001000000
4;0010000001100000000010001000000
4;0000100100100000000010001000000
3;0100010000100000000010001000000
4;0001010000100000000010001000000
4;1000000001000001000001001000000
3;0000100100001000000010001000000
4;0001000100001000000010001000000
4;1000010000001000000010001000000
4;0100010000001000000010001000000
4;0010000100000001000010001000000
4;0000101000000010000001001000000
4;1000000100000010000001001000000
4;0000110000000010000001001000000
4;0100000010000010000001001000000
4;0100001000000010000010000000010
4;0001000010000010000010000100000
4;0010000100000010000010000100000
4;1000000100000010000010000100000
4;0000100010000010000010000100000
5;0001000010000001000000101000000
5;0100000010000001000010001000000
3;0001000010000100000010001000000
5;0010000010000001000010001000000
5;1000000010100000000000100000001
5;0010001000100000000010000000001
5;0001000010100000000010000000001
5;0100010000100000000010000000001
5;0000100001100000000010000000001
5;1000000010000010010000000000010
5;1000000010000010000000010001000
5;0000100001000010000001000000001
5;0000100001000001000000100000001
5;0000100001000000100000100000001
5;0000100001000010000000100000100
3;1000000100001000000010001000000
3;0100000100000001000010001000000
5;0001000010000010000000010000001
5;0001001000000010000010000000001
5;0001000010000010000010000001000
2;0001000100000010000010000000001
5;0010000001000000100100001000000
5;0010010000001000000000011000000
5;0010010000000000100000010000010
3;0000100001000001000010000000010
3;0000100001000010000010000000100
3;0100000001000010000010000000010
2;0010000001000010000010000000010
5;0000100100000010000010000000001
5;0001000100000010000000010000100
5;0000100100000000100010000000100
5;0010010000000010000000100010000
5;0010010000000010010000000000001
5;0001000001000000100000010000010
5;0001000001000100000010000000010
5;0001000001000000100010000000100
5;0100010000100000000010000000010
5;0100000010100000000000101000000
5;0100010000000001000010001000000
5;1000010000000100000010000000010
5;1000010000000100000010000000001
5;1000000010000100000000101000000
5;0010000001000001000000010000010
5;0010000001000010000000010000100
5;0010000001000010000100000000010
5;0010010000000010000000101000000
5;1000010000000010000000100000010
5;1000010000000010010000001000000
5;0100010000000010000000101000000
5;0100000010000000100010000001000
5;0100000010000000100000100000010
5;0100000010010000000010000000010
5;0000110000000000100010000010000
5;0001010000000010000000010010000
5;1000010000000001010000001000000
5;1000000010000001010000001000000
5;0001000001000001010000001000000
5;1000000001000001010000000000001
5;1000001000000001010000001000000
5;0000100001000001010000001000000
5;0100000001000001010000001000000
5;1000000100000001010000001000000
5;1000000001000010010000001000000
5;0010000001000001010000001000000
3;0001001000010000000010001000000
2;0010001000000001000010001000000
5;0000100010000001000010000000100
5;0000100010000001000000100000001
5;0000100010000100000010000000001
5;0010000001000000100001001000000
5;1000000001000000100001001000000
5;0100000001000000100001001000000
5;0000100001000010000001001000000
4;0000110000000000100001001000000
5;0000100010000000100001001000000
5;0000101000000000100001001000000
5;0001000001000000100001001000000
5;0000100001000000100000011000000
5;0000100100000000100001001000000
5;0100001000000010001000000000001
5;0100001000000010000000100100000
5;0010000010000001000100001000000
5;0010000010000100000000011000000
5;0001001000000010000000010010000
5;0000101000000000100010000010000
5;0010001000000010000010000000001
5;0100000001000100000000011000000
5;1000001000000100000000011000000
5;0000100010000100000000011000000
5;0001010000000100000000010000010
5;0010000010000100000000011000000
5;0001001000000010001000000000001
5;0001001000000010000000100001000
3;0000100100001000000010001000000
3;0010000100000010000010000010000
5;0100000100000010000010000000001
5;0100000010000010010000000000001
5;0010010000000010010000000000001
5;0000100100000010010000000000001
5;0001000010000010010000000000001
5;0100000010000001001000001000000
5;0100000010000100000000011000000
5;0010001000010000000010000000001
5;0010001000000001000010000010000
3;1000000100000000100010001000000
3;1000000001000000100010000000001
3;1000001000000000100010001000000
3;1000000001100000000010001000000
5;0000100100000010000001000000010
5;0000100100000010000000010010000
5;0000100100000000100000010000010
4;0010000010000010000010000010000
3;0000100010000100000010001000000
3;0000100010000001000000101000000
5;0001000100000010000000010100000
5;0000100100000000100010000100000
5;0010010000000100000010000000010
5;0010000010000100000000101000000
5;0100000100001000000000011000000
5;0001001000001000000000011000000
5;0001010000001000000000011000000
5;1000000100001000000000011000000
5;0010000100001000000000011000000
5;0001000010001000000000011000000
5;0001000001001000000000011000000
5;0000100100001000000000011000000
4;0001000100001000000010001000000
5;0000101000000000110000001000000
5;1000010000000000110000001000000
5;0000100010000000110000001000000
5;0001010000000000110000001000000
5;0000110000000010010000001000000
5;0100010000000000110000001000000
5;0000100100000000110000001000000
5;0000110000000000110000000000010
5;0000100001000000110000001000000
5;0010010000000000110000001000000
5;0100000001000010001000000000010
5;0100000001000001000000010000010
5;0100000001000010000000010000100
5;0100000100000010000000101000000
3;1000000100000010000100001000000
5;0001000100000001000000010000001
5;0001000001000010000000010000001
5;0001001000000001000000010000001
5;0000100001000001000000010000001
5;0100000001000001000000010000001
5;0001000001000001000000010001000
5;0001010000000001000000010000001
5;0010000001000001000000010000001
5;0001000010000001000000010000001
5;1000000001000010000000010000001
5;1000000100000010000000011000000
5;1000001000000010000000011000000
5;0001010000000000100000011000000
2;0001001000000000100010001000000
5;0001010000000100000010001000000
5;0001000100000000100010001000000
5;0000100001000000100000010000010
5;1000010000000000100000010000010
5;0100010000000000100000010000010
5;0000100010000000100000010000010
5;0000110000000000100001000000010
5;0000110000000000100000011000000
5;0000101000000000100000010000010
5;0010000010000010000000100000100
5;0001000010000010000000010000100
5;0000100010000000100010000000100
5;1000010000000010000001000000001
5;0001010000000010000001000000010
5;1000000010000100000000011000000
5;1000000010000001000000010000001
5;0100000100000010000000011000000
5;0100010000000010001000001000000
4;0000110000000000110000001000000
5;0000110000000010010000000000010
5;0001010000100000000000010000010
5;0001000010000001000000010000010
5;0001000100000001000000010000010
5;1000010000000001000000010000010
5;0001010000000001000010000000010
5;0001001000000001000000010000010
5;0010010000000001000000010000010
5;0000110000000001000000010000010
5;0100010000000001000000010000010
5;0100001000000010010000000000010
5;0000100010000010010000000000010
5;0010000100000010010000000000010
5;0000100001000010010000000000010
3;0010000001000010000000101000000
3;0001000001000010000001001000000
3;0001000001000001000000101000000
2;0100000001000010000000101000000
5;0010000100001000000010001000000
5;0010001000000000100010001000000
5;0100000100000000100010001000000
5;0010001000000010000010000000010
5;0100000100000010000010000000010
3;0100001000000010000010000100000
2;0100000010000010000010000000010
5;1000001000000000100010000100000
5;1000001000100000000010000000010
5;1000000100000010010000000000001
4;0010000010001000000000101000000
5;1000000010001000000010000000001
5;0001000001000010000000010100000
5;0001010000000010000000010100000
5;0001001000000010000010000100000
5;0001000010000010000000010100000
5;1000001000000010000000010100000
5;0000101000000010000000010100000
5;0010001000000010000000010100000
5;0100001000000010000000010100000
5;1000010000100000000010001000000
3;1000010000000000100010000000001
5;0100001000010000000010001000000
5;0000100010100000000000101000000
5;0000110000100000000010000000010
5;0000101000000000100100001000000
5;0010001000000010000000011000000
5;1000001000000010000100000000001
5;1000000010010000000000101000000
5;1000000100010000000010000000001
5;1000010000010000000010000000010
3;0010000010000010000010000000010
3;1000000010000010000000100000010
3;1000000010000010000010000001000
5;0001000010000000100010000001000
5;0000100100000000100010000001000
5;1000000010000000100010000001000
5;0000101000000000100010000001000
5;0010000010000000100010000001000
5;0000100001000000100010000001000
5;0000100010000010000010000001000
5;0000110000000000100010000001000
5;0000100010000000100000100001000
5;0010000010100000000000101000000
3;1000000010100000000010001000000
5;1000001000100000000000101000000
5;0001000010100000000000101000000
5;1000000001100000000000101000000
5;1000010000100000000000101000000
5;1000000100100000000000101000000
5;0010010000000001000010000010000
5;0010010000100000000010000000001
3;0010001000000010000000101000000
0;0010000010000010000010001000000
5;0001010000000010000000010001000
5;0010000100000010000000100010000
5;0000100010000010000000100010000
5;0001000010000010000000100010000
5;1000000010000010000000100010000
5;0010000001000010000000100010000
5;0010001000000010000000100010000
5;0100000010000010000000100010000
5;0100001000010000000010000000010
5;0100001000000001000010000100000
5;0100010000000100000010000000010
5;0100000010000100000000101000000
5;1000000001000001000010000010000
5;0000100001000001000010000010000
5;0010000001000010000010000010000
5;0100000001000001000010000010000
5;0001000001000001000010000010000
5;0010000010000001000010000010000
5;0010000100000001000010000010000
5;0001000100000100000010000000010
5;0001000100000000100010000010000
5;0001000100000000100000010000010
5;0000100001000000101000001000000
5;0000100001000001001000001000000
5;1000000001000010001000000000001
5;0010000100000010000000010010000
5;0010000100000010000100000000010
5;0010010000100000000000011000000
5;0010010000000001000100001000000
5;0000100100000000101000001000000
5;1000000100000010001000000000001
5;0010010000000010000100001000000
5;1000000001000010000100000000001
5;0100000001000001000100001000000
5;0000100001000000100100001000000
5;0001010000010000000010000000010
5;0100001000010000000010000000010
5;0000110000010000000010000000010
5;0100010000010000000010001000000
5;0100000100010000000010000000010
5;0100000001010000000010000000010
5;0010010000010000000010000000010
3;0010010000000010000010000010000
3;1000000001000001000010000000010
3;1000000001000010000010000000100
5;0100000001000000100010000000100
3;1000010000000001000010000000010
3;0010010000000001000010001000000
5;1000001000000010001000000000010
5;0000101000000000100000100000010
5;0010001000000010000000100100000
5;0000100001000000100010000000001
5;0000101000000010000010000000001
5;0001000010000100000010000000010
5;0000110000000100000010000000010
5;0001001000000100000010000000010
2;0000101000000010000000011000000
5;0100001000000010001000001000000
5;1000001000000000101000001000000
5;1000001000000000100000100000001
5;0000110000000000100000100000001
5;0000110000000010010000000000001
5;0000110000000010000000100000100
5;1000000100000001000000010000001
5;1000010000000001000000010000001
5;1000001000000001000000010000001
5;0000100001000001000010000001000
5;0000100010000010000000100001000
5;0000100100000000100010000001000
5;0001010000100000000010000000010
5;0001001000100000000000011000000
5;0010000100000001000010000010000
5;0001000100001000000010000000010
5;0001001000000010000000010001000
5;0100000010000010000000010001000
5;0001000001000010000000010001000
4;0001000100000010000000010001000
5;0010000010000010000000010001000
5;0000100010000010000000010001000
5;1000000001000100000010000000001
5;0001000001000100000000011000000
5;0100000010000010001000000000010
5;0010000010001000000010000000010
5;0010000010000000100000100000010
5;1000010000000000100000100000010
5;1000010000000000100000100000001
5;0000100100000001000001001000000
5;0100000100000010000100000000010
5;0100000100000010000000100010000
5;0000100100000000100000100000010
3;1000000010000001000000101000000
3;1000000010000100000010001000000
3;0010000001000010000100001000000
5;0001000001000001000100001000000
5;1000000001000001000100001000000
5;0000100001000001000100001000000
5;0010001000000001000100001000000
5;0010000100000001000100001000000
5;0100000001000001000100001000000
5;0100000010000010000000100000100
5;0100000001000001000010000000100
3;0100000010000010001000001000000
5;0100000100000010000000100100000
5;0001000010000010000000100100000
5;0010000010000010000000100100000
5;0100010000000010000000100100000
5;0100000001000010000000100100000
5;0000100010000010000000100100000
5;1000000010000010000000100100000
4;0100000010000010000010000100000
5;1000001000100000000000011000000
5;1000000100000000110000001000000
5;1000000010000000100000010000001
3;0001010000000010000000100000010
3;0001010000000010010000001000000
5;0001000100001000000010000000001
5;1000010000001000000010000000001
5;0000100100001000000010000000001
5;1000000001001000000010000000001
5;0010000100001000000010000000001
5;0100000100001000000010000000001
5;1000001000001000000010000000001
4;0000100100000000100010000010000
5;0000100010001000000000101000000
5;0010001000001000000000101000000
5;1000000010001000000000101000000
5;0001000010001000000000101000000
5;0010000100001000000000101000000
5;0100000010001000000000101000000
3;0010000010001000000010001000000
5;0010000001001000000000101000000
5;0010010000001000000000101000000
5;1000000100000000100010000010000
5;1000000100100000000010000000010
5;0100000001010000000000101000000
5;0010000010010000000000101000000
5;0100001000010000000000101000000
5;0001000010010000000000101000000
3;0100000010010000000010001000000
5;0100010000010000000000101000000
5;0000100010010000000000101000000
5;0100000100010000000000101000000
5;1000000010000000100010000000001
5;0010000010000000100000100000001
5;0001000010000000100000100000001
5;1000000100000000100000100000001
5;1000000001000000100000100000001
5;0100000010000000100000100000001
5;0001010000000010001000000000010
5;0001000001000001001000001000000
5;0001001000000010000000010000100
5;0000101000000000100010000000100
5;0010000100000010000100000000001
5;1000001000000010001000001000000
5;0100000001000010000001000000001
5;0100000001000001000000100000001
0;0100000010000010000010001000000
5;0001000100010000000000011000000
5;1000001000010000000000011000000
5;0100001000010000000000011000000
5;0000101000010000000000011000000
5;0010001000010000000000011000000
5;0001010000010000000000011000000
5;0001000001010000000000011000000
5;0001000010010000000000011000000
5;0001010000000010000000010100000
5;0001000001000001000010000100000
3;0010000010000010000100001000000
5;0001000010000100000010000000001
5;0001000010000001000000100000001
5;0001000010000001000010000001000
3;1000010000000010000000010000001
5;0010000001000010000001000000001
5;0010000001000001000000100000001
5;0100000100000000101000001000000
5;0100010000010000000000011000000
5;0000100010000010000001000000010
5;0100010000000010000001000000010
5;0000100001000010000001000000010
5;0010010000000010000001000000010
5;1000010000000010000001000000010
5;0001010000000010000001000000010
4;0000110000000010000001001000000
5;0000101000000010000001000000010
4;1000000001100000000010000000001
5;0001000001100000000000011000000
5;0001010000000001010000001000000
5;1000010000000001000000100000001
5;0000110000000001000000100000010
5;0100010000100000000000101000000
5;0000101000000001000010000000100
5;0100000100000001000010000000100
5;0001000010000001000010000000100
5;0001000001000001000000010000100
5;0001010000000001000010000000100
0;0001001000000010000010001000000
4;1000000010000010010000000000001
5;0100000001000001000010000001000
5;0100000010000010000000100001000
5;0001010000000010000000100001000
4;1000000010000010000000100001000
5;0001000100000010000000100001000
5;0001000001000010000000100001000
5;0010000010000010000000100001000
5;0001000010000010000000100000010
5;1000000010000010000000100010000
5;0000100010000000100010000010000
5;0001000010000010000000010010000
5;0010000001000001000001001000000
5;0001000010000000100000011000000
5;1000000100100000000010000000001
5;0001000100100000000000011000000
5;1000000001000010010000000000010
5;1000000001000001000000010000010
5;1000000001000010000000010000100
5;0010000010000010000000100000100
5;0001000010000010000000100000100
5;0000100010000010000010000000100
5;0000101000000010000000100000100
5;0000100010000000100000100000100
5;0000100100000010000000100000100
5;1000000010000010000000100000100
5;1000000010000010000100000000001
5;1000010000000010000100000000001
5;0000100100000010000100000000001
5;0100000100000010000100000000001
5;0001000100000010000100000000001
3;1000000100000010000010000010000
5;0001000001000010000000010010000
5;0100000100000010000000010010000
5;1000000100000010000000010010000
4;0001000100000010000010000010000
5;0010010000000010000000010010000
5;0010000001000010000100000000001
0;0000100100000010000010001000000
5;0001010000000010000000010000100
4;0001000001000001000010000000100
3;0000101000000010000010000100000
5;0000100100000000100000100000001
3;0000100010000000100010000000001
5;0000101000000000100000100000001
5;0000110000000000100010000100000
5;0000100001000000100010000100000
5;0001001000000000100010000100000
5;0100001000000000100010000100000
5;0000100010000000100010000100000
5;0010001000000000100010000100000
5;1000010000000010001000000000010
5;0010010000000010001000000000010
5;0000110000000010001000000000010
5;0100001000000010001000000000010
5;0100000100000010001000000000010
5;0100010000000001001000001000000
5;0100010000100000000000011000000
5;0000100100000010000000011000000
5;0001010000000010010000000000001
5;1000000001000010000001001000000
5;1000000001000001000000101000000
5;1000000100000100000010000000001
5;0001000100000100000000011000000
5;0000100010000000101000001000000
5;1000000010000010001000000000001
3;0001000001000000100000011000000
3;0001000001000100000010001000000
5;0010010000100000000010000000010
5;0000100100000001000010000000100
5;0001001000000000101000001000000
5;0001001000000100000000101000000
5;0001000010000010000000100100000
3;0001001000000010001000001000000
5;0100000010000100000010000000001
5;0010000010000100000010000000001
5;1000001000000100000010000000001
5;1000000010000100000000100000001
5;1000010000000100000010000000001
3;0001000100000010000100001000000
0;1000000100000010000010001000000
5;0001000001000010000010000001000
5;0000100100100000000010000000010
5;0100000010100000000010000000010
5;1000000001100000000010000000010
5;1000001000100000000010000000010
5;0000100001000000100010000010000
4;0010000001000001000010000010000
3;0001010000000010000010000001000
3;0001010000000010000000010000001
5;0010010000001000000010001000000
3;0100000001010000000010001000000
0;0010000001000010000010001000000
0;0001000100000010000010001000000
0;0100000001000010000010001000000
5;0001010000000010010000000000010
5;1000000100000010010000000000010
5;0100010000000010010000000000010
5;1000001000000010010000000000010
4;0010010000000010010000000000010
5;0010010000000010000000010001000
5;1000000001000010000000010001000
5;0100000010000010000000010001000
5;0000101000000010000000010001000
5;0001000100000100000000101000000
5;0001000100000000100100001000000
5;0100001000000000101000001000000
5;0001000100000001000100001000000
5;0100000100001000000000101000000
5;1000000100000001000000100000001
5;0100000010000001000000100000001
5;0100000010000001000010000100000
5;0010000001000001000010000100000
3;0000100100000010000010000010000
4;0001010000100000000010001000000
5;0000100001000001000000010000010
5;0000100001000010000000010000100
5;0010000010000001000000100000001
5;1000010000100000000000011000000
5;0001000010100000000000011000000
5;0000110000100000000000011000000
5;0001001000100000000000011000000
5;0001001000000001000010000001000
5;1000000001000001000010000001000
5;0010000001000001000010000001000
5;0001010000000001000010000001000
5;0001000100000001000010000001000
3;0000101000000010001000001000000
5;0010000010000010000100000000010
4;0010010000001000000010000000010
5;1000000010000010000001000000001
4;1000000001000001000001001000000
5;0100000100000000100100001000000
5;1000001000000010010000000000001
5;0100001000000010001000000000001
5;0100010000000010000000010100000
5;0000100001000001001000001000000
5;0000100100000000101000001000000
5;1000000001000001000010000000100
5;0100000100000000100010000010000
5;1000000010100000000010000000010
5;1000000010000000100000100000010
5;0100000001000010001000001000000
5;0000110000000000100010000000100
5;1000000001000000100010000000100
5;0010000001000000100010000000100
5;0100010000000010010000000000001
5;0000100010000001000001001000000
5;0000100010000100000000011000000
5;1000000001000010010000000000001
5;0100001000010000000010000000001
5;0100001000000001000010000100000
3;0100010000000010000010000100000
5;0001000010000000100000010000010
5;0001001000000000100000010000010
5;0010000010100000000000101000000
5;1000000010100000000010000000001
5;1000001000000001000000100000001
5;0001001000000001001000001000000
5;0010001000010000000000101000000
5;0010010000010000000010000000010
5;1000010000010000000010000000001
5;0010001000000010000100000000010
5;1000000001100000000010000000010
0;0010010000000010000010001000000
0;0100010000000010000010001000000
0;0000101000000010000010001000000
0;1000001000000010000010001000000
3;1000001000000010000010000100000
5;0100010000100000000010000000001
5;0100010000000001000010000100000
5;0010000001000001001000001000000
5;0100001000000001001000001000000
5;1000000001000001001000001000000
5;0100000100000001001000001000000
5;0010000001000001000010000000100
5;0000101000000001000010000000100
5;0000110000000001000010000000100
5;0001000010000000100000100000010
5;0001000001000100000000101000000
5;0001000010000010000000010010000
5;0000101000000010001000000000001
3;0000100001000001000000101000000
5;0001001000010000000010000000001
3;0010000001001000000010001000000
3;0000100100000010000100001000000
5;1000000100000010000001000000001
3;0000100010000010000001001000000
3;0000100010000000100000011000000
5;0100000010000001000000100000010
5;0000100010000100000010000000010
5;0000100010000001000010000001000
5;0010001000001000000010000000010
5;0010000100001000000010000000010
5;1000010000001000000010000000010
5;0000110000001000000010000000010
5;0100010000001000000010000000010
5;0010000001001000000010000000010
5;0001010000001000000010000000010
5;0001010000000010000100000000010
5;0000101000000001000001001000000
4;0000100010000100000000101000000
5;0010010000000000100000100000010
5;0010000100000000100010000010000
5;0010000001000000100001001000000
5;1000000001000000100001001000000
5;0100001000000000100001001000000
5;0001000100000000100001001000000
5;0100000100000100000000101000000
5;0001000001000100000000101000000
5;0000110000000100000000101000000
5;0010001000000100000000101000000
5;0000100001000000100000100000010
5;0000100010000010000000100000010
5;1000000001001000000010000000001
5;0010000100000000100100001000000
5;1000001000000010000001000000001
5;0001010000000100000000101000000
5;0001010000000000100000100000010
5;0001010000100000000010000000001
5;0000110000000001000001001000000
5;1000000001010000000010000000001
5;1000000100010000000010000000001
5;1000000100000000100100001000000
5;0100010000000010000100000000010
5;0100010000000000100000100000010
5;0000110000000010000000100000010
3;1000001000010000000010001000000
5;0000110000100000000010000000001
5;0100000100000001000010000100000
5;0100000001000010000010000100000
5;1000000001000001000010000100000
5;0000100001000001000010000100000
5;0001000001000001000010000000010
5;0001001000000100000000011000000
5;0001010000000010000000010000100
5;1000000010010000000010000000001
4;0100000010010000000000101000000
5;0010000100000010000100001000000
5;0100000001000001000001001000000
5;0001000001000001000001001000000
5;0001000100010000000000011000000
3;0000110000000001000010000000010
3;0000110000100000000010001000000
5;0000101000000010000000010000100
5;0000100100000010000001000000001
5;0000100100000000100000010000001
5;0010000001000001000010000001000
5;0000100010000000100100001000000
5;0010001000000000101000001000000
5;0000110000000000101000001000000
5;0000110000000010000100000000010
5;0000110000000000100100001000000
5;0001000001000001000000100000001
5;0001000001000010000001000000001
5;0000101000010000000010000000001
3;1000000010000010010000001000000
3;1000000010000010000000010000001
5;1000010000000010001000000000001
4;0100010000000010001000000000010
5;0001000010000000100010000000100
5;0010000100000000100010000000100
5;1000000010000000100010000000100
5;0100000010000000100010000000100
5;1000000001000001000001000000001
5;1000001000100000000010000000001
5;0000110000000000100100001000000
5;0000110000000010000000100001000
5;0010000100000010000000100001000
5;0000100001000010000000100001000
5;0010001000000010000000100001000
5;0001010000000100000000011000000
5;0100010000000100000010000000010
5;1000000010000010000001000000001
5;1000010000000010000100000000010
3;0000101000010000000010001000000
5;0100000100000000100010000100000
5;0100010000010000000010000000001
5;0000100010000001000001001000000
5;0100010000000001000001001000000
5;1000001000000001000001001000000
5;0000100100000001000001001000000
3;0000110000000000100010000000001
3;0000110000000010000010000000100
4;0001000100001000000000011000000
5;1000000001000010000000100000100
5;0010000001000001000000100000010
5;0010000001000010000001000000010
5;0010001000000010001000000000001
5;0010000001000000100010000010000
5;0010001000001000000010000000001
5;1000010000000010001000000000001
4;0001000001000010000010000000100
5;0001000100000000100000010000001
5;0001001000000100000010000000001
5;0001000001000000100010000001000
5;0000100010000000100010000100000
5;1000001000000010000100000000001
4;0010010000000010000100000000010
5;0010000001000001000010000100000
4;1000000001000001010000001000000
6;0000100001000010000100000000010
6;1000000001000010000100000000010
6;0010000001000010000100000000100
6;0100000001000010000100000000010
6;0010000001000001000100000000010
6;0001000001000010000100000000010
6;0100010000000000100000011000000
6;0100001000000000100000010000010
6;0100000010000000100000010000010
6;0100000100000000100000010000010
6;0100000001000000100000010000010
6;0100010000010000000000010000010
6;0100010000000000101000000000010
6;0010000001000000101000001000000
6;0010010000000000101000001000000
6;0010000100000000101000001000000
6;0010001000001000001000001000000
6;0010000010000000101000001000000
6;0010000100001000000010000010000
6;0010000010001000000010000000001
4;0010000100000000100010000000001
5;0010001000001000000010000000001
6;0010000001001000000010000000001
6;0010010000001000000010000000001
4;0100000100000010000100001000000
4;0000110000000010000100001000000
4;0000101000000010000100001000000
4;0000100001000010000100001000000
4;0000100010000010000100001000000
6;1000001000000000100010000001000
6;1000000010000000100000100001000
6;1000000010100000000010000001000
6;1000000001000000100010000001000
6;1000010000000000100010000001000
6;1000000100000000100010000001000
6;0000100001000000110000000000010
6;1000000001000001010000000000010
6;0100000001000010010000000000100
6;1000000010000001000001001000000
6;0010000010000001000001001000000
6;0100000010000001000001001000000
6;0000100010000100000001001000000
6;0001000010000001000001001000000
6;0010010000000010010000000001000
6;0000110000000000100000100001000
6;1000000100000010000100000000010
4;1000010000000010000100001000000
6;1000001000000010000100000000010
6;1000000010000010000100000000010
6;0001010000000010001000001000000
4;1000010000000010001000001000000
6;0000110000000010001000001000000
4;0010010000000010001000001000000
6;0100000100000010001000001000000
6;0000100100000000110000000000010
6;0001000100000010010000000010000
6;0010000010001000000000100000001
6;0010000010000000100010000000001
6;0010010000000000100000100000001
6;0010000010000000100000100010000
6;0010000100000000100000100000001
6;0010000001000000100000100000001
6;0010001000000000100000100000001
5;1000001000000010001000000000010
6;1000000001000010001000000000010
6;1000000010000010001000000000010
6;1000000100000010001000000000010
0;0010000100000010000010001000000
0;0100000100000010000010001000000
4;0010001000000010001000001000000
4;0001000100000010001000001000000
4;0001000001000010001000001000000
4;0001000010000010001000001000000
6;0010000010000001000000101000000
6;0010000010000100000010001000000
6;0000100100000010000000010000100
6;0000100010000010000000010000100
6;0000100001000010000001000000100
6;0000100001000010000000010000001
5;0000101000000010000000010000100
6;0000100001000000100000010000100
6;0000100001000001000000010000100
6;0000110000000010000000010000100
4;0001000100000100000010001000000
6;1000000100000100000000011000000
6;0100000100000100000000011000000
6;0001000100000000100000011000000
6;0010000100000100000000011000000
6;0000100100000100000000011000000
4;0100000001000000100010000000001
4;0001000001000000100010000000001
4;1000001000000000100010000000001
4;1000000100000000100010000000001
4;0010000001000000100010000000001
5;0100000100000000100010000010000
6;0010010000001000000010000010000
5;1000000100000000100010000010000
6;0001010000000000100010000010000
6;0000100010000010010000000000001
5;0100000010000010010000000000001
5;0001000010000010010000000000001
6;0010000010000010010000000000001
6;0000100010000000100000100010000
6;0000100001000000100000100000100
6;0000100001000010000000100000010
6;0000100001000000100001000000010
6;0001000001000000100000100000010
6;0100000001000000100000100000010
6;0010000001000000100000100000010
6;1000000001000000100000100000010
6;0100010000000001000010000000010
6;0100000001100000000010000000010
5;0100000010100000000010000000010
3;0100010000100000000010001000000
6;0100001000100000000010000000010
6;0100000100100000000010000000010
6;1000000100000010000000010000100
6;0010000100000010000000010000100
4;0001000100000010000010000000100
6;0100000100000010000000010000100
6;0000101000000001000000010000001
6;0010001000000001000000010000001
6;1000001000000001010000000000001
6;1000001000010000000000010000001
6;0100001000000001000000010000001
6;0010000100000010001000000000010
6;0000100100000010001000000000010
6;0001000100000010001000000000010
6;0100000100000010001000000010000
6;0000100001001000000000101000000
6;0000100100001000000000101000000
6;0000110000001000000000101000000
6;0000101000001000000000101000000
6;0000100010001000000010001000000
6;0001010000000010000100000000001
6;0001000010000010000100000000001
6;0001000100000010000100000001000
6;0001000001000010000100000000001
6;0001001000000010000100000000001
4;0001000010000000100010000000001
6;0100000010000000100010000000001
6;0001000001000100000010000000100
6;0001000100000000100010000000100
6;0001000001000000100000010000100
6;0001010000000000100010000000100
6;0001001000000000100010000000100
5;0001000010000000100010000000100
6;1000001000000010000000100100000
6;1000000010000010000010000100000
6;1000000001000010000000100100000
6;1000010000000010000000100100000
6;1000000100000010000000100100000
6;0100000001000010000000010100000
6;0001000001000010000010000100000
6;1000000001000010000000010100000
6;0000100001000010000000010100000
6;0010000001000010000000010100000
6;0001000001000001000000010100000
4;0100000010000010000000010000001
4;0010000010000010000000010000001
4;1000001000000010000000010000001
4;0000100010000010000000010000001
4;1000000100000010000000010000001
6;0010000010000010000001000000001
6;0000100010000010000001000000001
6;0001000010000010000001000000001
6;0100000010000010000001000000001
6;1000000010000010000001001000000
6;0001010000000001001000001000000
6;0010000100000001001000001000000
6;1000000010000001001000001000000
6;1000000001000001001000000000001
4;0000101000000010000001001000000
6;0000101000000000100000011000000
6;1000001000000001000001000000001
6;1000001000010000000001001000000
6;0100000001000010000001000100000
6;0100000001000001000000100100000
6;0001000001000010000000100100000
6;0000100001000010000000100100000
6;0010000001000010000000100100000
6;1000000100000010000000100001000
6;1000000001000010000000100001000
6;1000010000000010000000100001000
6;1000001000000010000000100001000
6;0001000100001000000000010000010
6;0100000001001000000010000000010
6;0000100010001000000010000000010
6;0100001000001000000010000000010
6;1000000100001000000010000010000
6;0010000100000010000100000001000
6;0000100100000000100000100001000
6;0000100001010000000000101000000
6;0000100100010000000000101000000
6;0000101000010000000000101000000
4;0000100010010000000010001000000
6;0000110000010000000000101000000
6;1000001000000000101000000000001
6;0100001000000000100000100000001
6;0001001000000000100000100000001
6;1000001000100000000000100000001
6;0001010000000010000000100010000
6;0000101000000010000000100010000
6;0100000001000010000000100010000
5;1000001000000010000000010100000
5;0000101000000010000000010100000
6;0010010000000010000000010100000
4;0000100010000010001000001000000
4;0010000010000010001000001000000
4;1000000010000010001000001000000
6;1000000001000000100000010000010
6;0001000001000100000000010000010
6;0010000001000000100000010000010
4;0100000100010000000010001000000
6;0010001000010000000010001000000
6;1000000100000000100010000000100
5;1000000010000000100010000000100
6;1000001000000000100010000000100
6;1000010000000000100010000000100
6;1000000001100000000010000000100
6;0100001000000001000010000001000
6;0000100100000001000010000001000
5;0001010000000001000010000001000
6;0001000001000000100100001000000
6;0100000001000000100100001000000
5;0010000001000000100100001000000
6;1000000001000000100100001000000
6;0010001000010000000010000010000
6;0010000100010000000010000000001
6;0010010000010000000010000000001
6;0010000010010000000010000000001
6;0010000001010000000010000000001
6;1000000010000001000000010000010
6;1000001000000001000000010000010
6;1000000100000001000000010000010
6;1000000001000001000000010000100
6;1000000001000001010000000000010
6;0000101000000000110000000000010
6;0010010000000000110000000000010
6;0000100010000000110000000000010
6;0001010000000000110000000000010
6;1000010000000000110000000000010
6;0100010000000000110000000000010
6;1000001000000001001000000000001
6;0000101000000001000000100000001
6;0010001000000001000000100000001
6;0001001000000001000000100000001
6;1000001000000001000000101000000
6;0100001000000001000000100000001
6;1000001000010000000000100000001
4;0100000001000001000010000000010
4;0100000001000010000010000000100
6;0010001000000010001000000001000
6;0000101000000000100000100001000
6;0010000100000100000010000000010
6;0010010000000100000010001000000
6;0010000001000100000010000000010
6;0010001000000100000010000000010
6;0010000010000100000010000000010
6;0100000100001000001000001000000
6;0100001000001000000000011000000
6;0100000001001000000000011000000
6;0100010000001000000000011000000
6;0100000010001000000000011000000
6;0100000001000001001000000000001
6;0001010000000010001000000000001
6;0100001000000010001000000100000
6;0010000010000010001000000000001
6;0000110000000010001000000000001
6;0000100100000000100010000000001
6;0000101000000000100010000000001
4;0100010000000000100010000000001
4;0001010000000000100010000000001
4;0010010000000000100010000000001
6;0001001000010000000000101000000
5;0010001000010000000000101000000
6;1000001000010000000000101000000
6;0100001000010000001000001000000
6;0100001000000001000000101000000
4;1000000100100000000010001000000
5;0100000100000000101000001000000
6;0001000100000000101000001000000
6;0000100100000010001000001000000
6;1000000100000000101000001000000
6;0001000100000001000010000010000
6;0000100100000001000010000010000
6;0100000100000001000010000010000
6;0010000100000001000010000000010
6;1000000100000001000010000010000
6;0001000100001000000000101000000
6;0001010000001000000000101000000
6;0001000001001000000000101000000
6;0001000010001000000010001000000
6;0001001000001000000000101000000
6;0100001000000010000000010010000
6;0001000001000001000000010010000
6;1000000010000010000000010010000
6;0000110000000010000000010010000
6;1000000010000000110000001000000
5;1000000100000000110000001000000
6;1000010000000000110000000000001
6;1000010000000000100000011000000
6;1000001000000000110000001000000
6;1000000001000000110000001000000
6;1000010000100000010000001000000
6;1000000100000000100010000100000
6;0001000100000000100010000100000
5;0100000100000000100010000100000
6;0010000100000000100010000100000
6;0000100100000010000010000100000
6;0001000100000000100000100000010
6;0100000100000000100000100000010
4;0000100100000010000000100000010
6;0000100100000000100000100010000
6;0000100100000000100100000000010
6;1000000100000000100000100000010
6;0010000100000000100000100000010
6;0100000010000001000010000010000
6;0100001000000001000010000010000
6;0100010000000001000010000010000
4;0100000001000010000010000010000
6;0100000001010000000001001000000
6;1000000001010000000000101000000
6;0010000001010000000000101000000
6;0001000001010000000000101000000
6;0100000010000100001000001000000
6;0100001000000100000000011000000
5;0100000001000100000000011000000
6;0100010000000100000000011000000
6;0000100100000100000010000000010
5;0000100010000100000010000000010
6;0000100001000100000010000000010
6;0000101000000100000010000000010
4;0000110000000100000010001000000
4;0001000001000010000010000010000
6;1000000001000010000010000010000
6;0010001000000010000010000010000
6;0000100001000010000010000010000
6;1000000100001000000000100000001
6;0100000100000001000000100000001
6;0000100100000001000000100000001
4;1000000100000001000000101000000
6;0010000100000001000000100000001
6;1000000100000001000100000000001
6;0001000100000001000000100000001
6;1000001000010000010000001000000
6;0010001000000001010000001000000
6;0100001000000001010000001000000
6;0001001000000001010000001000000
6;0000101000000001010000001000000
4;0010001000000010000100001000000
4;0001000010000010000100001000000
4;1000000010000010000100001000000
4;0100000010000010000100001000000
6;0000100100000100000010000000001
6;0100000001000100000010000000001
6;0010000100000100000010000000001
4;1000000100000010010000001000000
6;0001000001000010010000000000010
6;0100000001000010010000000000010
6;1000000001000010010000000000100
6;0010000001000010010000000000010
5;0000100001000010010000000000010
6;0001000010000010010000000001000
4;1000000001000010001000001000000
6;0000100001000010001000001000000
6;0010000001000010001000001000000
5;0001000100000100000010000000010
6;0001000010000100000000010000010
6;1000001000000100000010000000010
6;0100000010000100000010000001000
6;0010000001000100000010000000010
6;0000100010000100000000100000010
3;0001000100000010000010000001000
6;0001000100000010000000010000001
6;0100000010000001000000101000000
6;0100000010000100000010001000000
6;0100000100001000000010001000000
4;0010001000001000000010001000000
5;1000001000100000000000011000000
6;0001001000100000000010001000000
6;0010001000100000000000011000000
6;0000101000100000000000011000000
6;0100001000100000000000011000000
6;0000101000000010001000000000100
6;0000101000000000100000100000100
6;0001001000000010000000100000100
6;1000001000000010000000100000100
6;0100001000000010000000100000100
6;0010001000000010000000100000100
4;0001001000000001000000101000000
4;0001000100000001000000101000000
4;0010000001000001000000101000000
4;0100000001000001000000101000000
4;0001010000000001000000101000000
6;0100000010000010000000010000100
6;1000000010000010000000010000100
6;0010000100000010000000010000100
6;0000100100000010000000100100000
6;0010000100000010000000100100000
6;0001000100000010000000100100000
6;0100000100000010000100000100000
5;0100000100001000000000101000000
6;0100000010001000000010001000000
6;0100010000001000000000101000000
6;0100000001001000000000101000000
6;0100001000001000000000101000000
6;0100000100000000100001001000000
6;0100010000000000100001001000000
5;0100001000000000100001001000000
6;0100000010000000100001001000000
6;0000100010000010000000010100000
6;0010000010000010000000010100000
6;1000000010000010000000010100000
4;0001000010000010000010000100000
6;0100000010000010000000010100000
6;0100001000000010000000100000010
6;0001001000000010001000000000010
6;0010001000000010001000000000010
6;0000101000000010001000000000010
6;0100001000000010001000000100000
6;0010000001100000000010000000010
6;0000100001100000000010000000010
6;0001000001100000000010000000010
6;0100000010000000100010000010000
4;0000100010000010000010000010000
6;1000000010000000100010000010000
6;0010000010000000100010000010000
6;0001000010000000100010000010000
6;0001010000000010000001000000001
6;0010010000000010000001000000001
6;0000110000000010000001000000001
6;0100010000000010000001000000001
4;1000010000000010000001001000000
6;1000010000000100000010001000000
6;0001001000000100000010001000000
4;0100010000000100000010001000000
6;0010000100000010000100000010000
6;0000101000000010000100000000010
6;0001000001000010000100000000010
6;0000100010000010000100000000010
6;0100000100100000000000101000000
6;0001000100100000000000101000000
6;0010000100100000000000101000000
6;0000100100100000000000101000000
6;1000000100100000000100001000000
6;1000000100100000000000100000001
6;0001001000000001000010000010000
6;0000101000000001000010000010000
6;1000001000000001000010000010000
6;0001001000000010000000010000001
6;0010010000000010000000010000100
6;1000010000000010000000010000100
6;0001010000000010000010000000100
6;0100010000000010000000010000100
6;0100000100000010000000010100000
5;0100010000000010000000010100000
6;0100001000000010000000010000001
6;0001000010000010000010000010000
6;0100000010000010000010000010000
6;1000000010000010000010000010000
6;0100010000000000100000100000001
6;0100000100000000100000100000001
6;0100000010010000000000100000001
6;0100000001000000100000100000001
6;0100000010000000100000100100000
6;0000110000000100000000010000010
6;0000110000000100000001001000000
6;0000100001000010000010000100000
4;1000000001000010000010000100000
6;0010000001000010000010000100000
3;0100000100000010000010000100000
6;0001000010000001000010000100000
6;0000100010000001000010000100000
6;1000000010000001000010000100000
6;0100000010000001000000100100000
6;0010000010000001000010000100000
6;0100000010000100000010000100000
6;1000010000100000000000100000001
6;0001010000000000100000100000001
6;0001001000001000000010001000000
6;0010001000001000000000011000000
6;0000101000001000000000011000000
6;1000001000001000000000011000000
6;1000000100001000000000010000001
6;0100000100000001000000010000001
6;0000100100000001000000010000001
6;1000000100000001010000000000001
6;0010000100000001000000010000001
3;0100000100000010000010000010000
4;0000100010100000000010001000000
6;0000100001100000000000101000000
6;0000101000100000000000101000000
6;0000110000100000000000101000000
6;0000101000000010000000100001000
6;0000100100000010000000100001000
5;0000110000000010000000100001000
5;0000100001000010000000100001000
4;0100010000000010000000010000001
4;0000110000000010000000010000001
4;0010010000000010000000010000001
5;0000110000000100000000101000000
6;0001010000000100010000001000000
6;1000010000000100000000101000000
6;0001010000000100000000100000010
6;0010010000000100000000101000000
6;0100010000000100000000101000000
6;1000000100010000000000101000000
6;0100000100010000000100001000000
6;0001000100010000000000101000000
6;0010000100010000000000101000000
6;0000100010000001000000010000001
6;0010000010000001000000010000001
6;1000000010000100000000010000001
6;0100000010000001000000010000001
6;1000000010000001010000000000001
6;1000000010000010000000010000100
6;0100000010000010000000010000100
6;0001000010000010000010000000100
6;0010000010000010000000010000100
6;0001001000000100000010000100000
6;0001001000000100000000010000010
6;1000001000000100000010000000010
6;0100001000000100000010000000010
4;0000100010000010000010000100000
4;0010001000000010000010000100000
4;0000110000000010000010000100000
6;0100000010000001000010000001000
6;0001000010000001000000100001000
6;0001000010000100000010000001000
6;0001000010000001000000010001000
6;0010000010000001000010000001000
6;1000000010000001000010000001000
4;0001000010000001000010000000010
5;0000100010000001000010000001000
6;1000001000000100000000100000001
6;0010001000000100001000001000000
6;0001000010010000000010000000010
6;0100000010010000000010000001000
6;0100000010010000000000100000010
6;0000100010010000000010000000010
6;0010000010010000000010000000010
6;1000000010010000000010000000010
6;0010000010000010000010000100000
6;0100000001000001000000010100000
6;0100001000000000110000001000000
6;0001001000000000110000001000000
6;0000101000000010010000001000000
6;0010001000000000110000001000000
6;0000101000000000101000000000001
6;0001000001000000100010000100000
6;0010000001000000100010000100000
6;1000000001000000100010000100000
6;0100000001000000100010000100000
6;0010000001000010000001001000000
3;0000100100000010000001001000000
3;0100000001000010000001001000000
6;0010010000000100000010000000001
6;0010000010000100000000100000001
6;0010000001000100000010000000001
6;0010000010000100000010000010000
6;0010000100000100000010000000001
6;0010001000000100000010000000001
6;0100000100000001000001001000000
5;0100010000000001000001001000000
6;0100001000000001000001001000000
6;0010001000000000100000100000010
6;0010010000001000000000100000010
3;0000100100000000100000011000000
6;0010010000000000100000011000000
6;0100010000000001000000100000001
6;0010010000000001000000100000001
6;1000010000000001010000000000001
6;1000010000000001000000101000000
6;0001010000000001000000100000001
6;0000110000000001000000100000001
6;0001010000001000000010000000001
6;0100010000001000000010000000001
6;0000100001001000000010000000001
6;0100010000100000000000010000010
6;0100000100000001000000010000010
6;0100001000000001000000010000010
6;0100000010000001000000010000010
6;0100010000000001001000000000010
6;0100000100000010000001000000001
6;0100001000000010000001000000001
6;0100000001000001000001000000001
4;1000001000000001000010000000010
3;0010010000000001000010000000010
4;1000000100000001000010000000010
4;1000000010000001000010000000010
6;0010000010000010010000000000010
6;0100000010000010010000000000010
5;0000100010000010010000000000010
6;1000000010000010010000000001000
6;0001000010000010010000000000010
6;0000100010000001001000001000000
6;0000110000000001001000001000000
6;0000100100000001001000001000000
6;0000101000000001001000001000000
6;0001000100000001000000010001000
6;0001000100001000000000010000001
6;0100000001000000100010000010000
6;0100001000000000100010000010000
6;0100010000000000100010000010000
6;0100000100010000000010000010000
6;0100000001000010000000010000001
6;0010000001000010000000010000001
6;1000000010000100000010000000010
6;1000000100000100000010000000010
6;1000000001000100000010000000010
6;0100000010000010000000100000010
4;0100000010000010000010000001000
6;0000100100000010000000100010000
6;0000101000000010000000100010000
6;0000110000000010000000100010000
6;0000100001000010000000100010000
6;0001000100000010010000000000010
6;0001001000000010010000000000010
6;0001010000000001000001001000000
6;0010010000000001000001001000000
6;1000010000000001000001001000000
6;0000110000100000000001001000000
6;0000110000000001000001000000010
0;0010001000000010000010001000000
0;0100001000000010000010001000000
6;1000001000000000100000010000010
6;0000101000000000100000010100000
6;0000101000000000100001000000010
6;0010001000000000100000010000010
6;1000000010000001000010000010000
6;0001000010000001000010000010000
6;0000100010000001000010000010000
6;0010000010000001000000100010000
6;0100010000000000100010000100000
6;0001010000000000100010000100000
6;1000010000000000100010000100000
6;0010010000000000100010000100000
6;0010000001000010001000000000001
6;0000100001000010001000000000001
6;0001000001000010001000000000001
6;0100000001000010001000000000001
6;0001010000000000100000010001000
6;1000000100000000100010000001000
6;0010000100000000100010000001000
6;0001000010000000100000100001000
5;0100000010000000100010000001000
6;0001010000000100000010000001000
6;0001001000000000100000100000010
6;0001000010000100000000100000010
6;0100000010000000100000100000100
6;0100001000010000000010000000100
6;0010010000000010010000000010000
6;0010000001000001010000000000001
4;0000101000000010000010000001000
6;0000100001000010000010000001000
3;0010000010000010000010000001000
4;0000110000000010000010000001000
4;0000100100000010000010000001000
6;0100010000000001000100001000000
6;0100001000000001000100001000000
6;0100000010000001000100001000000
6;0100000100000001000100001000000
6;0100000001000010000100001000000
6;1000000001001000000010001000000
6;0100000001001000000010000000001
6;0000100001001000000010000000001
6;0001000001001000000010000000001
6;0100000010000010001000000000001
6;0100000100000010001000000000001
6;0100010000000010001000000000001
6;0100000100000010000000100001000
6;0100000001000010000000100001000
6;0100010000000010000000100001000
6;0100001000000010000000100001000
6;0100000010010000000010000000001
6;0100000100010000000010000000001
5;0100010000010000000010000000001
6;0100001000000000100010000000001
6;0100000001010000000010000000001
6;0100001000010000000010000100000
6;0100010000100000010000001000000
6;0001001000100000000000101000000
6;0010000001100000000000101000000
6;1000010000100000000000100000010
6;0000100100100000000000101000000
4;0010010000000010000010000100000
4;0001010000000010000010000100000
4;1000010000000010000010000100000
6;1000000010000000100010000100000
6;1000001000100000000010000100000
6;0010000100000000100010000001000
6;0100000100000000100010000001000
6;0001000100000000100010000001000
6;1000010000000010000000010010000
6;1000000100000010010000000010000
6;1000001000000010000000010010000
6;1000000001000010000000010010000
6;1000000010000010000000010010000
6;0100000100010000000000011000000
6;0010000100010000000000011000000
6;0000100100010000000000011000000
6;1000000100010000000000011000000
6;0001000100010000000010001000000
6;0100010000000001000010000001000
6;0100000100000001000010000001000
6;0100001000000001000010000001000
4;0100000001000010000010000001000
6;0100001000000010000001000000001
6;0001000100000010000001000000001
6;0010001000000010000001000000001
6;0100000001000001000000010001000
6;0010000001000001000000010001000
6;0001010000000001000000010001000
6;1000000001000001000000010001000
6;0001001000000001000000010001000
6;0000100001000001000000010001000
6;0100000100000010010000000000010
6;0000100100000010010000000000010
5;0010000100000010010000000000010
6;0000101000100000000010000000001
5;1000001000100000000010000000001
8;0010000100100000000010000000001
9;0001001000100000000010000000001
10;0001000001100000000000010000001
11;0010001000100000000000010000001
12;0010000100100000000100000000001
13;0010000100100000000000100000001
8;0001000100100000000000100000001
7;0001010000100000000000100000001
16;0001010000100000010000000000001
17;0000110000100000010000000000001
15;0000100010100000010000000000001
19;0000101000100000010000000000001
11;0001001000100000010000000000001
18;1000001000100000010000000000001
9;1000001000100000000000010000001
11;0010001000100000000000010000001
12;0010001000100000000000010010000
12;0010010000100000000000010010000
20;0001010000100000000000010010000
27;0001010000100000000010000010000
11;1000010000100000000010000010000
12;1000000100100000000010000010000
9;1000001000100000000010000010000
8;0100001000100000000010000010000
6;0001000100010000000010000000001
7;0001000100010000000010000001000
8;0000100100010000000010000001000
9;0000100010010000000010000001000
9;0000110000010000000010000001000
11;1000010000010000000010000001000
10;0001010000010000000010000001000
9;0001001000010000000010000001000
11;0010001000010000000010000001000
15;0010000100010000000010000001000
14;0100000100010000000010000001000
10;1000000100010000000010000001000
8;1000001000010000000010000001000
9;1000000001010000000010000001000
20;0010000001010000000010000001000
8;0000100001010000000010000001000
8;0100000001010000000010000001000
16;0100010000010000000010000001000
9;0100001000010000000010000001000
7;0100001000000000100010000001000
6;0010001000000000100010000001000
7;0010000001000000100010000001000
8;0010000001001000000010000001000
9;0010000010001000000010000001000
8;0010000010001000000000100001000
18;0010001000001000000000100001000
6;0100000001000010000000100010000
7;1000000001000010000000100010000
8;1000000001000001000000100010000
9;1000000001000001000001000010000
10;0000100001000001000001000010000
11;0000101000000001000001000010000
12;0000100100000001000001000010000
13;0001000100000001000001000010000
12;0100000100000001000001000010000
15;0100010000000001000001000010000
16;0010010000000001000001000010000
9;0010000010000001000001000010000
8;0010000010000001000001000000001
9;1000000010000001000001000000001
19;0000100010000001000001000000001
6;0000100001000001000001000000001
7;0000101000000001000001000000001
11;0000100100000001000001000000001
12;0000100100000001000001000000100
15;0001000100000001000001000000100
22;0001001000000001000001000000100
16;0001010000000001000001000000100
19;1000010000000001000001000000100
29;0100010000000001000001000000100
29;0100001000000001000001000000100
22;0100000010000001000001000000100
6;0000100010000100000000100000001
8;0000100010000100000000100000100
9;0100000010000100000000100000100
10;0100000010000001000000100000100
6;0100000010000001000010000000100
12;0100010000000001000010000000100
5;0001010000000001000010000000100
7;0001010000100000000010000000100
15;0001000010100000000010000000100
14;0000100010100000000010000000100
8;0010000010100000000010000000100
9;0010001000100000000010000000100
8;1000001000100000000010000000100
8;0000101000100000000010000000100
6;0000101000100000000010000000001
5;0010001000100000000010000000001
9;0001001000100000000010000000001
16;0001001000100000000010000001000
10;0001000001100000000010000001000
10;0001000010100000000010000001000
24;0001000010100000000000100001000
11;1000000010100000000000100001000
20;1000000010100000000000100000010
6;1000010000100000000000100000010
12;1000010000100000010000000000010
6;0001000001000001000000100001000
7;0001000001000001000001000001000
8;0001010000000001000001000001000
9;0001010000000001000001000000001
10;0001010000100000000001000000001
11;0100010000100000000001000000001
12;0100010000100000000001000100000
13;0001010000100000000001000100000
14;0001000100100000000001000100000
15;0001001000100000000001000100000
16;0001000001100000000001000100000
17;1000000001100000000001000100000
18;0100000001100000000001000100000
19;0100000001100000000000100100000
20;0100000010100000000000100100000
10;0001000010100000000000100100000
9;1000000010100000000000100100000
11;1000000100100000000000100100000
23;1000010000100000000000100100000
12;1000000001100000000000100100000
13;0000100001100000000000100100000
26;0001000001100000000000100100000
15;0001001000100000000000100100000
24;0100001000100000000000100100000
30;0100000100100000000000100100000
16;0001000100100000000000100100000
7;0000110000000010000000010100000
6;0010010000000010000000010100000
6;1000010000000010000000010100000
9;1000000100000010000000010100000
8;1000000100000010010000000100000
12;1000000001000010010000000100000
13;0001000001000010010000000100000
10;0001000010000010010000000100000
10;0000100010000010010000000100000
10;0000100001000010010000000100000
8;0000101000000010010000000100000
6;0000101000000010010000000000010
7;0010001000000010010000000000010
8;0010001000000010010000000100000
10;0010010000000010010000000100000
7;1000010000000010010000000100000
7;1000000010000010010000000100000
8;0100000010000010010000000100000
10;0100000100000010010000000100000
8;0100000100000010010000000000001
7;0001000100000010010000000000001
9;0001000100000010010000000001000
6;0001000010000010010000000001000
7;0000100010000010010000000001000
7;0010000010000010010000000001000
6;0100000100100000000000011000000
7;0100000001100000000000011000000
8;0010000001100000000000011000000
9;0000100001100000000000011000000
6;1000000001100000000000011000000
11;1000000001100000000000010000001
12;0000100001100000000000010000001
13;0000100001100000000000010000100
14;0100000001100000000000010000100
15;0100000100100000000000010000100
16;0100000010100000000000010000100
17;0001000010100000000000010000100
18;0010000010100000000000010000100
19;0000100010100000000000010000100
13;0000100010100000000000010000001
7;1000000010100000000000010000001
7;1000000100100000000000010000001
7;1000000100100000000000011000000
8;1000000100000000100000011000000
4;1000000010000000100000011000000
6;1000000010100000000000011000000
8;0000100010100000000000011000000
7;0100000010100000000000011000000
13;0010000010100000000000011000000
13;0010000100100000000000011000000
6;0000100100100000000000011000000
4;0100001000000010000010000000100
4;0100000010000010000010000000100
4;0010000010000010000010000000100
7;0010000100000010000010000000100
5;0010010000000010000010000000100
6;1000010000000010000010000000100
5;1000000010000010000010000000100
7;1000001000000010000010000000100
7;0001001000000010000010000000100
8;0010001000000010000010000000100
4;0000101000000010000010000000100
5;0000100100000010000010000000100
6;0100000100000010000010000000100
4;0100010000000010000010000000100
6;0100000001001000000010000000001
8;0100000010001000000000100000001
9;0100001000001000000000100000001
7;0100000100001000000000100000001
11;0100010000001000000000100000001
12;0100000001001000000000100000001
13;0100000001001000000001000000001
14;0100000100001000000001000000001
15;1000000100001000000001000000001
16;1000001000001000000001000000001
16;1000000001001000000001000000001
16;0000100001001000000001000000001
14;0001000001001000000001000000001
15;0010000001001000000001000000001
21;0010000001001000000001000010000
19;0010010000001000000001000010000
23;0010000100001000000001000010000
24;0010001000001000000001000010000
19;0010001000000000100001000010000
26;1000001000000000100001000010000
27;1000010000000000100001000010000
25;1000000100000000100001000010000
24;0000100100000000100001000010000
7;0000100100000000100000010010000
8;0000100010000000100000010010000
7;0001000001010000000001001000000
8;0001010000010000000001001000000
9;1000010000010000000001001000000
9;1000000010010000000001001000000
8;0000100010010000000001001000000
11;0010000010010000000001001000000
10;0100000010010000000001001000000
14;0001000010010000000001001000000
11;0001001000010000000001001000000
10;0000101000010000000001001000000
16;0000100100010000000001001000000
17;0000110000010000000001001000000
19;0000110000010000000001000000010
20;0001010000010000000001000000010
21;0010010000010000000001000000010
9;0010001000010000000001000000010
23;0010001000010000000001000100000
24;1000001000010000000001000100000
25;0000101000010000000001000100000
26;0000101000010000000001000000010
27;0001001000010000000001000000010
28;0001000010010000000001000000010
12;0010000010010000000001000000010
11;0010000100010000000001000000010
28;0001000100010000000001000000010
5;0000101000000000110000001000000
6;0100001000000000110000001000000
7;0100001000010000010000001000000
7;0100010000010000010000000000010
10;0010010000010000010000000000010
10;0010010000010000000000100000010
10;0100010000010000000000100000010
13;0000110000010000000000100000010
14;0000100100010000000000100000010
8;0000100010010000000000100000010
16;0010000010010000000000100000010
14;1000000010010000000000100000010
7;1000010000010000000000100000010
19;1000000100010000000000100000010
20;0100000100010000000000100000010
21;0010000100010000000000100000010
16;0001000100010000000000100000010
12;0001000001010000000000100000010
24;0001000001010000000000100000100
21;0000100001010000000000100000100
13;0000100001010000000000100000010
8;1000000001010000000000100000010
9;1000001000010000000000100000010
9;0000101000010000000000100000010
9;0100001000010000000000100000010
11;0010001000010000000000100000010
5;0100010000000010000001001000000
6;0010010000000010000001001000000
9;0001010000000010000001001000000
10;0001000100000010000001001000000
8;0001001000000010000001001000000
4;0010001000000010000001001000000
7;0010000010000010000001001000000
4;0100000010000010000001001000000
11;0001000010000010000001001000000
6;0000100010000000100000100100000
7;1000000010000000100000100100000
8;0001000010000000100000100100000
9;0001000010000100000000100100000
10;0001000010000001000000100100000
9;1000000010000001000000100100000
12;0000100010000001000000100100000
13;0000100100000001000000100100000
14;0000100100001000000000100100000
15;0000100100001000000100000100000
16;0001000100001000000100000100000
17;0001000001001000000100000100000
18;1000000001001000000100000100000
19;0100000001001000000100000100000
20;0100001000001000000100000100000
21;1000001000001000000100000100000
22;1000000010001000000100000100000
23;0010000010001000000100000100000
20;0010000010000000100100000100000
25;0010000001000000100100000100000
17;0000100001000000100100000100000
16;1000000001000000100100000100000
15;1000000010000000100100000100000
29;1000000100000000100100000100000
30;0100000100000000100100000100000
18;0001000100000000100100000100000
7;0100010000010000000010000010000
8;0100001000010000000010000010000
9;0001001000010000000010000010000
10;0000101000010000000010000010000
11;0000100010010000000010000010000
12;0000100010010000000000100010000
13;0000101000010000000000100010000
14;0000100001010000000000100010000
15;0010000001010000000000100010000
16;0010000100010000000000100010000
9;0010000100010000000000100000001
11;0010000010010000000000100000001
10;0010010000010000000000100000001
11;0001010000010000000000100000001
21;0001010000010000000000100001000
22;0001010000010000010000000001000
23;1000010000010000010000000001000
20;1000010000010000000000010001000
15;0010010000010000000000010001000
8;0010001000010000000000010001000
18;0010000100010000000000010001000
21;0001000100010000000000010001000
17;0001000100010000000000010000001
12;0001000001010000000000010000001
11;0001000001010000000000010001000
6;1000000001000000110000001000000
6;1000010000000000110000000000001
8;0100010000000000110000000000001
9;0100000010010000010000000000001
8;1000000100010000010000000000001
9;1000000001010000010000001000000
7;0010001000010000010000001000000
7;0100001000010000010000001000000
9;0001010000010000010000001000000
6;0001010000010000000000101000000
6;1000010000010000000000101000000
7;1000010000010000000000100000010
10;0010010000010000000000100000010
16;0010000010010000000000100000010
8;0000100010010000000000100000010
14;1000000010010000000000100000010
8;1000000001010000000000100000010
9;1000001000010000000000100000010
11;0010001000010000000000100000010
24;0010001000010000001000000000010
26;1000001000010000001000000000010
22;1000000001010000001000000000010
21;1000000001010000001000000000100
19;0000100001010000001000000000100
23;0010000001010000001000000000100
31;0100000001010000001000000000100
7;0100010000010000001000001000000
5;0100010000010000000000011000000
7;1000010000010000000000011000000
10;1000010000010000010000001000000
9;0001010000010000010000001000000
12;0000110000010000010000001000000
13;0000100001010000010000001000000
14;0000100100010000010000001000000
8;0100000100010000010000001000000
6;0100000100000000110000001000000
7;0001000100000000110000001000000
12;0001000100000100010000001000000
10;0010000100000100010000001000000
11;0000100100000100010000001000000
15;1000000100000100010000001000000
10;1000000001000100010000001000000
13;0100000001000100010000001000000
7;0100000010000100010000001000000
12;0100000100000100010000001000000
11;0100001000000100010000001000000
17;0100010000000100010000001000000
28;0000110000000100010000001000000
21;0010010000000100010000001000000
13;0010000001000100010000001000000
22;0010000010000100010000001000000
6;0001000001010000000010000000001
7;0001000001010000000010000001000
8;0000100001010000000010000001000
9;0000110000010000000010000001000
8;0000101000010000000010000001000
7;0000101000000001000010000001000
7;0000110000000001000010000001000
10;0000110000100000000010000001000
9;0010010000100000000010000001000
12;1000010000100000000010000001000
11;1000000001100000000010000001000
13;0000100001100000000010000001000
9;0000100100100000000010000001000
8;0000100010100000000010000001000
6;0000100010100000000010000000010
21;0000100010100000000000100000010
22;0000100100100000000000100000010
11;0000101000100000000000100000010
24;0000100001100000000000100000010
25;0001000001100000000000100000010
8;0001000100100000000000100000010
27;0100000100100000000000100000010
28;0010000100100000000000100000010
24;0010000100100000000000100010000
17;0010010000100000000000100010000
23;0001010000100000000000100010000
6;0001000001000010001000000000010
7;0001000010000010001000000000010
6;0010000010000010001000000000010
6;0010000001000010001000000000010
9;0010000001000010001000000000100
8;0010001000000010001000000000100
10;0010010000000010001000000000100
8;0000110000000010001000000000100
7;0100010000000010001000000000100
10;0100000100000010001000000000100
11;1000000100000010001000000000100
17;0001000100000010001000000000100
18;0010000100000010001000000000100
11;0010000010000010001000000000100
12;0001000010000010001000000000100
9;1000000010000010001000000000100
7;1000001000000010001000000000100
7;0100001000000010001000000000100
6;0100001000000010000000010000100
6;1000001000000010000000010000100
6;0010001000000010000000010000100
7;0010001000000010000100000000100
15;0100001000000010000100000000100
11;0100000010000010000100000000100
16;1000000010000010000100000000100
10;0001000010000010000100000000100
5;0000100010000000100001001000000
7;0001000010000000100001001000000
8;0001010000000000100001000000010
9;0001000010000000100001000000010
10;0001000100000000100001000000010
11;0001000100000000100001000010000
12;0001000001000000100001000010000
12;0001000001000100000001000010000
14;0001000100000100000001000010000
15;1000000100000100000001000010000
14;0000100100000100000001000010000
17;0000100100000100000000010010000
18;0000100100000100000000010000010
7;0000100001000100000000010000010
10;0000101000000100000000010000010
7;0000100010000100000000010000010
8;1000000010000100000000010000010
20;1000000001000100000000010000010
21;1000000001000100010000000000010
20;1000001000000100010000000000010
26;0010001000000100010000000000010
18;0100001000000100010000000000010
28;0100001000000100010000000100000
29;0100000100000100010000000100000
30;0010000100000100010000000100000
29;0010001000000100010000000100000
6;0100000010000100000000100000001
7;0100000100000100000000100000001
8;0000100100000100000000100000001
8;0001000100000100000000100000001
7;0010000100000100000000100000001
7;1000000100000100000000100000001
6;1000000001000100000000100000001
9;0100000001000100000000100000001
7;0100001000000100000000100000001
14;0100001000000100000000100100000
11;0100000001000100000000100100000
12;0100000100000100000000100100000
12;0010000100000100000000100100000
19;0010000100000100000100000100000
19;1000000100000100000100000100000
21;0000100100000100000100000100000
17;0001000100000100000100000100000
23;0001001000000100000100000100000
23;0000101000000100000100000100000
24;0000101000000100000100000000010
26;1000001000000100000100000000010
27;1000000010000100000100000000010
28;0010000010000100000100000000010
12;0000100010000100000100000000010
30;0000100010000100000100000001000
31;0000100100000100000100000001000
5;0010010000000000100010000010000
6;0010001000000000100010000010000
7;0010001000001000000010000010000
8;0001001000001000000010000010000
9;0000101000001000000010000010000
7;0000100010001000000010000010000
7;0010000010001000000010000010000
12;0010000001001000000010000010000
5;0010000001000000100010000010000
14;0001000001000000100010000010000
8;0001001000000000100010000010000
7;1000001000000000100010000010000
17;1000000001000000100010000010000
13;1000000001100000000010000010000
11;1000010000100000000010000010000
12;0010010000100000000010000010000
7;0000110000100000000010000010000
11;0000100100100000000010000010000
10;0001000100100000000010000010000
9;0001000010100000000010000010000
12;0001000010100000000000010010000
20;0001010000100000000000010010000
11;0001000100100000000000010010000
22;0001001000100000000000010010000
21;0001001000100000000010000010000
27;0001010000100000000010000010000
7;0100010000100000000010000010000
5;0000101000010000000010000000001
5;0010001000010000000010000000001
4;1000001000010000000010000000001
6;1000000010010000000010001000000
4;0010000001010000000010001000000
3;0100000010010000000010001000000
3;0000101000010000000010001000000
4;0001010000010000000010001000000
5;0001000100010000000000011000000
6;1000000001010000000000011000000
6;1000001000010000000000010000001
17;0001000100010000000000010000001
7;0100001000010000000000010000001
9;0100000100000000100000010000001
9;0100010000000000101000000000001
18;0100010000000000101000000100000
16;0100001000010000001000000100000
15;0100000100010000000000010100000
24;0000100001010000000000010100000
20;0010000001010000000000010100000
11;1000001000010000000000010100000
10;0001001000010000000000010100000
9;0001001000010000000000010000010
10;0001001000010000000000010100000
22;0000101000010000000000010100000
12;0010001000010000000000010100000
7;0010001000000000101000000000001
8;0100001000000000101000000000001
9;0100000010000000101000000000001
10;0100000010000000101000000100000
9;0000100010000000101000000100000
12;0000110000000000101000000100000
13;0000100001000000101000000100000
14;0000100100000000101000000100000
15;0000101000000000101000000100000
9;1000001000000000101000000100000
8;1000001000000000100000100100000
12;1000000100000000100000100100000
13;1000010000000000100000100100000
20;1000010000000000110000000100000
15;0000110000000000110000000100000
9;0010010000000000110000000100000
10;0010010000000000100000100100000
7;0010001000000000100000100100000
25;0010001000001000000000100100000
18;0010001000001000001000000100000
16;0010000001001000001000000100000
25;0010000001000000101000000100000
17;0100000001000000101000000100000
29;0001000001000000101000000100000
20;0001001000000000101000000100000
6;0010010000100000000100001000000
7;0001010000100000000100001000000
8;0001000010100000000100001000000
9;0001001000100000000100001000000
10;0001000100100000000100001000000
11;0010000100100000000100001000000
8;0010000010100000000100001000000
13;0010000010100000000000011000000
8;0000100010100000000000011000000
6;0000100100100000000000011000000
6;0100000100100000000000011000000
7;0100000001100000000000011000000
6;1000000001100000000000011000000
4;1000000001000000100000011000000
7;0010000001000000100000011000000
7;0100000001000000100000011000000
12;0100000001010000000000011000000
6;1000000001010000000000011000000
18;1000000010010000000000011000000
15;1000000010010000000000010000001
10;0000100010010000000000010000001
22;0000100100010000000000010000001
16;0100000100010000000000010000001
17;0001000100010000000000010000001
7;0001000010010000000000010000001
6;0001000010010000000010000000001
4;1000000100000010000010000100000
5;0001000100000010000010000100000
4;0010000100000010000010000100000
7;0001010000000100010000000000010
8;0010010000000100010000000000010
9;1000010000000100010000000000010
7;1000010000000100000000010000010
11;1000001000000100000000010000010
12;1000001000000100000000010100000
13;1000000001000100000000010100000
14;1000010000000100000000010100000
15;1000000010000100000000010100000
16;1000000100000100000000010100000
17;0001000100000100000000010100000
18;0001010000000100000000010100000
19;0010010000000100000000010100000
20;0000110000000100000000010100000
21;0000100001000100000000010100000
22;0000100100000100000000010100000
23;0000101000000100000000010100000
19;0001001000000100000000010100000
21;0001000001000100000000010100000
26;0010000001000100000000010100000
27;0100000001000100000000010100000
28;0100010000000100000000010100000
9;0100010000000100000000010000001
8;1000010000000100000000010000001
15;1000010000000100010000000000001
6;0100000100000001010000001000000
6;0100000010000001010000001000000
8;0010000010000001010000001000000
6;0000100010000001010000001000000
8;0000100010000100010000001000000
7;0100000010000100010000001000000
12;0100000100000100010000001000000
13;0100000001000100010000001000000
12;0000100001000100010000001000000
13;0010000001000100010000001000000
10;0010000100000100010000001000000
12;0001000100000100010000001000000
7;0001001000000100010000001000000
11;0100001000000100010000001000000
9;0010001000000100010000001000000
21;0010010000000100010000001000000
11;1000010000000100010000001000000
17;0100010000000100010000001000000
18;0100010000000100010000000000010
19;0100010000000100000000100000010
23;0010010000000100000000100000010
22;1000010000000100000000100000010
18;1000000001000100000000100000010
20;1000000001000100000000100000100
24;1000000001000100000001000000100
25;0001000001000100000001000000100
6;0000100100000001000010000001000
7;0010000100000001000010000001000
6;0010001000000001000010000001000
7;0000101000000001000010000001000
7;0000110000000001000010000001000
9;0010010000000001000010000001000
9;1000010000000001000010000001000
6;1000001000000001000010000001000
6;1000000100000001000010000001000
10;1000000100001000000010000001000
8;1000010000001000000010000001000
11;0100010000001000000010000001000
12;0010010000001000000010000001000
7;0001010000001000000010000001000
11;0001000001001000000010000001000
8;0001000010001000000010000001000
6;0001000100001000000010000001000
9;0010000100001000000010000001000
11;0010001000001000000010000001000
12;0001001000001000000010000001000
9;1000001000001000000010000001000
12;0100001000001000000010000001000
20;0100000001001000000010000001000
8;0010000001001000000010000001000
7;0010000001000000100010000001000
7;0010001000100000000000101000000
8;0010001000100000001000001000000
9;0010010000100000001000001000000
10;0001010000100000001000001000000
11;0001010000100000001000000000010
12;0000110000100000001000000000010
13;0000100010100000001000000000010
14;0000100001100000001000000000010
15;1000000001100000001000000000010
16;0001000001100000001000000000010
17;0001001000100000001000000000010
12;1000001000100000001000000000010
7;1000001000000000101000000000010
6;0000101000000000101000000000010
6;0000110000000000101000000000010
22;0000100010000000101000000000010
23;0000100100000000101000000000010
9;0001000100000000101000000000010
9;0001001000000000101000000000010
26;0001000010000000101000000000010
27;0001000010000100001000000000010
19;1000000010000100001000000000010
20;1000000010000001001000000000010
20;0001000010000001001000000000010
7;0100000010000001001000000000010
5;0010000001000000100010000010000
6;0010001000000000100010000010000
7;1000001000000000100010000010000
9;1000001000100000000010000010000
10;0010001000100000000010000010000
9;0010000100100000000010000010000
12;0100000100100000000010000010000
10;0001000100100000000010000010000
9;0001000010100000000010000010000
9;0001000010100000000000100010000
11;0010000010100000000000100010000
12;0010000001100000000000100010000
11;1000000001100000000000100010000
19;0100000001100000000000100010000
20;0100010000100000000000100010000
14;0000110000100000000000100010000
17;0010010000100000000000100010000
23;0001010000100000000000100010000
23;0001000100100000000000100010000
25;0001000001100000000000100010000
22;0001001000100000000000100010000
19;0010001000100000000000100010000
20;1000001000100000000000100010000
20;1000000100100000000000100010000
7;1000000100000000100000100010000
8;1000010000000000100000100010000
6;0001010000000010000000100100000
7;0001001000000010000000100100000
5;0010001000000010000000100100000
10;0010001000000010001000000100000
8;0010010000000010001000000100000
7;0100010000000010001000000100000
7;0100000010000010001000000100000
14;0100000100000010001000000100000
15;0001000100000010001000000100000
16;0001010000000010001000000100000
8;0001001000000010001000000100000
9;0001000010000010001000000100000
10;1000000010000010001000000100000
20;1000001000000010001000000100000
12;1000010000000010001000000100000
11;1000000100000010001000000100000
16;0000100100000010001000000100000
14;0000100100000000101000000100000
13;1000000100000000101000000100000
11;1000000001000000101000000100000
21;1000000001100000001000000100000
21;1000001000100000001000000100000
22;1000000100100000001000000100000
30;0100000100100000001000000100000
15;0100000001100000001000000100000
7;0001000100000000110000001000000
7;0001000001000000110000001000000
6;0001000010000000110000001000000
10;0001000010000100010000001000000
9;0001000010000001010000001000000
8;0001000100000001010000001000000
5;0001010000000001010000001000000
14;0001010000100000010000001000000
11;0001001000100000010000001000000
9;0100001000100000010000001000000
15;0100000010100000010000001000000
12;0001000010100000010000001000000
11;0001000001100000010000001000000
19;0001000100100000010000001000000
10;0010000100100000010000001000000
8;0100000100100000010000001000000
10;0100000001100000010000001000000
17;1000000001100000010000001000000
9;1000001000100000010000001000000
18;1000001000100000010000000000001
9;1000001000100000000000010000001
8;1000001000000000100000010000001
6;1000000100000000100000010000001
7;1000000100100000000000010000001
8;1000000100100000010000000000001
7;0000110000000000101000000000001
8;1000010000000000101000000000001
9;0100010000000000101000000000001
8;0100001000000000101000000000001
11;0100000001000000101000000000001
12;0100000100000000101000000000001
9;0100000100000000100000010000001
6;1000000100000000100000010000001
5;0001000100000000100000010000001
12;0001000100000100000000010000001
11;0010000100000100000000010000001
18;0000100100000100000000010000001
7;1000000100000100000000010000001
10;0100000100000100000000010000001
21;0100000100000100000000010100000
9;0100000010000100000000010100000
23;0100001000000100000000010100000
19;0001001000000100000000010100000
21;0001000001000100000000010100000
26;0010000001000100000000010100000
27;0100000001000100000000010100000
28;0100010000000100000000010100000
20;0000110000000100000000010100000
16;0000110000000100000001000100000
15;0000100001000100000001000100000
7;0100010000000001000100000000010
8;0100000010000001000100000000010
9;0100000010000100000100000000010
10;0100000010000100000100000001000
11;0100000010000001000100000001000
12;1000000010000001000100000001000
13;1000000010000001000100000000010
14;1000001000000001000100000000010
15;1000000100000001000100000000010
16;1000010000000001000100000000010
17;0001010000000001000100000000010
14;0001000010000001000100000000010
19;0001000001000001000100000000010
10;1000000001000001000100000000010
21;1000000001000001000100000000100
22;1000010000000001000100000000100
12;0001010000000001000100000000100
13;0001000100000001000100000000100
25;0001000010000001000100000000100
13;0001000001000001000100000000100
11;0001001000000001000100000000100
10;0100001000000001000100000000100
23;0100010000000001000100000000100
14;0100000100000001000100000000100
16;0100000010000001000100000000100
7;0100000100001000000000010000001
8;0000100100001000000000010000001
9;0010000100001000000000010000001
10;0010000010001000000000010000001
8;0010001000001000000000010000001
7;0001001000001000000000010000001
13;0001000001001000000000010000001
14;0000100001001000000000010000001
15;0100000001001000000000010000001
16;0100000001001000001000000000001
17;0100000100001000001000000000001
18;0100001000001000001000000000001
10;0100000010001000001000000000001
11;0001000010001000001000000000001
21;0001000010001000001000000001000
22;0000100010001000001000000001000
21;0010000010001000001000000001000
24;0010010000001000001000000001000
25;0001010000001000001000000001000
23;0001000001001000001000000001000
27;0001000100001000001000000001000
15;0001001000001000001000000001000
16;1000001000001000001000000001000
20;0010001000001000001000000001000
18;0010001000001000000000100001000
6;0001000010000000110000001000000
7;0100000010000000110000001000000
8;0100000010010000010000001000000
9;0010000010010000010000001000000
9;0010010000010000010000001000000
11;0010000100010000010000001000000
8;0010000001010000010000001000000
12;0100000001010000010000001000000
13;0000100001010000010000001000000
12;0000110000010000010000001000000
9;0001010000010000010000001000000
16;0001010000010000010000000000010
17;0001000100010000010000000000010
19;0001001000010000010000000000010
20;0001000001010000010000000000010
21;0100000001010000010000000000010
22;0100000001000000110000000000010
23;0001000001000000110000000000010
7;0010000001000000110000000000010
25;0010000001000000110000000000100
26;0001000001000000110000000000100
27;0001010000000000110000000000100
28;0010010000000000110000000000100
29;1000010000000000110000000000100
30;1000000001000000110000000000100
13;1000000100000000110000000000100
7;1000000001100000000010000100000
8;0001000001100000000010000100000
9;0100000001100000000010000100000
10;0000100001100000000010000100000
8;0010000001100000000010000100000
9;0010000100100000000010000100000
13;1000000100100000000010000100000
7;1000010000100000000010000100000
7;0010010000100000000010000100000
7;0010010000000001000010000100000
15;0010001000000001000010000100000
6;0010000100000001000010000100000
7;0001000100000001000010000100000
6;1000000100000001000010000100000
6;1000010000000001000010000100000
7;0000110000000001000010000100000
10;0001010000000001000010000100000
9;0001010000000001000000010100000
7;0001000010000001000000010100000
11;1000000010000001000000010100000
7;0100000010000001000000010100000
8;0100001000000001000000010100000
6;0001001000000001000000010100000
20;1000001000000001000000010100000
16;1000000001000001000000010100000
7;0001001000100000000010000100000
8;0001000100100000000010000100000
9;0001000010100000000010000100000
10;0001000010100000000000100100000
11;0001010000100000000000100100000
12;0000110000100000000000100100000
13;0000100001100000000000100100000
14;0000100001100000000001000100000
15;0000100010100000000001000100000
16;0000100100100000000001000100000
17;0000101000100000000001000100000
18;0000101000100000000000010100000
19;0001001000100000000000010100000
8;1000001000100000000000010100000
21;1000000010100000000000010100000
21;1000010000100000000000010100000
11;1000010000000000100000010100000
15;1000000010000000100000010100000
12;1000000001000000100000010100000
11;0001000001000000100000010100000
8;0001000010000000100000010100000
6;0001001000000000100000010100000
19;0001001000000100000000010100000
12;1000001000000100000000010100000
15;1000000010000100000000010100000
7;0100000100010000000000010000010
8;1000000100010000000000010000010
9;0010000100010000000000010000010
10;0000100100010000000000010000010
8;0001000100010000000000010000010
12;0001000010010000000000010000010
13;0000100010010000000000010000010
11;0000110000010000000000010000010
9;0000101000010000000000010000010
11;1000001000010000000000010000010
13;1000010000010000000000010000010
18;1000010000010000010000000000010
16;1000000100010000010000000000010
17;0001000100010000010000000000010
19;0001001000010000010000000000010
8;0100001000010000010000000000010
7;0100010000010000010000000000010
10;0100010000010000010000001000000
9;0010010000010000010000001000000
7;0010001000010000010000001000000
13;0001001000010000010000001000000
9;0001000100010000010000001000000
14;0001000010010000010000001000000
9;0001010000010000010000001000000
12;0000110000010000010000001000000
7;1000001000000000110000000000010
8;1000000001000000110000000000010
9;1000000001100000010000000000010
9;1000000010100000010000000000010
11;0010000010100000010000000000010
10;0100000010100000010000000000010
13;0100000001100000010000000000010
12;0100001000100000010000000000010
15;0001001000100000010000000000010
16;0000101000100000010000000000010
17;1000001000100000010000000000010
10;1000000100100000010000000000010
9;0001000100100000010000000000010
20;0001000010100000010000000000010
15;0001000001100000010000000000010
12;0000100001100000010000000000010
10;0000110000100000010000000000010
11;0000100100100000010000000000010
25;0010000100100000010000000000010
26;0010000001100000010000000000010
7;0010010000100000010000000000010
8;0010001000100000010000000000010
20;0010001000100000010000000100000
19;0010010000100000010000000100000
18;0010010000000001010000000100000
5;0100010000000010000100000000010
8;0000110000000000100100000000010
9;0000100001000000100100000000010
10;0100000001000000100100000000010
11;0100000010000000100100000000010
12;0100010000000000100100000000010
12;0100010000010000000100000000010
14;1000010000010000000100000000010
15;1000000010010000000100000000010
15;1000000010010000000100000001000
14;1000000001010000000100000001000
13;0010000001010000000100000001000
12;0010000010010000000100000001000
11;0010010000010000000100000001000
15;0010010000010000000000010001000
11;0100010000010000000000010001000
12;0100001000010000000000010001000
16;0100001000000000100000010001000
9;0100010000000000100000010001000
7;1000010000000000100000010001000
16;1000010000000000110000000001000
28;1000010000100000010000000001000
14;0000110000100000010000000001000
15;0100010000100000010000000001000
25;0010010000100000010000000001000
7;0000100001000001000000100010000
8;0000101000000001000000100010000
9;0000100010000001000000100010000
10;1000000010000001000000100010000
11;0001000010000001000000100010000
12;0001000100000001000000100010000
9;1000000100000001000000100010000
8;1000000001000001000000100010000
11;0010000001000001000000100010000
16;0010010000000001000000100010000
17;0010010000100000000000100010000
12;0010000001100000000000100010000
19;0010001000100000000000100010000
20;1000001000100000000000100010000
21;0000101000100000000000100010000
14;0000110000100000000000100010000
23;1000010000100000000000100010000
10;1000010000100000010000000010000
11;1000010000100000000000010010000
16;1000000100100000000000010010000
27;1000000100100000010000000010000
14;1000000100000000110000000010000
21;1000010000000000110000000010000
8;1000010000000000100000100010000
9;0001010000000000100000100010000
4;0001000001000001000010000001000
6;0100000010000001000010000001000
6;0100010000000001000010000001000
5;0001000100000001000010000001000
6;0100001000000001000010000001000
11;0010001000010000000010000001000
9;0000100010010000000010000001000
10;1000000010010000000000100001000
9;1000001000010000000000100001000
12;0100001000010000001000000001000
17;0010000100010000001000000001000
16;1000000010010000001000000001000
12;0100000010010000000000010001000
13;1000000010010000000000010001000
21;0000100010010000000000010001000
9;0001000010010000000000010001000
11;0001001000010000000000010001000
21;0001000100010000000000010001000
11;0001000001010000000000010001000
14;1000000001010000000000010001000
27;1000000001010000010000000001000
23;1000010000010000010000000001000
20;1000010000010000000000010001000
11;0100010000010000000000010001000
8;0001010000010000000000010001000
4;0010000100000010000010000100000
4;1000000100000010000010000100000
5;0001000100000010000010000100000
4;0001000001000010000100001000000
4;0001001000000010000100001000000
4;0001010000000010000100001000000
5;0100010000000010000100001000000
5;0100001000000010000100001000000
6;1000001000000010000100001000000
5;1000000001000010000100001000000
6;0001001000000010000010000001000
8;0100001000000010000010000001000
7;0010001000000010000010000001000
6;0010000001000010000010000001000
4;1000000001000010000010000001000
7;1000001000000010000010000001000
4;1000010000000010000010000001000
7;1000000100000010000010000001000
7;0010000100000010000010000001000
6;0100000100000010000010000001000
4;0100010000000010000010000001000
4;0010010000000010000010000001000
7;0000110000010000000010000000001
7;0000110000010000000010000000100
9;1000010000010000000010000000100
10;0001010000010000000010000000100
11;0001001000010000000010000000100
12;1000001000010000000010000000100
6;0000101000010000000010000000100
6;0100001000010000000010000000100
15;0010001000010000000010000000100
11;0010001000000001000010000000100
12;0001001000000001000010000000100
7;0001001000000001000000010000100
14;0100001000000001000000010000100
20;0100000100000001000000010000100
10;1000000100000001000000010000100
22;0010000100000001000000010000100
13;0010010000000001000000010000100
14;0001010000000001000000010000100
8;0000110000000001000000010000100
11;0000101000000001000000010000100
20;0000101000010000000000010000100
28;0000101000010000000001000000100
15;0000100010010000000001000000100
16;0001000010010000000001000000100
29;0001010000010000000001000000100
5;0010010000000000100010000010000
6;0010010000001000000010000010000
8;0000110000001000000010000010000
7;0000100010001000000010000010000
10;0000100001001000000010000010000
9;0000101000001000000010000010000
8;0000100100001000000010000010000
6;1000000100001000000010000010000
14;1000001000001000000010000010000
7;1000000010001000000010000010000
8;0001000010001000000010000010000
15;0001000010001000000000100010000
8;0100000010001000000000100010000
19;0100000100001000000000100010000
17;1000000100001000000000100010000
18;0010000100001000000000100010000
7;0010000100001000000000100000010
17;0000100100001000000000100000010
13;0000100100000001000000100000010
14;0100000100000001000000100000010
15;0100000100000001000100000000010
15;1000000100000001000100000000010
12;1000000100000001000000100000010
15;0001000100000001000000100000010
9;0001010000000001000000100000010
10;1000010000000001000000100000010
5;0010000100000010000000010000001
4;0100000100000010000000010000001
4;0000100100000010000000010000001
5;0000100100000010000001000000001
6;0001000100000010000001000000001
10;0001000100000010000001000001000
11;0001000001000010000001000001000
10;0100000001000010000001000001000
13;1000000001000010000001000001000
11;1000000100000010000001000001000
12;1000010000000010000001000001000
15;1000001000000010000001000001000
14;0000101000000010000001000001000
18;0000100001000010000001000001000
12;0000110000000010000001000001000
6;0000110000000010000000010001000
17;0100010000000010000000010001000
22;0100000001000010000000010001000
6;0100000100000010000000010001000
7;0100001000000010000000010001000
5;0000101000000010000000010001000
8;0010001000000010000000010001000
10;0010001000000010000100000001000
6;0010000100000010000100000001000
12;1000000100000010000100000001000
30;1000010000000010000100000001000
11;1000001000000010000100000001000
6;0100000001000010000000100000100
6;0100000001000010000000100000010
6;0100010000000010000000100000010
3;0010010000000010000000100000010
5;0010000001000010000000100000010
5;0010000001000010000001000000010
9;0100000001000010000001000000010
13;0100001000000010000001000000010
11;0001001000000010000001000000010
8;0001000100000010000001000000010
8;0001000100000010000001000010000
11;0001000001000010000001000010000
15;0001010000000010000001000010000
14;0010010000000010000001000010000
19;0000110000000010000001000010000
13;1000010000000010000001000010000
11;1000000010000010000001000010000
13;0001000010000010000001000010000
20;0100000010000010000001000010000
7;0000100010000010000001000010000
26;0000100010000000100001000010000
27;0010000010000000100001000010000
28;0100000010000000100001000010000
29;0100001000000000100001000010000
30;0100001000010000000001000010000
31;0000101000010000000001000010000
4;0010000100000010000010000100000
4;1000000100000010000010000100000
5;0001000100000010000010000100000
6;1000010000010000000000101000000
6;0001010000010000000000101000000
7;0010010000010000000000101000000
10;0010010000010000000000100000010
11;0010000001010000000000100000010
12;0001000001010000000000100000010
8;1000000001010000000000100000010
14;1000000010010000000000100000010
10;1000000010010000000000100001000
9;0000100010010000000000100001000
17;0000101000010000000000100001000
18;0000110000010000000000100001000
19;1000010000010000000000100001000
17;1000000001010000000000100001000
9;1000001000010000000000100001000
11;0001001000010000000000100001000
23;0001000001010000000000100001000
24;0001000001010000000001000001000
16;0100000001010000000001000001000
26;0010000001010000000001000001000
27;0000100001010000000001000001000
23;0000100100010000000001000001000
29;0010000100010000000001000001000
19;0100000100010000000001000001000
18;0100010000010000000001000001000
7;0000101000000010001000000010000
8;0000101000000000101000000010000
9;0000100001000000101000000010000
10;1000000001000000101000000010000
11;1000001000000000101000000010000
12;1000010000000000101000000010000
13;1000000010000000101000000010000
14;0001000010000000101000000010000
13;0000100010000000101000000010000
16;0010000010000000101000000010000
17;0010000010000000101000000000001
7;0010001000000000101000000000001
16;0010010000000000101000000000001
20;0010000001000000101000000000001
21;0010000001001000001000000000001
22;1000000001001000001000000000001
16;1000001000001000001000000000001
18;0100001000001000001000000000001
10;0100000010001000001000000000001
17;0100000100001000001000000000001
7;0100000100001000000000010000001
19;0100000100001000000000010100000
19;0100000100000001000000010100000
13;0010000100000001000000010100000
19;0010000100001000000000010100000
7;1000000010000100000010000010000
8;1000000100000100000010000010000
9;0010000100000100000010000010000
7;0010010000000100000010000010000
10;0100010000000100000010000010000
9;1000010000000100000010000010000
11;1000001000000100000010000010000
9;0001001000000100000010000010000
8;0001000001000100000010000010000
8;0001010000000100000010000010000
8;0001000100000100000010000010000
7;0001000010000100000010000010000
12;0000100010000100000010000010000
10;0000101000000100000010000010000
13;0100001000000100000010000010000
9;0100000001000100000010000010000
7;0010000001000100000010000010000
7;0010001000000100000010000010000
6;0100001000000001000010000000010
6;0100000100000001000010000000010
5;0100000010000001000010000000010
6;0100000010000100000010000000010
7;0100000001000100000010000000010
6;0100000100000100000010000000010
10;0100000100000100000010000010000
7;0100000010000100000010000010000
14;0100000010000100000000100010000
15;0100010000000100000000100010000
14;0100001000000100000000100010000
15;0100000001000100000000100010000
18;0000100001000100000000100010000
19;1000000001000100000000100010000
20;1000000100000100000000100010000
21;1000000100000100000100000010000
19;0001000100000100000100000010000
18;0001000010000100000100000010000
24;0100000010000100000100000010000
18;0000100010000100000100000010000
21;0000110000000100000100000010000
22;0010010000000100000100000010000
17;0010010000000100000000010010000
16;1000010000000100000000010010000
14;1000000100000100000000010010000
17;0000100100000100000000010010000
5;0001001000000010001000000000001
5;1000000001000010001000000000001
6;0100000100000010001000000000001
6;0100001000000010001000000100000
11;0100000001000001001000000100000
12;0100000100000001001000000100000
13;1000000100000001001000000100000
14;1000000100001000001000000100000
15;1000000001001000001000000100000
16;0010000001001000001000000100000
12;0010010000001000001000000100000
18;0010001000001000001000000100000
17;0010001000000000101000000100000
20;0001001000000000101000000100000
21;0001000100000000101000000100000
21;0001010000000000101000000100000
22;0001000010000000101000000100000
9;0000100010000000101000000100000
15;0000101000000000101000000100000
26;0100001000000000101000000100000
16;0100001000010000001000000100000
10;0100001000010000000000100100000
29;0000101000010000000000100100000
15;0010001000010000000000100100000
27;0010001000010000001000000100000
6;0001010000000000101000001000000
7;0001000010000000101000001000000
9;0001000010000100001000001000000
9;0001000001000100001000001000000
7;0001001000000100001000001000000
12;0001000100000100001000001000000
10;1000000100000100001000001000000
8;1000000010000100001000001000000
13;1000010000000100001000001000000
9;1000000001000100001000001000000
17;0010000001000100001000001000000
6;0010001000000100001000001000000
19;1000001000000100001000001000000
16;0000101000000100001000001000000
21;0000100010000100001000001000000
8;0000110000000100001000001000000
17;0000100100000100001000001000000
24;0010000100000100001000001000000
20;0010010000000100001000001000000
18;0001010000000100001000001000000
16;0100010000000100001000001000000
7;0100000100000100001000001000000
20;0100001000000100001000001000000
8;0100000001000100001000001000000
7;0000100001000100001000001000000
7;0010001000000000100000100010000
8;0001001000000000100000100010000
9;0001000010000000100000100010000
10;0001000010000100000000100010000
11;0001000001000100000000100010000
12;0001000001000100000001000010000
13;0001001000000100000001000010000
14;0010001000000100000001000010000
15;0010010000000100000001000010000
16;0001010000000100000001000010000
17;0001000010000100000001000010000
18;0001000010000001000001000010000
19;0100000010000001000001000010000
9;0010000010000001000001000010000
8;0010000010000001000001000000001
7;0010000001000001000001000000001
6;0000100001000001000001000000001
19;0000100010000001000001000000001
9;0000100010000001000001000000100
11;0000100010000100000001000000100
27;0010000010000100000001000000100
28;0100000010000100000001000000100
29;0100000100000100000001000000100
17;0001000100000100000001000000100
31;0010000100000100000001000000100
7;0000100010000010010000001000000
8;0001000010000010010000001000000
4;0010000010000010010000001000000
8;0100000010000010010000001000000
4;0100001000000010010000001000000
5;0010001000000010010000001000000
11;0010000001000010010000001000000
4;0100000001000010010000001000000
4;0000100001000010010000001000000
4;0001000001000010010000001000000
6;0001001000000010010000001000000
18;1000001000000010010000001000000
6;0001001000000000100000010100000
7;0001010000000000100000010100000
8;0010010000000000100000010100000
9;0010010000001000000000010100000
10;1000010000001000000000010100000
11;1000000010001000000000010100000
12;0010000010001000000000010100000
9;0010000010000000100000010100000
14;0000100010000000100000010100000
15;1000000010000000100000010100000
14;1000000100000000100000010100000
17;0100000100000000100000010100000
18;0010000100000000100000010100000
19;0010000100001000000000010100000
13;0010000100000001000000010100000
14;0010000010000001000000010100000
11;1000000010000001000000010100000
9;1000010000000001000000010100000
23;1000010000000001010000000100000
12;1000000010000001010000000100000
26;0000100010000001010000000100000
14;0001000010000001010000000100000
10;0001000100000001010000000100000
29;0001000001000001010000000100000
20;0001010000000001010000000100000
18;0010010000000001010000000100000
6;0001001000000001000001001000000
7;0010001000000001000001001000000
5;1000001000000001000001001000000
7;1000000100000001000001001000000
7;0010000100000001000001001000000
7;0010000100001000000001001000000
6;0010000001001000000001001000000
7;0000100001001000000001001000000
7;0000100001001000000000011000000
9;0000110000001000000000011000000
9;1000010000001000000000011000000
8;1000000001001000000000011000000
15;1000000001001000010000001000000
19;1000000010001000010000001000000
14;0000100010001000010000001000000
22;0100000010001000010000001000000
14;0100000001001000010000001000000
13;0010000001001000010000001000000
7;0010000100001000010000001000000
8;0100000100001000010000001000000
9;1000000100001000010000001000000
22;1000000100001000010000000000001
23;1000000010001000010000000000001
30;1000000001001000010000000000001
17;0010000001001000010000000000001
7;1000010000000010010000000010000
5;1000000100000010000000010010000
6;0100010000000010000000010010000
10;0100000001000001000000010010000
11;0000100001000001000000010010000
6;0010000001000001000000010010000
7;0010001000000001000000010010000
11;0100001000000001000000010010000
7;0001001000000001000000010010000
16;0000101000000001000000010010000
9;0000100100000001000000010010000
10;0000100100001000000000010010000
13;0000101000001000000000010010000
17;0000100001001000000000010010000
21;0000100001001000000001000010000
22;0001000001001000000001000010000
23;0001001000001000000001000010000
24;0100001000001000000001000010000
17;0100010000001000000001000010000
22;0000110000001000000001000010000
18;1000010000001000000001000010000
26;1000000100001000000001000010000
15;0000100100001000000001000010000
27;0000101000001000000001000010000
24;0010001000001000000001000010000
7;1000010000000000100000010000001
8;1000001000000000100000010000001
9;1000001000100000000000010000001
10;0001001000100000000000010000001
11;0010001000100000000000010000001
12;0010001000100000000000010010000
13;0100001000100000000000010010000
14;0100010000100000000000010010000
11;1000010000100000000000010010000
16;1000000100100000000000010010000
13;1000000010100000000000010010000
13;0000100010100000000000010010000
16;0010000010100000000000010010000
12;0001000010100000000000010010000
21;0001000001100000000000010010000
11;0001000100100000000000010010000
23;0010000100100000000000010010000
12;0010010000100000000000010010000
13;0010000001100000000000010010000
15;0100000001100000000000010010000
13;1000000001100000000000010010000
28;1000000001100000010000000010000
29;0100000001100000010000000010000
25;0100010000100000010000000010000
31;0000110000100000010000000010000
4;0100000100100000000010001000000
6;0100001000100000000010001000000
7;0000101000100000000010001000000
8;0000100001100000000010001000000
4;0010000001100000000010001000000
8;0100000001100000000010001000000
7;0100000010100000000010001000000
6;0001000010100000000010001000000
5;0010000010100000000010001000000
4;0010010000100000000010001000000
6;0010000100100000000010001000000
5;0001000100100000000010001000000
4;0000100100100000000010001000000
7;0010001000000001000000010001000
8;0010001000010000000000010001000
9;0010001000010000000100000001000
10;0010000100010000000100000001000
11;0010010000010000000100000001000
12;0010000010010000000100000001000
13;0010000001010000000100000001000
14;1000000001010000000100000001000
15;1000000100010000000100000001000
15;1000000010010000000100000001000
16;1000001000010000000100000001000
18;0100001000010000000100000001000
19;0001001000010000000100000001000
20;0000101000010000000100000001000
21;0000110000010000000100000001000
22;0000100100010000000100000001000
14;0000100010010000000100000001000
13;0100000010010000000100000001000
20;0100000010000000100100000001000
23;0000100010000000100100000001000
20;0000101000000000100100000001000
19;0001001000000000100100000001000
29;0001000100000000100100000001000
22;0001000100000000100000100001000
11;0001001000000000100000100001000
7;0010000100000001000001001000000
7;1000000100000001000001001000000
5;1000001000000001000001001000000
7;0010001000000001000001001000000
11;0010001000010000000001001000000
10;0000101000010000000001001000000
13;0100001000010000000001001000000
11;0001001000010000000001001000000
15;0001000100010000000001001000000
16;0000100100010000000001001000000
14;0010000100010000000001001000000
16;1000000100010000000001001000000
11;1000000001010000000001001000000
6;1000001000010000000001001000000
9;1000000010010000000001001000000
9;1000010000010000000001001000000
23;1000010000010000000001000000010
19;0000110000010000000001000000010
11;0000110000010000000000010000010
13;0000100010010000000000010000010
10;0000100100010000000000010000010
7;0100000100010000000000010000010
21;0100001000010000000000010000010
9;0001001000010000000000010000010
8;0001000100010000000000010000010
7;1000000100000100000000010000001
8;1000010000000100000000010000001
9;0100010000000100000000010000001
10;0100000100000100000000010000001
11;0010000100000100000000010000001
12;0010000100000100000100000000001
13;0010010000000100000100000000001
11;1000010000000100000100000000001
10;0100010000000100000100000000001
16;0100010000000100000100000100000
17;0100000001000100000100000100000
18;1000000001000100000100000100000
19;1000000010000100000100000100000
20;1000010000000100000100000100000
21;0001010000000100000100000100000
22;0001000001000100000100000100000
23;0001001000000100000100000100000
24;0001000010000100000100000100000
18;0001000010000001000100000100000
18;0010000010000001000100000100000
19;0010001000000001000100000100000
18;0001001000000001000100000100000
22;1000001000000001000100000100000
14;1000001000000001000100000000010
16;1000010000000001000100000000010
7;0010000100000100000000100000001
8;0000100100000100000000100000001
7;0000110000000100000000100000001
10;0001010000000100000000100000001
6;0001000010000100000000100000001
6;0000100010000100000000100000001
8;0000100001000100000000100000001
6;1000000001000100000000100000001
10;0010000001000100000000100000001
9;0100000001000100000000100000001
11;0100000001000100000000100100000
15;0001000001000100000000100100000
15;0001000100000100000000100100000
11;0001001000000100000000100100000
14;0100001000000100000000100100000
16;1000001000000100000000100100000
20;1000010000000100000000100100000
13;0010010000000100000000100100000
13;0010000001000100000000100100000
15;1000000001000100000000100100000
27;1000000001000100000001000100000
16;0001000001000100000001000100000
25;0100000001000100000001000100000
25;0100000010000100000001000100000
24;0001000010000100000001000100000
7;0000101000000000100000010010000
8;1000000010000000100000010010000
9;0001000010000000100000010010000
5;0001000100000000100010000010000
5;0000100001000000100010000010000
5;0010000001000000100010000010000
6;0100000001000000100010000010000
9;0100000001010000000010000010000
9;1000000001010000000010000010000
7;1000000100010000000010000000010
7;0001000100010000000010000000010
18;0001000100010000000010000010000
10;0001000100010000000000010010000
20;0000100100010000000000010010000
10;0000100100010000000000010000010
8;0000100001010000000000010000010
9;0000101000010000000000010000010
13;0000100010010000000000010000010
21;0000100010010000000000010001000
13;1000000010010000000000010001000
9;0001000010010000000000010001000
7;0001000010010000000000010000001
10;0000100010010000000000010000001
20;0000100010010000000001000000001
14;0000100001010000000001000000001
7;0000100010000001000000010001000
8;0000101000000001000000010001000
7;0000100100000001000000010001000
10;0000100100001000000000010001000
11;0001000100001000000000010001000
12;0100000100001000000000010001000
13;0100001000001000000000010001000
14;0100001000001000001000000001000
15;0001001000001000001000000001000
16;1000001000001000001000000001000
17;1000010000001000001000000001000
18;1000000100001000001000000001000
19;0010000100001000001000000001000
20;0010001000001000001000000001000
21;0010000010001000001000000001000
22;0010000001001000001000000001000
23;0001000001001000001000000001000
24;1000000001001000001000000001000
25;0100000001001000001000000001000
18;0100000010001000001000000001000
9;0100000010001000001000000000010
10;1000000010001000001000000000010
17;0001000010001000001000000000010
24;0001000001001000001000000000010
14;1000000001001000001000000000010
4;1000000010000001000010000000010
3;0000110000000001000010000000010
4;0100000001000001000010000000010
3;0100000001000010000010000000010
4;0100001000000010000010000000010
2;0100000010000010000010000000010
5;0001000010000010000010000001000
4;0001000010000010000000100001000
6;0000100100000010000000100001000
6;1000010000000010000000100001000
6;0010000001000010000000100001000
5;0001001000000010000000100001000
12;0100001000000010001000000001000
12;0000110000000010001000000001000
9;0010000010000010001000000001000
10;0000100010000000101000000001000
8;0000110000000000101000000001000
12;0000110000000010001000000001000
13;0010010000000010001000000001000
11;0001010000000010001000000001000
11;0001000010000010001000000001000
10;0100000010000010001000000001000
13;0100000001000010001000000001000
22;0100000001000010000000010001000
7;0000100001000010000000010001000
20;0010000001000010000000010001000
7;0000100010000010001000000000001
8;0000100010000000101000000000001
7;0000110000000000101000000000001
8;1000010000000000101000000000001
11;0001010000000000101000000000001
12;0001010000000100001000000000001
11;0001000001000100001000000000001
10;0001000010000100001000000000001
15;0001001000000100001000000000001
16;0100001000000100001000000000001
17;1000001000000100001000000000001
18;1000010000000100001000000000001
19;0100010000000100001000000000001
16;0100000001000100001000000000001
21;0100000100000100001000000000001
13;0001000100000100001000000000001
11;1000000100000100001000000000001
9;1000000010000100001000000000001
8;1000000010000100001000001000000
9;1000000001000100001000001000000
13;1000010000000100001000001000000
8;0000110000000100001000001000000
21;0000100010000100001000001000000
9;0001000010000100001000001000000
7;0001001000000100001000001000000
4;0001001000000010000100001000000
6;1000001000000010000100001000000
5;0100001000000010000100001000000
5;0100010000000010000100001000000
4;0001010000000010000100001000000
4;0001000001000010000100001000000
5;1000000001000010000100001000000
4;0010000100010000000010001000000
5;1000000100010000000010001000000
4;0000100100010000000010001000000
4;0000110000010000000010001000000
5;0000100001010000000010001000000
4;0010000001010000000010001000000
8;0010010000010000000010001000000
4;0001010000010000000010001000000
4;0001000001010000000010001000000
6;0001000010010000000010001000000
6;1000000010010000000010001000000
7;1000010000010000000010001000000
4;1000000001010000000010001000000
6;0001000100000000100000010010000
7;0000100100000000100000010010000
8;0000100010000000100000010010000
9;0010000010000000100000010010000
10;0010000100000000100000010010000
10;0010000100001000000000010010000
10;0010010000001000000000010010000
13;0100010000001000000000010010000
9;0001010000001000000000010010000
7;0001000100001000000000010010000
10;0100000100001000000000010010000
17;0100000100001000001000000010000
18;0000100100001000001000000010000
14;1000000100001000001000000010000
20;1000010000001000001000000010000
21;1000001000001000001000000010000
22;0000101000001000001000000010000
23;0010001000001000001000000010000
24;0010000010001000001000000010000
25;0010000001001000001000000010000
26;0010010000001000001000000010000
27;0000110000001000001000000010000
27;0100010000001000001000000010000
29;0100000001001000001000000010000
30;0100000010001000001000000010000
31;0000100010001000001000000010000
6;0010001000100000000010000000010
7;0010000010100000000010000000010
8;0010000010100000000010000001000
9;0010010000100000000010000001000
10;0000110000100000000010000001000
11;0100010000100000000010000001000
12;0100000001100000000010000001000
13;0000100001100000000010000001000
9;0010000001100000000010000001000
10;0001000001100000000010000001000
16;0001001000100000000010000001000
9;0001001000100000000010000000001
6;0000101000100000000010000000001
15;0100001000100000000010000000001
5;0010001000100000000010000000001
8;0010000100100000000010000000001
11;0000100100100000000010000000001
7;0000100100100000000010000000100
13;0000100001100000000010000000100
7;0100000001100000000010000000100
7;0010000001100000000010000000100
27;0001000001100000000010000000100
7;0001010000100000000010000000100
14;0100010000100000000010000000100
9;0010010000100000000010000000100
6;0000110000100000000010000000100
6;0000100001000000100001000000001
7;0000100100000000100001000000001
5;0000100100000010000001000000001
6;0000101000000010000001000000001
9;0000101000000010000001000000100
8;0000100100000010000001000000100
12;0000100100000000100001000000100
12;0000100010000000100001000000100
13;0010000010000000100001000000100
13;0100000010000000100001000000100
14;0001000010000000100001000000100
14;0001000001000000100001000000100
12;0001001000000000100001000000100
19;0001010000000000100001000000100
20;0010010000000000100001000000100
9;0000110000000000100001000000100
10;0000110000000010000001000000100
17;0100010000000010000001000000100
10;0100000100000010000001000000100
10;0100000001000010000001000000100
18;0100000010000010000001000000100
20;0100001000000010000001000000100
8;0010001000000010000001000000100
17;1000001000000010000001000000100
18;1000010000000010000001000000100
31;1000000100000010000001000000100
5;0010010000000010000100000000001
5;0010000001000010000100000000001
8;0000100001000010000100000000001
9;0000100001000001000100000000001
10;0000101000000001000100000000001
11;0000101000000001000100000000100
12;0000100001000001000100000000100
13;0001000001000001000100000000100
14;0010000001000001000100000000100
11;0100000001000001000100000000100
16;0100000010000001000100000000100
13;0000100010000001000100000000100
18;0000100010000100000100000000100
19;0000100010000100000100000000001
20;0100000010000100000100000000001
14;0010000010000100000100000000001
20;0010000010000001000100000000001
22;0100000010000001000100000000001
24;0100000010000001000100000100000
17;0000100010000001000100000100000
26;0000100100000001000100000100000
15;0001000100000001000100000100000
16;0001000100001000000100000100000
26;0100000100001000000100000100000
21;1000000100001000000100000100000
22;1000000010001000000100000100000
6;1000000100000000100000010000010
6;1000000010000000100000010000010
8;1000000010100000000000010000010
9;1000000010100000010000000000010
10;0100000010100000010000000000010
11;0100000100100000010000000000010
12;0100001000100000010000000000010
13;0100000001100000010000000000010
9;1000000001100000010000000000010
15;0001000001100000010000000000010
12;0000100001100000010000000000010
16;0000101000100000010000000000010
18;0000101000100000010000000100000
19;0000100001100000010000000100000
20;0000100010100000010000000100000
21;0001000010100000010000000100000
18;0001001000100000010000000100000
23;0001000100100000010000000100000
23;0001010000100000010000000100000
22;1000010000100000010000000100000
23;1000010000100000000000100100000
13;1000010000000000100000100100000
7;0100010000000000100000100100000
8;0100010000000000110000000100000
30;0100010000010000010000000100000
31;0100000010010000010000000100000
7;0100000010000001001000000000010
8;0100000100000001001000000000010
9;0010000100000001001000000000010
10;0000100100000001001000000000010
11;0000100010000001001000000000010
12;0000100010000001001000000001000
13;0000100010000100001000000001000
14;1000000010000100001000000001000
15;0001000010000100001000000001000
16;0001000100000100001000000001000
17;0001000100000000101000000001000
18;0001000001000000101000000001000
19;0001000001000000101000000000001
19;0001001000000000101000000000001
14;0001000100000000101000000000001
11;0001010000000000101000000000001
16;0010010000000000101000000000001
17;0010000100000000101000000000001
24;1000000100000000101000000000001
8;1000010000000000101000000000001
27;1000000001000000101000000000001
28;1000000010000000101000000000001
8;0000100010000000101000000000001
30;0001000010000000101000000000001
17;0010000010000000101000000000001
6;0000101000000010010000000000001
5;0000100100000010010000000000001
8;0000100100000000110000000000001
7;1000000100000000110000000000001
10;0100000100000000110000000000001
10;0010000100000000110000000000001
8;0001000100000000110000000000001
10;0001000001000000110000000000001
14;0001000001000000110000000001000
15;0001000001000100010000000001000
16;1000000001000100010000000001000
16;1000010000000100010000000001000
18;1000000010000100010000000001000
17;1000000010000100010000000000010
8;1000000010000100000000010000010
13;0100000010000100000000010000010
9;0100000010000100000000010001000
17;0100010000000100000000010001000
18;1000010000000100000000010001000
14;1000001000000100000000010001000
15;1000000010000100000000010001000
14;0000100010000100000000010001000
7;0000100010000100000000010000010
29;0000100010000100000001000000010
30;0010000010000100000001000000010
14;0010000100000100000001000000010
4;0100000010000010000001001000000
5;0100010000000010000001001000000
6;0010010000000010000001001000000
4;0010001000000010000001001000000
8;0001001000000010000001001000000
6;1000001000000010000001001000000
4;1000000100000010000001001000000
7;0010000100000010000001001000000
7;0010000010000010000001001000000
11;0001000010000010000001001000000
9;0001010000000010000001001000000
10;0001000100000010000001001000000
4;0100000100000010000001001000000
10;0100001000000010000001001000000
5;0001001000000001001000001000000
8;0010001000000001001000001000000
6;1000001000000001001000001000000
8;1000001000010000001000001000000
8;0000101000010000001000001000000
9;0000100001010000001000001000000
9;0000100010010000001000001000000
11;0100000010010000001000001000000
15;1000000010010000001000001000000
10;0010000010010000001000001000000
7;0010001000010000001000001000000
18;0010000100010000001000001000000
13;1000000100010000001000001000000
20;1000000100010000001000000000001
19;1000000010010000001000000000001
16;0000100010010000001000000000001
23;0000100010010000001000000000100
22;0010000010010000001000000000100
21;0100000010010000001000000000100
26;0100000010000000101000000000100
27;0010000010000000101000000000100
14;0010000001000000101000000000100
25;1000000001000000101000000000100
22;1000000010000000101000000000100
16;1000000100000000101000000000100
6;0100000001000010010000000000010
6;0100000010000010010000000000010
6;0000100100000010010000000000010
8;0100000100000010010000000010000
7;0010000100000010010000000000001
6;0010001000000010010000000000001
10;0010001000000010010000000010000
9;0010000001000010010000000010000
11;0001000001000010010000000010000
8;1000000001000010010000000010000
15;0000100001000010010000000010000
7;0000100100000010010000000010000
8;0100000100000010010000000010000
9;0100010000000010010000000010000
17;0100000010000010010000000010000
18;0001000010000010010000000010000
7;0001010000000010010000000010000
10;0001001000000010010000000010000
12;0000101000000010010000000010000
16;0000100010000010010000000010000
13;1000000010000010010000000010000
14;0010000010000010010000000010000
6;0010010000000010010000000010000
19;0000110000000010010000000010000
7;1000010000000010010000000010000
11;1000001000000010010000000010000
7;0001010000000010010000000010000
8;1000000001000010010000000010000
7;0010000001000010010000000000001
7;0010000100000010010000000000001
6;0010001000000010010000000000001
6;0000101000000010010000000000001
6;0100001000000010010000000000001
12;0001001000000010010000000000001
9;0001000001000010010000000000001
8;0001000001000001010000000000001
7;0001000100000001010000000000001
18;0001010000000001010000000000001
17;0001010000000001010000000001000
9;0001000001000001010000000001000
15;0100000001000001010000000001000
20;0100001000000001010000000001000
21;0000101000000001010000000001000
24;0000101000010000010000000001000
25;0000100001010000010000000001000
26;0000100010010000010000000001000
27;0000110000010000010000000001000
18;0000110000010000000000100001000
9;0000100010010000000000100001000
10;1000000010010000000000100001000
11;0010000010010000000000100001000
6;0001000010010000000010001000000
7;0010000010010000000010001000000
4;0010000001010000000010001000000
4;0001000001010000000010001000000
5;0000100001010000000010001000000
4;0000100100010000000010001000000
4;0010000100010000000010001000000
8;0010010000010000000010001000000
4;0001010000010000000010001000000
7;1000010000010000000010001000000
4;0000110000010000000010001000000
7;0000100001001000000010001000000
4;0001000001001000000010001000000
7;0100000001001000000010001000000
7;0100001000001000000010001000000
4;0100010000001000000010001000000
12;0001010000001000000010001000000
4;1000010000001000000010001000000
4;0000110000001000000010001000000
7;0000101000001000000010001000000
8;1000001000001000000010001000000
4;1000000010001000000010001000000
6;0100010000000000100001000000010
7;0010010000000000100001000000010
8;1000010000000000100001000000010
9;1000000010000000100001000000010
10;0010000010000000100001000000010
11;0010000010001000000001000000010
11;1000000010001000000001000000010
13;1000001000001000000001000000010
14;1000000100001000000001000000010
15;1000000100000001000001000000010
16;1000001000000001000001000000010
17;0000101000000001000001000000010
18;0001001000000001000001000000010
11;0001010000000001000001000000010
19;0001000010000001000001000000010
21;0001000100000001000001000000010
22;0001000100001000000001000000010
14;0001000010001000000001000000010
24;0001000010001000000001000001000
25;0010000010001000000001000001000
26;0010000010000000100001000001000
13;1000000010000000100001000001000
14;1000000100000000100001000001000
26;1000001000000000100001000001000
29;0100001000000000100001000001000
17;0010001000000000100001000001000
4;0001000001000010000100001000000
5;1000000001000010000100001000000
6;1000001000000010000100001000000
4;0001001000000010000100001000000
4;0001010000000010000100001000000
5;0100010000000010000100001000000
5;0100001000000010000100001000000
5;1000000100000010001000001000000
4;0010000100000010001000001000000
5;1000000001000010000000100000010
5;0000100010000010000000100000010
6;0000101000000010000000100000010
7;0001001000000010000000100100000
6;0001000001000010000000100100000
6;0010000100000010000000100100000
12;0000100100000010000100000100000
11;0010000001000010000100000100000
14;0000110000000010000100000100000
6;0100010000000010000100000000001
8;0100000001000010000100000000001
17;0100000010000010000100000000001
7;0010000010000010000100000000001
5;0010010000000010000100000000001
6;0010001000000010000100000000001
7;0010001000000010000100000010000
22;0100001000000010000100000010000
7;0100000100000010000100000010000
5;0100000100000010000100000000010
7;0100000100000010000000100000010
6;0010000100000010000000100000010
3;0010000010000010000000100000010
3;0010010000000010000000100000010
4;0010001000000010000000100000010
5;0010001000000010000000100100000
7;0001001000000010000000100100000
6;0001001000000010000000100000100
6;0010000001000010000000100000100
6;0000100001000010000001000000100
7;0000100001000000100001000000100
9;0010000001000000100001000000100
11;0010000001001000000001000000100
12;0010000010001000000001000000100
13;0010000010000000100001000000100
12;0000100010000000100001000000100
14;0001000010000000100001000000100
16;0001000100000000100001000000100
17;0001000100000100000001000000100
18;0000100100000100000001000000100
19;0000110000000100000001000000100
20;0100010000000100000001000000100
21;0001010000000100000001000000100
19;0001010000000000100001000000100
12;0001001000000000100001000000100
17;1000001000000000100001000000100
16;1000000100000000100001000000100
26;1000000100100000000001000000100
27;0010000100100000000001000000100
28;0100000100100000000001000000100
24;0001000100100000000001000000100
23;0001001000100000000001000000100
22;0010001000100000000001000000100
6;0001000100000100000000010000010
7;0001000100000100000000010010000
8;0001000001000100000000010010000
9;0001000001000000100000010010000
9;0001000010000000100000010010000
8;0001001000000000100000010010000
6;0001000100000000100000010010000
13;1000000100000000100000010010000
14;1000000100000000110000000010000
15;0001000100000000110000000010000
15;0001000010000000110000000010000
12;0001000001000000110000000010000
18;0000100001000000110000000010000
19;0000100010000000110000000010000
20;0000110000000000110000000010000
19;0000110000000010010000000010000
7;0001010000000010010000000010000
7;1000010000000010010000000010000
11;1000001000000010010000000010000
8;1000000001000010010000000010000
13;1000000010000010010000000010000
16;0000100010000010010000000010000
12;0000101000000010010000000010000
7;0000100100000010010000000010000
18;0000100100000000110000000010000
24;0010000100000000110000000010000
6;0001000010010000000010001000000
4;0001000001010000000010001000000
4;1000000001010000000010001000000
7;1000010000010000000010001000000
6;1000000010010000000010001000000
7;0010000010010000000010001000000
4;0010000100010000000010001000000
5;1000000100010000000010001000000
4;0000100100010000000010001000000
5;0000100001010000000010001000000
4;0010000001010000000010001000000
8;0010010000010000000010001000000
4;0000110000010000000010001000000
4;0001010000010000000010001000000
7;1000000100001000000000010000010
8;1000000100001000000000010010000
9;1000000100001000010000000010000
10;0100000100001000010000000010000
11;0100000010001000010000000010000
12;0010000010001000010000000010000
13;0010000001001000010000000010000
14;0010001000001000010000000010000
15;0000101000001000010000000010000
16;1000001000001000010000000010000
17;1000010000001000010000000010000
9;1000010000001000000000100010000
19;0010010000001000000000100010000
12;0000110000001000000000100010000
21;0000101000001000000000100010000
18;0001001000001000000000100010000
15;1000001000001000000000100010000
17;1000000100001000000000100010000
17;0001000100001000000000100010000
26;0001000001001000000000100010000
16;0001010000001000000000100010000
15;0001000010001000000000100010000
9;1000000010001000000000100010000
8;0100000010001000000000100010000
25;0100010000001000000000100010000
7;1000001000000100000010000100000
8;1000010000000100000010000100000
8;1000000100000100000010000100000
10;0010000100000100000010000100000
10;0010000010000100000010000100000
10;0010010000000100000010000100000
8;0010001000000100000010000100000
14;0100001000000100000010000100000
7;0100001000000100000010000000001
7;0100000100000100000010000000001
6;0100000001000100000010000000001
7;0000100001000100000010000000001
8;0000101000000100000010000000001
5;0001001000000100000010000000001
7;0001000001000100000010000000001
18;0001000001000100000000010000001
23;0001000001000100000000010001000
11;0001001000000100000000010001000
12;0001001000000100000010000001000
14;0000101000000100000010000001000
15;1000001000000100000010000001000
16;1000000010000100000010000001000
29;1000010000000100000010000001000
6;0001010000000100000010000001000
9;0001010000000100000000010001000
4;0000110000010000000010001000000
5;0000100001010000000010001000000
4;0001000001010000000010001000000
6;0001000010010000000010001000000
6;1000000010010000000010001000000
7;0010000010010000000010001000000
8;0010010000010000000010001000000
4;0001010000010000000010001000000
7;1000010000010000000010001000000
4;1000000001010000000010001000000
5;1000000100010000000010001000000
4;0000100100010000000010001000000
4;0010000100010000000010001000000
4;0010000001010000000010001000000
6;0100001000000010000000100010000
7;1000001000000010000000100010000
7;1000000100000010000000100010000
8;1000000100000010000100000010000
10;1000000010000010000100000010000
11;0100000010000010000100000010000
11;0100000001000010000100000010000
7;0010000001000010000100000010000
12;0010000010000010000100000010000
8;0010010000000010000100000010000
7;0010001000000010000100000010000
8;0010001000000010000000010010000
6;0100001000000010000000010010000
19;0100000001000010000000010010000
11;0100000001000010001000000010000
16;0000100001000010001000000010000
7;0000101000000010001000000010000
9;0000100010000010001000000010000
11;0100000010000010001000000010000
10;0100001000000010001000000010000
12;0100010000000010001000000010000
11;0000110000000010001000000010000
13;0001010000000010001000000010000
10;0001000010000010001000000010000
8;0010000010000010001000000010000
6;0010000010000010001000000000001
6;0001000001010000000010000000001
6;0001000010010000000010000000001
9;0000100010010000000010000000001
7;0000100010010000000010000000100
8;0000100010010000000000100000100
12;0000100100010000000000100000100
13;1000000100010000000000100000100
10;0001000100010000000000100000100
11;0010000100010000000000100000100
16;0010001000010000000000100000100
17;0010001000010000001000000000100
18;0000101000010000001000000000100
19;0000100001010000001000000000100
14;0000100001010000001000000000001
18;0001000001010000001000000000001
21;1000000001010000001000000000001
10;1000010000010000001000000000001
19;1000000010010000001000000000001
18;0100000010010000001000000000001
12;0100001000010000001000000000001
17;0010001000010000001000000000001
23;0010000001010000001000000000001
21;0010000100010000001000000000001
20;1000000100010000001000000000001
19;0001000100010000001000000000001
7;0001000010010000000000100000010
8;0000100010010000000000100000010
9;0000101000010000000000100000010
10;0000101000010000001000000000010
11;0000100100010000001000000000010
12;0000100100010000001000000010000
13;0000110000010000001000000010000
14;0001010000010000001000000010000
15;0001001000010000001000000010000
16;0001000001010000001000000010000
17;0001000010010000001000000010000
18;1000000010010000001000000010000
19;0000100010010000001000000010000
20;0000100001010000001000000010000
21;0100000001010000001000000010000
22;0100010000010000001000000010000
23;0100001000010000001000000010000
24;1000001000010000001000000010000
25;1000010000010000001000000010000
26;0010010000010000001000000010000
27;0010001000010000001000000010000
28;0010000010010000001000000010000
29;0010000100010000001000000010000
30;0001000100010000001000000010000
31;1000000100010000001000000010000
7;0100010000100000000010000010000
8;0100001000100000000010000010000
9;0000101000100000000010000010000
8;0000100010100000000010000010000
10;0010000010100000000010000010000
7;0010000010100000000010000000001
5;0001000010100000000010000000001
6;0100000010100000000010000000001
6;0100000100100000000010000000001
8;0001000100100000000010000000001
9;0001001000100000000010000000001
6;0001000001100000000010000000001
10;0001000001100000000010000001000
13;0000100001100000000010000001000
14;0000101000100000000010000001000
9;0000100100100000000010000001000
19;0010000100100000000010000001000
17;0100000100100000000010000001000
10;1000000100100000000010000001000
11;1000000001100000000010000001000
9;0010000001100000000010000001000
9;0010010000100000000010000001000
12;1000010000100000000010000001000
7;1000001000100000000010000001000
15;0100001000100000000010000001000
7;0010000010010000000010000001000
8;0001000010010000000010000001000
9;0001000010010000000000010001000
8;0001010000010000000000010001000
11;0001001000010000000000010001000
8;0010001000010000000000010001000
13;0000101000010000000000010001000
12;0100001000010000000000010001000
15;0100000001010000000000010001000
12;0100000010010000000000010001000
13;1000000010010000000000010001000
11;1000001000010000000000010001000
19;1000000100010000000000010001000
20;1000010000010000000000010001000
9;0000110000010000000000010001000
22;0000100100010000000000010001000
23;0000100100010000000001000001000
19;0100000100010000000001000001000
23;0001000100010000000001000001000
24;0001010000010000000001000001000
27;0001000010010000000001000001000
25;0001001000010000000001000001000
26;0001001000010000000001000000001
25;0000101000010000000001000000001
26;0000101000010000000000010000001
6;1000010000001000000000101000000
6;1000000001001000000000101000000
6;1000001000001000000000101000000
7;1000000100001000000000101000000
10;1000000100001000000100001000000
7;0001000100001000000100001000000
12;0001000010001000000100001000000
12;0010000010001000000100001000000
9;0010010000001000000100001000000
6;0010001000001000000100001000000
8;0010001000000000100100001000000
6;0001001000000000100100001000000
7;0100001000000000100100001000000
8;0100001000010000000100001000000
7;1000001000010000000100001000000
6;0010001000010000000100001000000
7;0000101000010000000100001000000
7;0000100100010000000100001000000
8;0000100010010000000100001000000
14;0000110000010000000100001000000
18;0010010000010000000100001000000
23;0001010000010000000100001000000
9;0001001000010000000100001000000
10;0001000010010000000100001000000
13;1000000010010000000100001000000
13;1000010000010000000100001000000
7;0000101000000001000001000000001
6;0000100001000001000001000000001
6;0001000001000001000001000000001
8;0001000010000001000001000000001
11;0001001000000001000001000000001
9;0001010000000001000001000000001
8;1000010000000001000001000000001
14;1000010000100000000001000000001
10;0001010000100000000001000000001
16;0001001000100000000001000000001
14;1000001000100000000001000000001
16;1000000010100000000001000000001
19;0001000010100000000001000000001
17;0000100010100000000001000000001
14;0000110000100000000001000000001
11;0100010000100000000001000000001
12;0100010000100000000001000100000
9;0100010000000001000001000100000
10;0001010000000001000001000100000
25;0010010000000001000001000100000
27;0010000100000001000001000100000
20;0010000001000001000001000100000
7;0100000001000001000001000100000
19;0001000001000001000001000100000
18;0001000001000010000001000100000
6;0000101000001000000010000000010
6;1000001000001000000010000000010
6;0100001000001000000010000000010
9;0100000100001000000010000000010
10;1000000100001000000010000000010
9;1000000001001000000010000000010
9;1000000001001000000010000000100
13;0010000001001000000010000000100
11;0010000100001000000010000000100
7;0100000100001000000010000000100
13;0100000010001000000010000000100
9;0001000010001000000010000000100
16;0001000010001000000000100000100
13;0100000010001000000000100000100
20;0100010000001000000000100000100
17;0100001000001000000000100000100
22;0100001000001000001000000000100
13;0001001000001000001000000000100
21;1000001000001000001000000000100
25;1000000100001000001000000000100
20;1000010000001000001000000000100
27;0100010000001000001000000000100
14;0001010000001000001000000000100
19;0001000010001000001000000000100
16;0001000001001000001000000000100
24;0000100001001000001000000000100
6;0000110000000010001000000000001
5;0001001000000010001000000000001
5;1000010000000010001000000000001
4;1000000010000010001000001000000
4;0010000100000010001000001000000
5;0100010000000010001000001000000
4;0001000100000010001000001000000
6;0000110000000010001000001000000
5;0000100010000000101000001000000
10;0100000001000000101000001000000
6;0001010000000000101000001000000
6;0010000010000000101000001000000
19;0010010000000000101000000000010
20;0010000100000000101000000000010
9;0001000100000000101000000000010
8;0100000100000000101000000000010
23;0100000100000000101000000010000
18;0010000100000000101000000010000
25;0010010000000000101000000010000
26;0010010000001000001000000010000
27;0100010000001000001000000010000
13;0100010000001000000000010010000
12;0100001000001000000000010010000
30;1000001000001000000000010010000
13;0000101000001000000000010010000
6;0000100001000100000000011000000
7;1000000001000100000000011000000
8;0010000001000100000000011000000
9;0010010000000100000000011000000
10;0010010000000100000100001000000
10;0010000100000100000100001000000
8;0000100100000100000100001000000
7;1000000100000100000100001000000
6;1000000100000100000000101000000
7;1000000100000100000000100000001
7;0010000100000100000000100000001
8;0000100100000100000000100000001
14;0000100100000100000000100000100
19;0000110000000100000000100000100
7;0000110000000100000000100000001
10;0001010000000100000000100000001
8;0100010000000100000000100000001
7;1000010000000100000000100000001
8;0010010000000100000000100000001
23;0010010000000100000000100010000
18;1000010000000100000000100010000
19;1000000001000100000000100010000
11;0001000001000100000000100010000
29;0001001000000100000000100010000
13;0000101000000100000000100010000
24;1000001000000100000000100010000
5;0100000010000001000010000000010
5;0100000010000001000000100000010
9;0010000010000001000000100000010
10;0001000010000001000000100000010
9;0001010000000001000000100000010
8;0001010000000001010000000000010
8;0001001000000001010000000000010
7;0001000001000001010000000000010
7;0010000001000001010000000000010
8;0100000001000001010000000000010
17;0100000001000001010000000000100
18;0010000001000001010000000000100
19;0010001000000001010000000000100
20;0001001000000001010000000000100
17;0001000010000001010000000000100
22;0001000010000100010000000000100
15;0100000010000100010000000000100
16;1000000010000100010000000000100
25;1000000001000100010000000000100
24;0100000001000100010000000000100
23;0010000001000100010000000000100
28;0001000001000100010000000000100
29;0001010000000100010000000000100
30;1000010000000100010000000000100
24;1000010000000100000000010000100
7;1000000001000010000001000100000
8;0000100001000010000001000100000
9;0000100100000010000001000100000
10;0010000100000010000001000100000
11;1000000100000010000001000100000
8;0100000100000010000001000100000
13;0001000100000010000001000100000
14;0001010000000010000001000100000
12;0010010000000010000001000100000
16;0000110000000010000001000100000
17;0000110000000000100001000100000
12;0000100001000000100001000100000
11;0001000001000000100001000100000
9;0001001000000000100001000100000
21;0001000100000000100001000100000
22;0001000010000000100001000100000
23;0001010000000000100001000100000
18;0001010000000100000001000100000
23;0100010000000100000001000100000
17;1000010000000100000001000100000
27;0010010000000100000001000100000
22;0010001000000100000001000100000
20;0000101000000100000001000100000
15;0000100001000100000001000100000
31;0000100001000100000000100100000
6;0100000100000100000010000000010
7;0100000001000100000010000000010
6;0100000010000100000010000000010
5;0100000010000001000010000000010
5;0100000010000001000000100000010
5;0000100010000001000000100000010
10;0001000010000001000000100000010
13;1000000010000001000000100000010
9;0010000010000001000000100000010
5;0010000001000001000000100000010
9;0000100001000001000000100000010
17;0000100001000001000001000000010
18;0000100001000001000001000000100
11;0000100001000001000000100000100
12;0100000001000001000000100000100
13;0100001000000001000000100000100
10;0100000010000001000000100000100
15;0100000100000001000000100000100
22;0001000100000001000000100000100
13;0001000100000001000100000000100
21;0001000100001000000100000000100
27;0001000010001000000100000000100
28;1000000010001000000100000000100
29;1000000001001000000100000000100
14;0010000001001000000100000000100
13;0010000001001000000100000000010
6;0010000010000000100010000010000
6;0100000010000000100010000010000
6;0100000100010000000010000010000
10;0001000001010000000010000010000
10;0000101000010000000010000010000
6;0000100100010000000010000000010
7;1000000100010000000010000000010
6;1000000001010000000010000000010
9;0001000001010000000010000000010
7;0001000100010000000010000000010
8;0001000100010000000000010000010
8;0001010000010000000000010000010
13;1000010000010000000000010000010
11;1000001000010000000000010000010
9;0001001000010000000000010000010
21;0100001000010000000000010000010
21;0010001000010000000000010000010
9;0010000100010000000000010000010
13;0010000010010000000000010000010
13;0000100010010000000000010000010
12;0001000010010000000000010000010
28;1000000010010000000000010000010
25;0100000010010000000000010000010
11;0100000010010000001000000000010
26;0100000100010000001000000000010
7;0000101000000001000000101000000
4;0000110000000001000000101000000
8;0000110000000001010000001000000
6;0000100010000001010000001000000
7;0000100100000001010000001000000
12;0000100100001000010000001000000
11;0000101000001000010000001000000
14;0000100010001000010000001000000
15;0000110000001000010000001000000
7;0100010000001000010000001000000
17;0100001000001000010000001000000
10;1000001000001000010000001000000
19;1000000010001000010000001000000
15;1000000001001000010000001000000
9;1000000100001000010000001000000
22;1000000100001000010000000000001
23;1000000010001000010000000000001
24;0100000010001000010000000000001
25;0100000010001000010000000100000
26;0010000010001000010000000100000
27;0001000010001000010000000100000
22;0001010000001000010000000100000
29;0001000100001000010000000100000
10;0001000100000001010000000100000
12;0010000100000001010000000100000
6;0001010000000010010000000001000
7;0001000001000010010000000001000
6;0001000010000010010000000001000
9;0001000100000010010000000001000
9;0010000100000010010000000001000
10;0100000100000010010000000001000
12;0100001000000010010000000001000
8;0100000010000010010000000001000
7;0010000010000010010000000001000
10;0010001000000010010000000001000
12;0000101000000010010000000001000
7;0000100010000010010000000001000
10;0000100010000000110000000001000
15;0000101000000000110000000001000
15;0010001000000000110000000001000
13;0001001000000000110000000001000
13;0001000100000000110000000001000
14;0010000100000000110000000001000
18;0010000010000000110000000001000
9;1000000010000000110000000001000
16;1000010000000000110000000001000
12;1000000100000000110000000001000
11;0000100100000000110000000001000
15;0100000100000000110000000001000
16;0100001000000000110000000001000
17;0100000001000000110000000001000
4;1000001000000100000010001000000
4;1000000100000100000010001000000
4;0010000100000100000010001000000
4;0100000100000100000010001000000
4;0100000001000100000010001000000
9;1000000001000100000010001000000
5;0000100001000100000010001000000
6;0000101000000100000010001000000
7;0100001000000100000010001000000
7;0010001000000100000010001000000
4;0010000001000100000010001000000
5;0001000100000000100010000000001
4;0100000100000000100010000000001
6;0010000001001000000000011000000
7;0010000001000000100000011000000
7;0100000001000000100000011000000
4;0100001000000000100000011000000
10;1000001000000000100000011000000
8;1000001000000000100000010000001
7;1000010000000000100000010000001
13;0010010000000000100000010000001
10;0010000100000000100000010000001
9;0100000100000000100000010000001
16;0100000100010000000000010000001
15;0100000100010000000000010100000
8;0100001000010000000000010100000
19;0100000001010000000000010100000
20;0010000001010000000000010100000
12;0010001000010000000000010100000
22;0000101000010000000000010100000
9;0000101000010000000000010000010
13;0000100010010000000000010000010
25;0100000010010000000000010000010
11;0100000010010000001000000000010
12;0010000010010000001000000000010
28;0000100010010000001000000000010
23;0000100001010000001000000000010
22;0010000001010000001000000000010
19;0001000001010000001000000000010
7;0000100010100000000001001000000
8;0001000010100000000001001000000
9;0010000010100000000001001000000
10;0010000100100000000001001000000
11;0000100100100000000001001000000
12;0000101000100000000001001000000
13;0010001000100000000001001000000
14;0100001000100000000001001000000
10;0100000001100000000001001000000
16;0100000100100000000001001000000
17;1000000100100000000001001000000
13;1000000100100000000001000000001
14;1000001000100000000001000000001
9;1000000001100000000001000000001
6;1000000001000000100001000000001
15;1000000010000000100001000000001
7;1000001000000000100001000000001
24;0100001000000000100001000000001
15;0100000100000000100001000000001
13;0001000100000000100001000000001
12;0010000100000000100001000000001
14;1000000100000000100001000000001
14;1000010000000000100001000000001
7;1000010000000000100001001000000
6;1000000010000000100001001000000
7;0001001000001000001000001000000
8;0001000100001000001000001000000
8;0000100100001000001000001000000
9;0000100001001000001000001000000
11;1000000001001000001000001000000
8;1000000010001000001000001000000
9;0001000010001000001000001000000
10;0001000001001000001000001000000
11;0100000001001000001000001000000
7;0100001000001000001000001000000
14;1000001000001000001000001000000
7;0000101000001000001000001000000
9;0000110000001000001000001000000
10;1000010000001000001000001000000
10;0010010000001000001000001000000
10;0010000001001000001000001000000
7;0010000100001000001000001000000
9;1000000100001000001000001000000
8;1000000100000001001000001000000
6;0010000100000001001000001000000
8;0010000010000001001000001000000
8;0010010000000001001000001000000
9;0010010000000001001000000000010
10;0010000001000001001000000000010
11;0001000001000001001000000000010
6;1000001000100000000010001000000
6;0100001000100000000010001000000
8;0100000001100000000010001000000
4;0010000001100000000010001000000
6;0010000100100000000010001000000
4;0000100100100000000010001000000
8;0000100001100000000010001000000
7;0000101000100000000010001000000
4;0010001000100000000010001000000
5;0010000010100000000010001000000
6;0001000010100000000010001000000
7;0100000010100000000010001000000
4;0100000100100000000010001000000
5;0001000100100000000010001000000
4;0001000001100000000010001000000
4;1000010000000010000010000001000
4;0100010000000010000010000001000
6;0100000100000010000010000001000
7;1000000100000010000010000001000
7;1000001000000010000010000001000
6;0001001000000010000010000001000
8;0100001000000010000010000001000
7;0010001000000010000010000001000
7;0010000100000010000010000001000
6;0010000001000010000010000001000
4;1000000001000010000010000001000
4;0000100100000001000000101000000
5;0000100100000001000100001000000
6;0000110000000001000100001000000
7;0000110000100000000100001000000
7;0001010000100000000100001000000
8;0001000010100000000100001000000
10;0001000001100000000100001000000
11;0100000001100000000100001000000
9;0100010000100000000100001000000
7;0100000100100000000100001000000
14;0100001000100000000100001000000
15;0000101000100000000100001000000
15;0000100010100000000100001000000
14;1000000010100000000100001000000
15;1000000010100000000100000000001
17;0010000010100000000100000000001
20;0100000010100000000100000000001
21;0100000001100000000100000000001
22;0100010000100000000100000000001
9;0100010000000001000100000000001
24;0100000100000001000100000000001
25;0100000100001000000100000000001
26;0100000100001000000100000100000
21;1000000100001000000100000100000
15;0010000100001000000100000100000
14;0010000100001000000000100100000
22;1000000100001000000000100100000
30;1000000010001000000000100100000
7;0010000010000000100010000000100
8;0010000010001000000010000000100
9;0001000010001000000010000000100
10;0001000010001000000000010000100
11;0001000001001000000000010000100
12;0010000001001000000000010000100
13;0000100001001000000000010000100
14;0000100001001000000000010000001
15;0010000001001000000000010000001
9;0010000100001000000000010000001
7;0100000100001000000000010000001
9;0100000010001000000000010000001
9;0001000010001000000000010000001
20;0001000010001000000010000000001
6;0001010000001000000010000000001
22;0001010000001000000000010000001
7;0001001000001000000000010000001
13;0001000001001000000000010000001
15;0100000001001000000000010000001
18;0100000001001000000000010100000
17;0100000010001000000000010100000
26;0001000010001000000000010100000
12;0010000010001000000000010100000
30;0010000001001000000000010100000
31;0010001000001000000000010100000
7;1000000010000010010000000000100
8;0000100010000010010000000000100
9;0100000010000010010000000000100
10;0001000010000010010000000000100
11;0001000001000010010000000000100
10;0001000100000010010000000000100
7;1000000100000010010000000000100
7;1000010000000010010000000000100
11;0010010000000010010000000000100
9;0010010000000010000000100000100
6;1000010000000010000000100000100
7;0100010000000010000000100000100
8;0100000100000010000000100000100
14;1000000100000010000000100000100
7;0001000100000010000000100000100
10;0001000100000010000100000000100
10;0000100100000010000100000000100
7;0000100001000010000100000000100
9;0000100010000010000100000000100
11;0100000010000010000100000000100
12;0100010000000010000100000000100
8;0100000001000010000100000000100
15;0100001000000010000100000000100
7;0010001000000010000100000000100
9;0010010000000010000100000000100
6;0100010000000000101000001000000
7;1000010000000000101000001000000
7;1000000001000000101000001000000
8;1000000010000000101000001000000
9;1000000010100000001000001000000
11;0010000010100000001000001000000
12;0010000100100000001000001000000
8;0010001000100000001000001000000
7;0000101000100000001000001000000
7;0000110000100000001000001000000
16;0000100010100000001000001000000
17;0000100001100000001000001000000
11;0001000001100000001000001000000
11;0100000001100000001000001000000
8;0100001000100000001000001000000
9;0100000100100000001000001000000
6;0100000100100000000000011000000
13;0010000100100000000000011000000
13;0010000010100000000000011000000
8;0010000001100000000000011000000
12;0010000001100000000100001000000
24;0000100001100000000100001000000
7;0000100100100000000100001000000
10;0001000100100000000100001000000
7;0001010000100000000100001000000
6;0010010000100000000100001000000
5;0010001000000000100010000000001
6;0010001000000000100010000010000
7;1000001000000000100010000010000
7;1000010000000000100010000010000
11;1000010000100000000010000010000
12;0010010000100000000010000010000
10;0010000010100000000010000010000
9;0001000010100000000010000010000
9;0001000010100000000000100010000
16;0100000010100000000000100010000
11;0010000010100000000000100010000
8;1000000010100000000000100010000
11;1000000001100000000000100010000
20;1000000100100000000000100010000
20;1000001000100000000000100010000
22;0001001000100000000000100010000
23;0001000100100000000000100010000
24;0010000100100000000000100010000
9;0100000100100000000000100010000
20;0100010000100000000000100010000
19;0100000001100000000000100010000
28;0100000001100000000001000010000
28;0100010000100000000001000010000
27;0100000100100000000001000010000
31;1000000100100000000001000010000
7;0000110000000000100000010001000
8;1000001000000000100000010001000
6;1000000010000000100000010000010
7;1000000010000000100000010001000
11;0100000010000000100000010001000
12;0100000010010000000000010001000
13;1000000010010000000000010001000
14;1000000001010000000000010001000
11;1000001000010000000000010001000
11;0001001000010000000000010001000
12;0100001000010000000000010001000
13;0000101000010000000000010001000
8;0010001000010000000000010001000
14;0010000010010000000000010001000
12;0010000010010000000100000001000
12;0001000010010000000100000001000
17;0001000001010000000100000001000
24;0100000001010000000100000001000
25;0000100001010000000100000001000
21;0000110000010000000100000001000
22;0000100100010000000100000001000
25;0000100100010000000000100001000
29;0010000100010000000000100001000
18;1000000100010000000000100001000
10;1000000010010000000000100001000
4;0000100100000010000000010000001
4;0100000100000010000000010000001
5;0010000100000010000000010000001
4;0010001000000010000000010000001
5;0000101000000010000000010000001
12;0000101000000000100000010000001
7;0000100001000000100000010000001
5;0000100100000000100000010000001
5;0001000100000000100000010000001
16;0001000001000000100000010000001
8;0001010000000000100000010000001
7;1000010000000000100000010000001
14;0100010000000000100000010000001
16;0100010000000000100000010100000
16;0100010000010000000000010100000
19;0100010000010000001000000100000
22;1000010000010000001000000100000
17;1000001000010000001000000100000
25;1000000001010000001000000100000
26;0100000001010000001000000100000
21;0001000001010000001000000100000
24;0000100001010000001000000100000
29;0000101000010000001000000100000
30;0000101000000001001000000100000
18;0100001000000001001000000100000
4;0000100100000100000010001000000
4;0010000100000100000010001000000
4;0010000001000100000010001000000
5;0000100001000100000010001000000
6;0000101000000100000010001000000
7;0100001000000100000010001000000
4;0100000100000100000010001000000
4;1000000100000100000010001000000
4;1000001000000100000010001000000
7;0010001000000100000010001000000
7;0000100010000000110000000000001
8;0000100001000000110000000000001
9;1000000001000000110000000000001
10;0010000001000000110000000000001
10;0001000001000000110000000000001
12;0001010000000000110000000000001
8;0100010000000000110000000000001
10;0100000100000000110000000000001
10;0010000100000000110000000000001
16;0010000100001000010000000000001
17;0010000001001000010000000000001
18;0001000001001000010000000000001
18;0001000100001000010000000000001
20;0001000100001000010000000001000
21;0001000010001000010000000001000
22;0010000010001000010000000001000
23;0010000100001000010000000001000
24;0010000001001000010000000001000
25;0010000001000000110000000001000
14;0010000100000000110000000001000
17;0010010000000000110000000001000
18;0010000010000000110000000001000
27;0001000010000000110000000001000
13;0001001000000000110000000001000
13;0001000100000000110000000001000
5;0010000010000010000000010010000
6;0100000010000010000000010010000
7;0000100010000010000000010010000
6;0000110000000010000000010010000
9;0000100001000010000000010010000
10;0000100001000010000001000010000
11;0001000001000010000001000010000
8;0001000100000010000001000010000
13;0100000100000010000001000010000
7;0010000100000010000001000010000
9;0010001000000010000001000010000
13;0100001000000010000001000010000
14;0001001000000010000001000010000
11;1000001000000010000001000010000
13;1000010000000010000001000010000
15;0100010000000010000001000010000
15;0001010000000010000001000010000
14;0010010000000010000001000010000
9;0010000001000010000001000010000
11;0010000010000010000001000010000
20;0100000010000010000001000010000
13;0001000010000010000001000010000
11;1000000010000010000001000010000
10;1000000100000010000001000010000
6;0000100100000010000001000010000
19;0000110000000010000001000010000
7;0000100010000010000001000010000
4;0000100100000001000000101000000
4;0000110000000001000000101000000
6;0100010000000001000000101000000
6;0100010000000001010000001000000
6;0100000010000001010000001000000
8;0010000010000001010000001000000
10;0010000100000001010000001000000
6;0010010000000001010000001000000
5;0010010000000001000000101000000
5;0010001000000001000000101000000
7;0000101000000001000000101000000
6;1000000001100000000000011000000
4;1000000001000000100000011000000
8;1000000100000000100000011000000
6;1000000100000000100000010000001
5;1000000010000000100000010000001
7;1000000010100000000000010000001
8;0100000010100000000000010000001
13;0100001000100000000000010000001
14;0100010000100000000000010000001
11;0010010000100000000000010000001
14;0010000010100000000000010000001
17;0010000010100000000100000000001
15;1000000010100000000100000000001
19;0001000010100000000100000000001
20;0001010000100000000100000000001
21;0000110000100000000100000000001
22;0000100010100000000100000000001
20;0100000010100000000100000000001
24;0100000010100000000100000100000
25;0100010000100000000100000100000
26;0000110000100000000100000100000
27;0010010000100000000100000100000
10;0010001000100000000100000100000
29;0010000001100000000100000100000
14;0001000001100000000100000100000
15;1000000001100000000100000100000
7;0000100100000010001000000000001
6;0000110000000010001000000000001
9;0010010000000010001000000000001
6;0001010000000010001000000000001
11;0001010000000010001000000001000
12;0100010000000010001000000001000
13;0010010000000010001000000001000
10;0010000001000010001000000001000
6;0010001000000010001000000001000
16;1000001000000010001000000001000
11;0000101000000010001000000001000
7;0000101000000000101000000001000
11;0100001000000000101000000001000
16;0001001000000000101000000001000
11;0001001000000000100000100001000
22;0001000100000000100000100001000
13;0001010000000000100000100001000
17;1000010000000000100000100001000
24;0010010000000000100000100001000
17;0010010000000000110000000001000
18;0010000010000000110000000001000
28;0100000010000000110000000001000
27;0001000010000000110000000001000
13;0001001000000000110000000001000
31;0001010000000000110000000001000
4;0010000010000010000010000000100
4;0100000010000010000010000000100
#<Time>=0.830811s/900
#<PlanCost>=single integer value
#<State>=Atom at-airplane(plane2, auckland);Atom at-airplane(plane2, brisbane);Atom at-airplane(plane2, melbourne);Atom at-airplane(plane2, perth);Atom at-airplane(plane2, sydney);Atom at-airplane(plane1, auckland);Atom at-airplane(plane1, brisbane);Atom at-airplane(plane1, melbourne);Atom at-airplane(plane1, perth);Atom at-airplane(plane1, sydney);Atom at-person(kevin, auckland);Atom at-person(kevin, brisbane);Atom at-person(kevin, melbourne);Atom at-person(kevin, perth);Atom at-person(kevin, sydney);Atom in-airplane(kevin, plane1);Atom in-airplane(kevin, plane2);Atom at-person(jane, auckland);Atom at-person(jane, brisbane);Atom at-person(jane, melbourne);Atom at-person(jane, perth);Atom at-person(jane, sydney);Atom in-airplane(jane, plane1);Atom in-airplane(jane, plane2);Atom at-person(ian, auckland);Atom at-person(ian, brisbane);Atom at-person(ian, melbourne);Atom at-person(ian, perth);Atom at-person(ian, sydney);Atom in-airplane(ian, plane1);Atom in-airplane(ian, plane2);
4;0100001000000010000010000000100
7;1000001000000010000010000000100
4;0000101000000010000010000000100
5;0000100100000010000010000000100
6;0100000100000010000010000000100
4;0100010000000010000010000000100
5;0010010000000010000010000000100
6;1000010000000010000010000000100
4;1000000100000010000010000000100
5;1000000010000010000010000000100
6;1000000010100000000000011000000
7;1000000010100000000000010000001
8;0100000010100000000000010000001
9;0100000010100000000000010100000
10;0100000010100000001000000100000
11;0100010000100000001000000100000
12;0010010000100000001000000100000
13;0010000001100000001000000100000
14;0000100001100000001000000100000
15;0100000001100000001000000100000
16;0100000001100000000000010100000
17;1000000001100000000000010100000
8;1000001000100000000000010100000
19;0001001000100000000000010100000
18;0000101000100000000000010100000
9;0010001000100000000000010100000
16;0010001000100000000000010000010
23;0010000001100000000000010000010
24;0010000001100000000000010000100
25;0010000001100000000100000000100
26;0010001000100000000100000000100
27;0100001000100000000100000000100
28;0001001000100000000100000000100
29;0000101000100000000100000000100
30;0000100010100000000100000000100
28;0000100100100000000100000000100
7;1000000010000000110000000000010
6;1000000010000000100000010000010
6;0010000010000000100000010000010
10;0010000100000000100000010000010
10;0010000100000000100000010010000
10;0010000100001000000000010010000
9;0010000100001000000000010000001
8;0000100100001000000000010000001
14;0000100001001000000000010000001
16;0000100001001000000001000000001
17;0000100001001000000001000000100
18;0000110000001000000001000000100
19;0010010000001000000001000000100
20;0100010000001000000001000000100
21;1000010000001000000001000000100
22;1000000010001000000001000000100
12;1000000100001000000001000000100
13;0000100100001000000001000000100
14;0001000100001000000001000000100
26;0001000001001000000001000000100
14;0001001000001000000001000000100
13;1000001000001000000001000000100
29;0100001000001000000001000000100
30;0100000010001000000001000000100
31;0100000001001000000001000000100
6;0000100001000010010000000000001
7;0100000001000010010000000000001
7;0010000001000010010000000000001
9;0010000001000010010000000010000
10;0010001000000010010000000010000
10;0001001000000010010000000010000
6;0001000100000010010000000010000
7;0001010000000010010000000010000
11;0001000001000010010000000010000
15;0000100001000010010000000010000
16;0000100010000010010000000010000
17;0100000010000010010000000010000
18;0001000010000010010000000010000
14;0010000010000010010000000010000
6;0010010000000010010000000010000
7;0010000100000010010000000010000
7;0010000100000010010000000000001
8;0100000100000010010000000000001
10;0100000100000010010000000100000
9;0000100100000010010000000100000
8;0000101000000010010000000100000
7;0000110000000010010000000100000
6;0000110000000010000000100100000
8;0000110000000000100000100100000
9;0001010000000000100000100100000
8;0001000010000000100000100100000
6;0001000001100000000010000000001
5;0001000010100000000010000000001
8;0001000100100000000010000000001
8;0010000100100000000010000000001
9;0010000100100000000010000010000
10;0001000100100000000010000010000
12;1000000100100000000010000010000
13;1000000001100000000010000010000
9;0000100001100000000010000010000
8;0000100010100000000010000010000
9;0001000010100000000010000010000
10;0010000010100000000010000010000
10;0010001000100000000010000010000
8;0100001000100000000010000010000
9;0000101000100000000010000010000
21;0001001000100000000010000010000
22;0001001000100000000000010010000
23;0000101000100000000000010010000
24;0000101000100000000001000010000
25;0001001000100000000001000010000
25;0001000100100000000001000010000
27;0100000100100000000001000010000
28;0010000100100000000001000010000
29;0000100100100000000001000010000
28;0000100010100000000001000010000
13;0000100010100000000000010010000
6;1000001000001000000010000000010
7;0001001000001000000010000000010
6;0001000001001000000010000000010
9;0000100001001000000010000000010
6;0000101000001000000010000000010
6;0100001000001000000010000000010
12;0100001000001000000010000100000
13;0100010000001000000010000100000
13;0100000001001000000010000100000
7;0100000010001000000010000100000
14;0000100010001000000010000100000
13;1000000010001000000010000100000
15;0001000010001000000010000100000
9;0001000100001000000010000100000
7;0010000100001000000010000100000
10;0010001000001000000010000100000
21;0010000001001000000010000100000
7;0010010000001000000010000100000
10;0001010000001000000010000100000
22;0001010000001000000000010100000
26;0001000010001000000000010100000
10;0001000001001000000000010100000
19;1000000001001000000000010100000
24;0000100001001000000000010100000
30;0010000001001000000000010100000
19;0010000100001000000000010100000
6;0010010000000010000000100100000
6;0001010000000010000000100100000
6;0000110000000010000000100100000
7;0000110000000010010000000100000
8;0100010000000010010000000100000
7;0100001000000010010000000100000
8;0000101000000010010000000100000
9;0000100100000010010000000100000
13;0000100100000000110000000100000
15;0000100010000000110000000100000
10;0000100010000010010000000100000
8;0100000010000010010000000100000
9;0010000010000010010000000100000
7;1000000010000010010000000100000
7;1000010000000010010000000100000
9;1000001000000010010000000100000
8;0010001000000010010000000100000
10;0010000001000010010000000100000
9;0100000001000010010000000100000
10;0000100001000010010000000100000
12;1000000001000010010000000100000
13;0001000001000010010000000100000
10;0001001000000010010000000100000
9;0001000100000010010000000100000
8;1000000100000010010000000100000
9;0010000100000010010000000100000
7;0000110000000001010000000000001
6;0000100001000001010000000000001
9;0000101000000001010000000000001
10;0100001000000001010000000000001
11;0100001000000001010000000100000
12;0010001000000001010000000100000
12;0010000100000001010000000100000
14;0100000100000001010000000100000
15;0100010000000001010000000100000
16;0100000001000001010000000100000
17;0010000001000001010000000100000
18;0010010000000001010000000100000
19;0010010000100000010000000100000
17;0010010000100000000000100100000
16;0010000001100000000000100100000
22;0010000100100000000000100100000
15;0010001000100000000000100100000
24;0100001000100000000000100100000
10;1000001000100000000000100100000
21;1000001000100000001000000100000
22;1000000010100000001000000100000
10;1000000010000000101000000100000
15;0010000010000000101000000100000
17;0010001000000000101000000100000
7;0010001000000000100000100100000
7;0100001000000000100001000000010
8;0100001000010000000001000000010
9;0010001000010000000001000000010
10;0010000001010000000001000000010
11;0010000100010000000001000000010
12;0010000010010000000001000000010
13;0100000010010000000001000000010
14;0100000010000000100001000000010
9;0001000010000000100001000000010
16;0001001000000000100001000000010
9;0001001000000000100001000100000
18;1000001000000000100001000100000
19;1000001000100000000001000100000
20;1000000100100000000001000100000
21;0100000100100000000001000100000
22;0100000010100000000001000100000
15;0000100010100000000001000100000
24;0010000010100000000001000100000
25;0010000100100000000001000100000
24;0010000001100000000001000100000
16;0010000001100000000000100100000
19;0100000001100000000000100100000
12;1000000001100000000000100100000
17;1000000001100000000001000100000
19;1000010000100000000001000100000
5;0010001000000001000000101000000
5;0010010000000001000000101000000
7;0010010000100000000000101000000
5;0100010000100000000000101000000
9;0100010000100000000000100000010
7;0100001000100000000000100000010
11;0100000001100000000000100000010
12;0100000010100000000000100000010
13;0100000010100000000000100001000
12;0010000010100000000000100001000
11;0010001000100000000000100001000
16;0010001000100000001000000001000
17;0010010000100000001000000001000
18;0010000001100000001000000001000
19;0000100001100000001000000001000
20;0000100100100000001000000001000
21;0001000100100000001000000001000
22;0100000100100000001000000001000
10;0100000100100000000000010001000
18;0100000001100000000000010001000
9;0100010000100000000000010001000
24;0000110000100000000000010001000
8;1000010000100000000000010001000
8;1000010000000001000000010001000
10;1000001000000001000000010001000
7;0010001000000001000000010001000
8;0000101000000001000000010001000
7;0100010000001000010000001000000
8;0001010000001000010000001000000
9;0001001000001000010000001000000
10;1000001000001000010000001000000
11;0000101000001000010000001000000
12;0010001000001000010000001000000
13;0010000001001000010000001000000
14;0100000001001000010000001000000
15;1000000001001000010000001000000
16;0000100001001000010000001000000
12;0000100100001000010000001000000
18;0001000100001000010000001000000
7;0010000100001000010000001000000
10;0010000100000001010000001000000
8;0010000010000001010000001000000
22;0010000010000100010000001000000
10;0001000010000100010000001000000
12;1000000010000100010000001000000
8;0000100010000100010000001000000
6;0000100010000001010000001000000
6;0100000010000001010000001000000
6;0100010000000001010000001000000
5;0001010000000001010000001000000
8;0001010000000001010000000000010
23;0001010000100000010000000000010
7;1000000100000000110000000000001
8;0001000100000000110000000000001
9;0001001000000000110000000000001
10;0001000001000000110000000000001
8;0001000010000000110000000000001
12;0001000010000100010000000000001
13;0001000010000001010000000000001
14;0000100010000001010000000000001
7;0000110000000001010000000000001
16;0000110000000001010000000000100
12;1000010000000001010000000000100
11;1000000001000001010000000000100
19;1000001000000001010000000000100
20;0100001000000001010000000000100
21;0100010000000001010000000000100
22;0100000100000001010000000000100
20;0010000100000001010000000000100
18;0001000100000001010000000000100
25;0001010000000001010000000000100
17;0001000010000001010000000000100
22;0001000010000100010000000000100
28;0001000001000100010000000000100
29;0000100001000100010000000000100
20;0000100100000100010000000000100
31;0001000100000100010000000000100
5;0010000001001000000000101000000
6;0001010000001000000000101000000
8;1000010000001000000000100000001
9;0001010000001000000000100000001
10;0010010000001000000000100000001
11;0010000001001000000000100000001
12;0001000001001000000000100000001
10;0001001000001000000000100000001
9;1000001000001000000000100000001
13;0000101000001000000000100000001
14;0000101000001000000000100000100
17;0100001000001000000000100000100
13;0100000010001000000000100000100
13;0100000010001000000010000000100
15;0100001000001000000010000000100
17;0100000001001000000010000000100
6;0100000001001000000010000000010
10;0100000010001000000010000000010
6;0100001000001000000010000000010
6;0000101000001000000010000000010
11;0000101000001000000010000100000
10;0000110000001000000010000100000
19;0000100001001000000010000100000
13;0100000001001000000010000100000
7;0100000010001000000010000100000
11;0100000010001000000000100100000
7;0100000001000001000001000100000
8;0100000100000001000001000100000
9;0100010000000001000001000100000
10;0001010000000001000001000100000
11;1000010000000001000001000100000
12;1000000100000001000001000100000
13;1000001000000001000001000100000
14;0010001000000001000001000100000
15;0100001000000001000001000100000
16;0100001000000001000001000000010
16;1000001000000001000001000000010
17;0000101000000001000001000000010
7;0000101000000001000000010000010
6;0000100100000001000000010000010
8;0000100100001000000000010000010
10;0000100100001000000000010010000
12;0000100010001000000000010010000
13;0000101000001000000000010010000
17;0000100001001000000000010010000
11;0100000001001000000000010010000
10;0100000100001000000000010010000
12;0100001000001000000000010010000
13;0010001000001000000000010010000
30;0010001000000000100000010010000
9;0010000010000000100000010010000
7;0000100001000010000100000000100
8;0100000001000010000100000000100
7;0001000001000010000100000000100
10;0001000010000010000100000000100
9;0000100010000010000100000000100
12;0000100010000000100100000000100
13;0000100100000000100100000000100
14;0000100100000000100100000000001
15;0000100010000000100100000000001
16;0010000010000000100100000000001
12;0001000010000000100100000000001
16;0001000010000000100100000001000
19;0001001000000000100100000001000
20;0100001000000000100100000001000
21;0010001000000000100100000001000
22;0010000100000000100100000001000
23;0000100100000000100100000001000
24;0100000100000000100100000001000
15;0100000100010000000100000001000
13;0100000010010000000100000001000
20;0100000010000000100100000001000
11;0100000010000000100100000000010
29;0100001000000000100100000000010
30;0010001000000000100100000000010
17;0010000001000000100100000000010
7;0010000100000010000010000001000
7;0010001000000010000010000001000
4;0010010000000010000010000001000
6;0010000001000010000010000001000
4;1000000001000010000010000001000
4;1000010000000010000010000001000
7;1000000100000010000010000001000
7;1000001000000010000010000001000
8;0100001000000010000010000001000
6;0001001000000010000010000001000
6;0000100100000010010000001000000
5;0010000100000010010000001000000
7;0001000100000010010000001000000
9;0100000100000010010000001000000
8;0100000010000010010000001000000
4;0010000010000010010000001000000
4;0010010000000010010000001000000
11;0010000001000010010000001000000
5;0010001000000010010000001000000
6;0001001000000010010000001000000
4;0001000001000010010000001000000
8;0001000010000010010000001000000
7;0000100010000010010000001000000
4;0000100001000010010000001000000
4;0100000001000010010000001000000
4;0100010000000010010000001000000
4;0100001000000010010000001000000
18;1000001000000010010000001000000
7;0001000010000100000010000010000
8;0001000100000100000010000010000
9;0000100100000100000010000010000
10;0100000100000100000010000010000
7;0100000010000100000010000010000
12;0000100010000100000010000010000
10;0000101000000100000010000010000
11;0000100001000100000010000010000
11;1000000001000100000010000010000
9;1000010000000100000010000010000
7;1000000010000100000010000010000
8;1000000100000100000010000010000
9;0010000100000100000010000010000
7;0010010000000100000010000010000
7;0010000001000100000010000010000
9;0100000001000100000010000010000
8;0001000001000100000010000010000
9;0001001000000100000010000010000
8;0001010000000100000010000010000
13;0001010000000100000000010010000
8;0001000001000100000000010010000
13;1000000001000100000000010010000
16;1000010000000100000000010010000
17;1000010000000100010000000010000
25;0000110000000100010000000010000
7;0000100001010000000010000000001
8;0000100100010000000010000000001
7;0000110000010000000010000000001
7;0000110000010000000010000000100
7;0000100010010000000010000000100
7;0000100100010000000010000000100
6;0000101000010000000010000000100
9;0000100001010000000010000000100
11;0010000001010000000010000000100
16;0010000100010000000010000000100
9;1000000100010000000010000000100
9;1000010000010000000010000000100
11;1000000001010000000010000000100
12;1000001000010000000010000000100
9;1000001000000001000010000000100
8;0100001000000001000010000000100
12;0001001000000001000010000000100
11;0001001000010000000010000000100
10;0001010000010000000010000000100
15;0001000100010000000010000000100
16;0001000001010000000010000000100
10;0100000001010000000010000000100
6;0100001000010000000010000000100
15;0010001000010000000010000000100
11;0010001000000001000010000000100
5;0100000010000001000010000000010
6;0100001000000001000010000000010
5;0001001000000001000010000000010
8;0001001000000001000010000100000
7;0001000100000001000010000100000
7;0001000100000001000000010100000
9;0001010000000001000000010100000
7;0001000010000001000000010100000
10;0000100010000001000000010100000
14;0000100100000001000000010100000
9;0000101000000001000000010100000
10;0000110000000001000000010100000
17;0010010000000001000000010100000
13;0010000100000001000000010100000
8;1000000100000001000000010100000
20;1000001000000001000000010100000
13;1000001000000001010000000100000
11;0100001000000001010000000100000
12;0010001000000001010000000100000
21;0000101000000001010000000100000
25;0000110000000001010000000100000
17;0000100001000001010000000100000
10;0000100001000010010000000100000
10;0010000001000010010000000100000
12;1000000001000010010000000100000
8;1000000100000010010000000100000
10;0100000100000010010000000100000
7;0100000001000001000000100001000
6;0001000001000001000000100001000
9;0001000100000001000000100001000
10;0010000100000001000000100001000
11;0100000100000001000000100001000
12;0100000010000001000000100001000
13;0010000010000001000000100001000
9;0010000010000001000000100000010
8;0010010000000001000000100000010
10;0010001000000001000000100000010
10;0100001000000001000000100000010
12;0000101000000001000000100000010
10;0000101000000001001000000000010
11;0000100010000001001000000000010
7;0100000010000001001000000000010
6;0100000001000001001000000000010
9;1000000001000001001000000000010
16;1000001000000001001000000000010
14;0001001000000001001000000000010
12;0001000100000001001000000000010
20;0001000010000001001000000000010
20;1000000010000001001000000000010
19;1000000100000001001000000000010
11;1000000100001000001000000000010
15;0100000100001000001000000000010
6;1000000001001000000000101000000
6;1000001000001000000000101000000
9;1000001000001000000000100000001
10;0001001000001000000000100000001
11;0001000010001000000000100000001
12;0000100010001000000000100000001
13;0000101000001000000000100000001
14;0000101000001000000000100000100
13;0000100010001000000000100000100
16;0001000010001000000000100000100
14;0010000010001000000000100000100
13;0010000100001000000000100000100
9;0010010000001000000000100000100
20;0010001000001000000000100000100
11;0010000001001000000000100000100
9;0010000001001000000000100000010
10;0010000001001000000001000000010
24;0010000100001000000001000000010
14;1000000100001000000001000000010
26;1000000100001000000001000010000
25;1000001000001000000001000010000
26;1000000001001000000001000010000
10;1000000001001000000000100010000
30;0000100001001000000000100010000
31;0010000001001000000000100010000
7;0010000001000100000010000010000
6;0010000100000100000010000000001
5;1000001000000100000010000000001
5;0001001000000100000010000000001
10;0100010000000100000010000000001
6;0100000010000100000010000100000
13;0100000010000100000000100100000
10;1000000010000100000000100100000
15;1000000001000100000000100100000
13;0010000001000100000000100100000
11;0100000001000100000000100100000
15;0001000001000100000000100100000
13;0001010000000100000000100100000
20;1000010000000100000000100100000
16;1000001000000100000000100100000
11;0001001000000100000000100100000
23;0001001000000100000000100000010
24;0001000001000100000000100000010
25;0001000100000100000000100000010
23;0010000100000100000000100000010
23;0010010000000100000000100000010
28;0010000001000100000000100000010
24;0010001000000100000000100000010
14;0010001000000100000000100100000
14;0100001000000100000000100100000
6;0000110000000001000000010000001
7;0010010000000001000000010000001
8;0010010000000001000100000000001
9;0100010000000001000100000000001
10;0100000001000001000100000000001
11;0001000001000001000100000000001
12;0001010000000001000100000000001
13;0001000010000001000100000000001
14;0001000100000001000100000000001
15;0001000100000001000100000001000
16;0001000001000001000100000001000
17;0001010000000001000100000001000
18;0000110000000001000100000001000
19;0000100100000001000100000001000
20;0000100100001000000100000001000
21;0000100100001000000000100001000
22;0000110000001000000000100001000
23;0010010000001000000000100001000
24;0010010000000000100000100001000
8;0010000100000000100000100001000
22;0001000100000000100000100001000
8;1000000100000000100000100001000
21;1000000100000000100100000001000
22;1000000010000000100100000001000
14;1000000010000000100100000000010
12;1000001000000000100100000000010
6;0010010000000000100001001000000
7;0010000100000000100001001000000
5;0001000100000000100001001000000
7;0001000010000000100001001000000
10;0001001000000000100001001000000
11;1000001000000000100001001000000
7;1000000100000000100001001000000
7;1000010000000000100001001000000
14;1000010000000000100001000000001
15;1000000010000000100001000000001
6;1000000001000000100001000000001
16;0001000001000000100001000000001
11;0001000001000100000001000000001
12;0001000010000100000001000000001
20;0001001000000100000001000000001
21;0001001000000100000001000001000
16;0001000100000100000001000001000
11;0001000100000000100001000001000
9;0010000100000000100001000001000
19;0010010000000000100001000001000
12;1000010000000000100001000001000
24;1000000001000000100001000001000
10;1000000001000000100000100001000
17;1000010000000000100000100001000
18;1000001000000000100000100001000
23;1000001000100000000000100001000
7;1000000100000001000000010001000
8;1000010000000001000000010001000
9;1000000010000001000000010001000
10;1000001000000001000000010001000
11;1000001000010000000000010001000
12;0100001000010000000000010001000
12;0100000010010000000000010001000
14;0100000010010000001000000001000
13;0010000010010000001000000001000
12;0010000010010000001000000000010
17;0001000010010000001000000000010
18;0001000100010000001000000000010
19;0001000001010000001000000000010
20;0001000001010000001000000000100
21;1000000001010000001000000000100
22;1000000001010000001000000000010
23;0000100001010000001000000000010
10;0000101000010000001000000000010
24;0010001000010000001000000000010
12;0010000100010000001000000000010
26;0100000100010000001000000000010
21;0100000001010000001000000000010
22;0010000001010000001000000000010
23;0010000001010000001000000000100
17;0010001000010000001000000000100
6;0010010000000010000000010000100
8;0010000001000001000000010000100
9;0100000001000001000000010000100
7;0100000001000001001000000000100
11;0100000010000001001000000000100
12;0100001000000001001000000000100
13;1000001000000001001000000000100
8;1000000001000001001000000000100
15;1000000100000001001000000000100
16;1000000010000001001000000000100
17;0000100010000001001000000000100
18;0000110000000001001000000000100
19;0010010000000001001000000000100
20;0010000001000001001000000000100
10;0010000001000001001000000000010
9;0000100001000001001000000000010
11;0000100010000001001000000000010
11;0000110000000001001000000000010
10;0000100100000001001000000000010
12;0001000100000001001000000000010
19;0001000100000001001000000010000
18;0010000100000001001000000010000
29;0000100100000001001000000010000
30;0000100001000001001000000010000
14;0010000001000001001000000010000
6;0100000001000000100010000001000
8;0100000001010000000010000001000
9;1000000001010000000010000001000
10;1000000100010000000010000001000
11;1000000010010000000010000001000
9;0000100010010000000010000001000
7;0010000010010000000010000001000
11;0010000010010000000000100001000
15;0010010000010000000000100001000
13;0100010000010000000000100001000
17;0100001000010000000000100001000
13;0100000010010000000000100001000
14;0100000100010000000000100001000
20;0001000100010000000000100001000
18;1000000100010000000000100001000
9;1000001000010000000000100001000
10;1000000010010000000000100001000
9;0000100010010000000000100001000
25;0000100100010000000000100001000
16;0000100001010000000000100001000
27;0010000001010000000000100001000
10;0010001000010000000000100001000
13;0010001000010000001000000001000
12;0100001000010000001000000001000
29;0000101000010000001000000001000
4;0010000010000010010000001000000
5;0010001000000010010000001000000
6;0001001000000010010000001000000
4;0001000001000010010000001000000
4;0100000001000010010000001000000
9;0100000100000010010000001000000
5;0010000100000010010000001000000
6;0000100100000010010000001000000
7;0000100010000010010000001000000
8;0100000010000010010000001000000
8;0001000010000010010000001000000
7;0001000100000010010000001000000
7;0100000010010000000010000100000
8;0001000010010000000010000100000
9;0001010000010000000010000100000
10;0001000001010000000010000100000
11;0001001000010000000010000100000
12;0001000100010000000010000100000
13;0000100100010000000010000100000
13;1000000100010000000010000100000
12;1000001000010000000010000100000
8;1000000010010000000010000100000
17;1000000010010000000000100100000
16;1000001000010000000000100100000
19;1000010000010000000000100100000
14;0010010000010000000000100100000
21;0010000100010000000000100100000
13;0010000001010000000000100100000
23;0001000001010000000000100100000
10;0000100001010000000000100100000
25;0100000001010000000000100100000
26;0100000001010000000001000100000
27;0001000001010000000001000100000
28;0001000100010000000001000100000
29;0001001000010000000001000100000
25;0000101000010000000001000100000
31;0000100010010000000001000100000
7;0100001000010000000000010000001
8;0100001000010000000000010100000
9;0100001000000000100000010100000
10;1000001000000000100000010100000
11;1000010000000000100000010100000
7;0001010000000000100000010100000
13;0001000100000000100000010100000
14;0000100100000000100000010100000
13;0000100001000000100000010100000
12;1000000001000000100000010100000
11;0001000001000000100000010100000
6;0001001000000000100000010100000
19;0001001000000100000000010100000
17;0001000100000100000000010100000
21;0001000001000100000000010100000
22;0001000001000100000010000100000
18;0100000001000100000010000100000
14;0100001000000100000010000100000
8;0010001000000100000010000100000
10;0010000010000100000010000100000
10;0010000100000100000010000100000
7;0001000100000100000010000100000
8;1000000100000100000010000100000
15;0100000100000100000010000100000
11;0100010000000100000010000100000
7;0010010000100000010000000000010
8;0010001000100000010000000000010
9;0001000100100000010000000000010
10;0000100100100000010000000010000
11;0000101000100000010000000010000
12;0000100001100000010000000010000
13;1000000001100000000000010010000
11;1000010000100000000000010010000
8;1000010000000001000000010010000
16;1000000100000001000000010010000
6;0001000100000001000000010010000
9;0000100100000001000000010010000
10;0100000100000001000000010010000
13;0100010000000001000000010010000
10;0100000001000001000000010010000
6;0010000001000001000000010010000
9;0010000001000010000000010010000
5;0010000010000010000000010010000
7;0000100010000010000000010010000
6;0000101000000010000000010010000
7;0000101000000010000001000010000
9;0010001000000010000001000010000
6;0010001000000010000001000000001
6;0000101000000010000001000000001
7;0000101000000000100001000000001
4;0000100100000001000000101000000
4;0000110000000001000000101000000
5;0000110000000001000000100000010
8;0000110000100000000000100000010
9;0001010000100000000000100000010
8;0001001000100000000000100000010
11;0000101000100000000000100000010
7;1000001000100000000000100000010
6;1000001000000000100000100000010
7;0100001000000000100000100000010
8;0100001000000000101000000000010
16;0010001000000000101000000000010
17;0010001000000000101000000100000
7;0010001000000000100000100100000
7;0010000010000000100000100100000
8;0001000010000000100000100100000
10;0001001000000000100000100100000
11;0001001000000100000000100100000
16;0000101000000100000000100100000
14;0100001000000100000000100100000
20;0100001000000100000000100000010
19;0100010000000100000000100000010
22;0100000100000100000000100000010
24;0100000100000100000100000000010
28;1000000100000100000100000000010
30;1000000001000100000100000000010
18;1000010000000100000100000000010
6;0001001000000001000001001000000
7;0001000100000001000001001000000
6;1000000100000001000001000000001
8;1000010000000001000001000000001
10;0010010000000001000001000000001
11;0010010000100000000001000000001
9;0010000001100000000001000000001
12;0000100001100000000001000000001
12;0000100100100000000001000000001
15;0100000100100000000001000000001
11;0100010000100000000001000000001
14;0000110000100000000001000000001
17;0000100010100000000001000000001
17;0100000010100000000001000000001
19;0001000010100000000001000000001
16;1000000010100000000001000000001
22;0010000010100000000001000000001
23;0010000010100000000001000010000
24;0010010000100000000001000010000
25;1000010000100000000001000010000
26;1000000010100000000001000010000
27;0001000010100000000001000010000
28;0000100010100000000001000010000
29;0000100100100000000001000010000
23;0000100100100000000000010010000
23;0000101000100000000000010010000
6;1000001000000001000010000001000
6;0010001000000001000010000001000
7;0010000100000001000010000001000
9;0010010000000001000010000001000
9;1000010000000001000010000001000
7;0000110000000001000010000001000
7;0000101000000001000010000001000
6;0000100100000001000010000001000
9;0000100100001000000010000001000
9;0000100010001000000010000001000
13;0100000010001000000010000001000
7;1000000010001000000010000001000
18;1000000001001000000010000001000
11;0001000001001000000010000001000
8;0010000001001000000010000001000
9;0010000100001000000010000001000
17;0100000100001000000010000001000
11;0100010000001000000010000001000
12;0100001000001000000010000001000
12;0001001000001000000010000001000
7;0001010000001000000010000001000
8;1000010000001000000010000001000
8;0000110000001000000010000001000
17;0000100001001000000010000001000
20;0100000001001000000010000001000
7;0001000100000001000010000100000
7;0001000100000001000000010100000
9;0001010000000001000000010100000
10;0001010000000001000010000100000
6;1000010000000001000010000100000
7;1000010000100000000010000100000
6;0100010000100000000010000100000
9;0100000100100000000010000100000
9;0100000010100000000010000100000
9;0100000001100000000010000100000
7;1000000001100000000010000100000
8;0001000001100000000010000100000
9;0001000010100000000010000100000
10;0001000010100000000000100100000
16;0001000100100000000000100100000
11;0001010000100000000000100100000
23;1000010000100000000000100100000
12;1000000001100000000000100100000
17;1000000001100000000001000100000
18;0100000001100000000001000100000
12;0100010000100000000001000100000
28;0100001000100000000001000100000
19;1000001000100000000001000100000
19;1000010000100000000001000100000
31;0000110000100000000001000100000
4;0100000100000000100010000000001
5;0001000100000000100010000000001
6;0001001000000000100010000000001
6;0001001000000000100000010000001
8;1000001000000000100000010000001
6;1000000100000000100000010000001
7;1000010000000000100000010000001
8;1000000001000000100000010000001
7;0000100001000000100000010000001
16;0100000001000000100000010000001
6;0100001000000000100000010000001
11;0010001000000000100000010000001
10;0010000100000000100000010000001
10;0010000100000000100000010010000
13;0010000001000000100000010010000
9;0010000010000000100000010010000
23;0010010000000000100000010010000
14;0000110000000000100000010010000
7;0000100100000000100000010010000
6;0001000100000000100000010010000
9;0001000001000000100000010010000
8;0001000001000100000000010010000
7;0001000100000100000000010010000
13;0001010000000100000000010010000
16;1000010000000100000000010010000
7;1000000100100000001000001000000
8;1000000100100000001000000000001
9;1000000010100000001000000000001
10;1000001000100000001000000000001
11;1000010000100000001000000000001
8;1000010000100000001000001000000
9;0010010000100000001000001000000
8;0100010000100000001000001000000
10;0001010000100000001000001000000
11;0001010000100000001000000000010
10;1000010000100000001000000000010
18;1000010000000001001000000000010
16;1000001000000001001000000000010
13;0010001000000001001000000000010
9;0010000100000001001000000000010
10;0000100100000001001000000000010
11;0000110000000001001000000000010
9;0010010000000001001000000000010
14;0010010000100000001000000000010
13;0010001000100000001000000000010
17;0001001000100000001000000000010
28;0001000010100000001000000000010
13;0000100010100000001000000000010
14;0000100001100000001000000000010
31;0000100100100000001000000000010
6;0001000010000000100000100000100
7;0001001000000000100000100000100
7;1000001000000000100000100000100
6;1000000010000000100000100000100
8;0010000010000000100000100000100
10;0010000001000000100000100000100
12;1000000001000000100000100000100
11;1000000100000000100000100000100
12;0100000100000000100000100000100
15;0100000100010000000000100000100
13;1000000100010000000000100000100
11;0010000100010000000000100000100
12;0010000010010000000000100000100
16;0010001000010000000000100000100
13;0010010000010000000000100000100
21;0000110000010000000000100000100
14;0001010000010000000000100000100
10;0001000100010000000000100000100
24;0001000001010000000000100000100
21;0000100001010000000000100000100
26;0010000001010000000000100000100
27;0010000001010000000001000000100
24;1000000001010000000001000000100
20;1000000001010000000000100000100
18;1000000010010000000000100000100
8;0000100010010000000000100000100
6;0100000010000100000000100000001
7;0100001000000100000000100000001
7;0100000100000100000000100000001
9;0100000100000100000100000000001
10;0100010000000100000100000000001
11;1000010000000100000100000000001
12;1000000010000100000100000000001
13;0001000010000100000100000000001
14;0010000010000100000100000000001
15;0010000010000100000100000010000
16;0010001000000100000100000010000
17;1000001000000100000100000010000
18;0000101000000100000100000010000
19;0000100001000100000100000010000
18;0000100010000100000100000010000
21;0000110000000100000100000010000
22;0010010000000100000100000010000
21;0001010000000100000100000010000
18;0001000010000100000100000010000
19;0001001000000100000100000010000
16;0001001000000000100100000010000
10;0010001000000000100100000010000
25;0010001000000000100100000000001
29;0010000001000000100100000000001
30;0010000001001000000100000000001
21;0010010000001000000100000000001
4;0000101000000010000010000000100
5;0000100100000010000010000000100
6;0100000100000010000010000000100
4;0100000010000010000010000000100
4;0010000010000010000010000000100
8;0010001000000010000010000000100
4;0100001000000010000010000000100
7;1000001000000010000010000000100
7;0001001000000010000010000000100
6;0000100010000100000000100000001
7;0000110000000100000000100000001
8;0100010000000100000000100000001
7;0100000100000100000000100000001
7;0010000100000100000000100000001
9;0010001000000100000000100000001
12;0000101000000100000000100000001
8;0000100100000100000000100000001
14;0000100100000100000000100000100
15;0000100001000100000000100000100
16;0100000001000100000000100000100
17;0010000001000100000000100000100
18;0010001000000100000000100000100
19;0010010000000100000000100000100
16;0010000010000100000000100000100
9;0010000010000001000000100000100
15;0010001000000001000000100000100
11;1000001000000001000000100000100
16;1000000100000001000000100000100
10;1000000001000001000000100000100
21;1000010000000001000000100000100
23;0001010000000001000000100000100
21;0001001000000001000000100000100
17;0001000001000001000000100000100
12;0100000001000001000000100000100
6;0100000001000010000000100000100
5;0001000001000010000000010001000
5;0001000001000010000010000001000
7;1000000100000010000010000001000
4;0100010000000010000010000001000
6;0010000001000010000010000001000
4;0000110000000010000010000001000
4;0000100010000000100010000001000
6;0010000100000000100010000001000
6;0010000010000000100000100001000
7;0010001000000000100000100001000
8;0010000100000000100000100001000
7;0100000100000000100000100001000
9;0100000001000000100000100001000
12;0100010000000000100000100001000
6;0100000010000000100000100001000
11;0100001000000000100000100001000
18;1000001000000000100000100001000
23;1000001000100000000000100001000
9;1000000001100000000000100001000
25;0000100001100000000000100001000
26;0000110000100000000000100001000
14;0000110000100000010000000001000
28;0000100010100000010000000001000
20;0000100001100000010000000001000
18;1000000001100000010000000001000
31;1000000001000000110000000001000
7;0100000010100000000010001000000
5;0010000010100000000010001000000
4;0010010000100000000010001000000
4;0010000001100000000010001000000
6;0010000100100000000010001000000
4;0000100100100000000010001000000
7;0000101000100000000010001000000
8;0000100001100000000010001000000
8;0100000001100000000010001000000
4;0001000001100000000010001000000
6;0001000010100000000010001000000
5;0001000100100000000010001000000
4;0100000100100000000010001000000
6;0100001000100000000010001000000
6;1000001000100000000010001000000
4;0010001000100000000010001000000
7;0100000010010000000100001000000
8;0010000010010000000100001000000
9;0010000100010000000100001000000
10;1000000100010000000100001000000
7;1000001000010000000100001000000
10;1000001000010000000100000000001
13;1000001000000001000100000000001
6;1000001000000001000100001000000
14;1000000100000001000100001000000
5;0001000100000001000100001000000
14;0001000010000001000100001000000
12;0000100010000001000100001000000
7;0000101000000001000100001000000
7;0000101000010000000100001000000
6;0010001000010000000100001000000
18;0010010000010000000100001000000
23;0001010000010000000100001000000
13;1000010000010000000100001000000
14;0000110000010000000100001000000
14;0000100001010000000100001000000
12;1000000001010000000100001000000
11;0001000001010000000100001000000
9;0001001000010000000100001000000
10;0001000010010000000100001000000
31;0001000100010000000100001000000
7;0001000001000010000100000001000
8;0010000001000010000100000001000
9;0010000001000001000100000001000
10;0010000010000001000100000001000
11;0010000100000001000100000001000
12;0100000100000001000100000001000
13;1000000100000001000100000001000
14;1000010000000001000100000001000
15;1000010000100000000100000001000
16;1000000001100000000100000001000
17;1000000010100000000100000001000
14;0100000010100000000100000001000
19;0100000010100000000100000000010
13;0001000010100000000100000000010
21;0001000100100000000100000000010
22;0001001000100000000100000000010
23;0000101000100000000100000000010
24;0000110000100000000100000000010
7;0000110000100000000100001000000
6;0010010000100000000100001000000
27;0010001000100000000100001000000
9;0001001000100000000100001000000
8;0001000010100000000100001000000
7;0001010000100000000100001000000
13;0001010000000001000100001000000
3;0001001000010000000010001000000
7;1000010000010000000010001000000
5;0100010000010000000010001000000
5;0000100001010000000010001000000
6;0010001000010000000010001000000
6;0010000001000010001000000000010
6;0010000010000010001000000000010
7;0001000010000010001000000000010
7;0000100010000010001000000000010
10;0000100010000010001000000001000
11;0000101000000010001000000001000
12;0100001000000010001000000001000
10;0100000010000010001000000001000
12;0100010000000010001000000001000
12;0000110000000010001000000001000
11;0001010000000010001000000001000
11;0001000010000010001000000001000
15;0001000001000010001000000001000
19;0001000100000010001000000001000
20;0010000100000010001000000001000
20;0000100100000010001000000001000
21;1000000100000010001000000001000
19;1000000010000010001000000001000
24;1000010000000010001000000001000
16;1000000001000010001000000001000
15;1000000001000001001000000001000
15;0100000001000001001000000001000
28;0100000100000001001000000001000
29;0100010000000001001000000001000
16;0100000010000001001000000001000
29;0010000010000001001000000001000
6;0010000010000000100000100001000
6;0100000010000000100000100001000
7;0100000100000000100000100001000
9;0100000001000000100000100001000
10;0000100001000000100000100001000
11;0000100001000000100001000001000
7;0000100001000000100000010001000
10;0001000001000000100000010001000
9;0010000001000000100000010001000
15;0100000001000000100000010001000
16;0100001000000000100000010001000
7;0001001000000000100000010001000
11;0001001000000100000000010001000
13;0001000100000100000000010001000
12;0001000100000100000000010000001
18;0000100100000100000000010000001
10;0100000100000100000000010000001
11;0010000100000100000000010000001
7;1000000100000100000000010000001
8;1000001000000100000000010000001
8;1000010000000100000000010000001
8;1000000001000100000000010000001
13;0010000001000100000000010000001
29;0010000001000100000100000000001
30;0010000001000100000100000010000
18;0010000100000100000100000010000
7;0000100100000001000000010001000
8;0000100100000001000001000001000
9;0000100001000001000001000001000
10;0000110000000001000001000001000
8;0001010000000001000001000001000
9;0001010000000001000001000000001
10;0001000100000001000001000000001
6;1000000100000001000001000000001
11;0000100100000001000001000000001
8;0010000100000001000001000000001
10;0010010000000001000001000000001
18;0100010000000001000001000000001
9;0100010000000001000001000100000
15;0100001000000001000001000100000
12;0100001000000001000001000000001
18;0100001000010000000001000000001
23;0100001000010000000001000100000
24;0100010000010000000001000100000
13;0100010000010000000001000000001
18;0001010000010000000001000000001
19;0001000100010000000001000000001
28;0010000100010000000001000000001
12;1000000100010000000001000000001
22;0000100100010000000001000000001
14;0000100001010000000001000000001
5;1000000001000001000010000000100
7;1000010000000001000010000000100
7;1000000010000001000010000000100
5;0100000100000001000010000000100
8;0100001000000001000010000000100
6;0100001000010000000010000000100
12;0100000010010000000010000000100
7;0000100100010000000010000000100
6;0100000100000000100010000000100
5;0010000100000000100010000000100
7;0010001000000000100010000000100
10;0010001000001000000010000000100
11;0010000100001000000010000000100
6;0010000100000001000010000000100
6;0001000100000001000010000000100
9;0001000100000001000000010000100
22;0010000100000001000000010000100
23;0010000010000001000000010000100
8;0010000001000001000000010000100
9;0100000001000001000000010000100
26;0100010000000001000000010000100
27;0100000010000001000000010000100
17;1000000010000001000000010000100
17;1000010000000001000000010000100
12;1000010000000001010000000000100
13;1000000010000001010000000000100
6;0001000010000100000000100000001
6;0000100010000100000000100000001
8;0000100001000100000000100000001
9;0100000001000100000000100000001
10;0100000001000100000001000000001
11;0001000001000100000001000000001
12;0001000010000100000001000000001
13;0001000010000100000001000001000
14;0001000001000100000001000001000
8;0001000001000100000000100001000
11;0001010000000100000000100001000
16;0001010000000100010000000001000
18;0001010000000100010000000000001
19;0010010000000100010000000000001
16;0010000001000100010000000000001
21;0010000010000100010000000000001
22;0010000010000001010000000000001
13;0001000010000001010000000000001
8;0001000001000001010000000000001
9;0001001000000001010000000000001
10;0100001000000001010000000000001
11;0100001000000001010000000100000
21;0000101000000001010000000100000
17;0000100001000001010000000100000
17;0010000001000001010000000100000
12;0010001000000001010000000100000
7;0010000001000100000010000000100
8;1000000001000100000010000000100
9;1000000010000100000010000000100
10;1000001000000100000010000000100
11;0100001000000100000010000000100
12;0100000010000100000010000000100
13;0100010000000100000010000000100
9;0010010000000100000010000000100
11;0010000010000100000010000000100
16;0010000010000100000000100000100
9;0010000010000001000000100000100
8;0010000100000001000000100000100
16;1000000100000001000000100000100
11;1000001000000001000000100000100
21;0001001000000001000000100000100
20;0001001000000001001000000000100
23;0010001000000001001000000000100
13;1000001000000001001000000000100
12;0100001000000001001000000000100
20;0100001000010000001000000000100
17;0100001000010000000000100000100
23;0000101000010000000000100000100
21;0000110000010000000000100000100
12;0000100100010000000000100000100
10;0001000100010000000000100000100
7;1000000100000000100001001000000
5;0001000100000000100001001000000
7;0001000010000000100001001000000
10;0001001000000000100001001000000
11;0001010000000000100001001000000
7;1000010000000000100001001000000
11;1000001000000000100001001000000
6;1000000010000000100001001000000
7;0010000010000000100001001000000
8;0010000010001000000001001000000
11;0001000010001000000001001000000
14;0001000001001000000001001000000
13;0001001000001000000001001000000
20;1000001000001000000001001000000
8;1000000001001000000001001000000
10;1000000010001000000001001000000
11;1000000010001000000001000000001
16;1000001000001000000001000000001
25;0001001000001000000001000000001
21;0001001000001000000001000001000
20;0010001000001000000001000001000
17;0010001000000000100001000001000
29;0100001000000000100001000001000
26;1000001000000000100001000001000
16;0001001000000000100001000001000
7;0001010000000100010000000000010
8;0000110000000100010000000000010
9;0000100010000100010000000000010
10;0000100001000100010000000000010
11;0001000001000100010000000000010
12;0001000010000100010000000000010
13;0001000010000100010000000001000
14;0100000010000100010000000001000
15;0100000100000100010000000001000
16;0100010000000100010000000001000
17;0100010000000100000000100001000
12;0010010000000100000000100001000
16;1000010000000100000000100001000
18;1000000010000100000000100001000
21;0000100010000100000000100001000
10;0010000010000100000000100001000
7;0001000010000100000000100001000
8;0001000001000100000000100001000
19;0100000001000100000000100001000
13;0000100001000100000000100001000
12;0000101000000100000000100001000
18;0100001000000100000000100001000
13;0001001000000100000000100001000
14;0001000100000100000000100001000
13;0010000100000100000000100001000
6;0100000010000001010000001000000
7;0100000010000100010000001000000
8;0000100010000100010000001000000
9;0000101000000100010000001000000
8;1000001000000100010000001000000
11;0100001000000100010000001000000
12;0100000100000100010000001000000
11;0000100100000100010000001000000
12;0000100001000100010000001000000
13;0010000001000100010000001000000
13;0100000001000100010000001000000
10;1000000001000100010000001000000
11;1000010000000100010000001000000
12;1000000010000100010000001000000
15;1000000100000100010000001000000
10;0010000100000100010000001000000
9;0010001000000100010000001000000
7;0001001000000100010000001000000
8;0001000001000100010000001000000
10;0001000010000100010000001000000
9;0001000010000001010000001000000
5;0001010000000001010000001000000
6;0100010000000001010000001000000
6;0010010000000001010000001000000
8;0000110000000001010000001000000
7;0000100100000001010000001000000
4;0010001000000010000000100000010
6;0010000100000010000000100000010
4;1000000100000010000000100000010
6;0001000100000010000000100000010
9;0001000100000010000100000000010
12;0001000010000010000100000000010
13;0001001000000010000100000000010
6;0000101000000010000100000000010
6;0100001000000010000100000000010
5;0100000100000010000100000000010
9;0100000010000010000100000000010
12;0100000010000010000100000001000
11;0010000010000010000100000001000
10;0010001000000010000100000001000
21;0001001000000010000100000001000
10;0000101000000010000100000001000
20;0000101000000000100100000001000
23;0000100010000000100100000001000
20;0100000010000000100100000001000
13;0100000010010000000100000001000
24;0100000001010000000100000001000
25;0000100001010000000100000001000
17;0001000001010000000100000001000
12;0001000010010000000100000001000
19;0001001000010000000100000001000
6;0010001000001000000100001000000
7;1000000010001000000100001000000
7;1000000100001000000000101000000
6;1000001000001000000000101000000
9;1000001000001000000000100000001
9;0100001000001000000000100000001
12;0100000001001000000000100000001
11;0010000001001000000000100000001
10;0010010000001000000000100000001
15;0010010000001000010000000000001
16;0010000100001000010000000000001
17;0000100100001000010000000000001
18;0001000100001000010000000000001
19;0001010000001000010000000000001
9;0001010000001000000000100000001
10;0001001000001000000000100000001
11;0001000010001000000000100000001
20;0001000010001000000010000000001
11;0000100010001000000010000000001
12;0000100010001000000000100000001
13;0000101000001000000000100000001
26;0000100001001000000000100000001
16;0000100001001000000001000000001
19;0000110000001000000001000000001
23;0000101000001000000001000000001
31;0010001000001000000001000000001
6;0010000010000010000001000000010
7;1000000010000010000001000000010
6;0100000010000010000001000000010
9;0100000001000010000001000000010
10;0100000001000010000001000000100
6;0100000001000010000000100000100
12;0100000001000001000000100000100
13;0100001000000001000000100000100
10;0100000010000001000000100000100
15;0100000100000001000000100000100
16;1000000100000001000000100000100
8;0010000100000001000000100000100
7;0000100100000001000000100000100
9;0000100100001000000000100000100
11;0001000100001000000000100000100
10;1000000100001000000000100000100
14;1000000010001000000000100000100
13;0000100010001000000000100000100
24;0000100001001000000000100000100
22;0001000001001000000000100000100
21;0001010000001000000000100000100
9;0010010000001000000000100000100
13;0010000100001000000000100000100
14;0010000010001000000000100000100
8;0010000010000000100000100000100
10;0010000001000000100000100000100
7;1000000100000010010000000000100
8;0000100100000010010000000000100
8;0000100010000010010000000000100
10;0010000010000010010000000000100
11;0010010000000010010000000000100
9;0010010000000010000000100000100
6;1000010000000010000000100000100
14;1000000100000010000000100000100
7;0001000100000010000000100000100
10;0001000100000010000100000000100
12;0001001000000010000100000000100
10;0001010000000010000100000000100
8;1000010000000010000100000000100
12;1000000100000010000100000000100
18;0100000100000010000100000000100
15;0100001000000010000100000000100
11;0100000010000010000100000000100
9;0000100010000010000100000000100
10;0000100100000010000100000000100
8;0010000100000010000100000000100
7;0010000010000010000100000000100
9;0010010000000010000100000000100
12;0100010000000010000100000000100
7;0000110000000010000100000000100
11;0000101000000010000100000000100
7;0001000010000010001000000000010
6;0010000010000010001000000000010
9;0010000010000010001000000001000
10;0100000010000010001000000001000
10;0000100010000010001000000001000
12;0000110000000010001000000001000
11;0000100001000010001000000001000
14;0000100001000001001000000001000
15;1000000001000001001000000001000
16;0001000001000001001000000001000
15;0100000001000001001000000001000
16;0100000010000001001000000001000
14;0100001000000001001000000001000
20;0100001000000001000000100001000
12;0100000010000001000000100001000
7;0100000001000001000000100001000
11;0100000100000001000000100001000
24;1000000100000001000000100001000
22;1000000001000001000000100001000
21;0000100001000001000000100001000
27;0000100100000001000000100001000
9;0001000100000001000000100001000
23;0001000100001000000000100001000
22;0001000100001000000000100000001
10;0001001000001000000000100000001
7;0100000010010000000010000010000
8;0100001000010000000010000010000
9;0100000001010000000010000010000
10;0010000001010000000010000010000
9;1000000001010000000010000010000
10;0000100001010000000010000010000
13;0000110000010000000010000010000
14;0000100100010000000010000010000
6;0000100100010000000010000000010
8;0000101000010000000010000000010
11;0001001000010000000010000000010
7;0001000100010000000010000000010
8;0001000100010000000000010000010
7;0100000100010000000000010000010
21;0100001000010000000000010000010
7;0100000001010000000000010000010
22;0100000001010000000000010000100
14;0000100001010000000000010000100
19;0000100100010000000000010000100
18;0000100100010000000001000000100
15;0000100010010000000001000000100
25;0000110000010000000001000000100
29;0001010000010000000001000000100
30;0001001000010000000001000000100
28;0000101000010000000001000000100
5;0001000001000000100010000001000
6;0100000001000000100010000001000
8;0100000001010000000010000001000
9;0100001000010000000010000001000
9;0001001000010000000010000001000
11;0010001000010000000010000001000
6;0010001000000001000010000001000
7;0010000100000001000010000001000
9;0010010000000001000010000001000
9;0010010000100000000010000001000
8;0010001000100000000010000001000
9;0010000001100000000010000001000
12;0100000001100000000010000001000
11;0100010000100000000010000001000
12;1000010000100000000010000001000
10;1000000100100000000010000001000
11;1000000001100000000010000001000
13;0000100001100000000010000001000
14;0000101000100000000010000001000
16;0001001000100000000010000001000
15;0100001000100000000010000001000
7;1000001000100000000010000001000
7;0100000100000100000010000000001
6;0100000001000100000010000000001
7;0100001000000100000010000000001
10;0100010000000100000010000000001
11;0100010000000100000010000100000
11;0001010000000100000010000100000
7;0001000010000100000010000100000
8;0000100010000100000010000100000
10;0000100100000100000010000100000
7;0000101000000100000010000100000
12;0000110000000100000010000100000
8;1000010000000100000010000100000
14;1000000001000100000010000100000
9;1000000010000100000010000100000
10;0010000010000100000010000100000
11;0010000010000100000000100100000
23;0000100010000100000000100100000
20;0000110000000100000000100100000
12;0100010000000100000000100100000
13;0001010000000100000000100100000
17;0001010000000100010000000100000
28;0010010000000100010000000100000
23;1000010000000100010000000100000
14;1000010000000100000000010100000
19;0010010000000100000000010100000
6;0010010000000010000001001000000
5;0100010000000010000001001000000
9;0001010000000010000001001000000
8;0001001000000010000001001000000
11;0001000010000010000001001000000
4;0100000010000010000001001000000
7;0010000010000010000001001000000
7;0010000100000010000001001000000
4;0100000100000010000001001000000
10;0100001000000010000001001000000
6;1000001000000010000001001000000
4;1000000100000010000001001000000
10;0001000100000010000001001000000
5;1000000001000010000100001000000
4;0001000001000010000100001000000
4;0001001000000010000100001000000
5;0100001000000010000100001000000
5;0100010000000010000100001000000
4;0001010000000010000100001000000
7;0100000100000100001000001000000
8;0100000001000100001000001000000
9;1000000001000100001000001000000
10;1000000100000100001000001000000
11;1000000100000100001000000000001
12;0010000100000100001000000000001
13;0001000100000100001000000000001
14;0001000100000000101000000000001
11;0001010000000000101000000000001
16;0010010000000000101000000000001
17;0010000100000000101000000000001
18;0010000100000000101000000010000
19;0001000100000000101000000010000
17;1000000100000000101000000010000
12;1000010000000000101000000010000
11;1000001000000000101000000010000
23;0001001000000000101000000010000
8;0000101000000000101000000010000
14;0000101000000000100000100010000
8;0000110000000000100000100010000
9;0100010000000000100000100010000
12;0100000010000000100000100010000
29;0100000001000000100000100010000
30;0100000001000000100001000010000
17;0000100001000000100001000010000
7;0100000010000000101000000000010
8;0100000010000000101000000001000
9;0010000010000000101000000001000
10;0010001000000000101000000001000
11;0100001000000000101000000001000
12;0100001000010000001000000001000
13;0010001000010000001000000001000
13;0010000010010000001000000001000
15;0000100010010000001000000001000
16;1000000010010000001000000001000
17;1000000100010000001000000001000
18;0100000100010000001000000001000
19;0001000100010000001000000001000
14;0001000010010000001000000001000
17;0001000010010000001000000000010
12;0010000010010000001000000000010
23;0010010000010000001000000000010
11;0100010000010000001000000000010
10;0100001000010000001000000000010
26;0100000100010000001000000000010
27;0100000100010000001000000010000
21;0100000001010000001000000010000
29;0010000001010000001000000010000
20;0000100001010000001000000010000
12;0000100100010000001000000010000
7;0100001000000001000000100100000
8;1000001000000001000000100100000
9;1000000010000001000000100100000
10;1000000010000100000000100100000
11;1000000100000100000000100100000
12;0100000100000100000000100100000
12;0100010000000100000000100100000
11;0100000001000100000000100100000
15;0001000001000100000000100100000
16;0001000001000100000001000100000
11;0001000001000000100001000100000
12;0000100001000000100001000100000
19;0000100010000000100001000100000
20;0000100010000010000001000100000
10;1000000010000010000001000100000
7;1000000001000010000001000100000
22;1000000001000001000001000100000
11;1000010000000001000001000100000
25;0010010000000001000001000100000
14;0010001000000001000001000100000
20;0010000001000001000001000100000
28;0010000001000010000001000100000
12;0010010000000010000001000100000
30;1000010000000010000001000100000
16;0000110000000010000001000100000
6;0001000100001000000010000010000
7;0000100010001000000010000010000
8;0100000010001000000000100010000
9;1000010000001000000000100010000
10;0010010000001000010000000010000
11;0001000001001000010000000010000
12;0000100100001000010000000010000
12;0010000010001000010000000010000
14;1000000010001000000000010010000
8;1000000100001000000000010010000
10;0100000100001000000000010010000
10;0100000100000001000000010010000
16;1000000100000001000000010010000
19;0010000100000001000000010010000
9;0000100100000001000000010010000
6;0001000100000001000000010010000
11;0001000010000001000000010010000
16;0000100010000001000000010010000
16;0000101000000001000000010010000
7;0001001000000001000000010010000
9;1000001000000001000000010010000
9;1000001000000001010000000010000
8;1000000001000001010000000010000
20;1000000010000001010000000010000
16;1000000010000100010000000010000
28;0001000010000100010000000010000
7;0100000001000000101000000000010
8;0100000100000000101000000000010
8;0100001000000000101000000000010
10;0100001000010000001000000000010
11;0100000010010000001000000000010
12;0010000010010000001000000000010
13;0010000010010000001000000001000
14;0001000010010000001000000001000
15;0001000010010000001000000000001
16;0000100010010000001000000000001
12;0000101000010000001000000000001
11;1000001000010000001000000000001
19;1000000010010000001000000000001
20;0010000010010000001000000000001
21;0010000100010000001000000000001
17;0010001000010000001000000000001
23;0010000001010000001000000000001
18;0001000001010000001000000000001
19;0001000100010000001000000000001
19;0001000100010000001000000001000
27;0000100100010000001000000001000
28;0000100001010000001000000001000
29;0000101000010000001000000001000
17;0000101000010000000000100001000
9;0000100010010000000000100001000
6;0010010000000000100100000000010
7;1000010000000000100100000000010
8;1000000001000000100100000000010
9;0001000001000000100100000000010
10;0001000001000000100100000000100
11;0010000001000000100100000000100
12;0010000010000000100100000000100
10;0010000010000000100000010000100
8;1000000010000000100000010000100
9;0100000010000000100000010000100
7;0000100010000000100000010000100
17;0000101000000000100000010000100
18;0010001000000000100000010000100
10;0100001000000000100000010000100
19;0100001000010000000000010000100
21;0010001000010000000000010000100
22;1000001000010000000000010000100
19;1000001000010000010000000000100
16;1000000001010000010000000000100
16;1000010000010000010000000000100
17;1000000100010000010000000000100
24;0001000100010000010000000000100
22;0001001000010000010000000000100
15;0001000001010000010000000000100
13;0010000001010000010000000000100
20;0010001000010000010000000000100
7;1000000010000000110000000000001
8;0001000010000000110000000000001
8;0001000100000000110000000000001
10;0010000100000000110000000000001
11;0010001000000000110000000000001
9;0001001000000000110000000000001
13;0001001000000000110000000001000
14;1000001000000000110000000001000
15;0000101000000000110000000001000
12;0000101000000010010000000001000
12;0001001000000010010000000001000
9;0001000100000010010000000001000
8;0000100100000010010000000001000
20;1000000100000010010000000001000
10;0100000100000010010000000001000
8;0100000010000010010000000001000
6;0001000010000010010000000001000
7;0001000001000010010000000001000
9;0001000001000001010000000001000
24;0010000001000001010000000001000
26;0010000010000001010000000001000
18;0100000010000001010000000001000
19;0100000010000001010000000000010
14;1000000010000001010000000000010
14;1000001000000001010000000000010
7;1000000100001000000000101000000
6;1000001000001000000000101000000
6;1000010000001000000000101000000
8;1000010000001000000000100000010
11;1000000010001000000000100000010
9;1000000010001000000000100001000
10;0000100010001000000000100001000
13;0001000010001000000000100001000
11;0001000010001000000000100000001
9;1000000010001000000000100000001
8;1000010000001000000000100000001
18;0000110000001000000000100000001
10;0010010000001000000000100000001
11;0010000001001000000000100000001
12;0001000001001000000000100000001
22;0001000100001000000000100000001
10;0001001000001000000000100000001
9;1000001000001000000000100000001
25;0010001000001000000000100000001
9;0100001000001000000000100000001
8;0100000010001000000000100000001
11;0100010000001000000000100000001
12;0100000001001000000000100000001
30;0100000001001000000000100100000
31;0001000001001000000000100100000
6;0001001000000000100100001000000
8;0010001000000000100100001000000
7;0010001000000000100000011000000
10;1000001000000000100000011000000
4;1000000010000000100000011000000
4;0010000010000000100000011000000
7;0010000010001000000000011000000
6;0000100010001000000000011000000
9;0000110000001000000000011000000
14;0000110000001000000001001000000
10;0000100010001000000001001000000
9;0100000010001000000001001000000
11;0001000010001000000001001000000
12;0001010000001000000001001000000
18;1000010000001000000001001000000
17;1000010000001000000001000000001
16;0010010000001000000001000000001
9;0010010000000000100001000000001
16;0000110000000000100001000000001
7;0000100100000000100001000000001
7;0000101000000000100001000000001
6;0000101000000010000001000000001
9;0000101000000010000001000000100
17;1000001000000010000001000000100
8;0010001000000010000001000000100
7;1000001000010000000010000010000
8;1000000010010000000010000010000
9;1000000001010000000010000010000
10;0000100001010000000010000010000
10;0010000001010000000010000010000
9;0100000001010000000010000010000
8;0100001000010000000010000010000
7;0100010000010000000010000010000
10;0001010000010000000010000010000
8;0010010000010000000010000010000
9;1000010000010000000010000010000
18;1000000100010000000010000010000
18;0001000100010000000010000010000
10;0001000100010000000000010010000
11;0001000010010000000000010010000
22;0100000010010000000000010010000
23;0100000100010000000000010010000
24;0100010000010000000000010010000
25;0100010000000000100000010010000
26;0100010000000000101000000010000
27;0100000001000000101000000010000
28;0010000001000000101000000010000
25;0010000001001000001000000010000
30;0010000100001000001000000010000
14;1000000100001000001000000010000
6;0100010000000010000100000000001
7;0100010000000010000100000100000
8;0100000010000010000100000100000
9;0100001000000010000100000100000
8;0100001000000010000100000000001
8;0100000001000010000100000000001
5;0010000001000010000100000000001
8;0000100001000010000100000000001
7;0000100001000010000100000000100
9;0000100010000010000100000000100
11;0000101000000010000100000000100
9;1000001000000010000100000000100
8;1000010000000010000100000000100
7;0000110000000010000100000000100
10;0000100100000010000100000000100
10;0001000100000010000100000000100
10;0001000010000010000100000000100
12;0001001000000010000100000000100
7;0001000001000010000100000000100
13;0001000001000001000100000000100
25;0001000010000001000100000000100
11;0001001000000001000100000000100
10;0100001000000001000100000000100
29;0100001000010000000100000000100
30;0001001000010000000100000000100
31;0001000100010000000100000000100
7;0100010000010000010000000000010
8;0100001000010000010000000000010
9;0010001000010000010000000000010
10;0000101000010000010000000000010
11;0000100010010000010000000000010
12;0000110000010000010000000000010
12;0000110000010000010000001000000
14;0000100100010000010000001000000
13;0000100001010000010000001000000
8;0010000001010000010000001000000
9;0010000010010000010000001000000
16;0000100010010000010000001000000
8;0100000010010000010000001000000
10;0100010000010000010000001000000
9;0001010000010000010000001000000
14;0001000010010000010000001000000
16;1000000010010000010000001000000
10;1000010000010000010000001000000
9;1000010000010000010000000000001
17;0001010000010000010000000000001
27;0001001000010000010000000000001
7;1000001000010000010000000000001
10;1000000001010000010000000000001
19;0000100001010000010000000000001
17;0010000001010000010000000000001
7;0001000001000001001000000000001
8;0010000001000001001000000000001
9;0010010000000001001000000000001
10;0010000100000001001000000000001
11;0000100100000001001000000000001
12;0000100010000001001000000000001
9;1000000010000001001000000000001
10;1000000100000001001000000000001
8;1000000100000001001000001000000
6;0010000100000001001000001000000
8;0010000010000001001000001000000
7;0001000010000001001000001000000
6;0001010000000001001000001000000
5;0001001000000001001000001000000
8;0010001000000001001000001000000
6;1000001000000001001000001000000
6;1000000010000001001000001000000
8;1000000010000100001000001000000
13;1000010000000100001000001000000
8;0000110000000100001000001000000
21;0000100010000100001000001000000
17;0000100100000100001000001000000
7;0100000100000100001000001000000
12;0001000100000100001000001000000
9;0001000010000100001000001000000
6;0010000001001000000001001000000
7;0010000100001000000001001000000
8;0001000100001000000001001000000
7;0001000100000001000001001000000
6;0001001000000001000001001000000
11;0001001000010000000001001000000
11;0010001000010000000001001000000
7;0010001000000001000001001000000
5;1000001000000001000001001000000
6;1000001000010000000001001000000
16;1000000100010000000001001000000
9;1000010000010000000001001000000
18;0010010000010000000001001000000
11;0010000010010000000001001000000
7;0010000001010000000001001000000
7;0001000001010000000001001000000
7;0000100001010000000001001000000
10;0000101000010000000001001000000
16;0000100100010000000001001000000
10;0100000100010000000001001000000
14;0010000100010000000001001000000
15;0001000100010000000001001000000
8;0001010000010000000001001000000
17;0000110000010000000001001000000
19;0000110000010000000001000000010
23;1000010000010000000001000000010
6;0100000100000000100010000000100
5;0100000010000000100010000000100
8;0100001000000000100010000000100
7;0010001000000000100010000000100
5;0010000100000000100010000000100
11;0010000100001000000010000000100
7;1000000100001000000010000000100
6;0000100100001000000010000000100
7;0100000100001000000010000000100
15;0100001000001000000010000000100
8;1000001000001000000010000000100
9;1000000001001000000010000000100
17;0100000001001000000010000000100
10;0001000001001000000010000000100
9;0001000010001000000010000000100
8;0010000010001000000010000000100
10;0010001000001000000010000000100
8;0010010000001000000010000000100
16;1000010000001000000010000000100
9;1000000010001000000010000000100
12;0000100010001000000010000000100
10;0000100001001000000010000000100
13;0010000001001000000010000000100
5;0001000010100000000010000000001
7;0001000010100000000000100000001
7;0001000001100000000000100000001
8;0001001000100000000000100000001
10;0001001000100000000000100001000
11;0010001000100000000000100001000
12;0010000010100000000000100001000
13;0100000010100000000000100001000
14;0100000100100000000000100001000
13;0010000100100000000000100001000
16;0010000001100000000000100001000
17;0010010000100000000000100001000
18;0010010000000001000000100001000
19;0001010000000001000000100001000
6;0001000001000001000000100001000
7;0100000001000001000000100001000
22;1000000001000001000000100001000
7;1000000010000001000000100001000
20;0000100010000001000000100001000
25;0000101000000001000000100001000
26;0000110000000001000000100001000
21;0000100001000001000000100001000
26;0010000001000001000000100001000
29;0010000001000001000001000001000
30;0010010000000001000001000001000
31;0100010000000001000001000001000
5;0100000100000001000010000000100
7;1000000010000001000010000000100
8;0001000010000100000010000000100
9;0010010000000100000010000000100
10;0010000100000100000010000000100
11;0001000100000100000000010000100
12;0001000100000000100000010000100
13;0000100100000000100000010000100
12;0000100100000000100001000000100
9;0000110000000000100001000000100
10;0000110000000010000001000000100
8;0000100100000010000001000000100
11;0001000100000010000001000000100
10;0100000100000010000001000000100
20;0100001000000010000001000000100
8;0010001000000010000001000000100
7;0010000001000010000001000000100
13;0010000001000001000001000000100
20;0010000100000001000001000000100
13;0100000100000001000001000000100
26;0100000100001000000001000000100
12;1000000100001000000001000000100
28;0010000100001000000001000000100
11;0010000001001000000001000000100
12;0010000010001000000001000000100
30;0100000010001000000001000000100
4;0000101000000010000010000010000
4;1000001000000010000010000010000
6;0100001000000010000010000010000
5;0001001000000010000010000010000
7;0001010000000010000010000010000
6;1000010000000010000010000010000
4;0000110000000010000010000010000
7;0100010000000010000010000010000
6;0000101000000100000000011000000
5;0001010000000100000000011000000
3;0001000001000100000010001000000
6;0010010000000100000010001000000
6;0000101000000100000010001000000
4;0100000001000100000010001000000
9;1000000001000100000010001000000
5;1000010000000100000010000000001
7;0001000001000100000010000000001
5;0000100010000100000010000000001
7;0100000100000100000010000000001
6;0100000010000100000010000100000
13;0100000010000100000000100100000
12;0100000100000100000000100100000
7;0100000100000100000000100000001
7;0100001000000100000000100000001
13;0001001000000100000000100000001
15;0001001000000100001000000000001
24;0010001000000100001000000000001
25;0010001000000100001000000010000
26;0010000010000100001000000010000
27;0100000010000100001000000010000
28;0100000010000001001000000010000
29;0100000100000001001000000010000
29;0000100100000001001000000010000
31;0000100010000001001000000010000
7;0100010000000010001000000100000
8;0010010000000010001000000100000
9;0000110000000010001000000100000
10;0000101000000010001000000100000
11;0000100001000010001000000100000
8;0001000001000010001000000100000
9;0001000010000010001000000100000
7;0100000010000010001000000100000
10;1000000010000010001000000100000
11;1000000100000010001000000100000
17;0010000100000010001000000100000
14;0100000100000010001000000100000
7;0100000001000010001000000100000
20;1000000001000010001000000100000
20;1000001000000010001000000100000
8;0001001000000010001000000100000
16;0001010000000010001000000100000
15;0001000100000010001000000100000
16;0000100100000010001000000100000
14;0000100100000000101000000100000
27;0100000100000000101000000100000
14;0010000100000000101000000100000
13;1000000100000000101000000100000
22;1000000100100000001000000100000
28;0010000100100000001000000100000
6;1000000010000000100000010000010
7;1000000010000000100000010001000
8;1000000001000000100000010001000
8;1000001000000000100000010001000
7;0001001000000000100000010001000
11;0001001000000100000000010001000
9;0001010000000100000000010001000
8;0001000010000100000000010001000
14;0000100010000100000000010001000
15;0010000010000100000000010001000
16;0010000001000100000000010001000
17;0010010000000100000000010001000
18;1000010000000100000000010001000
16;1000010000000100010000000001000
16;0100010000000100010000000001000
15;0100000100000100010000000001000
22;0100001000000100010000000001000
18;0000101000000100010000000001000
21;0000100010000100010000000001000
15;0000110000000100010000000001000
22;0000100001000100010000000001000
21;0100000001000100010000000001000
14;0100000010000100010000000001000
18;1000000010000100010000000001000
24;1000000010000001010000000001000
17;0001000010000001010000000001000
6;0001010000001000000010000000001
7;0001010000001000000010000001000
8;0000110000001000000010000001000
9;0000100100001000000010000001000
6;0001000100001000000010000001000
11;0001000001001000000010000001000
8;0001000010001000000010000001000
13;0001000010001000000000100001000
14;0001001000001000000000100001000
15;0001001000001000001000000001000
16;1000001000001000001000000001000
17;1000000010001000001000000001000
18;0100000010001000001000000001000
9;0100000010001000001000000000010
10;1000000010001000001000000000010
21;0000100010001000001000000000010
22;0000110000001000001000000000010
23;0000100100001000001000000000010
23;0010000100001000001000000000010
10;0010000001001000001000000000010
14;1000000001001000001000000000010
27;1000001000001000001000000000010
18;0001001000001000001000000000010
19;0001010000001000001000000000010
12;0100010000001000001000000000010
10;0100010000001000001000001000000
6;0000101000010000000010000000100
7;0000110000010000000010000000100
8;0100010000010000000010000000100
9;0100000100010000000010000000100
10;0100000001010000000010000000100
11;0010000001010000000010000000100
6;0010000001010000000010000000010
6;0010001000010000000010000000010
10;0010001000010000000010000100000
9;0000101000010000000010000100000
13;0000100100010000000010000100000
11;0000110000010000000010000100000
12;0000100010010000000010000100000
7;0100000010010000000010000100000
13;0010000010010000000010000100000
8;0001000010010000000010000100000
10;0001000001010000000010000100000
9;0100000001010000000010000100000
16;1000000001010000000010000100000
13;1000000100010000000010000100000
8;1000000010010000000010000100000
16;1000010000010000000010000100000
7;0010010000010000000010000100000
9;0001010000010000000010000100000
10;0100010000010000000010000100000
11;0100000100010000000010000100000
7;0000101000000001000010000001000
7;0000110000000001000010000001000
9;0010010000000001000010000001000
9;1000010000000001000010000001000
6;1000000100000001000010000001000
7;0010000100000001000010000001000
6;0000100100000001000010000001000
9;0000100100001000000010000001000
13;0000101000001000000010000001000
11;0010001000001000000010000001000
9;0010000010001000000010000001000
9;0000100010001000000010000001000
13;0100000010001000000010000001000
17;0100000100001000000010000001000
11;0100010000001000000010000001000
12;0010010000001000000010000001000
8;1000010000001000000010000001000
8;0000110000001000000010000001000
7;0001010000001000000010000001000
12;0001001000001000000010000001000
11;0001000001001000000010000001000
10;0001000001001000000000010001000
13;0001000001001000000000010000001
30;1000000001001000000000010000001
15;0100000001001000000000010000001
5;0100010000010000000000011000000
7;0010010000010000000000011000000
8;0010010000010000000000010000010
9;0010010000010000000100000000010
10;0001010000010000000100000000010
11;0001000010010000000100000000010
12;0001000010010000000100000001000
13;0100000010010000000100000001000
14;0000100010010000000100000001000
15;1000000010010000000100000001000
16;1000001000010000000100000001000
15;1000000100010000000100000001000
15;0100000100010000000100000001000
19;0001000100010000000100000001000
19;0001001000010000000100000001000
21;0001001000000001000100000001000
19;0100001000000001000100000001000
21;0010001000000001000100000001000
11;0010000100000001000100000001000
10;0010000100000001000000100001000
26;0010000001000001000000100001000
7;0100000001000001000000100001000
22;1000000001000001000000100001000
24;1000000100000001000000100001000
13;1000000100000001000100000001000
14;1000010000000001000100000001000
6;1000000010001000000010000000010
7;1000000010001000000010000001000
8;1000010000001000000010000001000
9;1000001000001000000010000001000
10;1000000100001000000010000001000
6;0001000100001000000010000001000
12;0001001000001000000010000001000
8;0001000010001000000010000001000
13;0001000010001000000000100001000
15;0001000010001000000000100000010
10;0001000010001000000010000000010
7;0001001000001000000010000000010
8;0001001000001000000000010000010
9;0001001000001000000000010100000
20;0100001000001000000000010100000
19;0100000100001000000000010100000
16;0001000100001000000000010100000
22;0001010000001000000000010100000
22;0000110000001000000000010100000
10;1000010000001000000000010100000
17;1000000100001000000000010100000
27;0000100100001000000000010100000
19;0010000100001000000000010100000
18;0010000100000000100000010100000
9;0010000010000000100000010100000
15;1000000010000000100000010100000
6;0010010000000010000000100100000
5;0010001000000010000000100100000
4;0010001000000010000000100000010
5;0010000001000010000000100000010
3;0010010000000010000000100000010
6;0100010000000010000000100000010
6;0100000001000010000000100000010
6;0100000001000010000000100000100
8;0100000100000010000000100000100
7;0100010000000010000000100000100
6;1000010000000010000000100000100
7;1000010000000010010000000000100
11;0010010000000010010000000000100
13;0001010000000010010000000000100
11;0001000001000010010000000000100
12;0001001000000010010000000000100
12;0010001000000010010000000000100
24;0000101000000010010000000000100
12;0000110000000010010000000000100
8;0000100100000010010000000000100
10;0001000100000010010000000000100
10;0001000010000010010000000000100
7;1000000010000010010000000000100
10;0010000010000010010000000000100
9;0010000100000010010000000000100
4;0010000100000010000010000100000
5;0001000100000010000010000100000
4;1000000100000010000010000100000
6;0000100001000010000000100000010
5;1000010000000010000000100000010
6;0100001000000010000000100000010
6;0010000100000010000000100000010
6;1000000100000010000100000000010
6;0100000001000010000100000000010
5;0010001000000010000100000000010
5;0000110000000010000100000000010
4;0001010000000010000100001000000
4;0000100001000010000100001000000
3;0000100100000010000100001000000
4;0000100010000010000100001000000
4;0010001000000010000100001000000
6;0000100001010000000000101000000
6;0000110000010000000000101000000
5;0001000010010000000000101000000
7;0010000010010000000010001000000
5;0100001000010000000010001000000
4;1000000001010000000010001000000
4;0000110000010000000010001000000
4;0000100100010000000010001000000
6;1000010000000010000000010001000
7;1000010000000010010000000001000
8;0100010000000010010000000001000
9;0100000001000010010000000001000
10;0010000001000010010000000001000
7;0010000010000010010000000001000
6;0001000010000010010000000001000
7;0000100010000010010000000001000
14;0000110000000010010000000001000
15;0000110000000000110000000001000
16;1000010000000000110000000001000
17;1000010000000000100000100001000
18;1000001000000000100000100001000
19;1000001000000000101000000001000
10;0010001000000000101000000001000
11;0100001000000000101000000001000
16;0001001000000000101000000001000
18;0001000001000000101000000001000
24;0100000001000000101000000001000
8;0100000010000000101000000001000
26;0100010000000000101000000001000
14;0010010000000000101000000001000
28;1000010000000000101000000001000
8;0000110000000000101000000001000
25;0000100001000000101000000001000
11;0000100001000010001000000001000
6;0100000010000100000000100000001
7;0100000100000100000000100000001
8;0001000100000100000000100000001
7;0001000001000100000000100000001
9;0100000001000100000000100000001
11;0100000001000100000000100100000
12;0100010000000100000000100100000
13;0010010000000100000000100100000
14;0010001000000100000000100100000
11;0001001000000100000000100100000
16;1000001000000100000000100100000
17;1000001000000100001000000100000
18;1000000100000100001000000100000
19;0010000100000100001000000100000
20;0100000100000100001000000100000
21;0000100100000100001000000100000
22;0000101000000100001000000100000
23;0010001000000100001000000100000
24;0010001000000100001000000000010
25;0010000100000100001000000000010
26;0100000100000100001000000000010
27;0001000100000100001000000000010
28;0000100100000100001000000000010
25;0000100010000100001000000000010
13;0000100010000100001000000001000
31;0000100100000100001000000001000
4;1000000010000010000100001000000
3;0010000001000010000100001000000
3;0000100100000010000100001000000
5;0100010000000010000100001000000
4;0001000001000010000100001000000
7;0000101000000001000100001000000
7;0000101000010000000100001000000
8;0000100010010000000100001000000
10;0001000010010000000100001000000
11;0001000001010000000100001000000
12;1000000001010000000100001000000
13;1000000010010000000100001000000
13;1000010000010000000100001000000
14;1000010000010000000100000000010
16;1000000100010000000100000000010
17;1000000001010000000100000000010
15;1000000010010000000100000000010
19;0010000010010000000100000000010
13;0010000010010000000000010000010
21;0010001000010000000000010000010
9;0001001000010000000000010000010
8;0001000100010000000000010000010
7;0001000100010000000010000000010
7;1000000100010000000010000000010
18;1000000100010000000010000010000
7;0010000100010000000010000010000
8;0010010000010000000010000010000
10;0010000001010000000010000010000
11;0010000010010000000010000010000
19;0001000010010000000010000010000
6;0000100100001000000010000000100
7;1000000100001000000010000000100
8;1000001000001000000010000000100
9;1000000001001000000010000000100
10;0000100001001000000010000000100
11;0000110000001000000010000000100
8;0010010000001000000010000000100
11;0010000100001000000010000000100
8;0010000010001000000010000000100
7;0010000010000000100010000000100
5;0100000010000000100010000000100
6;0100000100000000100010000000100
8;0100001000000000100010000000100
7;0010001000000000100010000000100
10;0010001000001000000010000000100
11;0001001000001000000010000000100
22;0000101000001000000010000000100
12;0000100010001000000010000000100
13;0100000010001000000010000000100
15;0100001000001000000010000000100
7;0100000100001000000010000000100
5;0100000100000001000010000000100
12;0100010000000001000010000000100
16;0010010000000001000010000000100
6;0010000100000001000010000000100
6;0001000100000001000010000000100
4;0000101000000010000010000010000
4;0000110000000010000010000010000
6;1000010000000010000010000010000
7;0001010000000010000010000010000
7;0100010000000010000010000010000
6;0100001000000010000010000010000
4;1000001000000010000010000010000
5;0001001000000010000010000010000
6;0010001000000000100010000001000
7;0010000001000000100010000001000
8;0010000001001000000010000001000
9;0010000010001000000010000001000
9;0010000100001000000010000001000
11;0010001000001000000010000001000
12;0010010000001000000010000001000
13;0010010000000000100010000001000
7;0100010000000000100010000001000
7;0100001000000000100010000001000
7;0001001000000000100010000001000
12;0001001000000100000010000001000
11;0001001000000100000000010001000
15;0100001000000100000000010001000
16;0010001000000100000000010001000
16;0010000001000100000000010001000
22;0000100001000100000000010001000
23;0000110000000100000000010001000
17;0010010000000100000000010001000
18;1000010000000100000000010001000
26;1000000100000100000000010001000
19;1000000001000100000000010001000
16;1000000001000100010000000001000
18;1000000010000100010000000001000
26;1000001000000100010000000001000
31;1000000100000100010000000001000
7;0010000100000001000010000001000
6;0000100100000001000010000001000
7;0000110000000001000010000001000
9;1000010000000001000010000001000
6;1000000100000001000010000001000
6;1000001000000001000010000001000
6;0010001000000001000010000001000
9;0010010000000001000010000001000
9;0010010000100000000010000001000
10;0000110000100000000010000001000
11;0100010000100000000010000001000
17;0100000100100000000010000001000
12;0100000001100000000010000001000
13;0000100001100000000010000001000
8;0000100010100000000010000001000
9;0000100100100000000010000001000
11;0001000100100000000010000001000
11;0001000100100000000000010001000
12;0010000100100000000000010001000
14;0010000100100000000100000001000
27;0010000010100000000100000001000
28;0000100010100000000100000001000
14;0100000010100000000100000001000
30;0100001000100000000100000001000
16;1000001000100000000100000001000
7;0001010000100000000000010001000
8;1000010000100000000000010001000
9;0100010000100000000000010001000
10;0100000100100000000000010001000
11;0001000100100000000000010001000
12;0010000100100000000000010001000
13;0010000010100000000000010001000
14;0000100010100000000000010001000
15;0000100001100000000000010001000
16;0010000001100000000000010001000
17;1000000001100000000000010001000
18;0100000001100000000000010001000
19;0100000010100000000000010001000
20;1000000010100000000000010001000
21;1000000100100000000000010001000
13;1000000100000000100000010001000
14;0001000100000000100000010001000
10;0001000001000000100000010001000
23;0001000001000100000000010001000
9;0001010000000100000000010001000
6;0001010000000100000010000001000
28;0000110000000100000010000001000
29;0000100100000100000010000001000
11;0001000100000100000010000001000
31;1000000100000100000010000001000
6;0010000001000100000000101000000
7;0010000001000100000001001000000
8;0100000001000100000001001000000
9;0100000001000100000000101000000
5;0100000100000100000000101000000
11;0100000100000100000100001000000
12;0100001000000100000100001000000
12;0100010000000100000100001000000
10;0000110000000100000100001000000
15;0000100010000100000100001000000
13;0000100001000100000100001000000
8;0000100100000100000100001000000
6;0001000100000100000100001000000
8;0001000010000100000100001000000
9;0100000010000100000100001000000
10;0100000001000100000100001000000
22;1000000001000100000100001000000
14;1000010000000100000100001000000
10;0010010000000100000100001000000
11;0010001000000100000100001000000
26;0001001000000100000100001000000
17;1000001000000100000100001000000
9;0000101000000100000100001000000
7;0001001000000100010000001000000
8;1000001000000100010000001000000
9;0010001000000100010000001000000
10;0010000100000100010000001000000
11;0000100100000100010000001000000
12;0000100001000100010000001000000
13;0010000001000100010000001000000
8;0001000001000100010000001000000
10;0001000010000100010000001000000
8;0000100010000100010000001000000
7;0100000010000100010000001000000
12;1000000010000100010000001000000
10;1000000001000100010000001000000
14;1000000001000100010000000000001
15;1000010000000100010000000000001
13;1000000010000100010000000000001
21;0010000010000100010000000000001
24;0010000100000100010000000000001
25;0010001000000100010000000000001
19;0010010000000100010000000000001
18;0001010000000100010000000000001
12;0001010000000000110000000000001
8;0100010000000000110000000000001
19;0100001000000000110000000000001
9;0001001000000000110000000000001
4;0100000100000000100010000000001
5;0001000100000000100010000000001
6;0001001000000000100010000000001
6;0001001000000000100000010000001
8;0001010000000000100000010000001
12;0000110000000000100000010000001
7;1000010000000000100000010000001
8;1000001000000000100000010000001
9;1000001000100000000000010000001
13;0100001000100000000000010000001
17;0100000001100000000000010000001
15;0010000001100000000000010000001
10;0001000001100000000000010000001
12;0000100001100000000000010000001
21;0000100100100000000000010000001
12;0000110000100000000000010000001
6;0000110000000001000000010000001
6;0100010000000001000000010000001
11;0100010000000001000000010100000
17;0010010000000001000000010100000
9;1000010000000001000000010100000
20;1000001000000001000000010100000
9;0000101000000001000000010100000
30;0000100001000001000000010100000
14;0000100100000001000000010100000
7;0000100001000000100001000000100
8;1000000001000000100001000000100
9;0100000001000000100001000000100
9;0010000001000000100001000000100
10;0010000001000000100000100000100
10;0001000001000000100000100000100
13;0001000100000000100000100000100
12;0100000100000000100000100000100
7;0100010000000000100000100000100
16;0100001000000000100000100000100
17;0100001000010000000000100000100
12;1000001000010000000000100000100
13;1000000100010000000000100000100
11;0010000100010000000000100000100
10;0001000100010000000000100000100
14;0001010000010000000000100000100
13;0010010000010000000000100000100
24;0100010000010000000000100000100
25;0100000001010000000000100000100
24;0001000001010000000000100000100
9;0001000010010000000000100000100
12;0010000010010000000000100000100
16;0010001000010000000000100000100
26;0010000001010000000000100000100
27;0010000001010000000001000000100
6;1000010000100000000000010000010
7;1000001000100000000000010000010
8;1000001000100000000000010100000
9;0010001000100000000000010100000
10;0010001000100000000100000100000
11;0001001000100000000100000100000
12;0001010000100000000100000100000
13;0001000100100000000100000100000
14;0001000001100000000100000100000
15;1000000001100000000100000100000
16;0000100001100000000100000100000
17;0100000001100000000100000100000
18;0100001000100000000100000100000
19;0000101000100000000100000100000
20;0000100100100000000100000100000
21;0000100100100000000000100100000
13;0000100001100000000000100100000
16;0010000001100000000000100100000
24;0010000001100000000001000100000
14;0000100001100000000001000100000
16;0000100100100000000001000100000
21;0100000100100000000001000100000
15;0100000100100000000001000000001
17;0100000010100000000001000000001
17;0000100010100000000001000000001
19;0000100010100000000001000000100
7;1000001000000000100010000010000
6;0100000010000000100010000010000
7;0100000010010000000010000010000
10;0001010000010000000010000010000
11;0010000010010000000010000010000
6;0010010000010000000010000000001
5;1000000010010000000010000000001
6;1000000010010000000000100000001
9;0001000010010000000000100000001
11;0001010000010000000000100000001
17;0001010000010000010000000000001
9;1000010000010000010000000000001
10;1000000001010000010000000000001
19;0000100001010000010000000000001
20;0000101000010000010000000000001
22;0000100010010000010000000000001
21;0000100100010000010000000000001
22;0000110000010000010000000000001
19;0000110000010000000000100000001
9;0000100001010000000000100000001
14;0000100001010000000001000000001
13;1000000001010000000001000000001
12;1000001000010000000001000000001
6;1000001000010000000001001000000
11;0010001000010000000001001000000
7;0010000100000000100000011000000
7;0010001000000000100000011000000
4;0100001000000000100000011000000
6;0001001000000000100000011000000
10;1000001000000000100000011000000
4;1000000010000000100000011000000
4;0010000010000000100000011000000
7;0010000010001000000000011000000
7;1000000010001000000000011000000
6;0000100010001000000000011000000
9;0000110000001000000000011000000
5;0010010000001000000000011000000
6;0010000001001000000000011000000
7;0010000001001000000100001000000
13;0001000001001000000100001000000
15;0000100001001000000100001000000
14;0100000001001000000100001000000
24;0100001000001000000100001000000
12;1000001000001000000100001000000
10;1000000100001000000100001000000
19;1000000001001000000100001000000
7;1000000010001000000100001000000
10;1000010000001000000100001000000
23;0100010000001000000100001000000
28;0100000010001000000100001000000
6;0000100100000001000010000001000
6;1000000100000001000010000001000
9;1000010000000001000010000001000
6;1000001000000001000010000001000
7;0000101000000001000010000001000
7;0000110000000001000010000001000
10;0000110000100000000010000001000
11;0100010000100000000010000001000
15;0100001000100000000010000001000
12;0100000001100000000010000001000
9;0010000001100000000010000001000
8;0010000010100000000010000001000
19;0010000100100000000010000001000
11;0001000100100000000010000001000
11;0001000100100000000000010001000
10;0001000010100000000000010001000
13;0010000010100000000000010001000
16;0010000001100000000000010001000
12;0010000100100000000000010001000
26;0010001000100000000000010001000
27;0100001000100000000000010001000
27;0000101000100000000000010001000
19;0000101000100000000001000001000
17;0000100100100000000001000001000
31;1000000100100000000001000001000
7;0100000100000001000000100100000
8;0001000100000001000000100100000
9;0001000001000001000000100100000
10;0001010000000001000000100100000
11;0001010000100000000000100100000
12;0000110000100000000000100100000
13;0000100001100000000000100100000
14;0000101000100000000000100100000
15;0010001000100000000000100100000
16;0010000001100000000000100100000
17;0010010000100000000000100100000
18;0100010000100000000000100100000
19;0100010000000001000000100100000
20;1000010000000001000000100100000
21;0000110000000001000000100100000
22;0010010000000001000000100100000
22;0010000100000001000000100100000
8;0010000010000001000000100100000
11;0010000010000100000000100100000
13;0100000010000100000000100100000
9;0001000010000100000000100100000
10;1000000010000100000000100100000
20;1000010000000100000000100100000
20;0000110000000100000000100100000
13;0001010000000100000000100100000
6;0010000010000001000000010000010
7;0010000100000001000000010000010
6;0000100100000001000000010000010
9;0000100100000001000000010010000
10;0100000100000001000000010010000
11;0100001000000001000000010010000
12;0100000010000001000000010010000
13;0100010000000001000000010010000
8;0001010000000001000000010010000
11;0001000010000001000000010010000
16;0000100010000001000000010010000
7;0010000010000001000000010010000
16;0010000010000100000000010010000
19;0010001000000100000000010010000
20;0100001000000100000000010010000
12;1000001000000100000000010010000
16;1000010000000100000000010010000
17;1000010000000100010000000010000
24;0010010000000100010000000010000
25;0000110000000100010000000010000
26;0000100100000100010000000010000
13;0001000100000100010000000010000
28;0001000010000100010000000010000
29;0001001000000100010000000010000
11;0001001000000000110000000010000
31;1000001000000000110000000010000
6;0100001000000010000100000000010
5;0100000100000010000100000000010
7;0000100100000010000100000000010
9;0001000100000010000100000000010
6;0001000100000010000000100000010
4;0001000001000010000000100000010
6;0100000001000010000000100000010
7;0100000001000001000000100000010
14;0100000100000001000000100000010
15;0100000100000001000100000000010
16;0010000100000001000100000000010
15;0010001000000001000100000000010
16;0001001000000001000100000000010
17;0100001000000001000100000000010
7;0100010000000001000100000000010
8;0100000010000001000100000000010
13;0000100010000001000100000000010
23;0000101000000001000100000000010
24;0000101000000001000100000100000
16;0000110000000001000100000100000
23;0010010000000001000100000100000
18;0010000010000001000100000100000
19;0010001000000001000100000100000
18;0001001000000001000100000100000
20;0001010000000001000100000100000
18;0001000010000001000100000100000
5;0001000100000010000010000100000
4;1000000100000010000010000100000
4;0010000100000010000010000100000
6;1000010000000010000000100010000
7;1000000100000010000000100010000
8;1000000100000010000100000010000
7;0100000100000010000100000010000
10;0001000100000010000100000010000
9;0001000100000010000000100010000
5;0100000100000010000000100010000
7;0100000100000010000000100000010
6;0100010000000010000000100000010
6;0100000001000010000000100000010
4;0001000001000010000000100000010
10;0001001000000010000000100000010
6;0001000100000010000000100000010
6;0010000100000010000000100000010
5;0010000001000010000000100000010
6;0010000001000010000000100000100
5;1000000001000010000000100000100
6;0100000001000010000000100000100
6;0001000001000010000000100000100
25;0001000001000010000001000000100
12;0001010000000010000001000000100
17;0100010000000010000001000000100
20;0100001000000010000001000000100
10;0100000001000010000001000000100
30;0100000001000001000001000000100
20;1000000001000001000001000000100
7;0010001000000000100000011000000
7;0010000100000000100000011000000
4;0010000010000000100000011000000
8;0100000010000000100000011000000
4;1000000010000000100000011000000
5;1000000010000000100000010000001
7;1000010000000000100000010000001
8;0001010000000000100000010000001
14;0100010000000000100000010000001
16;0100010000000000100000010100000
9;0100001000000000100000010100000
18;0010001000000000100000010100000
19;0010001000000000100100000100000
20;0010001000001000000100000100000
21;0001001000001000000100000100000
22;0001001000001000000100000000010
23;0100001000001000000100000000010
24;0100000100001000000100000000010
25;0100000100001000000100000010000
26;0100001000001000000100000010000
21;0010001000001000000100000010000
22;0010001000001000000100000000001
23;0100001000001000000100000000001
30;0100010000001000000100000000001
28;0000110000001000000100000000001
7;0000100010000010001000000000010
6;0010000010000010001000000000010
6;0010000001000010001000000000010
10;0010000001000001001000000000010
9;0010000100000001001000000000010
12;0001000100000001001000000000010
12;0001000100001000001000000000010
11;1000000100001000001000000000010
15;0100000100001000001000000000010
9;0100000010001000001000000000010
17;0001000010001000001000000000010
18;0001001000001000001000000000010
19;0001010000001000001000000000010
13;1000010000001000001000000000010
10;1000000010001000001000000000010
21;0000100010001000001000000000010
12;0000101000001000001000000000010
23;0000101000001000001000000100000
25;0000100001001000001000000100000
18;0100000001001000001000000100000
16;0100001000001000001000000100000
15;0100001000001000001000000000010
17;0100001000001000000000010000010
8;0100000010001000000000010000010
7;0100000100001000000000010000010
7;0010001000010000001000001000000
8;0000101000010000001000001000000
9;0000100010010000001000001000000
10;0010000010010000001000001000000
11;0100000010010000001000001000000
7;0100000100010000001000001000000
13;1000000100010000001000001000000
8;1000001000010000001000001000000
11;1000001000010000001000000000001
12;0100001000010000001000000000001
17;0010001000010000001000000000001
18;0010001000010000000000100000001
11;0010000001010000000000100000001
8;1000000001010000000000100000001
6;1000000010010000000000100000001
8;0000100010010000000000100000001
8;0000100010010000000000100000100
9;0001000010010000000000100000100
24;0001000001010000000000100000100
14;0001010000010000000000100000100
21;0000110000010000000000100000100
15;1000010000010000000000100000100
12;1000001000010000000000100000100
20;1000000001010000000000100000100
21;0000100001010000000000100000100
6;0000100010001000000000011000000
7;1000000010001000000000011000000
8;1000000001001000000000011000000
9;1000010000001000000000011000000
5;0010010000001000000000011000000
7;0010000010001000000000011000000
12;0010000010001000000100001000000
6;0010000010000000100100001000000
7;0001000010000000100100001000000
6;0001001000000000100100001000000
6;1000001000000000100100001000000
8;1000000010000000100100001000000
7;1000000010000000100100000000001
16;0010000010000000100100000000001
11;0010000010000000100100000010000
12;0010000010001000000100000010000
21;0010001000001000000100000010000
23;0000101000001000000100000010000
24;1000001000001000000100000010000
25;1000000001001000000100000010000
26;0100000001001000000100000010000
27;0000100001001000000100000010000
19;0010000001001000000100000010000
9;0010000001000000100100000010000
19;0100000001000000100100000010000
20;0100001000000000100100000010000
5;0010001000000000100010000000001
6;0001001000000000100010000000001
5;0001000100000000100010000000001
4;0100000100000000100010000000001
6;0000100010000100000010000000100
7;0000100001000100000010000000100
7;0000100001000100000010000000001
8;0000101000000100000010000000001
6;0000100100000100000010000000001
10;0001000100000100000010000000001
12;0001000100000100000000010000001
9;0001010000000100000000010000001
9;0001010000000100000000010001000
11;0001001000000100000000010001000
16;0010001000000100000000010001000
16;0010000001000100000000010001000
15;0010000010000100000000010001000
9;0010000010000001000000010001000
10;0010010000000001000000010001000
21;0010000100000001000000010001000
7;0010001000000001000000010001000
23;0100001000000001000000010001000
14;0100001000000001001000000001000
19;1000001000000001001000000001000
26;1000001000010000001000000001000
27;1000000001010000001000000001000
27;0001000001010000001000000001000
19;0001000100010000001000000001000
29;0001001000010000001000000001000
13;0001001000010000001000000000001
6;0001001000001000000010000000001
7;0001001000001000000000010000001
8;0010001000001000000000010000001
9;1000001000001000000000010000001
8;1000000010001000000000010000001
10;0010000010001000000000010000001
9;0010000100001000000000010000001
8;0010000100001000000100000000001
7;0010000100001000000000100000001
10;0010010000001000000000100000001
9;0001010000001000000000100000001
10;0001001000001000000000100000001
9;0100001000001000000000100000001
18;0100001000001000001000000000001
16;0100001000001000001000000100000
18;0010001000001000001000000100000
22;1000001000001000001000000100000
23;1000000010001000001000000100000
24;0010000010001000001000000100000
23;0010000100001000001000000100000
20;0100000100001000001000000100000
12;0100000100000001001000000100000
11;0100000001000001001000000100000
19;1000000001000001001000000100000
20;1000000001000010001000000100000
11;0010000001000010001000000100000
6;0001010000010000000000101000000
6;1000010000010000000000101000000
9;1000010000010000000000100000001
10;0010010000010000000000100000001
11;0010000010010000000000100000001
9;0001000010010000000000100000001
12;0001000010010000000000100001000
11;0010000010010000000000100001000
9;0000100010010000000000100001000
16;0000100001010000000000100001000
17;1000000001010000000000100001000
18;1000000100010000000000100001000
10;1000000010010000000000100001000
11;1000000010010000000010000001000
7;0010000010010000000010000001000
20;0010000001010000000010000001000
15;0010000100010000000010000001000
14;0100000100010000000010000001000
7;0001000100010000000010000001000
10;0001010000010000000010000001000
17;0010010000010000000010000001000
11;0010001000010000000010000001000
8;0000101000010000000010000001000
8;0000100100010000000010000001000
8;0000100001010000000010000001000
6;0001000100000001001000001000000
6;0010000100000001001000001000000
8;1000000100000001001000001000000
6;1000001000000001001000001000000
8;0010001000000001001000001000000
5;0010001000000001000000101000000
5;0010010000000001000000101000000
8;0010010000000001000000100000010
14;0010000100000001000000100000010
5;0010000001000001000000100000010
10;0010000001000001000000100000100
17;0001000001000001000000100000100
17;0001000001000001000001000000100
13;0010000001000001000001000000100
20;1000000001000001000001000000100
10;1000000010000001000001000000100
22;1000000010000100000001000000100
23;1000001000000100000001000000100
24;1000000001000100000001000000100
20;1000000001000100000000100000100
26;1000000010000100000000100000100
8;0000100010000100000000100000100
16;0010000010000100000000100000100
9;0010000010000001000000100000100
12;0000100010000001000000100000100
16;1000000010000001000000100000100
6;0100000001000001001000000000010
7;0100000001000001001000000000100
8;1000000001000001001000000000100
9;1000000001000001001000000000010
9;0000100001000001001000000000010
10;0000100100000001001000000000010
9;0010000100000001001000000000010
13;0010000010000001001000000000010
13;0010001000000001001000000000010
14;0001001000000001001000000000010
16;1000001000000001001000000000010
12;0100001000000001001000000000010
18;0100001000000001001000000100000
19;0001001000000001001000000100000
17;0001000100000001001000000100000
21;0001000010000001001000000100000
22;0010000010000001001000000100000
23;1000000010000001001000000100000
13;1000000100000001001000000100000
25;0010000100000001001000000100000
13;0010010000000001001000000100000
12;0100010000000001001000000100000
28;0100000010000001001000000100000
11;0100000001000001001000000100000
18;0000100001000001001000000100000
19;1000000001000001001000000100000
6;1000000100000100000000101000000
7;1000000100000100000100001000000
8;0000100100000100000100001000000
9;0000101000000100000100001000000
10;0000110000000100000100001000000
11;0000110000000100000100000000010
12;0000100010000100000100000000010
13;0000100010000001000100000000010
14;0001000010000001000100000000010
15;0001000010000001000100000001000
10;0010000010000001000100000001000
12;1000000010000001000100000001000
18;1000001000000001000100000001000
19;0100001000000001000100000001000
20;0000101000000001000100000001000
21;0010001000000001000100000001000
9;0010001000010000000100000001000
12;0010000010010000000100000001000
12;0001000010010000000100000001000
19;0001000100010000000100000001000
17;0001000001010000000100000001000
27;0001010000010000000100000001000
19;0001001000010000000100000001000
21;0001001000000001000100000001000
17;0001010000000001000100000001000
18;0000110000000001000100000001000
7;0100000001000000100000011000000
7;0010000001000000100000011000000
4;1000000001000000100000011000000
6;1000000001100000000000011000000
7;0100000001100000000000011000000
11;0100000001100000001000001000000
11;0001000001100000001000001000000
14;0001000010100000001000001000000
9;0001001000100000001000001000000
10;0001010000100000001000001000000
12;0001000100100000001000001000000
12;0010000100100000001000001000000
8;0010001000100000001000001000000
7;0010001000100000000000101000000
6;0010000001100000000000101000000
22;0100000001100000000000101000000
23;0100001000100000000000101000000
8;0100001000100000001000001000000
7;0000101000100000001000001000000
17;0000100001100000001000001000000
10;1000000001100000001000001000000
13;1000000001100000001000000000001
8;1000000100100000001000000000001
16;0000100100100000001000000000001
31;0000101000100000001000000000001
7;1000000010001000000010000010000
8;0000100100001000000010000010000
7;0001000100001000000000010010000
10;0100000100001000000000010010000
11;0100000001001000000000010010000
12;0100001000001000000000010010000
13;0010001000001000000000010010000
10;0010000100001000000000010010000
8;1000000100001000000000010010000
14;1000000010001000000000010010000
17;1000010000001000000000010010000
17;1000010000001000010000000010000
19;1000000001001000010000000010000
13;0010000001001000010000000010000
12;0010000010001000010000000010000
22;0010000100001000010000000010000
23;0001000100001000010000000010000
24;0001000100001000010000000000010
23;0001010000001000010000000000010
10;1000010000001000010000000000010
27;0000110000001000010000000000010
28;0100010000001000010000000000010
29;0100000100001000010000000000010
9;0100000100000001010000000000010
22;0100000100000001010000000010000
6;0100000010000001000010000000100
5;0100000001000001000010000000100
5;0000100100000001000010000000100
9;0001000100000001000000010000100
10;1000000100000001000000010000100
11;1000000100001000000000010000100
12;0000100100001000000000010000100
13;0000100100001000000001000000100
14;0001000100001000000001000000100
15;0001000100000001000001000000100
12;0000100100000001000001000000100
11;0000100100000001000001000000001
7;0000110000000001000001000000001
19;0000100010000001000001000000001
9;0000100010000001000001000000100
12;0000101000000001000001000000100
22;0001001000000001000001000000100
23;0001000010000001000001000000100
10;1000000010000001000001000000100
22;1000000010000100000001000000100
24;0001000010000100000001000000100
25;0001000001000100000001000000100
28;0001000001000100000000100000100
24;0001000001000100000000100000010
25;0001000100000100000000100000010
27;1000000100000100000000100000010
6;1000010000000001000010000100000
7;1000010000100000000010000100000
6;0100010000100000000010000100000
9;0100000100100000000010000100000
10;0100001000100000000010000100000
8;0000101000100000000010000100000
9;0000110000100000000010000100000
7;0000110000000001000010000100000
7;0010010000000001000010000100000
15;0010001000000001000010000100000
6;0010001000000001000010000000010
5;0010000010000001000010000000010
4;0010000001000001000010000000010
7;1000010000000000100001001000000
6;0010010000000000100001001000000
7;0010010000000000100001000000010
8;1000010000000000100001000000010
11;1000000001000000100001000000010
9;1000000010000000100001000000010
9;0001000010000000100001000000010
14;0100000010000000100001000000010
15;0100000010000000100001000001000
16;0001000010000000100001000001000
15;0001010000000000100001000001000
12;1000010000000000100001000001000
19;0010010000000000100001000001000
20;0010000001000000100001000001000
9;0010000100000000100001000001000
22;0010000100001000000001000001000
23;0010000001001000000001000001000
22;1000000001001000000001000001000
17;1000001000001000000001000001000
18;1000000010001000000001000001000
13;0000100010001000000001000001000
21;0000100001001000000001000001000
29;0000100001001000000000100001000
21;0000100100001000000000100001000
24;1000000100001000000000100001000
6;0010000001000010000000100001000
5;0010001000000010000000100001000
7;0010010000000010000000100001000
6;0010010000000010010000000001000
10;0010001000000010010000000001000
7;0010000010000010010000000001000
7;0000100010000010010000000001000
6;0001000010000010010000000001000
6;0001010000000010010000000001000
12;0001001000000010010000000001000
12;0100001000000010010000000001000
9;0100000001000010010000000001000
8;0100010000000010010000000001000
10;0100000100000010010000000001000
9;0001000100000010010000000001000
9;0010000100000010010000000001000
20;1000000100000010010000000001000
7;1000010000000010010000000001000
24;1000001000000010010000000001000
12;0000101000000010010000000001000
8;0000100100000010010000000001000
14;0000110000000010010000000001000
15;0000110000000000110000000001000
18;0000100001000000110000000001000
17;0100000001000000110000000001000
16;0100001000000000110000000001000
6;0001000010000010010000000001000
7;0001000001000010010000000001000
9;0001000001000001010000000001000
10;1000000001000001010000000001000
11;1000001000000001010000000001000
12;1000001000010000010000000001000
11;1000001000010000000000010001000
8;0010001000010000000000010001000
15;0010000001010000000000010001000
13;0010000001010000000100000001000
17;0001000001010000000100000001000
12;0001000010010000000100000001000
19;0001000010010000000100000000001
11;0001000001010000000100000000001
12;0001001000010000000100000000001
12;0000101000010000000100000000001
23;0000100010010000000100000000001
24;0000110000010000000100000000001
25;0100010000010000000100000000001
17;0001010000010000000100000000001
18;0010010000010000000100000000001
19;0010000010010000000100000000001
10;0010000001010000000100000000001
9;0010000001010000000000010000001
13;0000100001010000000000010000001
7;0000100001000100001000001000000
8;0000110000000100001000001000000
6;0001010000000000101000001000000
6;0100010000000000101000001000000
6;0100000010000000101000001000000
10;0100000001000000101000001000000
11;0100000001010000001000001000000
14;0001000001010000001000001000000
15;0001000100010000001000001000000
7;0100000100010000001000001000000
13;1000000100010000001000001000000
8;1000001000010000001000001000000
8;0000101000010000001000001000000
7;0010001000010000001000001000000
18;0010000100010000001000001000000
22;0010010000010000001000001000000
23;0010010000010000001000000000010
12;0010000010010000001000000000010
13;0010000010010000001000000001000
26;0010000001010000001000000001000
27;0001000001010000001000000001000
28;0100000001010000001000000001000
27;1000000001010000001000000001000
26;1000001000010000001000000001000
29;0001001000010000001000000001000
6;0001000100010000000010000000001
6;0001000010010000000010000000001
7;0001000010010000000000010000001
10;0000100010010000000000010000001
11;0010000010010000000000010000001
8;0010001000010000000000010000001
6;0001001000010000000000010000001
7;0100001000010000000000010000001
15;0100010000010000000000010000001
16;1000010000010000000000010000001
7;0001010000010000000000010000001
6;0001010000010000000010000000001
10;0001010000010000000010000001000
8;0001010000010000000000010001000
21;0001000100010000000000010001000
9;0001000010010000000000010001000
14;0010000010010000000000010001000
13;0010000010010000000000010000010
21;0010001000010000000000010000010
6;0010001000000001000000010000010
7;0000101000000001000000010000010
9;0000101000010000000000010000010
9;0001001000010000000000010000010
12;0001000010010000000000010000010
8;0001010000010000000000010000010
7;0001000100001000000100001000000
5;0001000100000001000100001000000
5;0000100100000001000100001000000
4;0000100100000001000000101000000
7;0000101000000001000000101000000
4;0000110000000001000000101000000
5;0000110000000001000000100000010
13;0000100100000001000000100000010
9;0000100001000001000000100000010
16;0001000001000001000000100000010
7;0100000001000001000000100000010
14;0100000001000001000001000000010
9;0100000001000010000001000000010
6;0100000010000010000001000000010
13;0100001000000010000001000000010
11;0100000100000010000001000000010
9;1000000100000010000001000000010
10;1000000100000010000001000010000
13;1000010000000010000001000010000
15;0100010000000010000001000010000
13;0100000100000010000001000010000
20;0100000010000010000001000010000
13;0001000010000010000001000010000
8;0001000100000010000001000010000
8;0001000100000010000001000000010
7;0000100100000010010000000010000
8;0100000100000010010000000010000
6;0001000100000010010000000010000
10;0001001000000010010000000010000
11;1000001000000010010000000010000
8;1000000001000010010000000010000
13;1000000010000010010000000010000
14;0010000010000010010000000010000
7;0010000100000010010000000010000
6;0010010000000010010000000010000
9;0010000001000010010000000010000
10;0100000001000010010000000010000
11;0001000001000010010000000010000
20;0001000001000001010000000010000
21;0001000100000001010000000010000
21;1000000100000001010000000010000
22;0100000100000001010000000010000
24;0000100100000001010000000010000
25;0000101000000001010000000010000
26;0000100010000001010000000010000
27;0000110000000001010000000010000
16;0000100001000001010000000010000
15;0000100001000010010000000010000
12;0000101000000010010000000010000
19;0000110000000010010000000010000
6;1000000001100000000000100000001
7;0001000001100000000000100000001
8;0001000001100000000000100001000
9;1000000001100000000000100001000
10;1000010000100000000000100001000
11;1000000010100000000000100001000
12;1000000100100000000000100001000
13;0010000100100000000000100001000
14;0010000100100000000100000001000
12;0010000100100000000000010001000
16;0000100100100000000000010001000
17;0000100100100000000001000001000
18;0000100001100000000001000001000
19;0000101000100000000001000001000
20;0010001000100000000001000001000
21;0010000010100000000001000001000
22;0010010000100000000001000001000
23;0000110000100000000001000001000
24;0000110000100000000000010001000
14;0000100010100000000000010001000
26;0000100010100000000001000001000
27;0100000010100000000001000001000
28;0100001000100000000001000001000
29;1000001000100000000001000001000
30;1000010000100000000001000001000
31;0100010000100000000001000001000
5;0010010000000010000100000000001
8;0010010000000010000100000010000
9;0000110000000010000100000010000
10;0000100010000010000100000010000
11;0001000010000010000100000010000
12;0010000010000010000100000010000
6;0010000100000010000100000010000
7;0010001000000010000100000010000
15;0000101000000010000100000010000
16;0000100001000010000100000010000
17;1000000001000010000100000010000
8;1000000100000010000100000010000
10;0001000100000010000100000010000
9;0001000100000010000100000000010
12;0001000010000010000100000000010
6;0000100010000010000100000000010
9;0100000010000010000100000000010
12;0100000010000010000100000001000
25;0100001000000010000100000001000
26;0100010000000010000100000001000
22;0000110000000010000100000001000
28;0000110000000000100100000001000
20;0000101000000000100100000001000
21;0010001000000000100100000001000
27;0010001000001000000100000001000
6;0001000100001000000010000001000
7;0001010000001000000010000001000
8;0001000010001000000010000001000
9;0000100010001000000010000001000
8;0000110000001000000010000001000
11;0100010000001000000010000001000
12;0100001000001000000010000001000
9;1000001000001000000010000001000
13;0000101000001000000010000001000
12;0001001000001000000010000001000
11;0001000001001000000010000001000
17;0000100001001000000010000001000
8;0010000001001000000010000001000
9;0010000100001000000010000001000
11;0010001000001000000010000001000
9;0010000010001000000010000001000
12;0010010000001000000010000001000
8;1000010000001000000010000001000
10;1000000100001000000010000001000
18;1000000001001000000010000001000
20;0100000001001000000010000001000
13;0100000010001000000010000001000
11;0100000010001000000000100001000
8;0010000010001000000000100001000
17;0010000001001000000000100001000
19;0001000001001000000000100001000
7;1000001000010000010000000000001
8;1000000100010000010000000000001
9;1000010000010000010000000000001
10;1000000001010000010000000000001
9;1000000001010000010000001000000
12;1000000100010000010000001000000
9;0001000100010000010000001000000
9;0001010000010000010000001000000
10;0100010000010000010000001000000
12;0000110000010000010000001000000
16;0000100010010000010000001000000
8;0100000010010000010000001000000
16;1000000010010000010000001000000
9;0010000010010000010000001000000
7;0010001000010000010000001000000
18;0000101000010000010000001000000
13;0000100001010000010000001000000
8;0010000001010000010000001000000
11;0010000100010000010000001000000
9;0010010000010000010000001000000
7;0010010000010000000000101000000
6;0001010000010000000000101000000
15;0001010000010000000000100000010
7;0001000010010000000000100000010
12;0001000001010000000000100000010
3;0010010000000010000000100000010
5;0010000001000010000000100000010
6;0100000001000010000000100000010
7;0100000100000010000000100000010
6;0001000100000010000000100000010
6;0010000100000010000000100000010
4;1000000100000010000000100000010
5;1000000001000010000000100000010
6;1000000001000010000001000000010
15;1000000001000001000001000000010
16;1000010000000001000001000000010
17;1000000010000001000001000000010
18;1000000010000100000001000000010
19;1000000010000100000001000001000
20;0000100010000100000001000001000
13;0001000010000100000001000001000
16;0001000100000100000001000001000
17;0000100100000100000001000001000
21;0000110000000100000001000001000
23;0000110000000100000000010001000
17;0100010000000100000000010001000
18;1000010000000100000000010001000
15;1000000010000100000000010001000
14;1000001000000100000000010001000
16;0010001000000100000000010001000
11;0001001000000100000000010001000
7;0010001000000000100010000000100
7;0010000010000000100010000000100
5;0010000100000000100010000000100
7;0010010000000000100010000000100
8;0010010000001000000010000000100
8;0010000010001000000010000000100
13;0100000010001000000010000000100
9;0001000010001000000010000000100
10;0001000001001000000010000000100
16;0001010000001000000010000000100
16;1000010000001000000010000000100
7;1000000100001000000010000000100
6;0000100100001000000010000000100
10;0000100001001000000010000000100
11;0000110000001000000010000000100
22;0000101000001000000010000000100
8;1000001000001000000010000000100
10;0010001000001000000010000000100
15;0100001000001000000010000000100
20;0100010000001000000010000000100
17;0100000001001000000010000000100
13;0010000001001000000010000000100
9;1000000001001000000010000000100
9;1000000010001000000010000000100
12;0000100010001000000010000000100
4;0010000001000001000010000000010
5;0010000010000001000010000000010
5;0100000010000001000010000000010
4;0000100010000001000010000000010
4;0000101000000001000010000000010
5;0000100100000001000010000000010
6;0001000100000001000010000000010
6;0100000100000001000010000000010
6;0100001000000001000010000000010
5;0001001000000001000010000000010
6;0010001000000001000010000000010
6;0010001000010000000010000000010
11;0001001000010000000010000000010
9;0001001000010000000000010000010
12;0001000010010000000000010000010
13;0010000010010000000000010000010
13;0000100010010000000000010000010
21;0000100010010000000000010001000
9;0000110000010000000000010001000
23;0000110000010000000001000001000
24;1000010000010000000001000001000
25;1000000001010000000001000001000
24;0001000001010000000001000001000
23;0001000100010000000001000001000
23;0000100100010000000001000001000
18;0000101000010000000001000001000
29;1000001000010000000001000001000
29;1000000010010000000001000001000
6;0001010000010000000010000000001
7;0001010000010000000000010000001
8;0001010000010000000000010001000
9;0000110000010000000000010001000
10;0000100001010000000000010001000
11;0001000001010000000000010001000
12;0001000001010000000000010000001
13;0000100001010000000000010000001
14;0000100001010000000001000000001
15;0010000001010000000001000000001
14;0100000001010000000001000000001
13;0100010000010000000001000000001
18;1000010000010000000001000000001
18;0001010000010000000001000000001
20;0001000010010000000001000000001
20;0000100010010000000001000000001
22;0000100100010000000001000000001
19;0001000100010000000001000000001
24;0001000001010000000001000000001
24;0001000001010000000001000001000
25;0001001000010000000001000001000
17;0100001000010000000001000001000
18;0000101000010000000001000001000
29;1000001000010000000001000001000
28;1000000100010000000001000001000
24;1000010000010000000001000001000
6;0100001000010000000010000100000
7;0010010000010000000010000100000
8;1000000010010000000010000100000
9;0001000010010000000000010100000
10;0001001000010000000000010100000
11;1000001000010000000000010100000
12;0010001000010000000000010100000
12;0010001000000001000000010100000
6;0010001000000001000000010000010
15;0010001000000001000100000000010
16;0001001000000001000100000000010
17;0100001000000001000100000000010
18;0100001000000001000100000100000
19;0100010000000001000100000100000
11;0100000001000001000100000100000
12;1000000001000001000100000100000
22;1000001000000001000100000100000
19;0010001000000001000100000100000
18;0010000010000001000100000100000
25;1000000010000001000100000100000
26;1000000100000001000100000100000
26;0000100100000001000100000100000
15;0000100001000001000100000100000
12;0001000001000001000100000100000
18;0001000010000001000100000100000
24;0100000010000001000100000100000
6;0001000010000100000000100000001
6;0000100010000100000000100000001
7;0000110000000100000000100000001
7;1000010000000100000000100000001
10;0001010000000100000000100000001
11;0001010000000100000000100001000
7;0001000010000100000000100001000
13;0001001000000100000000100001000
14;0001001000000100001000000001000
15;0001010000000100001000000001000
16;1000010000000100001000000001000
17;1000000001000100001000000001000
14;1000000010000100001000000001000
19;1000000010000100001000000000010
20;0100000010000100001000000000010
7;0100000010000001001000000000010
20;0001000010000001001000000000010
13;0010000010000001001000000000010
11;0000100010000001001000000000010
25;0000100010000100001000000000010
26;0000100001000100001000000000010
27;0001000001000100001000000000010
28;0100000001000100001000000000010
29;0100001000000100001000000000010
13;0100001000000100001000000100000
23;0100001000000100000000010100000
4;0001001000000001000000101000000
6;0001001000010000000000101000000
8;0000101000010000001000001000000
9;0000100001010000001000001000000
10;0000110000010000001000001000000
11;0100010000010000001000000000010
12;0010000100010000001000000000010
10;0000101000010000001000000000010
11;0001001000010000001000000100000
8;0100001000010000000000010100000
16;0100001000010000001000000100000
17;1000001000010000001000000100000
18;1000000100010000001000000100000
19;1000000010010000001000000100000
20;0001000010010000001000000100000
20;0001010000010000001000000100000
22;1000010000010000001000000100000
23;0000110000010000001000000100000
24;0000100001010000001000000100000
25;1000000001010000001000000100000
25;0010000001010000001000000100000
27;0010000100010000001000000100000
28;0001000100010000001000000100000
29;0000100100010000001000000100000
30;0000100010010000001000000100000
24;0010000010010000001000000100000
6;1000010000000010000000010100000
6;0010010000000010000000010100000
8;0010000100000010000000010100000
9;1000000100000010000000010100000
8;1000000100000010010000000100000
9;0001000100000010010000000100000
9;0010000100000010010000000100000
10;0010010000000010010000000100000
6;0010010000000010000000100100000
6;0000110000000010000000100100000
7;0000110000000010010000000100000
10;0000100010000010010000000100000
9;0010000010000010010000000100000
10;0010000001000010010000000100000
13;0001000001000010010000000100000
10;0001000010000010010000000100000
7;1000000010000010010000000100000
7;1000010000000010010000000100000
12;1000000001000010010000000100000
9;1000001000000010010000000100000
7;0100001000000010010000000100000
10;0001001000000010010000000100000
9;0001010000000010010000000100000
8;0100010000000010010000000100000
9;0100000001000010010000000100000
8;0100000010000010010000000100000
6;0000110000000010000000100100000
7;0000110000000010010000000100000
8;0000101000000010010000000100000
10;0001001000000010010000000100000
9;0001010000000010010000000100000
10;0010010000000010010000000100000
9;0010000010000010010000000100000
10;0001000010000010010000000100000
13;0001000001000010010000000100000
12;1000000001000010010000000100000
7;1000000010000010010000000100000
9;1000001000000010010000000100000
7;1000010000000010010000000100000
8;0100010000000010010000000100000
7;0100001000000010010000000100000
8;0010001000000010010000000100000
9;0010000100000010010000000100000
10;0010000001000010010000000100000
17;0010000001000001010000000100000
12;0010001000000001010000000100000
9;0001001000000001010000000100000
20;0001010000000001010000000100000
15;0100010000000001010000000100000
18;0010010000000001010000000100000
19;0010010000100000010000000100000
7;0100001000000100000010000000001
5;0001001000000100000010000000001
6;0001001000000000100010000000001
6;0001001000000000100000010000001
8;0001010000000000100000010000001
7;1000010000000000100000010000001
6;1000000100000000100000010000001
9;0100000100000000100000010000001
14;0100010000000000100000010000001
9;0100010000000000101000000000001
9;0100000010000000101000000000001
18;0100000010010000001000000000001
19;1000000010010000001000000000001
20;1000000100010000001000000000001
16;0000100100010000001000000000001
12;0000101000010000001000000000001
15;0000110000010000001000000000001
10;1000010000010000001000000000001
16;0100010000010000001000000000001
14;0001010000010000001000000000001
18;0001000001010000001000000000001
27;0001000001010000001000000001000
29;0001001000010000001000000001000
13;0010001000010000001000000001000
17;0010000100010000001000000001000
7;0001000100000100000010000100000
7;0001000010000100000010000100000
9;1000000010000100000010000100000
10;0010000010000100000010000100000
11;0010000010000100000000100100000
12;0010000100000100000000100100000
13;0010000001000100000000100100000
14;0010000001000100000001000100000
15;0000100001000100000001000100000
16;0000110000000100000001000100000
17;1000010000000100000001000100000
18;0001010000000100000001000100000
16;0001000001000100000001000100000
20;0001000100000100000001000100000
21;1000000100000100000001000100000
20;0100000100000100000001000100000
23;0100010000000100000001000100000
15;0100010000000100000001000000001
21;0000110000000100000001000000001
19;0000110000000100000001000000100
11;0000100010000100000001000000100
28;0100000010000100000001000000100
27;0010000010000100000001000000100
30;0010010000000100000001000000100
21;0001010000000100000001000000100
7;0000100100010000000010000000100
8;0000100010010000000000100000100
9;0001000010010000000000100000100
10;0001000100010000000000100000100
11;0010000100010000000000100000100
12;0010000010010000000000100000100
13;0010010000010000000000100000100
14;0001010000010000000000100000100
15;1000010000010000000000100000100
16;1000010000010000010000000000100
17;0010010000010000010000000000100
13;0010000001010000010000000000100
19;0010000100010000010000000000100
20;0010001000010000010000000000100
20;0000101000010000010000000000100
20;0000101000000001010000000000100
19;1000001000000001010000000000100
12;1000010000000001010000000000100
11;1000000001000001010000000000100
16;0001000001000001010000000000100
17;0001000010000001010000000000100
25;0010000010000001010000000000100
27;0010000010000100010000000000100
19;0010010000000100010000000000100
30;1000010000000100010000000000100
5;0100010000100000000000101000000
6;0100010000000001000000101000000
4;0000110000000001000000101000000
5;0000110000000001000000100000010
9;0000100001000001000000100000010
11;1000000001000001000000100000010
10;1000010000000001000000100000010
8;0010010000000001000000100000010
9;0001010000000001000000100000010
10;0001000010000001000000100000010
16;0001000001000001000000100000010
15;0001000100000001000000100000010
14;0010000100000001000000100000010
16;0010000100000001000100000000010
15;0010001000000001000100000000010
16;0001001000000001000100000000010
19;0001000001000001000100000000010
16;0001000100000001000100000000010
17;0001010000000001000100000000010
16;1000010000000001000100000000010
15;1000000100000001000100000000010
10;1000000100001000000100000000010
28;1000001000001000000100000000010
29;1000010000001000000100000000010
11;1000000001001000000100000000010
29;1000000001001000000100000000100
6;0100010000000010000000010010000
5;0010010000000010000000010010000
5;0010000010000010000000010010000
9;0010000001000010000000010010000
7;0010000001000010000100000010000
11;0100000001000010000100000010000
12;0001000001000010000100000010000
13;0001000001000001000100000010000
14;0001000010000001000100000010000
15;0100000010000001000100000010000
16;1000000010000001000100000010000
17;0000100010000001000100000010000
18;0000100010000100000100000010000
19;0000100100000100000100000010000
18;0000101000000100000100000010000
21;0000110000000100000100000010000
22;0010010000000100000100000010000
21;0001010000000100000100000010000
19;0001001000000100000100000010000
18;0001000010000100000100000010000
24;0100000010000100000100000010000
23;0100000100000100000100000010000
28;0100010000000100000100000010000
22;0100000001000100000100000010000
20;0001000001000100000100000010000
31;0001000001000000100100000010000
5;1000000010001000000010000000001
6;0001010000001000000010000000001
9;0001000010001000000000010000001
10;0010000010001000000000010000001
10;0010000100001000000000010010000
9;0001010000001000000000010010000
6;0001000100000001000000010010000
10;0100000100000001000000010010000
9;0000100100000001000000010010000
10;0000100100001000000000010010000
17;0000100001001000000000010010000
18;0010000001001000000000010010000
19;0010000001001000000100000010000
20;0010000100001000000100000010000
21;0010001000001000000100000010000
12;0010000010001000000100000010000
23;0010000010001000000100000000001
16;0010000010000000100100000000001
7;1000000010000000100100000000001
8;1000000010000000100100001000000
6;1000001000000000100100001000000
6;0001001000000000100100001000000
26;0001001000000100000100001000000
30;0001000001000100000100001000000
22;1000000001000100000100001000000
5;0000101000000010000000010001000
7;0000100001000010000000010001000
6;0000110000000010000000010001000
9;0000100100000010000000010001000
10;0000100100000010000001000001000
11;1000000100000010000001000001000
12;1000010000000010000001000001000
12;0000110000000010000001000001000
14;0000101000000010000001000001000
15;1000001000000010000001000001000
16;0010001000000010000001000001000
13;0010010000000010000001000001000
9;0010000001000010000001000001000
10;0100000001000010000001000001000
12;0100001000000010000001000001000
21;0100000100000010000001000001000
10;0001000100000010000001000001000
23;0010000100000010000001000001000
8;0010000010000010000001000001000
6;0010000010000010000001000000010
6;0100000010000010000001000000010
7;1000000010000010000001000000010
7;1000001000000010000001000000010
11;0001001000000010000001000000010
10;0001000010000010000001000000010
9;0001000010000010000001000001000
6;0010000001000010001000000000010
8;0000100001000010001000000000010
9;0000100001000010001000000000100
9;0010000001000010001000000000100
11;0010000010000010001000000000100
12;0001000010000010001000000000100
13;0000100010000010001000000000100
7;0100000010000010001000000000100
7;0100010000000010001000000000100
15;0001010000000010001000000000100
10;0010010000000010001000000000100
8;0000110000000010001000000000100
19;1000010000000010001000000000100
9;1000000010000010001000000000100
10;1000000001000010001000000000100
7;1000001000000010001000000000100
8;0010001000000010001000000000100
7;0100001000000010001000000000100
8;0100000001000010001000000000100
10;0100000100000010001000000000100
11;1000000100000010001000000000100
17;0001000100000010001000000000100
9;0000100100000010001000000000100
18;0010000100000010001000000000100
6;0100000100000000100010000001000
5;1000000010000000100010000001000
4;0000100010000000100010000001000
7;0001001000000000100010000001000
11;0001000100000100000010000001000
11;0001001000000100000000010001000
13;0010000100000100000000010001000
14;1000001000000100000000010001000
9;0100000010000100000000010001000
8;0100000010000001000000010001000
17;0100000100000001000000010001000
12;0100000100001000000000010001000
10;0000100100001000000000010001000
14;0000100001001000000000010001000
21;0000100001001000000001000001000
22;1000000001001000000001000001000
23;1000010000001000000001000001000
17;1000001000001000000001000001000
21;0001001000001000000001000001000
23;0001010000001000000001000001000
20;0001010000001000000001000000001
17;1000010000001000000001000000001
16;1000000001001000000001000000001
11;1000000010001000000001000000001
12;0000100010001000000001000000001
4;1000000001010000000010001000000
5;0000100001010000000010001000000
4;0001000001010000000010001000000
4;0010000001010000000010001000000
7;0010000010010000000010001000000
6;0001000010010000000010001000000
4;0001010000010000000010001000000
4;0000110000010000000010001000000
7;1000010000010000000010001000000
6;1000000010010000000010001000000
5;1000000100010000000010001000000
4;0000100100010000000010001000000
4;0010000100010000000010001000000
8;0010010000010000000010001000000
7;0100001000000100000010001000000
7;0010001000000100000010001000000
4;0010000100000100000010001000000
4;1000000100000100000010001000000
4;1000001000000100000010001000000
6;0000101000000100000010001000000
5;0000100001000100000010001000000
4;0000100100000100000010001000000
4;0100000100000100000010001000000
4;0100000001000100000010001000000
4;0010000001000100000010001000000
9;1000000001000100000010001000000
6;0001000001000010000000100000100
7;0001000100000010000000100000100
7;0001010000000010000000100000100
9;0010010000000010000000100000100
7;0010000100000010000000100000100
6;0010000001000010000000100000100
5;1000000001000010000000100000100
6;0100000001000010000000100000100
8;0100000100000010000000100000100
7;0100010000000010000000100000100
6;1000010000000010000000100000100
7;1000010000000010010000000000100
9;1000001000000010010000000000100
7;1000000010000010010000000000100
9;0100000010000010010000000000100
10;0001000010000010010000000000100
10;0001000100000010010000000000100
8;0000100100000010010000000000100
15;0100000100000010010000000000100
7;1000000100000010010000000000100
9;0010000100000010010000000000100
10;0010000010000010010000000000100
8;0000100010000010010000000000100
24;0000101000000010010000000000100
12;0001001000000010010000000000100
8;0100001000000010010000000000100
5;0001001000000001001000001000000
6;0000100010000001001000001000000
9;1000000010000001001000000000001
10;1000000100000001001000000000001
8;1000000100000001001000001000000
6;1000001000000001001000001000000
6;1000010000000001001000001000000
6;1000000010000001001000001000000
7;0001000010000001001000001000000
8;0010000010000001001000001000000
6;0010000100000001001000001000000
8;0010001000000001001000001000000
5;0010001000000001000000101000000
5;0010010000000001000000101000000
6;0100010000000001000000101000000
5;0100010000100000000000101000000
23;0100001000100000000000101000000
22;0100000001100000000000101000000
7;0001000001100000000000101000000
6;0001001000100000000000101000000
7;0010001000100000000000101000000
7;0010010000100000000000101000000
6;0001010000100000000000101000000
14;0001010000100000010000001000000
9;0000110000100000010000001000000
7;0000101000100000001000001000000
8;0010001000100000001000001000000
6;1000001000100000001000001000000
9;1000000010100000001000001000000
7;1000000100100000001000001000000
8;1000000100100000001000000000001
10;1000001000100000001000000000001
11;1000010000100000001000000000001
15;0100010000100000001000000000001
14;0100010000100000000000010000001
6;0100010000000001000000010000001
6;0000110000000001000000010000001
12;0000110000100000000000010000001
20;0000110000100000000000010000100
13;0000100001100000000000010000100
22;0000100001100000000001000000100
23;0000100001100000000001000000010
23;0000100100100000000001000000010
9;0000100100100000000000010000010
6;0000110000100000000000010000010
8;0000100001100000000000010000010
28;0001000001100000000000010000010
23;0010000001100000000000010000010
30;0100000001100000000000010000010
24;0100000010100000000000010000010
7;1000000100000001000001001000000
7;0001000100000001000001001000000
6;0001001000000001000001001000000
5;1000001000000001000001001000000
6;1000001000010000000001001000000
12;1000001000010000000001000000001
13;1000000001010000000001000000001
14;0100000001010000000001000000001
15;0010000001010000000001000000001
16;0010010000010000000001000000001
13;0100010000010000000001000000001
18;0001010000010000000001000000001
19;0001000100010000000001000000001
12;1000000100010000000001000000001
18;1000010000010000000001000000001
22;1000000010010000000001000000001
20;0010000010010000000001000000001
20;0001000010010000000001000000001
24;0001000001010000000001000000001
24;0001000001010000000001000001000
25;1000000001010000000001000001000
28;1000000100010000000001000001000
29;1000000010010000000001000001000
24;1000010000010000000001000001000
24;0001010000010000000001000001000
5;1000000001000010010000000000001
4;1000000100000010010000001000000
7;0000100010000010010000001000000
4;0000110000000000110000001000000
6;1000000001000000110000001000000
11;0100000001000000110000001000000
12;0100000001010000010000001000000
13;0001001000010000010000001000000
9;0010000010010000010000001000000
10;0010010000010000010000000000010
16;0010000100010000010000000000010
17;0001000100010000010000000000010
18;0100000100010000010000000000010
16;1000000100010000010000000000010
20;1000001000010000010000000000010
19;0001001000010000010000000000010
22;0001000010010000010000000000010
23;0100000010010000010000000000010
24;0010000010010000010000000000010
9;0010001000010000010000000000010
19;0010000001010000010000000000010
21;0100000001010000010000000000010
8;0100001000010000010000000000010
29;0100001000000000110000000000010
25;0100000010000000110000000000010
22;0100000001000000110000000000010
6;0100001000000010000010000010000
7;0100010000000010000010000010000
6;1000010000000010000010000010000
4;1000001000000010000010000010000
4;0000101000000010000010000010000
5;0001001000000010000010000010000
7;0001010000000010000010000010000
4;0000110000000010000010000010000
7;0000101000000000101000000001000
8;0000110000000000101000000001000
9;0000100100000000101000000001000
10;0000100010000000101000000001000
11;0001000010000000101000000001000
8;0100000010000000101000000001000
9;0010000010000000101000000001000
14;0010010000000000101000000001000
15;0001010000000000101000000001000
16;0001001000000000101000000001000
11;0001001000000000100000100001000
9;0001000001000000100000100001000
9;0100000001000000100000100001000
20;0100000001000000100001000001000
16;0100000001010000000001000001000
19;0100000100010000000001000001000
23;0001000100010000000001000001000
24;0001010000010000000001000001000
25;0001001000010000000001000001000
26;0001001000010000000001000000001
25;0000101000010000000001000000001
28;0000101000010000000001000000100
15;0000100010010000000001000000100
18;0000100100010000000001000000100
31;0000100001010000000001000000100
6;0100001000000010010000000000001
7;0100001000000010010000000100000
8;0100010000000010010000000100000
9;0100000001000010010000000100000
10;0010000001000010010000000100000
9;0010000010000010010000000100000
10;0000100010000010010000000100000
9;0000100100000010010000000100000
13;0000100100000000110000000100000
15;0001000100000000110000000100000
16;0001010000000000110000000100000
17;0001010000000100010000000100000
18;0001001000000100010000000100000
19;0001001000000100010000000000010
20;1000001000000100010000000000010
21;1000001000000100010000000100000
22;1000000010000100010000000100000
23;1000010000000100010000000100000
24;1000000100000100010000000100000
16;1000000100000100000000010100000
13;1000000001000100000000010100000
23;1000000001000100010000000100000
24;0010000001000100010000000100000
22;0001000001000100010000000100000
26;0001000010000100010000000100000
31;0000100010000100010000000100000
6;0000110000000000100000100000100
8;0010010000000000100000100000100
9;0010010000001000000000100000100
10;0010010000001000010000000000100
11;0010000100001000010000000000100
12;0010000100000000110000000000100
13;1000000100000000110000000000100
14;1000000100100000010000000000100
15;1000000010100000010000000000100
16;1000000010000000110000000000100
17;0000100010000000110000000000100
8;0000100010000010010000000000100
8;0000100100000010010000000000100
5;0000100100000010010000000000001
8;0100000100000010010000000000001
7;0010000100000010010000000000001
7;0010000100000010010000000010000
7;0000100100000010010000000010000
8;0100000100000010010000000010000
9;0100010000000010010000000010000
17;0100000010000010010000000010000
10;0100000001000010010000000010000
15;0100001000000010010000000010000
10;0001001000000010010000000010000
18;0001000010000010010000000010000
7;0001000001000010000100000000100
8;0100000001000010000100000000100
7;0000100001000010000100000000100
8;0000100001000010000100000000001
9;0000100001000001000100000000001
10;0000101000000001000100000000001
13;0001001000000001000100000000001
13;1000001000000001000100000000001
15;0100001000000001000100000000001
9;0100010000000001000100000000001
15;0000110000000001000100000000001
18;1000010000000001000100000000001
8;0010010000000001000100000000001
20;0010000010000001000100000000001
13;0001000010000001000100000000001
12;0001010000000001000100000000001
20;0001010000100000000100000000001
17;1000010000100000000100000000001
22;0100010000100000000100000000001
20;0010010000100000000100000000001
11;0010010000100000000000010000001
15;0010000001100000000000010000001
14;0010000010100000000000010000001
13;0000100010100000000000010000001
19;0000100010100000000000010000100
6;0001000001000010001000000000010
7;0001000010000010001000000000010
7;0000100010000010001000000000010
10;0000100010000010001000000001000
11;0001000010000010001000000001000
10;0100000010000010001000000001000
13;0100000001000010001000000001000
11;0000100001000010001000000001000
15;0001000001000010001000000001000
16;1000000001000010001000000001000
15;1000000001000001001000000001000
18;1000010000000001001000000001000
19;1000001000000001001000000001000
14;0100001000000001001000000001000
20;0100001000000001000000100001000
22;0100010000000001000000100001000
18;0010010000000001000000100001000
13;0010000010000001000000100001000
25;0010001000000001000000100001000
25;0000101000000001000000100001000
27;0001001000000001000000100001000
19;0001010000000001000000100001000
17;0001010000000001010000000001000
30;1000010000000001010000000001000
10;1000000001000001010000000001000
4;0000110000000010000010000010000
4;0000101000000010000010000010000
5;0001001000000010000010000010000
6;0100001000000010000010000010000
7;0100010000000010000010000010000
7;0001010000000010000010000010000
6;1000010000000010000010000010000
4;1000001000000010000010000010000
6;0000100001001000000000101000000
6;0100010000001000000000101000000
8;1000010000001000000000100000001
9;1000000010001000000000100000001
10;1000000001001000000000100000001
6;1000000001001000000000101000000
7;1000000100001000000000101000000
6;1000001000001000000000101000000
14;1000001000001000001000001000000
7;0000101000001000001000001000000
9;0000100001001000001000001000000
8;0000100010001000001000001000000
9;0001000010001000001000001000000
7;0100000010001000001000001000000
10;0100010000001000001000001000000
12;0100010000001000001000000000010
15;0100001000001000001000000000010
18;0001001000001000001000000000010
24;0001000001001000001000000000010
12;0001000100001000001000000000010
11;1000000100001000001000000000010
27;1000001000001000001000000000010
11;0010001000001000001000000000010
23;0010000100001000001000000000010
15;0100000100001000001000000000010
23;0100000001001000001000000000010
7;0000100100010000000100001000000
8;0000100010010000000100001000000
7;0000101000010000000100001000000
9;0001001000010000000100001000000
6;0010001000010000000100001000000
7;1000001000010000000100001000000
8;0100001000010000000100001000000
14;0100000001010000000100001000000
12;1000000001010000000100001000000
14;0000100001010000000100001000000
11;0001000001010000000100001000000
8;0010000001010000000100001000000
7;0010000001010000000000011000000
7;0000100001010000000000011000000
6;1000000001010000000000011000000
7;1000010000010000000000011000000
5;0100010000010000000000011000000
7;0010010000010000000000011000000
8;0010010000010000000000010000010
13;1000010000010000000000010000010
11;0000110000010000000000010000010
6;0000110000010000000000011000000
15;0000100010010000000000011000000
18;1000000010010000000000011000000
14;0100000010010000000000011000000
6;0000100010100000000010000000010
7;0010000010100000000010000000010
8;0010000010100000000010000001000
8;0000100010100000000010000001000
10;0001000010100000000010000001000
11;0001000100100000000010000001000
8;0001000100100000000010000000001
6;0001000001100000000010000000001
10;0001000001100000000010000001000
12;0100000001100000000010000001000
15;0100001000100000000010000001000
17;0100000100100000000010000001000
9;0000100100100000000010000001000
19;0010000100100000000010000001000
8;0010001000100000000010000001000
7;1000001000100000000010000001000
14;0000101000100000000010000001000
13;0000100001100000000010000001000
11;1000000001100000000010000001000
12;1000010000100000000010000001000
9;0010010000100000000010000001000
9;0010010000000001000010000001000
6;0010001000000001000010000001000
11;0010001000010000000010000001000
7;0010000010010000000010000001000
20;0010000001010000000010000001000
6;0001010000010000000000101000000
6;1000010000010000000000101000000
7;0010010000010000000000101000000
9;0010010000010000010000001000000
8;0010000001010000010000001000000
10;0001000001010000010000001000000
9;1000000001010000010000001000000
6;1000000001010000000000011000000
14;1000000001010000000000010000001
15;1000000010010000000000010000001
7;0100000010010000000000010000001
11;0010000010010000000000010000001
7;0001000010010000000000010000001
10;0000100010010000000000010000001
20;0000100010010000000001000000001
21;0100000010010000000001000000001
18;0100001000010000000001000000001
14;0100000001010000000001000000001
10;0100000001010000000000100000001
15;0100001000010000000000100000001
11;0100010000010000000000100000001
8;0100010000010000000000100100000
9;0100000010010000000000100100000
17;1000000010010000000000100100000
8;1000000010010000000010000100000
7;0100000010010000000010000100000
6;0100001000000010000010000010000
7;0100010000000010000010000010000
4;0000110000000010000010000010000
6;1000010000000010000010000010000
4;1000001000000010000010000010000
5;0001001000000010000010000010000
4;0000101000000010000010000010000
5;0010001000000010000000100001000
7;0010010000000010000000100001000
5;0010000100000010000000100001000
6;0010000100000010000100000001000
10;0010001000000010000100000001000
11;1000001000000010000100000001000
10;0000101000000010000100000001000
8;0000100010000010000100000001000
14;0001000010000010000100000001000
10;1000000010000010000100000001000
11;0010000010000010000100000001000
8;0010000001000010000100000001000
9;0010000001000001000100000001000
19;1000000001000001000100000001000
16;1000000001000010000100000001000
17;0000100001000010000100000001000
22;0000110000000010000100000001000
13;0010010000000010000100000001000
14;0001010000000010000100000001000
7;0001000001000010000100000001000
16;0001000001000001000100000001000
15;0001000010000001000100000001000
21;0001001000000001000100000001000
18;1000001000000001000100000001000
19;0100001000000001000100000001000
20;0000101000000001000100000001000
6;1000000010000000100001001000000
5;0010000001000000100001001000000
4;0000110000000000100001001000000
6;0100010000000000100001001000000
10;0100000100010000000001001000000
11;1000000001010000000001001000000
12;1000000100010000000001000000001
13;0100010000010000000001000000001
12;0100001000000001000001000000001
7;0100000100000001000001000000001
14;0100000100001000000001000000001
17;0010000100001000000001000000001
12;0010000100000000100001000000001
19;0010000001000000100001000000001
6;0000100001000000100001000000001
7;0000100001000000100001000000100
9;0000110000000000100001000000100
23;1000010000000000100001000000100
8;1000000001000000100001000000100
11;1000000001000000100001000000010
20;1000000001100000000001000000010
19;1000000001100000000001000000100
26;1000000100100000000001000000100
20;1000010000100000000001000000100
29;0010010000100000000001000000100
27;0010000100100000000001000000100
4;0001000001000010000000100000010
6;0001000100000010000000100000010
5;0010000100000010000100000000010
6;0000100001000010000100000000010
10;1000000001000001000100000000010
11;0100000001000001000100000000100
12;0010010000000001000100000000100
13;0000100010000001000100000000100
14;0000100010000001000100000000001
15;0000110000000001000100000000001
9;0000100001000001000100000000001
12;0000100001000001000100000000100
16;0000100100000001000100000000100
19;0010000100000001000100000000100
20;0010000100001000000100000000100
21;0001000100001000000100000000100
22;0100000100001000000100000000100
23;1000000100001000000100000000100
10;1000000100001000000000100000100
15;1000010000001000000000100000100
16;0000110000001000000000100000100
9;0010010000001000000000100000100
20;0010001000001000000000100000100
11;0010000001001000000000100000100
9;0010000001001000000000100000010
31;0010001000001000000000100000010
6;0100001000000010000000010000100
7;0100001000000010001000000000100
7;1000001000000010001000000000100
9;1000000010000010001000000000100
10;1000000001000010001000000000100
8;0100000001000010001000000000100
9;0000100001000010001000000000100
11;0000100001000000101000000000100
14;0001000001000000101000000000100
15;0001000010000000101000000000100
16;0001001000000000101000000000100
17;0100001000000000101000000000100
9;1000001000000000101000000000100
16;1000000100000000101000000000100
18;1000000100100000001000000000100
21;0010000100100000001000000000100
20;0100000100100000001000000000100
17;0000100100100000001000000000100
24;0000100001100000001000000000100
22;0100000001100000001000000000100
22;0100000010100000001000000000100
27;0100010000100000001000000000100
26;0100010000100000000000010000100
15;0100000100100000000000010000100
16;0100000010100000000000010000100
19;0000100010100000000000010000100
4;0010000001000001000010000000010
6;0010001000000001000010000000010
5;0001001000000001000010000000010
6;0100001000000001000010000000010
6;0100000100000001000010000000010
5;0100000010000001000010000000010
5;0100000010000001000000100000010
5;0000100010000001000000100000010
9;0010000010000001000000100000010
8;0010010000000001000000100000010
8;0010010000000001010000000000010
11;0010000100000001010000000000010
14;0010001000000001010000000000010
9;0010001000010000010000000000010
8;0100001000010000010000000000010
18;0100000100010000010000000000010
16;1000000100010000010000000000010
17;0001000100010000010000000000010
23;0001000100010000010000000010000
24;0001001000010000010000000010000
25;0001000010010000010000000010000
14;1000000010010000010000000010000
15;1000000100010000010000000010000
28;0010000100010000010000000010000
29;0010001000010000010000000010000
30;0100001000010000010000000010000
30;1000001000010000010000000010000
6;0000110000100000000000010000010
7;0000101000100000000000010000010
8;0000100001100000000000010000010
9;0000100100100000000000010000010
10;0000100010100000000000010000010
11;0010000010100000000000010000010
12;0010010000100000000000010000010
10;0010010000100000000100000000010
14;1000010000100000000100000000010
15;1000001000100000000100000000010
16;1000001000100000000100000100000
17;1000010000100000000100000100000
15;1000000001100000000100000100000
14;0001000001100000000100000100000
17;0100000001100000000100000100000
21;0100000001100000000100000000001
17;0100000100100000000100000000001
20;1000000100100000000100000000001
24;1000001000100000000100000000001
16;1000000001100000000100000000001
15;1000000010100000000100000000001
20;0100000010100000000100000000001
24;0100000010100000000100000100000
25;0100010000100000000100000100000
26;0000110000100000000100000100000
20;0000100100100000000100000100000
6;0010001000000001000010000001000
6;1000001000000001000010000001000
8;1000001000010000000010000001000
9;0001001000010000000010000001000
7;0001000001010000000010000001000
6;0001000001010000000010000000001
12;0001000001010000000000010000001
13;0000100001010000000000010000001
14;0000100001010000000000010000100
15;0010000001010000000000010000100
16;0001000001010000000000010000100
17;0001010000010000000000010000100
18;0100010000010000000000010000100
19;0100001000010000000000010000100
20;0000101000010000000000010000100
19;0000100100010000000000010000100
22;0000100100010000000000010000001
10;0000100010010000000000010000001
20;0000100010010000000001000000001
21;0100000010010000000001000000001
22;1000000010010000000001000000001
13;1000000001010000000001000000001
12;1000001000010000000001000000001
12;1000000100010000000001000000001
19;0001000100010000000001000000001
18;0001010000010000000001000000001
6;1000000100001000000010000010000
7;1000000010001000000010000010000
9;1000000010001000000000100010000
10;1000000001001000000000100010000
9;1000010000001000000000100010000
12;0000110000001000000000100010000
13;0000100010001000000000100010000
14;0010000010001000000000100010000
15;0001000010001000000000100010000
16;0001010000001000000000100010000
17;0001000100001000000000100010000
18;0001001000001000000000100010000
19;0010001000001000000000100010000
18;0010000100001000000000100010000
10;0010000100000000100000100010000
11;0100000100000000100000100010000
12;0100000010000000100000100010000
7;1000000010000000100000100010000
7;1000000100000000100000100010000
8;1000010000000000100000100010000
21;1000010000000000110000000010000
14;1000000100000000110000000010000
9;1000000100000000110000000000010
27;0100000100000000110000000000010
18;0100000100010000010000000000010
6;1000000100000001000010000001000
6;0000100100000001000010000001000
7;0010000100000001000010000001000
9;0010000100001000000010000001000
9;0010000010001000000010000001000
11;0010001000001000000010000001000
9;1000001000001000000010000001000
13;0000101000001000000010000001000
12;0001001000001000000010000001000
7;0001010000001000000010000001000
9;0001010000001000000000010001000
17;0001001000001000000000010001000
10;0001000001001000000000010001000
11;0001000001001000000010000001000
20;0100000001001000000010000001000
11;0100010000001000000010000001000
13;0100000010001000000010000001000
11;0100000010001000000000100001000
18;0100000001001000000000100001000
19;0001000001001000000000100001000
22;0001000001001000000001000001000
23;0001010000001000000001000001000
22;0100010000001000000001000001000
14;0100000010001000000001000001000
30;0100000001001000000001000001000
15;0100000100001000000001000001000
7;0000100001000100000000010000010
8;0000100001000100000001000000010
9;0010000001000100000001000000010
10;0001000001000100000001000000010
11;1000000001000100000001000000010
12;1000010000000100000001000000010
13;0010010000000100000001000000010
14;0010000100000100000001000000010
15;0010000100000100000001000010000
16;0010000100000100000001000000001
15;0000100100000100000001000000001
16;0001000100000100000001000000001
19;0100000100000100000001000000001
20;0100000100000100000001000100000
21;1000000100000100000001000100000
22;0000100100000100000001000100000
23;0010000100000100000001000100000
14;0010000001000100000001000100000
25;0100000001000100000001000100000
21;0100001000000100000001000100000
23;0100010000000100000001000100000
18;0001010000000100000001000100000
27;0010010000000100000001000100000
22;0010001000000100000001000100000
20;0000101000000100000001000100000
4;0010000100000010001000001000000
5;1000000100000010001000001000000
6;0001001000000000100000011000000
4;0100001000000000100000011000000
7;0010001000000000100000011000000
7;0010000100000000100000011000000
4;0010000010000000100000011000000
7;0010000010001000000000011000000
6;0000100010001000000000011000000
7;0000100001001000000000011000000
7;0000100001001000000001001000000
10;0000100010001000000001001000000
9;0100000010001000000001001000000
10;0100001000001000000001001000000
12;0100000100001000000001001000000
18;0100000001001000000001001000000
8;1000000001001000000001001000000
18;1000010000001000000001001000000
20;1000001000001000000001001000000
9;1000000100001000000001001000000
8;0001000100001000000001001000000
14;0001000001001000000001001000000
12;0001010000001000000001001000000
28;0001010000001000000001000000010
29;0000110000001000000001000000010
30;0010010000001000000001000000010
29;0010001000001000000001000000010
6;0000101000000010000000100000010
8;1000001000000010000000100000010
5;1000000001000010000000100000010
6;0100000001000010000000100000010
9;0100000001000010000001000000010
11;0100000100000010000001000000010
8;0001000100000010000001000000010
9;1000000100000010000001000000010
7;0010000100000010000001000000010
7;0010000100000010000001000010000
9;0010000001000010000001000010000
10;1000000001000010000001000010000
13;1000010000000010000001000010000
11;1000000010000010000001000010000
7;0000100010000010000001000010000
7;0000101000000010000001000010000
6;0000101000000010000000010010000
9;0000100001000010000000010010000
11;0000100001000000100000010010000
14;0000110000000000100000010010000
7;0000100100000000100000010010000
12;0100000100000000100000010010000
29;0100001000000000100000010010000
25;0100010000000000100000010010000
23;0010010000000000100000010010000
7;0010010000000001000010000100000
7;0010010000100000000010000100000
9;0001010000100000000010000100000
7;1000010000100000000010000100000
8;1000000010100000000010000100000
12;0000100010100000000010000100000
8;0000101000100000000010000100000
9;0000110000100000000010000100000
6;0100010000100000000010000100000
9;0100000010100000000010000100000
17;0010000010100000000010000100000
9;0010000100100000000010000100000
11;0000100100100000000010000100000
9;0100000100100000000010000100000
9;0100000001100000000010000100000
10;0000100001100000000010000100000
8;0010000001100000000010000100000
7;1000000001100000000010000100000
13;1000000100100000000010000100000
8;0001000100100000000010000100000
9;0001000010100000000010000100000
7;0001001000100000000010000100000
9;0010001000100000000010000100000
6;0010001000100000000010000000010
7;0000101000100000000010000000010
6;0100010000100000000010000100000
7;0010010000100000000010000100000
8;0010000001100000000010000100000
9;0010000100100000000010000100000
9;0100000100100000000010000100000
11;0000100100100000000010000100000
9;0000110000100000000010000100000
8;0000101000100000000010000100000
7;0000101000100000000010000000010
6;0000100010100000000010000000010
16;0001000010100000000010000000010
7;0010000010100000000010000000010
6;0010001000100000000010000000010
8;0010000100100000000010000000010
5;0000100100100000000010000000010
21;0001000100100000000010000000010
22;0001000100100000000000010000010
23;0001000010100000000000010000010
24;0100000010100000000000010000010
10;0000100010100000000000010000010
11;0010000010100000000000010000010
15;0010000100100000000000010000010
12;0010010000100000000000010000010
16;0010001000100000000000010000010
7;1000001000100000000000010000010
31;0001001000100000000000010000010
6;0010010000001000010000001000000
7;0010000100001000010000001000000
8;0100000100001000010000001000000
9;1000000100001000010000001000000
9;1000010000001000010000001000000
6;1000010000001000000000101000000
8;1000010000001000000000100000010
13;1000001000001000000000100000010
14;0100001000001000000000100000010
15;0100000010001000000000100000010
16;0100000100001000000000100000010
17;0000100100001000000000100000010
18;0000100001001000000000100000010
11;0000100001001000000001000000010
20;0000100100001000000001000000010
15;0000100100001000000001000010000
22;0000110000001000000001000010000
20;0001010000001000000001000010000
23;0001001000001000000001000010000
24;0010001000001000000001000010000
26;0010000010001000000001000010000
26;0000100010001000000001000010000
21;0000100001001000000001000010000
21;0010000001001000000001000010000
15;0010000001001000000001000000001
17;0010000100001000000001000000001
5;0010001000000000100010000000001
6;0001001000000000100010000000001
5;0001000100000000100010000000001
10;0001000100000100000010000000001
7;0001000001000100000010000000001
7;0001000001000100000010000001000
11;0001000100000100000010000001000
13;0001000100000100000000010001000
8;0001000010000100000000010001000
10;0001000010000100000000010000001
17;0001000010000000100000010000001
16;0001000001000000100000010000001
8;1000000001000000100000010000001
5;1000000010000000100000010000001
6;1000000100000000100000010000001
8;1000001000000000100000010000001
6;0100001000000000100000010000001
14;0100010000000000100000010000001
16;0100000001000000100000010000001
11;0100000001000000101000000000001
17;0100000001010000001000000000001
12;0100001000010000001000000000001
15;0100001000010000000000100000001
10;0100000001010000000000100000001
25;0100000001010000000000100100000
5;0010000001000001000010000001000
5;0001000001000010000010000001000
5;0000100010000010000010000001000
2;0001000010000010000010000000010
5;0010001000000010000010000000010
2;0010010000000010000010000000010
2;1000000001000010000010000000010
4;0100000001000001000010000000010
4;0001000001000001000010000000100
5;0000100100000001000010000000100
6;0000100100001000000010000000100
11;0001001000001000000010000000100
11;0000110000001000000010000000100
9;1000000010001000000010000000100
11;0000100010001000000010000000001
8;0000101000001000000010000000001
23;0000110000001000000010000000001
6;0001010000001000000010000000001
20;0001000010001000000010000000001
10;0100000010001000000010000000001
7;0100000010001000000010000100000
15;0001000010001000000010000100000
26;0001000010001000000000010100000
17;0100000010001000000000010100000
16;0100000010001000001000000100000
4;0000100010000001000010000000010
5;0000100010000001000000100000010
5;0000110000000001000000100000010
4;0000110000000001000000101000000
6;0100010000000001000000101000000
5;0100010000100000000000101000000
6;0100010000100000010000001000000
10;0100000001100000010000001000000
12;0000100001100000010000001000000
12;0010000001100000010000001000000
11;0010001000100000010000001000000
9;0100001000100000010000001000000
10;0000101000100000010000001000000
9;1000001000100000010000001000000
18;1000001000100000010000000000001
19;1000001000000000110000000000001
11;0010001000000000110000000000001
10;0010000100000000110000000000001
8;0000100100000000110000000000001
14;0000101000000000110000000000001
19;0100001000000000110000000000001
13;0100001000010000010000000000001
15;0010001000010000010000000000001
16;0010000100010000010000000000001
28;0010010000010000010000000000001
29;0010010000010000010000000010000
24;0001010000010000010000000010000
26;0001000001010000010000000010000
6;0010001000010000000010000000010
6;1000001000010000000010000000010
6;1000000001010000000010000000010
9;0001000001010000000010000000010
7;0001000100010000000010000000010
11;0010000100010000000010000000010
6;0010000001010000000010000000010
7;0000100001010000000010000000010
9;0000100001010000000010000000100
7;0000100010010000000010000000100
9;0000100010010000000010000000001
6;0001000010010000000010000000001
6;0001000001010000000010000000001
6;0001010000010000000010000000001
7;0001010000010000000000010000001
8;0010010000010000000000010000001
15;0100010000010000000000010000001
14;0100010000000000100000010000001
9;0100010000000000101000000000001
16;0010010000000000101000000000001
8;1000010000000000101000000000001
27;1000000001000000101000000000001
7;1000000001000000101000001000000
7;1000010000000000101000001000000
8;1000010000100000001000001000000
10;0001010000100000001000001000000
7;0010001000000001000001001000000
5;1000001000000001000001001000000
6;0001001000000001000001001000000
7;0001000100000001000001001000000
7;0010000100000001000001001000000
7;1000000100000001000001001000000
9;1000000100001000000001001000000
7;0010000100001000000001001000000
10;0010001000001000000001001000000
8;0010000010001000000001001000000
9;0100000010001000000001001000000
18;0100000001001000000001001000000
8;1000000001001000000001001000000
6;1000000001001000000000101000000
7;1000000100001000000000101000000
10;1000000100001000000100001000000
8;0010000100001000000100001000000
7;0100000100001000000100001000000
7;0001000100001000000100001000000
5;0001000100000001000100001000000
9;0001001000000001000100001000000
13;0001010000000001000100001000000
17;0001010000000001000100000000010
16;1000010000000001000100000000010
14;1000010000000001000100001000000
6;0010001000000000100010000001000
7;0001001000000000100010000001000
6;0001001000000000100010000000001
5;0010001000000000100010000000001
6;0010001000000000100010000010000
5;0010010000000000100010000010000
7;1000010000000000100010000010000
11;1000010000100000000010000010000
14;1000010000000001000010000010000
6;0000110000000001000010000010000
16;0001010000000001000010000010000
8;0001010000000001000000010010000
11;0001000010000001000000010010000
12;0001000010000100000000010010000
11;0001001000000100000000010010000
8;0001001000000000100000010010000
6;0001000100000000100000010010000
7;0000100100000000100000010010000
24;0000100100000000100001000010000
25;1000000100000000100001000010000
26;0100000100000000100001000010000
27;0100000100010000000001000010000
28;0100000010010000000001000010000
29;0100000001010000000001000010000
30;0100000001000000100001000010000
31;0100010000000000100001000010000
6;1000000001010000000010000000010
5;0010010000010000000010000000010
8;0001010000010000000000010000010
9;0001001000010000000000010000010
10;0001000001010000000000010000010
8;0001000100010000000000010000010
9;0010000100010000000000010000010
13;0010000010010000000000010000010
14;0010000010010000000000010001000
15;0010010000010000000000010001000
8;0010001000010000000000010001000
13;0000101000010000000000010001000
18;0000101000010000000001000001000
19;0010001000010000000001000001000
17;0100001000010000000001000001000
18;0100010000010000000001000001000
16;0100000001010000000001000001000
20;0100000001000000100001000001000
24;1000000001000000100001000001000
25;0001000001000000100001000001000
16;0001000001000000100001000000001
6;0001000001000000100000100000001
7;0001000001000100000000100000001
10;0001010000000100000000100000001
13;0001001000000100000000100000001
6;0001000010000100000000100000001
6;0001000001001000000010000000010
7;0001000001001000000000010000010
8;0001001000001000000000010000010
9;0001001000001000000000010100000
10;0001000001001000000000010100000
11;0001000001001000000010000100000
10;0001010000001000000010000100000
7;0010010000001000000010000100000
8;0010000010001000000010000100000
15;0001000010001000000010000100000
7;0100000010001000000010000100000
13;1000000010001000000010000100000
12;1000000001001000000010000100000
19;0000100001001000000010000100000
13;0100000001001000000010000100000
21;0010000001001000000010000100000
10;0010001000001000000010000100000
11;1000001000001000000010000100000
11;0000101000001000000010000100000
6;0000101000001000000010000000010
9;0000100001001000000010000000010
21;0000100100001000000010000000010
9;0100000100001000000010000000010
6;0100000100000001000010000000010
6;0100001000000001000010000000010
5;0001001000000001000010000000010
5;0100000010000100000000101000000
7;0000101000000100000000101000000
5;0001000001000100000000101000000
6;1000000001000100000000100000001
10;1000000001000100000001000000001
11;1000000010000100000001000000001
12;0001000010000100000001000000001
8;0001000010000001000001000000001
8;0010000010000001000001000000001
8;0100000010000001000001000000001
12;0100001000000001000001000000001
9;0010001000000001000001000000001
10;0010010000000001000001000000001
9;0001010000000001000001000000001
7;0000110000000001000001000000001
8;1000010000000001000001000000001
14;1000010000100000000001000000001
14;0000110000100000000001000000001
13;0000101000100000000001000000001
20;0000101000100000000001000000100
23;0001001000100000000001000000100
22;0010001000100000000001000000100
27;0010000100100000000001000000100
29;0010010000100000000001000000100
30;0010000001100000000001000000100
19;1000000001100000000001000000100
6;0000100100000010000001000010000
7;0000100010000010000001000010000
7;0000100010000010000000010010000
6;0000101000000010000000010010000
7;0000101000000000100000010010000
11;0000100001000000100000010010000
8;0000100010000000100000010010000
7;0000100100000000100000010010000
14;0000110000000000100000010010000
9;0001010000000000100000010010000
6;0001010000000000100010000010000
7;1000010000000000100010000010000
5;0010010000000000100010000010000
5;0010000001000000100010000010000
14;0001000001000000100010000010000
9;0001000001000000100000010010000
22;1000000001000000100000010010000
23;1000000001000000110000000010000
12;0001000001000000110000000010000
22;0001000001000100010000000010000
21;0001010000000100010000000010000
24;0010010000000100010000000010000
26;0010000010000100010000000010000
19;0010000010000001010000000010000
12;0010010000000001010000000010000
16;0010010000000001000000100010000
6;0000101000000000101000000000010
7;1000001000000000101000000000010
8;1000000001000000101000000000010
9;0010000001000000101000000000010
10;0010000001001000001000000000010
11;0010001000001000001000000000010
12;0000101000001000001000000000010
13;0000100001001000001000000000010
14;1000000001001000001000000000010
15;1000000001001000001000000000100
16;0001000001001000001000000000100
14;0001010000001000001000000000100
15;0010010000001000001000000000100
16;0000110000001000001000000000100
20;1000010000001000001000000000100
21;1000001000001000001000000000100
13;0001001000001000001000000000100
23;0010001000001000001000000000100
24;0010000100001000001000000000100
25;0000100100001000001000000000100
16;0000100100000001001000000000100
17;0000101000000001001000000000100
20;0001001000000001001000000000100
27;0001000010000001001000000000100
30;0001000010000100001000000000100
29;0000100010000100001000000000100
7;0100010000000010001000000000100
8;0000110000000010001000000000100
9;0000100100000010001000000000100
10;0100000100000010001000000000100
11;1000000100000010001000000000100
9;1000000010000010001000000000100
11;0010000010000010001000000000100
10;0010010000000010001000000000100
15;0001010000000010001000000000100
14;0001001000000010001000000000100
13;0001000001000010001000000000100
10;1000000001000010001000000000100
9;0010000001000010001000000000100
8;0100000001000010001000000000100
7;0100000010000010001000000000100
12;0001000010000010001000000000100
13;0000100010000010001000000000100
9;0000100001000010001000000000100
11;0000100001000000101000000000100
23;0100000001000000101000000000100
26;0100000010000000101000000000100
15;0001000010000000101000000000100
29;0001010000000000101000000000100
17;0000110000000000101000000000100
26;0000100100000000101000000000100
5;1000001000000100000000011000000
8;1000001000000100010000001000000
9;0000101000000100010000001000000
9;0010001000000100010000001000000
7;0001001000000100010000001000000
12;0001000100000100010000001000000
7;0001000100000000110000001000000
7;0001000001000000110000001000000
11;0010000001000000110000001000000
11;0100000001000000110000001000000
12;0100000001010000010000001000000
8;0100000010010000010000001000000
16;1000000010010000010000001000000
9;0010000010010000010000001000000
14;0001000010010000010000001000000
9;0001010000010000010000001000000
9;0010010000010000010000001000000
10;0100010000010000010000001000000
7;0100010000010000010000000000010
23;0100000010010000010000000000010
25;0100000010000000110000000000010
24;0001000010000000110000000000010
19;0010000010000000110000000000010
27;0010000100000000110000000000010
27;0100000100000000110000000000010
7;0100000100001000000000010000010
8;0100000010001000000000010000010
9;0100000010001000001000000000010
10;1000000010001000001000000000010
11;1000000100001000001000000000010
12;0001000100001000001000000000010
13;0001000100001000001000000010000
14;1000000100001000001000000010000
15;1000000100000001001000000010000
16;1000010000000001001000000010000
17;1000010000100000001000000010000
18;1000001000100000001000000010000
19;1000000010100000001000000010000
20;0010000010100000001000000010000
21;0001000010100000001000000010000
22;0000100010100000001000000010000
23;0000100100100000001000000010000
19;1000000100100000001000000010000
17;1000000100000000101000000010000
18;0010000100000000101000000010000
19;0001000100000000101000000010000
9;0001000100000000101000000000010
9;0001001000000000101000000000010
7;1000001000000000101000000000010
7;1000010000000000101000000000010
5;0010001000000000100010000000001
6;0010001000000000100010000010000
7;1000001000000000100010000010000
8;0001001000000000100010000010000
9;0001001000000100000010000010000
10;0000101000000100000010000010000
11;0000100001000100000010000010000
9;0000100100000100000010000010000
13;0000110000000100000010000010000
8;0001010000000100000010000010000
6;0001010000000000100010000010000
5;0010010000000000100010000010000
7;1000010000000000100010000010000
17;1000000001000000100010000010000
13;1000000001100000000010000010000
20;0100000001100000000010000010000
7;0100010000100000000010000010000
22;0100000010100000000010000010000
12;0100000100100000000010000010000
9;0010000100100000000010000010000
11;0000100100100000000010000010000
7;0000110000100000000010000010000
12;0010010000100000000010000010000
#<Time>=0.830811s/900
#<PlanCost>=single integer value
#<State>=Atom at-airplane(plane2, auckland);Atom at-airplane(plane2, brisbane);Atom at-airplane(plane2, melbourne);Atom at-airplane(plane2, perth);Atom at-airplane(plane2, sydney);Atom at-airplane(plane1, auckland);Atom at-airplane(plane1, brisbane);Atom at-airplane(plane1, melbourne);Atom at-airplane(plane1, perth);Atom at-airplane(plane1, sydney);Atom at-person(kevin, auckland);Atom at-person(kevin, brisbane);Atom at-person(kevin, melbourne);Atom at-person(kevin, perth);Atom at-person(kevin, sydney);Atom in-airplane(kevin, plane1);Atom in-airplane(kevin, plane2);Atom at-person(jane, auckland);Atom at-person(jane, brisbane);Atom at-person(jane, melbourne);Atom at-person(jane, perth);Atom at-person(jane, sydney);Atom in-airplane(jane, plane1);Atom in-airplane(jane, plane2);Atom at-person(ian, auckland);Atom at-person(ian, brisbane);Atom at-person(ian, melbourne);Atom at-person(ian, perth);Atom at-person(ian, sydney);Atom in-airplane(ian, plane1);Atom in-airplane(ian, plane2);
13;0010000001100000000010000010000
10;0010001000100000000010000010000
9;1000001000100000000010000010000
9;0000101000100000000010000010000
6;0010010000001000000010000010000
8;0001010000001000000010000010000
9;0001010000001000000000010010000
10;0010010000001000000000010010000
11;0010000010001000000000010010000
12;0010000010001000000100000010000
11;0010000010000000100100000010000
10;0010001000000000100100000010000
15;0000101000000000100100000010000
16;0001001000000000100100000010000
17;0001000010000000100100000010000
18;0001000010000100000100000010000
19;0001001000000100000100000010000
19;0001000100000100000100000010000
20;0001000001000100000100000010000
22;0100000001000100000100000010000
23;0100000100000100000100000010000
24;0100000100000100000100000000010
25;0001000100000100000100000000010
25;0001000100000100000000100000010
27;1000000100000100000000100000010
20;1000000100000100000000100010000
21;1000000100000100000100000010000
25;1000000001000100000100000010000
22;1000010000000100000100000010000
6;0001001000000000100100001000000
6;1000001000000000100100001000000
7;0100001000000000100100001000000
8;0010001000000000100100001000000
6;0010001000001000000100001000000
8;0010000100001000000100001000000
7;0001000100001000000100001000000
13;0001000001001000000100001000000
14;0100000001001000000100001000000
15;0000100001001000000100001000000
16;0000101000001000000100001000000
12;1000001000001000000100001000000
10;1000000100001000000100001000000
19;1000000001001000000100001000000
7;0010000001001000000100001000000
9;0010010000001000000100001000000
22;0000110000001000000100001000000
23;0001010000001000000100001000000
10;1000010000001000000100001000000
19;1000010000001000000100000000001
22;1000000100001000000100000000001
8;0010000100001000000100000000001
26;0001000100001000000100000000001
20;0001010000001000000100000000001
16;0001000001001000000100000000001
26;0001001000001000000100000000001
6;0000110000000001000010000010000
7;0000110000100000000010000010000
8;0000100010100000000010000010000
9;0001000010100000000010000010000
10;0001000100100000000010000010000
11;0001000100100000000000010010000
12;0001000010100000000000010010000
13;0000100010100000000000010010000
14;0000100001100000000000010010000
15;0100000001100000000000010010000
16;0100000010100000000000010010000
17;0100000100100000000000010010000
13;0100001000100000000000010010000
14;0100010000100000000000010010000
20;0001010000100000000000010010000
12;0010010000100000000000010010000
13;0010000001100000000000010010000
23;0010000001100000000100000010000
24;0010001000100000000100000010000
12;0010001000100000000000010010000
22;0001001000100000000000010010000
21;0001000001100000000000010010000
13;1000000001100000000000010010000
11;1000010000100000000000010010000
13;1000000010100000000000010010000
8;1000000010000000100000010010000
5;0001000001000100000010000000010
6;0001000001000100000010000000100
9;0010010000000100000010000000100
6;0000110000000100000010000000001
10;0100010000000100000010000000001
6;0100000001000100000010000000001
7;0000100001000100000010000000001
8;0000101000000100000010000000001
7;0100001000000100000010000000001
7;0100000100000100000010000000001
15;0100000100000100000010000100000
18;0100000001000100000010000100000
11;0100010000000100000010000100000
12;0000110000000100000010000100000
10;0000100100000100000010000100000
8;0000100010000100000010000100000
23;0000100010000100000000100100000
11;0010000010000100000000100100000
13;0010000001000100000000100100000
11;0100000001000100000000100100000
9;0100000001000100000000100000001
7;0100000100000100000000100000001
8;0001000100000100000000100000001
7;0001000001000100000000100000001
6;0001000010000100000000100000001
6;0001001000000001000000010100000
7;0001000010000001000000010100000
8;0001000010000100000000010100000
9;0100000010000100000000010100000
7;0100000010000001000000010100000
8;0100001000000001000000010100000
12;0010001000000001000000010100000
13;0010000100000001000000010100000
14;0010000010000001000000010100000
15;0010000001000001000000010100000
16;1000000001000001000000010100000
8;1000000100000001000000010100000
7;0001000100000001000000010100000
19;0100000100000001000000010100000
12;0100000100000001001000000100000
19;0100000100000001001000000000001
11;0100000010000001001000000000001
23;0010000010000001001000000000001
9;0010010000000001001000000000001
25;1000010000000001001000000000001
26;0001010000000001001000000000001
7;0001000001000001001000000000001
16;0001000001000001001000000001000
15;0001000001000010001000000001000
16;1000000001000010001000000001000
24;1000010000000010001000000001000
6;0000100100000001000000010000010
7;0000100010000001000000010000010
6;0010000010000001000000010000010
9;0010000010000001000000010001000
10;0010010000000001000000010001000
8;1000010000000001000000010001000
9;1000000010000001000000010001000
7;1000000100000001000000010001000
7;0000100100000001000000010001000
10;0000100100001000000000010001000
16;0000101000001000000000010001000
17;0010001000001000000000010001000
17;0001001000001000000000010001000
7;0001001000001000000000010000001
6;0001001000001000000010000000001
12;0001001000001000000010000001000
13;0000101000001000000010000001000
9;1000001000001000000010000001000
10;1000000100001000000010000001000
6;0001000100001000000010000001000
9;0010000100001000000010000001000
17;0100000100001000000010000001000
11;0100010000001000000010000001000
20;0100000001001000000010000001000
12;0100001000001000000010000001000
11;0010001000001000000010000001000
6;0100000010000000101000001000000
7;0001000010000000101000001000000
8;0001010000000000101000000000010
9;0001000100000000101000000000010
9;0001001000000000101000000000010
7;1000001000000000101000000000010
12;1000001000100000001000000000010
13;0010001000100000001000000000010
14;0010010000100000001000000000010
15;0010000010100000001000000000010
16;0010000100100000001000000000010
17;0010000001100000001000000000010
14;0000100001100000001000000000010
15;1000000001100000001000000000010
8;1000000001000000101000000000010
21;0001000001000000101000000000010
7;0100000001000000101000000000010
23;0100000001000000101000000000100
18;0100000100000000101000000000100
15;0010000100000000101000000000100
26;0000100100000000101000000000100
16;1000000100000000101000000000100
9;1000001000000000101000000000100
25;1000000001000000101000000000100
14;0001000001000000101000000000100
11;0000100001000000101000000000100
7;0000100100100000000000100000001
8;0001000100100000000000100000001
7;0001000010100000000000100000001
5;0001000010100000000010000000001
6;0001000001100000000010000000001
12;0010000001100000000010000000001
7;0100000001100000000010000000001
9;0100000001100000000010000100000
9;0100000010100000000010000100000
9;0100000100100000000010000100000
11;0000100100100000000010000100000
8;0001000100100000000010000100000
13;1000000100100000000010000100000
7;1000010000100000000010000100000
6;0100010000100000000010000100000
7;0010010000100000000010000100000
8;0010000001100000000010000100000
9;0010000100100000000010000100000
17;0010000010100000000010000100000
9;0001000010100000000010000100000
8;0001000001100000000010000100000
10;0000100001100000000010000100000
9;0000110000100000000010000100000
7;0000110000000001000010000100000
6;0000101000000001000010000100000
6;0000100001000001010000000000001
6;0000100001000010010000000000001
7;0010000001000010010000000000001
9;0001000001000010010000000000001
7;0100000001000010010000000000001
11;0100000001000001010000000000001
12;0100000010000001010000000000001
10;0100001000000001010000000000001
13;0100001000010000010000000000001
15;0010001000010000010000000000001
16;0010000100010000010000000000001
17;0010000001010000010000000000001
18;0001000001010000010000000000001
19;0000100001010000010000000000001
20;0000101000010000010000000000001
21;0000100100010000010000000000001
22;0000110000010000010000000000001
11;0000110000010000010000000000100
24;0000100100010000010000000000100
20;0000101000010000010000000000100
20;0000101000000001010000000000100
24;0000100010000001010000000000100
16;0000110000000001010000000000100
21;0100010000000001010000000000100
20;0100001000000001010000000000100
21;0100001000010000010000000000100
6;0001001000000000100000011000000
4;0100001000000000100000011000000
8;0100000100000000100000011000000
7;0100000001000000100000011000000
7;0010000001000000100000011000000
4;1000000001000000100000011000000
6;1000000001100000000000011000000
8;0010000001100000000000011000000
7;0100000001100000000000011000000
9;0000100001100000000000011000000
6;0000100100100000000000011000000
13;0010000100100000000000011000000
6;0100000100100000000000011000000
7;1000000100100000000000011000000
8;1000000100000000100000011000000
7;0010000100000000100000011000000
4;0010000010000000100000011000000
7;0010001000000000100000011000000
10;1000001000000000100000011000000
4;1000000010000000100000011000000
8;0100000010000000100000011000000
6;0100000010000000101000001000000
7;0001000010000000101000001000000
9;0001000010000100001000001000000
21;0010000010000100001000001000000
20;0010010000000100001000001000000
7;0100000010000001000000100010000
8;0100000100000001000000100010000
9;1000000100000001000000100010000
10;1000010000000001000000100010000
11;1000001000000001000000100010000
8;0000101000000001000000100010000
13;0010001000000001000000100010000
12;0001001000000001000000100010000
14;0100001000000001000000100010000
16;0100010000000001000000100010000
16;0010010000000001000000100010000
12;0010010000000001010000000010000
19;0010000010000001010000000010000
20;1000000010000001010000000010000
21;1000000100000001010000000010000
22;0100000100000001010000000010000
21;0001000100000001010000000010000
23;0001000100001000010000000010000
9;1000000100001000010000000010000
18;1000000010001000010000000010000
19;1000000001001000010000000010000
28;0000100001001000010000000010000
29;0100000001001000010000000010000
30;0100001000001000010000000010000
15;0000101000001000010000000010000
7;0001010000100000000000100000001
8;0001001000100000000000100000001
7;0001000010100000000000100000001
8;0001000100100000000000100000001
7;0001000001100000000000100000001
12;0000100001100000000000100000001
13;0000100010100000000000100000001
7;0000100100100000000000100000001
15;0000110000100000000000100000001
16;0000110000100000000000100000100
17;0000110000000001000000100000100
18;0000101000000001000000100000100
17;0000101000000001001000000000100
20;0001001000000001001000000000100
12;0100001000000001001000000000100
7;0100000001000001001000000000100
20;0010000001000001001000000000100
24;0010000100000001001000000000100
15;1000000100000001001000000000100
26;0001000100000001001000000000100
27;0001000010000001001000000000100
11;0100000010000001001000000000100
17;0000100010000001001000000000100
16;1000000010000001001000000000100
31;1000000010000100001000000000100
6;0001000010000000100000100000100
8;0010000010000000100000100000100
7;0010000010000000100010000000100
8;0010000010001000000010000000100
9;1000000010001000000010000000100
12;0000100010001000000010000000100
13;0000100010001000000000100000100
14;0010000010001000000000100000100
13;0100000010001000000000100000100
13;0100000010001000000010000000100
17;0100000001001000000010000000100
9;1000000001001000000010000000100
7;1000000100001000000010000000100
6;1000000100000001000010000000100
7;1000010000000001000010000000100
7;1000000010000001000010000000100
9;1000000010000100000010000000100
12;0100000010000100000010000000100
13;0100010000000100000010000000100
8;0100000001000100000010000000100
7;0000100001000100000010000000100
6;0000100010000100000010000000100
16;0000110000000100000010000000100
25;1000010000000100000010000000100
15;0001010000000100000010000000100
6;0001000010000001000000010000100
7;0001001000000001000000010000100
8;0010001000000001000000010000100
9;0010001000000001000100000000100
10;0100001000000001000100000000100
11;0001001000000001000100000000100
12;0001010000000001000100000000100
13;0001000100000001000100000000100
14;0100000100000001000100000000100
15;1000000100000001000100000000100
16;0000100100000001000100000000100
7;0000100100000001000000100000100
16;1000000100000001000000100000100
15;0100000100000001000000100000100
20;0100010000000001000000100000100
21;1000010000000001000000100000100
11;1000001000000001000000100000100
10;1000000001000001000000100000100
16;1000000010000001000000100000100
10;0100000010000001000000100000100
12;0000100010000001000000100000100
8;0000100010000100000000100000100
19;0000110000000100000000100000100
29;0001010000000100000000100000100
30;1000010000000100000000100000100
31;1000000100000100000000100000100
7;0010000001000010000100000010000
8;0000100001000000100100000010000
9;0010000001000000100100000010000
10;0010001000000000100100000010000
11;0010000010000000100100000010000
9;0010000010000000100000010010000
13;0010000001000000100000010010000
12;0010000001000000100000010000001
7;0000100001000000100000010000001
8;1000000001000000100000010000001
9;1000000001000000110000000000001
18;0100000001000000110000000000001
10;0100000100000000110000000000001
20;0100000100010000010000000000001
12;0100010000010000010000000000001
22;0000110000010000010000000000001
11;0000110000010000010000000000100
24;0000100010010000010000000000100
12;0000100001010000010000000000100
13;0010000001010000010000000000100
14;0100000001010000010000000000100
16;1000000001010000010000000000100
27;1000000001010000000000010000100
22;0100000001010000000000010000100
14;0000100001010000000000010000100
6;0000100010000000100000010001000
6;0001000010000000100000010001000
8;0001000010000100000000010001000
9;0001010000000100000000010001000
6;0001010000000100000010000001000
11;0100010000000100000010000001000
12;0010010000000100000010000001000
10;0010000010000100000010000001000
14;0010001000000100000010000001000
15;1000001000000100000010000001000
16;1000000010000100000010000001000
6;0100000010000100000010000001000
18;0100000010000100000000100001000
17;0100010000000100000000100001000
14;0000110000000100000000100001000
13;0000100001000100000000100001000
21;0000100010000100000000100001000
18;1000000010000100000000100001000
24;1000000100000100000000100001000
16;1000010000000100000000100001000
16;1000010000000100010000000001000
16;0100010000000100010000000001000
15;0100000100000100010000000001000
29;0010000100000100010000000001000
17;0010010000000100010000000001000
31;0010000010000100010000000001000
5;0001000100000010000010000100000
4;0010000100000010000010000100000
4;1000000100000010000010000100000
4;0010000010000010000000100010000
7;0001000001000010000000100010000
6;0000100100000010000000100010000
6;0001000100000010000000100000010
6;0100000010000010000000100000010
2;0001000010000010000010000000010
2;0010000001000010000010000000010
5;0001000001000001000010000000010
4;0000100001000001000010000000100
3;1000000001000010000010000000100
6;0100000100000010000010000000100
4;0100000010000010000010000000100
8;0010001000000010000010000000100
3;0000110000000010000010000000100
7;1000010000100000010000000000001
8;1000000100100000010000000000001
9;0001000100100000010000000000001
10;0001000001100000010000000000001
11;0001001000100000010000000000001
12;0100001000100000010000000000001
13;0100000010100000010000000000001
14;1000000010100000010000000000001
7;1000000010100000000000010000001
8;0100000010100000000000010000001
9;0001000010100000000000010000001
10;0001000010100000000000010001000
11;0001001000100000000000010001000
11;0001000100100000000000010001000
8;0001000100100000000000010000001
17;0010000100100000000000010000001
23;0100000100100000000000010000001
13;0100001000100000000000010000001
25;0000101000100000000000010000001
11;0010001000100000000000010000001
10;0001001000100000000000010000001
10;0001010000100000000000010000001
10;0001000001100000000000010000001
12;0001000001100000000000010001000
10;0001000001100000000010000001000
6;1000001000100000000010001000000
6;0100001000100000000010001000000
7;0100000010100000000010001000000
6;0001000010100000000010001000000
5;0001000100100000000010001000000
6;0010000100100000000010001000000
5;0010000010100000000010001000000
4;0010000001100000000010001000000
4;0001000001100000000010001000000
8;0100000001100000000010001000000
4;0100000100100000000010001000000
4;0000100100100000000010001000000
8;0000100001100000000010001000000
7;0000101000100000000010001000000
4;0010001000100000000010001000000
4;0010010000100000000010001000000
6;0000101000000010000000100000010
6;0000101000000010000000100100000
5;0010001000000010000000100100000
10;0010001000000010001000000100000
10;0000101000000010001000000100000
11;0000100001000010001000000100000
11;0010000001000010001000000100000
8;0010010000000010001000000100000
15;0010000010000010001000000100000
7;0100000010000010001000000100000
7;0100010000000010001000000100000
12;1000010000000010001000000100000
9;0000110000000010001000000100000
16;0000100100000010001000000100000
17;0010000100000010001000000100000
11;1000000100000010001000000100000
10;1000000010000010001000000100000
8;0000100010000010001000000100000
9;0001000010000010001000000100000
16;0001010000000010001000000100000
8;0001001000000010001000000100000
15;0001000100000010001000000100000
14;0100000100000010001000000100000
7;0100000001000010001000000100000
20;1000000001000010001000000100000
6;0010010000000000100001001000000
7;0010010000000000100001000000010
8;0010000001000000100001000000010
9;0010000001000000100001000000100
10;0010000001000000100000100000100
11;0010000001001000000000100000100
12;0100000001001000000000100000100
13;0100000010001000000000100000100
14;1000000010001000000000100000100
15;1000010000001000000000100000100
16;0000110000001000000000100000100
13;0000100010001000000000100000100
9;0000100100001000000000100000100
10;1000000100001000000000100000100
11;0001000100001000000000100000100
21;0001010000001000000000100000100
22;0001000001001000000000100000100
12;0001001000001000000000100000100
14;0000101000001000000000100000100
24;0000100001001000000000100000100
26;0000100001001000000000100000001
10;1000000001001000000000100000001
11;0010000001001000000000100000001
25;0010001000001000000000100000001
13;0000101000001000000000100000001
14;0000101000001000001000000000001
7;0000101000001000001000001000000
8;0000100010001000001000001000000
9;0000100001001000001000001000000
10;0010000001001000001000001000000
11;0100000001001000001000001000000
7;0100000010001000001000001000000
13;0010000010001000001000001000000
7;0010000100001000001000001000000
8;0001000100001000001000001000000
9;1000000100001000001000001000000
14;1000001000001000001000001000000
11;1000000001001000001000001000000
8;1000000010001000001000001000000
9;0001000010001000001000001000000
9;0001010000001000001000001000000
9;0000110000001000001000001000000
10;1000010000001000001000001000000
13;1000010000001000001000000000010
14;1000000001001000001000000000010
23;0100000001001000001000000000010
16;0100000001001000000000010000010
17;0100001000001000000000010000010
17;0010001000001000000000010000010
8;0001001000001000000000010000010
9;0001001000001000000000010100000
7;0010000010000100000000010000001
8;0000100010000100000000010000001
9;0000100010000100000000010000100
10;0000101000000100000000010000100
11;1000001000000100000000010000100
12;0100001000000100000000010000100
13;0010001000000100000000010000100
14;0010000001000100000000010000100
9;0010000001000100000000010000010
7;0000100001000100000000010000010
10;0000101000000100000000010000010
11;1000001000000100000000010000010
12;1000000100000100000000010000010
18;0000100100000100000000010000010
6;0001000100000100000000010000010
10;0010000100000100000000010000010
23;0010001000000100000000010000010
24;0010000010000100000000010000010
8;1000000010000100000000010000010
17;1000000010000100010000000000010
21;1000000001000100010000000000010
13;1000000100000100010000000000010
14;0010000100000100010000000000010
15;0000100100000100010000000000010
10;0000100001000100010000000000010
6;0001000001010000000010000000001
7;0000100001010000000010000000001
8;0000100010010000000000100000001
9;0001000010010000000000100000001
10;0001001000010000000000100000001
11;0001010000010000000000100000001
10;0010010000010000000000100000001
11;0010000001010000000000100000001
14;0001000001010000000000100000001
15;0001000100010000000000100000001
16;0100000100010000000000100000001
15;0100001000010000000000100000001
7;0000101000010000000000100000001
19;0000110000010000000000100000001
9;1000010000010000000000100000001
6;1000000010010000000000100000001
11;0010000010010000000000100000001
23;0010000010010000000000100010000
12;1000000010010000000000100010000
8;1000000010010000000010000010000
11;0010000010010000000010000010000
7;0100000010010000000010000010000
11;0100000010010000000000100010000
29;0100000001010000000000100010000
24;0100001000010000000000100010000
31;1000001000010000000000100010000
6;0001000100000100000100001000000
7;0001010000000100000100001000000
8;0001000010000100000100001000000
9;0100000010000100000100001000000
10;0100000001000100000100001000000
11;0100000100000100000100001000000
12;0100001000000100000100001000000
12;0100010000000100000100001000000
14;1000010000000100000100001000000
7;1000000100000100000100001000000
10;0010000100000100000100001000000
14;0010000001000100000100001000000
15;0010000010000100000100001000000
10;0010010000000100000100001000000
9;0010010000000100000000011000000
8;0010000001000100000000011000000
6;0000100001000100000000011000000
7;1000000001000100000000011000000
5;1000001000000100000000011000000
6;1000010000000100000000011000000
26;0000110000000100000000011000000
6;0000110000000100000001001000000
7;0000100001000100000001001000000
29;0000101000000100000001001000000
30;0001001000000100000001001000000
31;0001000010000100000001001000000
6;1000000010000000100001001000000
7;0010000010000000100001001000000
8;0010000010001000000001001000000
9;0100000010001000000001001000000
10;1000000010001000000001001000000
11;0001000010001000000001001000000
12;0001010000001000000001001000000
13;0100010000001000000001001000000
10;0100001000001000000001001000000
13;0001001000001000000001001000000
8;0001000100001000000001001000000
7;0001000100000001000001001000000
6;0001001000000001000001001000000
11;0001001000010000000001001000000
13;0100001000010000000001001000000
10;0100000100010000000001001000000
15;0001000100010000000001001000000
7;0001000001010000000001001000000
14;0001000010010000000001001000000
8;0000100010010000000001001000000
17;0000110000010000000001001000000
16;0000100100010000000001001000000
16;1000000100010000000001001000000
14;0010000100010000000001001000000
11;0010001000010000000001001000000
11;0010000010010000000001001000000
6;0001010000010000000010000000001
7;0001010000010000000000010000001
8;0010010000010000000000010000001
9;0010000001010000000000010000001
10;0010000001010000000100000000001
11;0100000001010000000100000000001
12;0100000001000000100100000000001
12;0100010000000000100100000000001
14;0001010000000000100100000000001
15;0001010000000100000100000000001
16;0001010000000100000100000001000
17;0001000001000100000100000001000
18;0001000010000100000100000001000
16;0001000010000000100100000001000
20;0100000010000000100100000001000
21;0010000010000000100100000001000
22;1000000010000000100100000001000
19;1000000001000000100100000001000
24;0010000001000000100100000001000
25;0010000001001000000100000001000
26;0000100001001000000100000001000
27;0000100010001000000100000001000
28;0000101000001000000100000001000
20;0000100100001000000100000001000
30;0001000100001000000100000001000
15;0001000100000001000100000001000
6;0010000100000010001000000000001
7;0010000100000010001000000010000
8;0010000010000010001000000010000
9;0010001000000010001000000010000
10;0010000001000010001000000010000
11;0100000001000010001000000010000
12;0100010000000010001000000010000
13;0001010000000010001000000010000
10;0010010000000010001000000010000
11;0000110000000010001000000010000
16;1000010000000010001000000010000
17;1000000010000010001000000010000
15;1000000001000010001000000010000
13;1000000001000001001000000010000
14;0010000001000001001000000010000
15;0010010000000001001000000010000
9;0010010000000001001000000000001
22;0010001000000001001000000000001
24;0010001000000001001000000010000
25;1000001000000001001000000010000
16;1000010000000001001000000010000
17;1000010000100000001000000010000
18;1000001000100000001000000010000
29;0001001000100000001000000010000
21;0001000010100000001000000010000
31;0001010000100000001000000010000
6;0001010000001000000010000000001
7;0001010000001000000010000001000
9;0001010000001000000000010001000
10;0001000001001000000000010001000
11;1000000001001000000000010001000
12;0100000001001000000000010001000
13;0010000001001000000000010001000
14;0000100001001000000000010001000
10;0000100100001000000000010001000
16;0000100100001000000001000001000
16;1000000100001000000001000001000
18;1000000010001000000001000001000
17;1000001000001000000001000001000
19;0100001000001000000001000001000
15;0100000100001000000001000001000
22;0100010000001000000001000001000
23;0001010000001000000001000001000
22;0001000001001000000001000001000
24;0001000010001000000001000001000
21;0001001000001000000001000001000
20;0010001000001000000001000001000
18;0000101000001000000001000001000
16;0000101000001000000000010001000
17;0001001000001000000000010001000
13;0100001000001000000000010001000
6;0010000010000010001000000000010
6;0010000001000010001000000000010
8;0000100001000010001000000000010
9;0000100001000001001000000000010
10;0000101000000001001000000000010
11;0000110000000001001000000000010
10;0000100100000001001000000000010
12;0001000100000001001000000000010
14;0001001000000001001000000000010
11;0001000001000001001000000000010
6;0001000001000010001000000000010
7;0001000010000010001000000000010
7;0000100010000010001000000000010
10;0000100010000010001000000001000
20;0000100100000010001000000001000
21;0100000100000010001000000001000
12;0100001000000010001000000001000
15;0001001000000010001000000001000
15;0001000001000010001000000001000
13;0100000001000010001000000001000
15;0100000001000001001000000001000
27;0010000001000001001000000001000
28;0010001000000001001000000001000
29;0010000010000001001000000001000
17;1000000010000001001000000001000
16;0100000010000001001000000001000
4;0010000100000010000010000100000
5;0001000100000010000010000100000
4;1000000100000010000010000100000
6;0001000100000001000000010010000
7;0001001000000001000000010010000
8;0001010000000001000000010010000
9;0000110000000001000000010010000
10;0010010000000001000000010010000
8;1000010000000001000000010010000
11;1000010000100000000000010010000
13;1000000010100000000000010010000
13;0000100010100000000000010010000
12;0001000010100000000000010010000
16;0010000010100000000000010010000
12;0010001000100000000000010010000
12;0010010000100000000000010010000
13;0010000001100000000000010010000
13;1000000001100000000000010010000
15;0100000001100000000000010010000
17;0100000100100000000000010010000
23;0000100100100000000000010010000
24;0000110000100000000000010010000
14;0100010000100000000000010010000
13;0100001000100000000000010010000
22;0100001000100000001000000010000
10;0100001000100000000000100010000
19;0100000001100000000000100010000
30;0000100001100000000000100010000
11;1000000001100000000000100010000
4;0000110000000001000000101000000
5;0010010000000001000000101000000
6;0010010000000001010000001000000
8;0010010000000001010000000000010
9;0100010000000001010000000000010
9;0000110000000001010000000000010
11;0000100010000001010000000000010
12;0000100010000001010000000001000
13;0000110000000001010000000001000
14;0000110000100000010000000001000
15;0100010000100000010000000001000
16;0100000100100000010000000001000
17;0100000001100000010000000001000
18;1000000001100000010000000001000
17;1000000001100000000000010001000
8;1000000001000000100000010001000
8;1000001000000000100000010001000
7;1000010000000000100000010001000
13;1000000100000000100000010001000
21;1000000100100000000000010001000
11;0001000100100000000000010001000
11;0001001000100000000000010001000
27;0000101000100000000000010001000
27;0100001000100000000000010001000
10;0100000100100000000000010001000
9;0100010000100000000000010001000
7;0100010000000001000000010001000
6;0010010000000010000000010100000
6;1000010000000010000000010100000
9;1000000100000010000000010100000
8;1000000100000010010000000100000
9;0000100100000010010000000100000
10;0100000100000010010000000100000
9;0100000001000010010000000100000
12;1000000001000010010000000100000
15;1000000001000001010000000100000
16;0100000001000001010000000100000
14;0100000100000001010000000100000
10;0001000100000001010000000100000
19;0000100100000001010000000100000
11;1000000100000001010000000100000
8;1000000100000001000000010100000
11;1000000010000001000000010100000
7;0001000010000001000000010100000
7;0100000010000001000000010100000
14;0010000010000001000000010100000
15;0010000001000001000000010100000
12;0010001000000001000000010100000
8;0100001000000001000000010100000
9;0000101000000001000000010100000
6;0001001000000001000000010100000
8;0001001000000001000010000100000
6;0001001000000001000001001000000
7;0001000100000001000001001000000
8;0001000100001000000001001000000
9;1000000100001000000001001000000
7;0010000100001000000001001000000
6;0000100100001000000001001000000
12;0000101000001000000001001000000
13;0001001000001000000001001000000
14;0001000001001000000001001000000
7;0000100001001000000001001000000
8;1000000001001000000001001000000
10;1000000010001000000001001000000
18;1000010000001000000001001000000
13;0100010000001000000001001000000
18;0100000001001000000001001000000
12;0100000100001000000001001000000
9;0100000010001000000001001000000
10;0000100010001000000001001000000
8;0010000010001000000001001000000
7;0010000010000000100001001000000
6;1000000010000000100001001000000
15;1000000010000000100001000000001
27;0100000010000000100001000000001
21;0001000010000000100001000000001
29;0000100010000000100001000000001
7;0000101000000000100001000000001
7;0000101000100000000010000000010
8;0000101000100000000010000100000
9;0010001000100000000010000100000
7;0001001000100000000010000100000
9;0001010000100000000010000100000
8;0001000100100000000010000100000
8;0001000001100000000010000100000
8;0010000001100000000010000100000
9;0100000001100000000010000100000
6;0100010000100000000010000100000
10;0100001000100000000010000100000
9;0100000010100000000010000100000
8;1000000010100000000010000100000
9;0001000010100000000010000100000
12;0000100010100000000010000100000
11;0000100100100000000010000100000
9;0000110000100000000010000100000
7;0000110000000001000010000100000
6;1000010000000001000010000100000
10;0001010000000001000010000100000
8;0001001000000001000010000100000
5;0001001000000001000010000000010
6;0001000100000001000010000000010
5;0001000100001000000010000000010
21;0000100100001000000010000000010
5;0001001000000100000010000000001
7;0001000001000100000010000000001
7;0000100001000100000010000000001
6;0100000001000100000010000000001
10;0100010000000100000010000000001
9;0001010000000100000010000000001
6;0001010000000100000010000001000
12;0001001000000100000010000001000
14;0000101000000100000010000001000
15;0000100001000100000010000001000
16;0000100010000100000010000001000
16;1000000010000100000010000001000
18;1000000010000100000000100001000
7;1000000010000001000000100001000
20;0000100010000001000000100001000
21;0000100001000001000000100001000
7;0100000001000001000000100001000
22;0100010000000001000000100001000
16;0100010000000001010000000001000
22;0100000100000001010000000001000
23;1000000100000001010000000001000
24;1000000010000001010000000001000
26;0010000010000001010000000001000
24;0010010000000001010000000001000
18;0010010000000001000000100001000
10;0010000100000001000000100001000
7;0010000100010000000010000010000
8;0010010000010000000010000010000
9;1000010000010000000010000010000
7;0100010000010000000010000010000
10;0001010000010000000010000010000
9;0001001000010000000010000010000
10;0001000001010000000010000010000
10;0010000001010000000010000010000
9;1000000001010000000010000010000
8;1000000010010000000010000010000
11;0000100010010000000010000010000
11;0010000010010000000010000010000
19;0001000010010000000010000010000
11;0001000010010000000000010010000
9;0001001000010000000000010010000
22;0100001000010000000000010010000
11;0100001000000001000000010010000
7;0001001000000001000000010010000
7;0010001000000001000000010010000
9;1000001000000001000000010010000
27;1000001000010000000000010010000
13;1000000010010000000000010010000
29;1000000001010000000000010010000
30;0010000001010000000000010010000
31;0010000001010000000100000010000
6;0010000001000001000000010010000
7;0010000010000001000000010010000
7;0010001000000001000000010010000
9;1000001000000001000000010010000
10;1000000010000001000000010010000
11;0001000010000001000000010010000
12;0001000010000100000000010010000
13;0100000010000100000000010010000
14;1000000010000100000000010010000
15;0000100010000100000000010010000
16;0010000010000100000000010010000
17;0010000100000100000000010010000
18;0010000100000100000100000010000
17;0010000100000100000100000000010
10;0010000100000100000000010000010
6;0001000100000100000000010000010
12;1000000100000100000000010000010
11;1000001000000100000000010000010
20;1000001000000100010000000000010
19;0001001000000100010000000000010
18;0100001000000100010000000000010
25;0100000010000100010000000000010
25;0010000010000100010000000000010
9;0000100010000100010000000000010
17;1000000010000100010000000000010
8;1000000010000100000000010000010
4;0010000100000010000010000100000
5;0001000100000010000010000100000
4;1000000100000010000010000100000
6;1000010000010000000000101000000
7;1000010000010000000000100000010
8;1000000001010000000000100000010
9;1000001000010000000000100000010
9;0100001000010000000000100000010
11;0010001000010000000000100000010
12;0001001000010000000000100000010
11;0001001000000001000000100000010
10;0001000010000001000000100000010
15;0001000100000001000000100000010
16;0001000100000001000100000000010
16;0001001000000001000100000000010
18;0001001000000001000100000100000
12;0001000001000001000100000100000
20;0001010000000001000100000100000
15;0001000100000001000100000100000
8;0001000100000001000000100100000
10;0001000010000001000000100100000
10;0001010000000001000000100100000
11;0001010000100000000000100100000
26;0001000001100000000000100100000
12;1000000001100000000000100100000
16;0010000001100000000000100100000
29;0010000010100000000000100100000
15;0010001000100000000000100100000
20;0010001000100000001000000100000
7;0010000001000001010000000000010
8;0100000001000001010000000000010
9;0100000100000001010000000000010
10;0001000100000001010000000000010
11;0000100100000001010000000000010
11;0000100010000001010000000000010
13;0010000010000001010000000000010
14;0010001000000001010000000000010
14;1000001000000001010000000000010
12;1000000100000001010000000000010
11;1000010000000001010000000000010
12;1000010000100000010000000000010
6;1000010000100000000000100000010
20;1000000010100000000000100000010
21;1000000100100000000000100000010
7;1000001000100000000000100000010
6;1000001000000000100000100000010
8;1000001000000000100000100100000
12;1000000100000000100000100100000
9;0000100100000000100000100100000
18;0000100100000000100100000100000
18;0000101000000000100100000100000
16;0000101000000010000100000100000
12;0000100100000010000100000100000
19;0001000100000010000100000100000
7;0010000100000010010000000010000
6;0010010000000010010000000010000
9;0100010000000010010000000010000
10;0100000001000010010000000010000
11;0001000001000010010000000010000
8;1000000001000010010000000010000
7;1000010000000010010000000010000
11;1000001000000010010000000010000
15;0100001000000010010000000010000
8;0100000100000010010000000010000
7;0000100100000010010000000010000
18;0000100100000000110000000010000
15;0001000100000000110000000010000
14;1000000100000000110000000010000
21;1000010000000000110000000010000
22;0010010000000000110000000010000
23;0010000001000000110000000010000
24;0010000100000000110000000010000
16;0010000010000000110000000010000
14;0100000010000000110000000010000
19;0000100010000000110000000010000
20;0000110000000000110000000010000
29;0100010000000000110000000010000
13;0100000001000000110000000010000
18;0000100001000000110000000010000
7;0000100001100000000001001000000
8;1000000001100000000001001000000
9;1000000001100000000001000000001
9;0010000001100000000001000000001
11;0100000001100000000001000000001
12;0000100001100000000001000000001
13;0000101000100000000001000000001
14;0000110000100000000001000000001
11;0100010000100000000001000000001
15;0100000100100000000001000000001
17;0100000010100000000001000000001
17;0000100010100000000001000000001
19;0000100010100000000001000000100
15;0000110000100000000001000000100
20;0000101000100000000001000000100
21;0100001000100000000001000000100
22;0100000010100000000001000000100
18;0100000001100000000001000000100
24;0001000001100000000001000000100
19;1000000001100000000001000000100
20;1000010000100000000001000000100
21;0100010000100000000001000000100
29;0100010000000001000001000000100
19;1000010000000001000001000000100
31;0010010000000001000001000000100
4;0000110000010000000010001000000
7;1000010000010000000010001000000
8;0010010000010000000010001000000
4;0010000001010000000010001000000
4;0010000100010000000010001000000
4;0000100100010000000010001000000
5;0000100001010000000010001000000
4;1000000001010000000010001000000
4;0001000001010000000010001000000
6;0001000010010000000010001000000
4;0001010000010000000010001000000
5;1000001000100000000000101000000
6;0000110000100000000000101000000
6;1000010000100000010000001000000
10;0010000100100000010000001000000
11;0001001000100000010000001000000
12;0000100001100000010000001000000
6;1000000001100000000000011000000
4;1000000001000000100000011000000
8;1000000100000000100000011000000
7;1000000100100000000000011000000
8;1000000100100000010000001000000
8;1000000100100000010000000000001
19;0100000100100000010000000000001
20;0100000001100000010000000000001
13;0100000010100000010000000000001
15;0000100010100000010000000000001
16;0001000010100000010000000000001
24;0010000010100000010000000000001
20;0010000010100000010000000010000
26;0000100010100000010000000010000
27;0100000010100000010000000010000
26;0100000100100000010000000010000
10;0000100100100000010000000010000
11;0000100100100000010000000000010
9;0001000100100000010000000000010
5;0001000100000000100001001000000
7;0001000010000000100001001000000
7;0010000010000000100001001000000
8;0010000010001000000001001000000
10;1000000010001000000001001000000
11;1000000010001000000001000000001
12;0000100010001000000001000000001
13;0001000010001000000001000000001
14;0001000001001000000001000000001
15;0010000001001000000001000000001
16;0010010000001000000001000000001
17;0100010000001000000001000000001
17;1000010000001000000001000000001
19;0000110000001000000001000000001
20;0001010000001000000001000000001
21;0001000100001000000001000000001
15;1000000100001000000001000000001
16;1000000001001000000001000000001
16;0000100001001000000001000000001
25;0000100100001000000001000000001
14;0100000100001000000001000000001
13;0100000001001000000001000000001
28;0100000001001000000001000100000
29;0100000100001000000001000100000
30;0100001000001000000001000100000
27;0100001000001000000001000000001
7;0100010000000001000000010001000
8;0100000010000001000000010001000
9;0100000010000100000000010001000
8;0001000010000100000000010001000
10;0001000010000100000000010000001
7;0010000010000100000000010000001
8;0000100010000100000000010000001
12;0100000010000100000000010000001
9;0100010000000100000000010000001
10;0100000100000100000000010000001
14;0100000001000100000000010000001
18;0001000001000100000000010000001
8;1000000001000100000000010000001
8;1000010000000100000000010000001
7;1000000100000100000000010000001
8;1000001000000100000000010000001
9;0001001000000100000000010000001
11;0001001000000100000000010001000
9;0001010000000100000000010001000
17;0100010000000100000000010001000
17;0010010000000100000000010001000
23;0000110000000100000000010001000
21;0000110000000100000001000001000
30;1000010000000100000001000001000
31;1000000001000100000001000001000
7;0001000001100000000000101000000
8;0001000001100000000001001000000
8;0001000010100000000001001000000
10;0100000010100000000001001000000
7;0000100010100000000001001000000
12;1000000010100000000001001000000
13;1000001000100000000001001000000
14;1000001000100000000001000000001
14;1000010000100000000001000000001
16;1000000010100000000001000000001
17;0000100010100000000001000000001
14;0000110000100000000001000000001
10;0001010000100000000001000000001
19;0001000010100000000001000000001
21;0001000100100000000001000000001
11;0010000100100000000001000000001
10;0010001000100000000001000000001
22;0010000010100000000001000000001
17;0100000010100000000001000000001
22;0100000010100000000001000100000
27;0001000010100000000001000100000
15;0001001000100000000001000100000
16;0001000001100000000001000100000
18;0100000001100000000001000100000
12;0100010000100000000001000100000
6;0010001000000010000000010000100
6;1000001000000010000000010000100
9;1000001000000010010000000000100
7;1000000010000010010000000000100
9;0100000010000010010000000000100
10;0010000010000010010000000000100
9;0010000100000010010000000000100
11;0010010000000010010000000000100
12;0010001000000010010000000000100
12;0001001000000010010000000000100
11;0001000001000010010000000000100
6;0100000001000010010000000000100
8;0100001000000010010000000000100
15;0100000100000010010000000000100
13;0100010000000010010000000000100
12;0000110000000010010000000000100
8;0000100010000010010000000000100
10;0001000010000010010000000000100
13;0001010000000010010000000000100
10;0001000100000010010000000000100
8;0000100100000010010000000000100
7;1000000100000010010000000000100
7;1000010000000010010000000000100
6;1000010000000010000000100000100
5;1000000001000010000000100000100
6;0000110000000000100000100000100
7;0100010000000000100000100000100
8;0010010000000000100000100000100
9;0010001000000000100000100000100
7;1000001000000000100000100000100
11;1000000100000000100000100000100
12;0100000100000000100000100000100
13;0100000001000000100000100000100
12;1000000001000000100000100000100
15;1000000001100000000000100000100
16;0010000001100000000000100000100
17;0100000001100000000000100000100
18;0100000001100000000001000000100
19;1000000001100000000001000000100
18;1000000010100000000001000000100
19;0000100010100000000001000000100
22;0000100100100000000001000000100
22;0000100001100000000001000000100
15;0000110000100000000001000000100
14;0000110000100000000001000000001
12;0000110000100000000000010000001
27;1000010000100000000000010000001
7;1000010000000000100000010000001
5;1000000010000000100000010000001
17;0001000010000000100000010000001
10;0001000010000100000000010000001
7;0010001000000000100000100001000
8;0010000100000000100000100001000
6;0010000010000000100000100001000
6;0100000010000000100000100001000
11;0100001000000000100000100001000
12;0100010000000000100000100001000
13;0001010000000000100000100001000
11;0001010000000100000000100001000
12;0010010000000100000000100001000
16;1000010000000100000000100001000
17;0100010000000100000000100001000
18;0100001000000100000000100001000
19;0100000001000100000000100001000
20;1000000001000100000000100001000
8;0001000001000100000000100001000
7;0001000010000100000000100001000
14;0001000100000100000000100001000
24;0100000100000100000000100001000
13;0010000100000100000000100001000
24;1000000100000100000000100001000
18;1000000010000100000000100001000
10;0010000010000100000000100001000
18;0100000010000100000000100001000
12;0100000010000001000000100001000
7;0100000001000001000000100001000
6;0000100100001000000001001000000
7;0000100001001000000001001000000
8;1000000001001000000001001000000
6;0010000001001000000001001000000
10;0010001000001000000001001000000
7;0010000100001000000001001000000
12;0100000100001000000001001000000
13;0100010000001000000001001000000
14;0000110000001000000001001000000
10;0000100010001000000001001000000
8;0010000010001000000001001000000
7;0010000010000000100001001000000
7;0010000100000000100001001000000
5;0001000100000000100001001000000
10;0001001000000000100001001000000
11;0010001000000000100001001000000
11;1000001000000000100001001000000
6;1000000010000000100001001000000
12;1000000010100000000001001000000
9;0010000010100000000001001000000
10;0100000010100000000001001000000
7;0000100010100000000001001000000
8;0001000010100000000001001000000
23;0001000100100000000001001000000
17;1000000100100000000001001000000
11;1000010000100000000001001000000
7;0010010000000000100010000000100
7;0010001000000000100010000000100
7;0010000010000000100010000000100
5;0010000100000000100010000000100
11;0010000100001000000010000000100
6;0000100100001000000010000000100
12;0000100010001000000010000000100
10;0000100001001000000010000000100
9;1000000001001000000010000000100
9;1000000010001000000010000000100
8;0010000010001000000010000000100
14;0010000010001000000000100000100
16;0001000010001000000000100000100
12;0001001000001000000000100000100
11;0001000100001000000000100000100
22;0100000100001000000000100000100
15;0100000100000001000000100000100
12;0100000001000001000000100000100
10;1000000001000001000000100000100
16;1000000100000001000000100000100
7;0000100100000001000000100000100
22;0001000100000001000000100000100
13;0001000100000001000100000000100
11;0001001000000001000100000000100
12;0001010000000001000100000000100
5;1000000010000000100010000000100
6;1000000010000000100000100000100
7;1000001000000000100000100000100
9;1000001000000000101000000000100
10;0000101000000000101000000000100
11;0000100001000000101000000000100
12;0000100001000000101000000000010
9;0010000001000000101000000000010
14;0010000001000000101000000000100
15;0010000100000000101000000000100
16;1000000100000000101000000000100
17;0001000100000000101000000000100
18;0100000100000000101000000000100
18;0100010000000000101000000000100
20;0100010000010000001000000000100
21;0100000010010000001000000000100
22;0001000010010000001000000000100
23;0000100010010000001000000000100
18;0000101000010000001000000000100
19;0000100001010000001000000000100
23;0000100001010000001000000000010
27;0000110000010000001000000000010
10;0000110000010000001000001000000
8;0000101000010000001000001000000
9;0000100001010000001000001000000
27;1000000001010000001000001000000
7;0001010000001000000000100000010
8;0001000001001000000000100000010
9;0010000001001000000000100000010
10;0010000001001000000001000000010
11;0000100001001000000001000000010
12;0001000001001000000001000000010
13;0001001000001000000001000000010
14;0001000010001000000001000000010
11;1000000010001000000001000000010
16;0100000010001000000001000000010
17;0100010000001000000001000000010
18;1000010000001000000001000000010
18;1000010000001000000001001000000
12;0001010000001000000001001000000
8;0001000100001000000001001000000
12;0100000100001000000001001000000
10;0100001000001000000001001000000
12;0000101000001000000001001000000
20;1000001000001000000001001000000
10;1000000010001000000001001000000
11;1000000010001000000001000000001
17;1000010000001000000001000000001
16;0010010000001000000001000000001
9;0010010000000000100001000000001
16;0100010000000000100001000000001
5;0100001000000010000100001000000
5;0100010000000010000100001000000
4;0001010000000010000100001000000
4;0001001000000010000100001000000
4;0001000001000010000100001000000
5;1000000001000010000100001000000
6;1000001000000010000100001000000
7;0010000100000010000001001000000
4;1000000100000010000001001000000
6;1000001000000010000001001000000
10;0100001000000010000001001000000
5;0100010000000010000001001000000
4;0100000010000010000001001000000
11;0001000010000010000001001000000
7;0010000010000010000001001000000
6;0010010000000010000001001000000
4;0010001000000010000001001000000
8;0001001000000010000001001000000
9;0001010000000010000001001000000
10;0001000100000010000001001000000
4;0100000100000010000001001000000
7;1000010000000100000000100000001
8;0010010000000100000000100000001
9;0010001000000100000000100000001
10;0010000001000100000000100000001
7;0001000001000100000000100000001
10;0001010000000100000000100000001
13;0001001000000100000000100000001
8;0001000100000100000000100000001
6;0001000010000100000000100000001
6;0000100010000100000000100000001
8;0000100001000100000000100000001
7;0000110000000100000000100000001
12;0000101000000100000000100000001
8;0000100100000100000000100000001
7;0100000100000100000000100000001
6;0100000010000100000000100000001
13;0100000010000100000000100100000
23;0000100010000100000000100100000
20;0000110000000100000000100100000
26;0000110000000100010000000100000
27;0000100100000100010000000100000
28;0000101000000100010000000100000
28;0100001000000100010000000100000
29;0010001000000100010000000100000
24;0010000001000100010000000100000
6;0100000010000000100000100001000
7;0100000100000000100000100001000
8;1000000100000000100000100001000
8;0010000100000000100000100001000
7;0010001000000000100000100001000
11;0001001000000000100000100001000
11;0100001000000000100000100001000
12;0100010000000000100000100001000
14;0100010000000000110000000001000
15;0100000100000000110000000001000
14;0010000100000000110000000001000
17;0010010000000000110000000001000
18;0010000010000000110000000001000
19;0010000010000000110000000000010
20;0010000010001000010000000000010
21;0000100010001000010000000000010
22;0001000010001000010000000000010
23;0001010000001000010000000000010
24;0010010000001000010000000000010
25;0010001000001000010000000000010
26;0010000001001000010000000000010
27;0100000001001000010000000000010
28;0100010000001000010000000000010
27;0000110000001000010000000000010
29;0000100001001000010000000000010
31;0000101000001000010000000000010
6;1000000010010000000000100000001
7;1000000100010000000000100000001
8;1000000001010000000000100000001
9;0000100001010000000000100000001
10;0100000001010000000000100000001
11;0100010000010000000000100000001
12;0100010000010000010000000000001
13;0100001000010000010000000000001
14;0100000001010000010000000000001
15;0100000001010000010000000100000
16;0001000001010000010000000100000
17;0000100001010000010000000100000
18;0010000001010000010000000100000
19;0010000010010000010000000100000
14;0010001000010000010000000100000
9;0010001000010000010000000000010
10;0010010000010000010000000000010
7;0100010000010000010000000000010
21;0100000001010000010000000000010
14;0100000001010000010000000000100
16;1000000001010000010000000000100
27;1000000001010000000000010000100
22;1000001000010000000000010000100
15;1000001000000001000000010000100
7;0001001000000001000000010000100
9;0001000100000001000000010000100
6;0000110000000010000000010001000
7;0000110000000000100000010001000
7;0000100001000000100000010001000
9;0010000001000000100000010001000
8;1000000001000000100000010001000
8;1000001000000000100000010001000
7;1000000010000000100000010001000
13;0010000010000000100000010001000
14;0010000010001000000000010001000
15;1000000010001000000000010001000
16;1000000100001000000000010001000
17;1000000100001000010000000001000
18;1000010000001000010000000001000
19;1000010000001000000000010001000
9;0001010000001000000000010001000
21;0001000010001000000000010001000
22;0100000010001000000000010001000
23;0000100010001000000000010001000
13;0000100010001000000001000001000
16;0000100100001000000001000001000
8;0000100100000001000001000001000
10;0000110000000001000001000001000
23;0000110000100000000001000001000
26;0000100010100000000001000001000
30;0001000010100000000001000001000
31;0001000010100000000001000000010
7;0100010000000000100000100100000
8;0100010000010000000000100100000
9;0000110000010000000000100100000
10;0000100001010000000000100100000
10;0000100010010000000000100100000
12;0010000010010000000000100100000
13;0010000001010000000000100100000
14;0010010000010000000000100100000
15;0010001000010000000000100100000
16;1000001000010000000000100100000
17;1000000100010000000000100100000
17;1000000010010000000000100100000
11;0001000010010000000000100100000
9;0100000010010000000000100100000
10;0100001000010000000000100100000
16;0100001000010000001000000100000
19;0100010000010000001000000100000
20;0001010000010000001000000100000
11;0001001000010000001000000100000
13;0001001000010000000000100100000
23;0001000001010000000000100100000
27;0001000001010000000001000100000
26;0100000001010000000001000100000
30;1000000001010000000001000100000
24;1000001000010000000001000100000
5;0000100001000100000010001000000
6;0000101000000100000010001000000
4;1000001000000100000010001000000
7;0100001000000100000010001000000
4;0100000100000100000010001000000
4;0010000100000100000010001000000
7;0010001000000100000010001000000
4;0010000001000100000010001000000
9;1000000001000100000010001000000
4;1000000100000100000010001000000
4;0000100100000100000010001000000
4;1000001000000010000010000010000
5;0001001000000010000010000010000
6;0100001000000010000010000010000
7;0100010000000010000010000010000
4;0000110000000010000010000010000
7;0001010000000010000010000010000
6;1000010000000010000010000010000
6;0001000100000001000010000000010
5;0001001000000001000010000000010
6;0100001000000001000010000000010
6;0010001000000001000010000000010
6;0010001000010000000010000000010
6;1000001000010000000010000000010
12;1000001000010000000010000100000
13;1000000100010000000010000100000
13;0000100100010000000010000100000
11;0000110000010000000010000100000
9;0001010000010000000010000100000
7;0010010000010000000010000100000
10;0010001000010000000010000100000
14;0010000001010000000010000100000
9;0100000001010000000010000100000
21;0000100001010000000010000100000
10;0001000001010000000010000100000
12;0001000100010000000010000100000
11;0001001000010000000010000100000
10;0001001000010000000000010100000
20;0001000100010000000000010100000
15;0100000100010000000000010100000
16;0100010000010000000000010100000
8;0100001000010000000000010100000
9;0100001000000000100000010100000
6;0100001000000000100000010000001
5;0100000100000000100010000100000
6;0010000001000000100010000100000
7;0001000010000000100010000100000
7;0001000100000100000010000100000
9;1000000010000100000010000100000
11;0100010000000100000010000100000
12;0000110000000100000010000100000
10;0010000010000100000010000100000
11;0010000010000100000000100100000
9;0001000010000100000000100100000
15;0001000100000100000000100100000
17;0001000100000100000100000100000
18;0001000100000000100100000100000
19;0010000100000000100100000100000
20;0010000010000000100100000100000
21;0001000010000000100100000100000
22;0100000010000000100100000100000
23;0100000001000000100100000100000
24;0100010000000000100100000100000
25;0100010000010000000100000100000
26;0100000010010000000100000100000
15;0100001000010000000100000100000
18;0100001000000001000100000100000
18;0001001000000001000100000100000
20;0001010000000001000100000100000
12;0001010000100000000100000100000
5;1000000100000010001000001000000
4;0010000100000010001000001000000
5;1000001000000100000000011000000
8;1000001000000100000000010000001
9;0001001000000100000000010000001
10;0001000010000100000000010000001
7;0010000010000100000000010000001
12;0100000010000100000000010000001
13;0100000010000100001000000000001
14;0000100010000100001000000000001
10;0001000010000100001000000000001
9;1000000010000100001000000000001
17;1000001000000100001000000000001
18;0000101000000100001000000000001
16;0100001000000100001000000000001
7;0100001000000100000000100000001
12;0000101000000100000000100000001
9;0010001000000100000000100000001
12;0010001000000100000000100010000
24;1000001000000100000000100010000
18;1000010000000100000000100010000
17;0000110000000100000000100010000
18;0000100001000100000000100010000
28;0000100001000100000001000010000
29;0100000001000100000001000010000
12;0001000001000100000001000010000
11;0001000001000100000000100010000
4;1000000100000010000010000000100
5;1000000010000010000010000000100
4;0010000010000010000010000000100
7;0010000100000010000010000000100
8;0010001000000010000010000000100
4;0100001000000010000010000000100
4;0000101000000010000010000000100
7;0001001000000010000010000000100
7;1000001000000010000010000000100
6;1000010000000010000010000000100
4;0100010000000010000010000000100
5;0010010000000010000010000000100
4;0010000001000010000010000000100
6;0010000010000010001000000000010
6;0010001000000010001000000000010
6;0000101000000000101000000000010
9;0001001000000000101000000000010
8;0001010000000000101000000000010
7;1000010000000000101000000000010
12;1000000100000000101000000000010
7;1000001000000000101000000000010
6;1000001000000000100000100000010
7;1000001000100000000000100000010
12;1000001000100000001000000000010
13;0010001000100000001000000000010
17;0001001000100000001000000000010
19;0000101000100000001000000000010
20;0000101000100000001000000100000
21;1000001000100000001000000100000
21;1000000001100000001000000100000
23;0001000001100000001000000100000
24;0001001000100000001000000100000
15;0001010000100000001000000100000
26;0000110000100000001000000100000
12;0010010000100000001000000100000
28;0010000100100000001000000100000
25;0000100100100000001000000100000
30;0001000100100000001000000100000
30;0100000100100000001000000100000
5;1000001000000001010000001000000
4;1000000001000001010000001000000
4;0000100001000010010000001000000
5;0010000100000010010000001000000
5;1000010000000010010000001000000
6;0000101000000010010000001000000
8;0001000010000010010000001000000
5;0100000100000010000100000000010
7;0100000100000010000100000010000
5;0100000100000010000000100010000
9;0001000100000010000000100010000
7;0001000001000010000000100010000
11;0001000001000001000000100010000
12;0001001000000001000000100010000
11;1000001000000001000000100010000
14;0100001000000001000000100010000
7;0100000010000001000000100010000
14;0100000010000100000000100010000
7;0100000010000100000010000010000
13;0100001000000100000010000010000
10;0100010000000100000010000010000
9;1000010000000100000010000010000
11;1000000001000100000010000010000
7;1000000010000100000010000010000
8;1000000100000100000010000010000
9;0000100100000100000010000010000
10;0100000100000100000010000010000
8;0001000100000100000010000010000
8;0001000001000100000010000010000
8;0001010000000100000010000010000
9;0001001000000100000010000010000
7;0001000010000100000010000010000
10;0001000010000100000000100010000
6;0100000010100000000010000000001
7;0010000010100000000010000000001
5;0001000010100000000010000000001
9;0001000010100000000000010000001
10;0001000010100000000000010001000
11;0001001000100000000000010001000
12;0001000001100000000000010001000
7;0001010000100000000000010001000
14;0010010000100000000000010001000
15;0010010000100000000100000001000
16;0100010000100000000100000001000
14;0100000010100000000100000001000
17;1000000010100000000100000001000
19;1000000100100000000100000001000
20;0001000100100000000100000001000
21;0001000100100000000000100001000
14;0100000100100000000000100001000
13;0010000100100000000000100001000
24;0000100100100000000000100001000
25;0000100001100000000000100001000
26;0000110000100000000000100001000
14;0000110000100000010000000001000
26;0001010000100000010000000001000
29;0001000010100000010000000001000
16;0001000010100000010000000000001
13;0100000010100000010000000000001
5;0001001000000001000010000000010
6;0001000100000001000010000000010
5;0001000100001000000010000000010
9;0100000100001000000010000000010
10;0100000010001000000010000000010
6;0100000001001000000010000000010
6;0100001000001000000010000000010
6;1000001000001000000010000000010
11;1000001000001000000010000100000
12;0100001000001000000010000100000
11;0000101000001000000010000100000
14;0000100010001000000010000100000
13;1000000010001000000010000100000
9;1000000100001000000010000100000
6;1000000100000001000010000100000
6;1000010000000001000010000100000
7;0000110000000001000010000100000
6;0000101000000001000010000100000
8;0001001000000001000010000100000
7;0001000100000001000010000100000
6;0000100100000001000010000100000
6;0010000100000001000010000100000
15;0010001000000001000010000100000
10;0010001000010000000010000100000
11;0001001000010000000010000100000
10;0001000001010000000010000100000
7;0000100100000010000100000000010
6;0000100010000010000100000000010
8;0000100010000010000100000001000
10;1000000010000010000100000001000
11;0010000010000010000100000001000
12;0100000010000010000100000001000
9;0100000010000010000100000000010
6;0100001000000010000100000000010
6;0000101000000010000100000000010
16;0000101000000010000100000100000
12;0000100100000010000100000100000
18;0000100100000000100100000100000
17;0000100001000000100100000100000
20;0000110000000000100100000100000
14;0000110000000010000100000100000
9;0000100010000010000100000100000
8;0100000010000010000100000100000
12;0010000010000010000100000100000
18;0010000100000010000100000100000
7;1000000100000010000100000100000
8;1000000010000010000100000100000
23;0001000010000010000100000100000
8;0001010000000010000100000100000
7;0010010000000010000100000100000
7;0100010000000010000100000100000
7;0100000001100000000010000000100
8;0100001000100000000010000000100
9;0001001000100000000010000000100
9;0010001000100000000010000000100
7;0010000001100000000010000000100
9;0010010000100000000010000000100
9;0010000100100000000010000000100
7;1000000100100000000010000000100
15;0001000100100000000010000000100
7;0001010000100000000010000000100
6;0000110000100000000010000000100
14;0100010000100000000010000000100
12;0100010000000001000010000000100
5;0001010000000001000010000000100
16;0010010000000001000010000000100
7;1000010000000001000010000000100
6;1000000100000001000010000000100
7;1000000100001000000010000000100
16;1000010000001000000010000000100
8;0010010000001000000010000000100
8;0010000010001000000010000000100
9;0001000010001000000010000000100
12;0000100010001000000010000000100
6;0000100100001000000010000000100
22;0000101000001000000010000000100
7;0100010000100000001000000000010
8;0100010000100000001000001000000
8;1000010000100000001000001000000
10;1000000001100000001000001000000
11;0100000001100000001000001000000
9;0100000100100000001000001000000
10;0000100100100000001000001000000
7;0000101000100000001000001000000
8;0100001000100000001000001000000
8;0010001000100000001000001000000
17;0010000001100000001000001000000
12;0010000100100000001000001000000
12;0001000100100000001000001000000
11;0001000001100000001000001000000
17;0000100001100000001000001000000
7;0000110000100000001000001000000
9;0010010000100000001000001000000
8;0010010000000001001000001000000
8;0010001000000001001000001000000
6;0010000100000001001000001000000
8;0010000010000001001000001000000
7;0001000010000001001000001000000
6;0001010000000001001000001000000
10;0001010000100000001000001000000
9;0001001000100000001000001000000
6;0100000100100000000000101000000
5;1000001000100000000000101000000
4;1000000010100000000000101000000
6;0000100001100000000000101000000
10;0100000001100000000001001000000
11;1000010000100000000001001000000
12;0001001000100000000001001000000
11;0000100100100000000001001000000
6;0000100100100000000000011000000
7;1000000100100000000000011000000
6;1000000010100000000000011000000
17;1000000010100000010000001000000
17;1000000001100000010000001000000
11;0001000001100000010000001000000
12;0000100001100000010000001000000
9;0000110000100000010000001000000
14;0001010000100000010000001000000
23;0001010000100000010000000000010
15;0001001000100000010000000000010
17;1000001000100000010000000000010
10;1000000100100000010000000000010
27;1000000100100000000000010000010
6;1000000100000000100000010000010
9;1000000100000000110000000000010
27;0100000100000000110000000000010
22;0100000001000000110000000000010
7;0001000010000100000000100001000
8;0001000001000100000000100001000
9;0001000001000000100000100001000
10;1000000001000000100000100001000
9;0100000001000000100000100001000
12;0100000001010000000000100001000
13;0100010000010000000000100001000
14;0100000100010000000000100001000
15;0100000100010000000100000001000
15;1000000100010000000100000001000
10;0010000100010000000100000001000
18;0010000100010000000000010001000
15;0010000001010000000000010001000
14;1000000001010000000000010001000
11;1000001000010000000000010001000
11;0001001000010000000000010001000
9;0001001000010000000010000001000
9;0100001000010000000010000001000
14;0100000100010000000010000001000
16;0100010000010000000010000001000
8;0100000001010000000010000001000
20;0010000001010000000010000001000
8;0000100001010000000010000001000
8;0000100100010000000010000001000
15;0010000100010000000010000001000
7;0000101000010000000000100000001
8;0000100100010000000000100000001
9;0010000100010000000000100000001
9;0010000100010000000100000000001
11;0001000100010000000100000000001
12;0001001000010000000100000000001
13;0100001000010000000100000000001
12;0000101000010000000100000000001
15;0000100001010000000100000000001
11;0001000001010000000100000000001
17;0001010000010000000100000000001
18;0010010000010000000100000000001
19;0010000010010000000100000000001
10;0010000001010000000100000000001
21;0010001000010000000100000000001
10;1000001000010000000100000000001
23;1000010000010000000100000000001
13;1000010000010000000100001000000
14;1000010000010000000100000000010
16;1000000100010000000100000000010
17;1000000001010000000100000000010
15;1000000010010000000100000000010
15;1000000010010000000100000001000
13;0100000010010000000100000001000
12;0010000010010000000100000001000
6;0001010000100000000000101000000
7;0001000001100000000000101000000
6;0001001000100000000000101000000
9;0001001000100000001000001000000
6;1000001000100000001000001000000
7;0000101000100000001000001000000
8;0010001000100000001000001000000
9;0010010000100000001000001000000
14;0010010000100000001000000000010
12;0000110000100000001000000000010
7;0000110000100000001000001000000
10;0001010000100000001000001000000
12;0001000100100000001000001000000
10;0000100100100000001000001000000
7;1000000100100000001000001000000
8;1000010000100000001000001000000
8;0100010000100000001000001000000
9;0100000100100000001000001000000
24;0100000010100000001000001000000
16;0000100010100000001000001000000
9;1000000010100000001000001000000
14;0001000010100000001000001000000
11;0001000001100000001000001000000
17;0010000001100000001000001000000
10;1000000001100000001000001000000
11;0100000001100000001000001000000
6;0100000010000000100100001000000
7;0100010000000000100100001000000
8;0010010000000000100100001000000
6;0010010000000000100100000000010
8;0000110000000000100100000000010
11;0000101000000000100100000000010
12;1000001000000000100100000000010
7;1000010000000000100100000000010
14;1000000010000000100100000000010
8;1000000001000000100100000000010
16;1000000001000000100100000000100
11;0010000001000000100100000000100
17;0010000001000000100100000000010
13;0010000001001000000100000000010
20;0001000001001000000100000000010
21;0001000001001000000100000000100
15;0000100001001000000100000000100
23;0100000001001000000100000000100
14;0010000001001000000100000000100
12;0010000001001000000000010000100
24;0010001000001000000000010000100
18;0100001000001000000000010000100
23;0100010000001000000000010000100
29;0000110000001000000000010000100
30;1000010000001000000000010000100
15;1000000001001000000000010000100
6;0010000100000010000100000010000
7;0010001000000010000100000010000
8;0010001000000010000000010010000
6;0000101000000010000000010010000
7;0000101000000010000001000010000
10;0000100001000010000001000010000
10;0000100001000001000001000010000
7;0000100001000001000000100010000
9;0000100010000001000000100010000
15;0000100010000100000000100010000
12;0000100010000100000010000010000
10;0000101000000100000010000010000
13;0100001000000100000010000010000
7;0100000010000100000010000010000
9;0100000001000100000010000010000
11;0000100001000100000010000010000
8;0001000001000100000010000010000
9;0001001000000100000010000010000
7;0001000010000100000010000010000
7;1000000010000100000010000010000
11;1000001000000100000010000010000
9;1000010000000100000010000010000
10;0100010000000100000010000010000
13;0000110000000100000010000010000
9;0000100100000100000010000010000
8;1000000100000100000010000010000
6;0001000001100000000010000000001
5;0000100001100000000010000000001
8;0000100010100000000010000000001
5;0001000010100000000010000000001
7;0010000010100000000010000000001
8;0010000100100000000010000000001
8;0001000100100000000010000000001
6;0100000100100000000010000000001
6;0100000010100000000010000000001
15;0100000010100000000000100000001
16;0100000100100000000000100000001
8;0001000100100000000000100000001
18;0001000100100000000100000000001
12;0010000100100000000100000000001
20;1000000100100000000100000000001
21;0000100100100000000100000000001
22;0000100010100000000100000000001
20;0100000010100000000100000000001
17;0100000100100000000100000000001
22;0100010000100000000100000000001
21;0100000001100000000100000000001
16;0010000001100000000100000000001
28;0000100001100000000100000000001
16;1000000001100000000100000000001
24;1000001000100000000100000000001
31;0000101000100000000100000000001
6;0010000010000000100100001000000
7;0001000010000000100100001000000
8;1000000010000000100100001000000
8;1000010000000000100100001000000
10;1000010000100000000100001000000
7;0000110000100000000100001000000
6;0000110000000001000100001000000
13;0001010000000001000100001000000
14;0001000010000001000100001000000
9;0001001000000001000100001000000
9;0001001000010000000100001000000
10;0001000010010000000100001000000
8;0010000010010000000100001000000
18;0010000010010000000000011000000
14;0100000010010000000000011000000
11;0100000010010000001000001000000
10;0010000010010000001000001000000
15;1000000010010000001000001000000
19;1000000010010000001000000000001
20;1000000100010000001000000000001
13;1000000100010000001000001000000
27;1000000001010000001000001000000
11;0100000001010000001000001000000
12;0100000001010000000000011000000
7;0010000001010000000000011000000
8;0010000001010000000100001000000
5;0010000001000010000100000000001
8;0100000001000010000100000000001
6;0100010000000010000100000000001
6;0000110000000010000100000000001
11;0000110000000000100100000000001
12;0100010000000000100100000000001
8;1000010000000000100100000000001
7;1000000010000000100100000000001
15;1000000010100000000100000000001
16;1000000001100000000100000000001
17;1000010000100000000100000000001
18;1000010000000001000100000000001
9;0100010000000001000100000000001
15;0100001000000001000100000000001
13;1000001000000001000100000000001
10;0000101000000001000100000000001
14;0000100010000001000100000000001
13;0000100010000001000100000000100
25;0001000010000001000100000000100
12;0001010000000001000100000000100
27;0001010000100000000100000000100
28;1000010000100000000100000000100
29;1000000100100000000100000000100
30;1000000100100000000000100000100
22;1000000010100000000000100000100
6;0000101000000010000000010010000
7;0000101000000010000001000010000
6;0000100100000010000001000010000
8;0001000100000010000001000010000
8;0001000100000010000001000000010
11;0100000100000010000001000000010
7;0010000100000010000001000000010
6;0010001000000010000001000000010
11;0001001000000010000001000000010
13;0100001000000010000001000000010
6;0100000010000010000001000000010
9;0100000001000010000001000000010
6;1000000001000010000001000000010
5;1000000001000010000000100000010
5;0010000001000010000000100000010
5;0010000001000010000001000000010
20;0010000001000001000001000000010
7;0010010000000001000001000000010
16;1000010000000001000001000000010
16;1000001000000001000001000000010
17;0000101000000001000001000000010
27;0000101000000001000001000100000
13;1000001000000001000001000100000
14;0010001000000001000001000100000
21;0010001000000001000001000000010
16;0100001000000001000001000000010
7;0000100010000000100000010000100
8;1000000010000000100000010000100
8;0001000010000000100000010000100
10;0010000010000000100000010000100
11;0010000001000000100000010000100
12;0010010000000000100000010000100
13;0001010000000000100000010000100
13;0000110000000000100000010000100
9;0000110000000000100001000000100
8;0000101000000000100001000000100
17;1000001000000000100001000000100
18;0100001000000000100001000000100
10;0100010000000000100001000000100
20;0100000100000000100001000000100
16;0001000100000000100001000000100
12;0000100100000000100001000000100
7;0000100100000000100001000000001
13;0001000100000000100001000000001
15;0100000100000000100001000000001
26;0100000001000000100001000000001
27;0100000010000000100001000000001
21;0001000010000000100001000000001
20;0001010000000000100001000000001
16;0100010000000000100001000000001
13;0100010000010000000001000000001
6;0000101000000010000100000000001
6;0010001000000010000100000000001
8;0100001000000010000100000000001
9;0100001000000010000100000100000
10;0100000001000010000100000100000
11;0100000001000001000100000100000
12;0001000001000001000100000100000
12;0010000001000001000100000100000
11;0010000001000010000100000100000
11;1000000001000010000100000100000
9;1000010000000010000100000100000
7;0010010000000010000100000100000
18;0010000100000010000100000100000
8;0010000100000010000000010100000
9;1000000100000010000000010100000
8;1000000100000010010000000100000
9;0001000100000010010000000100000
10;0001001000000010010000000100000
7;0100001000000010010000000100000
8;0000101000000010010000000100000
9;1000001000000010010000000100000
7;1000000010000010010000000100000
10;0001000010000010010000000100000
9;0010000010000010010000000100000
8;0100000010000010010000000100000
9;0100000001000010010000000100000
5;0000101000000010000000010000001
6;0000101000000010000001000000001
7;0001001000000010000001000000001
8;0001001000000010000001000001000
9;0001000010000010000001000001000
10;0001000010000010000001000000010
11;0001001000000010000001000000010
6;0010001000000010000001000000010
7;1000001000000010000001000000010
14;1000001000000010000001000100000
11;1000000100000010000001000100000
13;0001000100000010000001000100000
16;0001001000000010000001000100000
18;0001000001000010000001000100000
19;0001000001000001000001000100000
20;0010000001000001000001000100000
21;0000100001000001000001000100000
22;1000000001000001000001000100000
23;1000000001000001000000100100000
23;1000000100000001000000100100000
22;1000000100001000000000100100000
14;0000100100001000000000100100000
16;0000101000001000000000100100000
28;1000001000001000000000100100000
29;1000000001001000000000100100000
30;1000000010001000000000100100000
12;0000100010001000000000100100000
4;0010000001000001000010000000010
5;0010000010000001000010000000010
4;0000100010000001000010000000010
5;0100000010000001000010000000010
6;0100001000000001000010000000010
5;0001001000000001000010000000010
11;0001001000010000000010000000010
6;1000001000010000000010000000010
12;1000001000010000000010000100000
16;1000010000010000000010000100000
9;0001010000010000000010000100000
11;0000110000010000000010000100000
13;0000100100010000000010000100000
12;0010000100010000000010000100000
12;0001000100010000000010000100000
8;0001000010010000000010000100000
11;0001001000010000000010000100000
8;0001001000000001000010000100000
13;1000001000000001000010000100000
6;0000101000000001000010000100000
15;0010001000000001000010000100000
6;0010000100000001000010000100000
6;1000000100000001000010000100000
9;1000000100001000000010000100000
11;1000001000001000000010000100000
6;0001000100000010010000000010000
7;0010000100000010010000000010000
9;0010000001000010010000000010000
7;0010000001000010010000000000001
6;0000100001000010010000000000001
8;0000100001000000110000000000001
7;0000100010000000110000000000001
14;0000101000000000110000000000001
15;0000101000000000110000000000100
16;1000001000000000110000000000100
17;1000001000000000100000010000100
17;0000101000000000100000010000100
12;0000101000000000100000010000001
5;0000100100000000100000010000001
13;0000100100000000100000010000100
22;1000000100000000100000010000100
23;0010000100000000100000010000100
12;0001000100000000100000010000100
25;0001001000000000100000010000100
8;0001000010000000100000010000100
7;0000100010000000100000010000100
16;0000100010000000100000010000001
29;0000100010000000100001000000001
7;0000101000000000100001000000001
16;0000110000000000100001000000001
4;0010000001000010000010000000100
5;0010010000000010000010000000100
8;0010001000000010000010000000100
7;0001001000000010000010000000100
4;0000101000000010000010000000100
7;1000001000000010000010000000100
6;1000010000000010000010000000100
4;1000000100000010000010000000100
5;0000100100000010000010000000100
7;0010000100000010000010000000100
6;0100000100000010000010000000100
4;0100000010000010000010000000100
4;0100010000000010000010000000100
4;0100001000000010000010000000100
6;0010000010000100000010000000010
5;0001001000000100000010000000010
6;1000000001000100000010000000010
5;0100010000000100000010000000010
5;0001000100000100000010000000010
6;0001000100000100000000010000010
7;0001000100000100000000010010000
12;0001000010000100000000010010000
13;0001010000000100000000010010000
16;1000010000000100000000010010000
17;0010010000000100000000010010000
18;0000110000000100000000010010000
17;0000100100000100000000010010000
17;0010000100000100000000010010000
16;0010000010000100000000010010000
15;0010000010000100000100000010000
23;1000000010000100000100000010000
22;1000010000000100000100000010000
25;1000000001000100000100000010000
19;0000100001000100000100000010000
19;0000100100000100000100000010000
23;0100000100000100000100000010000
19;0001000100000100000100000010000
21;0001010000000100000100000010000
22;0010010000000100000100000010000
7;1000010000000010010000000000100
7;1000000100000010010000000000100
9;0010000100000010010000000000100
10;0001000100000010010000000000100
10;0001000010000010010000000000100
11;0001000001000010010000000000100
13;0010000001000010010000000000100
14;0000100001000010010000000000100
15;0000100001000001010000000000100
16;0001000001000001010000000000100
17;0001000010000001010000000000100
13;1000000010000001010000000000100
12;1000010000000001010000000000100
20;0010010000000001010000000000100
18;0010000001000001010000000000100
20;0010000100000001010000000000100
22;0100000100000001010000000000100
10;1000000100000001010000000000100
25;1000000100001000010000000000100
26;0100000100001000010000000000100
22;0100000010001000010000000000100
26;0100001000001000010000000000100
29;0100000001001000010000000000100
22;0010000001001000010000000000100
27;1000000001001000010000000000100
7;0010000001010000000001001000000
7;0000100001010000000001001000000
8;0000100010010000000001001000000
10;0000101000010000000001001000000
6;1000001000010000000001001000000
12;1000001000010000000001000000001
12;1000000100010000000001000000001
14;0100000100010000000001000000001
15;0100000100000000100001000000001
16;0100010000000000100001000000001
13;0100010000010000000001000000001
18;0100001000010000000001000000001
19;0010001000010000000001000000001
20;0010000010010000000001000000001
20;0001000010010000000001000000001
22;1000000010010000000001000000001
20;0000100010010000000001000000001
24;0000110000010000000001000000001
25;0000101000010000000001000000001
26;0000101000010000000000010000001
22;0000100100010000000000010000001
16;0100000100010000000000010000001
29;0010000100010000000000010000001
9;0010000100010000000100000000001
31;0010000100010000000100000010000
4;0100000100000010000000010000001
4;0000100100000010000000010000001
5;0010000100000010000000010000001
4;0010001000000010000000010000001
5;0000101000000010000000010000001
12;0000101000000000100000010000001
6;0001001000000000100000010000001
7;0001001000000000100000010001000
11;0001001000000100000000010001000
15;0100001000000100000000010001000
17;0100010000000100000000010001000
18;1000010000000100000000010001000
19;1000000001000100000000010001000
16;1000000001000100010000000001000
21;0100000001000100010000000001000
22;0000100001000100010000000001000
21;0000100010000100010000000001000
9;0000100010000100010000000000010
25;0100000010000100010000000000010
19;0100000010000001010000000000010
8;0100000001000001010000000000010
9;0100010000000001010000000000010
8;0010010000000001010000000000010
13;0010000010000001010000000000010
11;0000100010000001010000000000010
7;0100000001000100000010000000010
8;0100000001000100000010000000100
8;1000000001000100000010000000100
7;0010000001000100000010000000100
11;0010000010000100000010000000100
8;0001000010000100000010000000100
9;1000000010000100000010000000100
14;1000000100000100000010000000100
10;0000100100000100000010000000100
16;0001000100000100000010000000100
17;0100000100000100000010000000100
10;0010000100000100000010000000100
19;0010001000000100000010000000100
11;0100001000000100000010000000100
12;0100000010000100000010000000100
13;0100010000000100000010000000100
15;0001010000000100000010000000100
9;0010010000000100000010000000100
25;1000010000000100000010000000100
10;1000001000000100000010000000100
14;0001001000000100000010000000100
13;0000101000000100000010000000100
7;0000100001000100000010000000100
16;0000110000000100000010000000100
6;0000110000000100000010000000001
7;0010001000010000010000001000000
8;0010000001010000010000001000000
9;0010010000010000010000001000000
10;0100010000010000010000001000000
8;0100000100010000010000001000000
12;1000000100010000010000001000000
9;0001000100010000010000001000000
14;0001000010010000010000001000000
9;0010000010010000010000001000000
16;0000100010010000010000001000000
12;0000110000010000010000001000000
18;0000101000010000010000001000000
7;0100001000010000010000001000000
8;0100000010010000010000001000000
7;0100000010000000110000001000000
11;0100000001000000110000001000000
7;0001000001000000110000001000000
6;0001000010000000110000001000000
7;0001000100000000110000001000000
12;0001000100000100010000001000000
15;1000000100000100010000001000000
12;0100000100000100010000001000000
17;0100010000000100010000001000000
18;0100010000000100010000000000010
7;0001010000000100010000000000010
6;0010000001000010000000100000100
7;0010000001000010000001000000100
8;0010001000000010000001000000100
9;0010000100000010000001000000100
10;0100000100000010000001000000100
11;0001000100000010000001000000100
8;0000100100000010000001000000100
12;0000100100000000100001000000100
13;0000100100000000100000010000100
13;0000110000000000100000010000100
11;0100010000000000100000010000100
10;0100001000000000100000010000100
9;0100000010000000100000010000100
7;0000100010000000100000010000100
17;0000101000000000100000010000100
18;0010001000000000100000010000100
11;0010000001000000100000010000100
12;0010000001001000000000010000100
24;0010001000001000000000010000100
25;0010000010001000000000010000100
26;1000000010001000000000010000100
11;1000000100001000000000010000100
25;0001000100001000000000010000100
24;0100000100001000000000010000100
12;0000100100001000000000010000100
31;0010000100001000000000010000100
4;0010010000000010010000001000000
5;0010000100000010010000001000000
5;0010001000000010010000001000000
4;0010000010000010010000001000000
8;0100000010000010010000001000000
8;0001000010000010010000001000000
7;0000100010000010010000001000000
4;0000100001000010010000001000000
11;0010000001000010010000001000000
4;0001000001000010010000001000000
4;0100000001000010010000001000000
9;0100000100000010010000001000000
7;0001000100000010010000001000000
6;0001001000000010010000001000000
4;0100001000000010010000001000000
4;0100010000000010010000001000000
6;0000100010000001010000001000000
7;0000100100000001010000001000000
8;0000110000000001010000001000000
9;0000110000100000010000001000000
10;0000100010100000010000001000000
10;0000101000100000010000001000000
11;0010001000100000010000001000000
11;0001001000100000010000001000000
9;0100001000100000010000001000000
10;0100000001100000010000001000000
12;0000100001100000010000001000000
17;1000000001100000010000001000000
9;1000001000100000010000001000000
18;1000001000100000010000000000001
8;1000000100100000010000000000001
8;1000000100100000010000001000000
21;0000100100100000010000001000000
8;0100000100100000010000001000000
10;0010000100100000010000001000000
19;0001000100100000010000001000000
11;0001000001100000010000001000000
12;0010000001100000010000001000000
15;0010010000100000010000001000000
7;0010010000100000000000101000000
6;0010000001100000000000101000000
15;0010000001100000000001001000000
6;0100000001001000000010000000001
7;0100000010001000000010000100000
6;0100001000001000000010000000010
7;0001001000001000000010000000010
10;0001000010001000000010000000010
11;0001000010001000000000010000010
12;0010000010001000000000010000010
13;0010000010001000000100000000010
14;0010010000001000000100000000010
15;0010000100001000000100000000010
16;0010000100000000100100000000010
17;0010000001000000100100000000010
14;0010000010000000100100000000010
13;0000100010000000100100000000010
6;0000100010000010000100000000010
6;0000101000000010000100000000010
6;0100001000000010000100000000010
13;0001001000000010000100000000010
13;0001001000000010000100000100000
23;0001000010000010000100000100000
8;0100000010000010000100000100000
10;0100000001000010000100000100000
7;0100010000000010000100000100000
14;0000110000000010000100000100000
16;0000101000000010000100000100000
9;0000100010000010000100000100000
4;1000000010001000000010001000000
8;1000001000001000000010001000000
7;0100001000001000000010001000000
7;0100000001001000000010001000000
4;0100010000001000000010001000000
4;0000110000001000000010001000000
7;0000100001001000000010001000000
4;0001000001001000000010001000000
12;0001010000001000000010001000000
4;1000010000001000000010001000000
6;0001001000000010000000100010000
7;1000001000000010000000100010000
8;1000001000000010001000000010000
9;0001001000000010001000000010000
10;0001000010000010001000000010000
11;0001000001000010001000000010000
12;0001000001000001001000000010000
13;1000000001000001001000000010000
14;0010000001000001001000000010000
15;0010010000000001001000000010000
16;0010010000100000001000000010000
17;0010000001100000001000000010000
18;1000000001100000001000000010000
19;1000000100100000001000000010000
20;1000000100100000001000000000010
10;1000010000100000001000000000010
7;0100010000100000001000000000010
11;0001010000100000001000000000010
14;0010010000100000001000000000010
9;0010010000100000001000001000000
11;0010000010100000001000001000000
16;0000100010100000001000001000000
7;0000101000100000001000001000000
6;1000001000100000001000001000000
10;1000000001100000001000001000000
7;1000000100100000001000001000000
6;0000110000100000000010000000100
7;0000100100100000000010000000100
7;1000000100100000000010000000100
9;0010000100100000000010000000100
9;0010001000100000000010000000100
8;0100001000100000000010000000100
8;1000001000100000000010000000100
8;0000101000100000000010000000100
6;0000101000100000000010000000001
15;0100001000100000000010000000001
6;0100000100100000000010000000001
7;0100000001100000000010000000001
6;0100000010100000000010000000001
7;0010000010100000000010000000001
12;0010000001100000000010000000001
6;0001000001100000000010000000001
5;0000100001100000000010000000001
8;0000100010100000000010000000001
5;0001000010100000000010000000001
7;0001000010100000000000100000001
15;0100000010100000000000100000001
14;0010000010100000000000100000001
13;0010000100100000000000100000001
24;0010000100100000000000100010000
30;0000100100100000000000100010000
22;0000100100100000000000100000010
7;0010001000000100000000011000000
8;0010000001000100000000011000000
7;1000000001000100000000011000000
10;1000000001000100010000001000000
11;1000010000000100010000001000000
8;1000001000000100010000001000000
9;0000101000000100010000001000000
11;0000100100000100010000001000000
15;1000000100000100010000001000000
12;0100000100000100010000001000000
17;0100010000000100010000001000000
18;0100010000000100010000000000010
19;0100010000000100000000100000010
20;0100000010000100000000100000010
21;0100000001000100000000100000010
22;0100000100000100000000100000010
23;0010000100000100000000100000010
23;0000100100000100000000100000010
6;0000100010000100000000100000010
5;0000100010000001000000100000010
5;0100000010000001000000100000010
5;0100000010000001000010000000010
6;0100000100000001000010000000010
6;0100001000000001000010000000010
5;0001001000000001000010000000010
6;0001000001000001000001000000001
8;0001000010000001000001000000001
9;1000000010000001000001000000001
8;0010000010000001000001000000001
8;0100000010000001000001000000001
12;0100001000000001000001000000001
7;0100000100000001000001000000001
8;0100000100000001000001000100000
7;0100000001000001000001000100000
16;0100000010000001000001000100000
17;1000000010000001000001000100000
11;1000010000000001000001000100000
19;1000010000100000000001000100000
19;1000001000100000000001000100000
18;1000001000100000000001000000010
22;0000101000100000000001000000010
23;0000100100100000000001000000010
24;0001000100100000000001000000010
25;0001000001100000000001000000010
25;0001000001100000000000100000010
21;0001000001100000000000100000100
26;0001000100100000000000100000100
25;0010000100100000000000100000100
19;0000100100100000000000100000100
21;0000100001100000000000100000100
7;0100000001000100000010000000010
6;0100000010000100000010000000010
6;0100000010000100000010000001000
10;0010000010000100000010000001000
10;0010000010000100000000100001000
12;0010010000000100000000100001000
13;0010000100000100000000100001000
14;0001000100000100000000100001000
11;0001010000000100000000100001000
16;0001010000000100010000000001000
17;0001001000000100010000000001000
18;0000101000000100010000000001000
15;0000110000000100010000000001000
16;1000010000000100010000000001000
16;1000000001000100010000000001000
21;0100000001000100010000000001000
15;0100000100000100010000000001000
16;0100010000000100010000000001000
22;0100001000000100010000000001000
26;1000001000000100010000000001000
19;0010001000000100010000000001000
18;0010000001000100010000000001000
15;0001000001000100010000000001000
30;0001000100000100010000000001000
18;0001000100000100010000000000001
6;1000001000010000000010000000010
7;1000000100010000000010000000010
7;0001000100010000000010000000010
6;0000100100010000000010000000010
7;0000100001010000000010000000010
6;1000000001010000000010000000010
11;1000000001010000000010000000100
9;0000100001010000000010000000100
7;0000100001010000000010000000001
6;0001000001010000000010000000001
12;0001000001010000000000010000001
17;0001000100010000000000010000001
6;0001000100010000000010000000001
7;0001000100010000000010000001000
8;0000100100010000000010000001000
8;0000100001010000000010000001000
8;0100000001010000000010000001000
9;1000000001010000000010000001000
11;1000010000010000000010000001000
10;1000000100010000000010000001000
11;1000000010010000000010000001000
9;0000100010010000000010000001000
8;0001000010010000000010000001000
7;0010000010010000000010000001000
15;0010000100010000000010000001000
17;0010010000010000000010000001000
6;1000001000000000100000100000010
7;1000001000100000000000100000010
8;0001001000100000000000100000010
9;0001010000100000000000100000010
10;0001000010100000000000100000010
11;0010000010100000000000100000010
7;0010000010100000000010000000010
6;0010001000100000000010000000010
8;0010000100100000000010000000010
9;0010000100100000000010000010000
13;0010000001100000000010000010000
12;0010000001100000000010000000001
5;0000100001100000000010000000001
8;0000100010100000000010000000001
11;0000100100100000000010000000001
7;0000100100100000000010000000100
15;0001000100100000000010000000100
7;1000000100100000000010000000100
8;1000001000100000000010000000100
9;0010001000100000000010000000100
8;0010000010100000000010000000100
27;1000000010100000000010000000100
11;1000010000100000000010000000100
7;1000010000000001000010000000100
7;1000000010000001000010000000100
13;0010000010000001000010000000100
5;0100001000000010000100001000000
4;0001001000000010000100001000000
4;0001010000000010000100001000000
4;0001000001000010000100001000000
5;1000000001000010000100001000000
6;1000001000000010000100001000000
6;1000001000000001000100001000000
7;1000001000010000000100001000000
8;0100001000010000000100001000000
9;0001001000010000000100001000000
6;0010001000010000000100001000000
8;0010000001010000000100001000000
12;1000000001010000000100001000000
13;1000010000010000000100001000000
14;0000110000010000000100001000000
7;0000100100010000000100001000000
9;0010000100010000000100001000000
8;0010000010010000000100001000000
18;0010000010010000000000011000000
18;1000000010010000000000011000000
6;1000000001010000000000011000000
7;0000100001010000000000011000000
12;0100000001010000000000011000000
7;0100000001000000100000011000000
7;0010000001000000100000011000000
4;0010000010000000100000011000000
7;0010000010001000000000011000000
6;0010000001001000000000011000000
5;0010010000001000000000011000000
9;1000010000001000000000011000000
25;1000010000001000000000010000001
31;0010010000001000000000010000001
7;0000100001001000000000011000000
8;1000000001001000000000011000000
7;1000000010001000000000011000000
6;0000100010001000000000011000000
7;0010000010001000000000011000000
4;0010000010000000100000011000000
7;0010000100000000100000011000000
8;0100000100000000100000011000000
4;0100001000000000100000011000000
10;1000001000000000100000011000000
4;1000000010000000100000011000000
8;1000000100000000100000011000000
6;1000000100000000100000010000001
10;0010000100000000100000010000001
11;0010001000000000100000010000001
13;0010010000000000100000010000001
12;0000110000000000100000010000001
5;0000100100000000100000010000001
13;0000100100000000100000010000100
23;0010000100000000100000010000100
18;0010001000000000100000010000100
10;0010000010000000100000010000100
8;0001000010000000100000010000100
13;0001010000000000100000010000100
11;0100010000000000100000010000100
7;0100010000000001000001000000010
8;0100010000100000000001000000010
9;0100001000100000000001000000010
10;0100000010100000000001000000010
11;1000000010100000000001000000010
12;1000000010100000000001000001000
13;1000000010000000100001000001000
14;1000000100000000100001000001000
11;0001000100000000100001000001000
16;0001000100000100000001000001000
17;0000100100000100000001000001000
18;1000000100000100000001000001000
19;1000001000000100000001000001000
20;0000101000000100000001000001000
21;0000110000000100000001000001000
22;0001010000000100000001000001000
13;0001000010000100000001000001000
16;0001000010000000100001000001000
16;0001001000000000100001000001000
25;0001000001000000100001000001000
20;0100000001000000100001000001000
9;0100000001000000100000100001000
10;1000000001000000100000100001000
18;1000001000000000100000100001000
8;1000000100000000100000100001000
6;1000010000000010000000010100000
8;0010000100000010000000010100000
7;0010010000000010000100000100000
10;1000001000000010000100000100000
10;0100000001000010000100000100000
8;0100000001000010000100000000001
13;0000100010000010000100000000001
10;0000100100000010000100000000100
15;0100001000000010000100000000100
8;0100000100000010000000100000100
7;0010000100000010000000100000100
9;0010010000000010000000100000100
6;1000010000000010000000100000100
14;1000000100000010000000100000100
7;0001000100000010000000100000100
10;0001000100000010000100000000100
12;1000000100000010000100000000100
9;1000001000000010000100000000100
12;0001001000000010000100000000100
10;0001010000000010000100000000100
7;0000110000000010000100000000100
11;0000101000000010000100000000100
7;0010001000000010000100000000100
8;0010000100000010000100000000100
10;0000100100000010000100000000100
6;1000001000000000100000100000010
7;0100001000000000100000100000010
8;0100001000000000100000100100000
9;0000101000000000100000100100000
10;0001001000000000100000100100000
11;0001001000000100000000100100000
12;0001001000000100001000000100000
13;0100001000000100001000000100000
14;0100000010000100001000000100000
15;0001000010000100001000000100000
16;0000100010000100001000000100000
17;0000100010000001001000000100000
18;0000100001000001001000000100000
19;1000000001000001001000000100000
20;0010000001000001001000000100000
11;0010000001000010001000000100000
17;0010000100000010001000000100000
15;0010000010000010001000000100000
10;1000000010000010001000000100000
20;1000000001000010001000000100000
11;1000000100000010001000000100000
12;1000010000000010001000000100000
9;0000110000000010001000000100000
11;0000100001000010001000000100000
7;0100000001000010001000000100000
8;0001000001000010001000000100000
6;0000101000000010010000000000010
7;0010001000000010010000000000010
5;0100001000000010010000000000010
7;0100001000000010010000000100000
6;0100001000000010010000000000001
12;0001001000000010010000000000001
7;0001000100000010010000000000001
7;0010000100000010010000000000001
7;0010000001000010010000000000001
6;0010001000000010010000000000001
6;0000101000000010010000000000001
14;0000101000000000110000000000001
19;0100001000000000110000000000001
13;0100001000010000010000000000001
14;0100000001010000010000000000001
15;0100000001010000010000000100000
19;0100001000010000010000000100000
8;0100001000010000010000000000010
19;0001001000010000010000000000010
16;0001010000010000010000000000010
9;0001010000010000010000001000000
14;0001000010010000010000001000000
13;0001001000010000010000001000000
9;0001000100010000010000001000000
10;0001000001010000010000001000000
7;0010000100000010000000100000100
8;0100000100000010000000100000100
7;0001000100000010000000100000100
10;0001000100000010000100000000100
10;0001000010000010000100000000100
9;0000100010000010000100000000100
11;0000101000000010000100000000100
12;0001001000000010000100000000100
7;0001000001000010000100000000100
7;0000100001000010000100000000100
10;0000100100000010000100000000100
18;0100000100000010000100000000100
8;0100000001000010000100000000100
20;1000000001000010000100000000100
21;1000000001000001000100000000100
11;0100000001000001000100000000100
23;0100010000000001000100000000100
24;0100010000100000000100000000100
25;0010010000100000000100000000100
26;0010000010100000000100000000100
27;0010000100100000000100000000100
28;0000100100100000000100000000100
29;0001000100100000000100000000100
28;0001001000100000000100000000100
29;0000101000100000000100000000100
7;0010000001001000000100001000000
6;0010001000001000000100001000000
9;0010010000001000000100001000000
8;0010010000000000100100001000000
9;0001010000000000100100001000000
8;1000010000000000100100001000000
8;1000000010000000100100001000000
14;1000000010100000000100001000000
15;0000100010100000000100001000000
7;0000110000100000000100001000000
7;0001010000100000000100001000000
6;0010010000100000000100001000000
11;0010000100100000000100001000000
10;0001000100100000000100001000000
7;0100000100100000000100001000000
11;0100000001100000000100001000000
12;0010000001100000000100001000000
10;0001000001100000000100001000000
8;0001000010100000000100001000000
8;0010000010100000000100001000000
8;0100000010100000000100001000000
14;0100001000100000000100001000000
29;1000001000100000000100001000000
10;1000010000100000000100001000000
14;1000010000100000000100000000010
4;0010010000100000000010001000000
6;0010000100100000000010001000000
4;0100000100100000000010001000000
7;0100000010100000000010001000000
6;0001000010100000000010001000000
4;0001000001100000000010001000000
8;0000100001100000000010001000000
4;0000100100100000000010001000000
5;0001000100100000000010001000000
7;0010000010000010000001001000000
7;0010000100000010000001001000000
4;0010001000000010000001001000000
10;0100001000000010000001001000000
8;0001001000000010000001001000000
10;0001000100000010000001001000000
4;1000000100000010000001001000000
6;1000001000000010000001001000000
7;0001010000000010000000100000100
7;0001000100000010000000100000100
7;0010000100000010000000100000100
8;0100000100000010000000100000100
6;0100000001000010000000100000100
7;0100010000000010000000100000100
13;0100010000000010010000000000100
13;0001010000000010010000000000100
11;0010010000000010010000000000100
9;0010010000000010000000100000100
6;0010000001000010000000100000100
7;0010000001000010000001000000100
13;0010000001000001000001000000100
20;0010000100000001000001000000100
13;0100000100000001000001000000100
22;0100000010000001000001000000100
23;0001000010000001000001000000100
24;0001000010000100000001000000100
25;0001000001000100000001000000100
26;0010000001000100000001000000100
27;0010001000000100000001000000100
13;0000101000000100000001000000100
12;0000100001000100000001000000100
19;0000110000000100000001000000100
20;0100010000000100000001000000100
7;0010000010001000000000011000000
6;0000100010001000000000011000000
9;0000110000001000000000011000000
7;0000110000001000000000010000010
10;0000101000001000000000010000010
12;1000001000001000000000010000010
8;0001001000001000000000010000010
11;0001000010001000000000010000010
6;0001010000001000000000010000010
16;0010010000001000000000010000010
17;0010001000001000000000010000010
9;0010000100001000000000010000010
10;0010000100000000100000010000010
6;0010000010000000100000010000010
6;1000000010000000100000010000010
7;1000000010000000100000010001000
11;0100000010000000100000010001000
6;0000100010000000100000010001000
19;0000101000000000100000010001000
8;1000001000000000100000010001000
27;1000001000100000000000010001000
11;0001001000100000000000010001000
10;0001000010100000000000010001000
20;1000000010100000000000010001000
21;1000000010100000010000000001000
6;0001010000000000101000001000000
7;1000010000000000101000001000000
8;1000000010000000101000001000000
9;1000000010100000001000001000000
10;1000000001100000001000001000000
11;0001000001100000001000001000000
12;0001000100100000001000001000000
12;0010000100100000001000001000000
7;1000000100100000001000001000000
8;1000000100100000001000000000001
16;0000100100100000001000000000001
17;0000100100100000001000000000100
18;1000000100100000001000000000100
19;0001000100100000001000000000100
20;0100000100100000001000000000100
21;0100001000100000001000000000100
22;0100000010100000001000000000100
23;0000100010100000001000000000100
24;0010000010100000001000000000100
25;0001000010100000001000000000100
23;1000000010100000001000000000100
27;1000000001100000001000000000100
28;1000001000100000001000000000100
29;1000001000100000000000100000100
7;1000001000000000100000100000100
9;0010001000000000100000100000100
6;1000001000001000000000101000000
6;1000010000001000000000101000000
8;1000010000001000000000100000010
9;1000000001001000000000100000010
10;1000000001001000000001000000010
11;1000000010001000000001000000010
12;0000100010001000000001000000010
13;0000100010001000000001000001000
14;0100000010001000000001000001000
15;0100000100001000000001000001000
16;1000000100001000000001000001000
17;1000001000001000000001000001000
18;0000101000001000000001000001000
19;0100001000001000000001000001000
20;0010001000001000000001000001000
21;0001001000001000000001000001000
22;0001000001001000000001000001000
23;0010000001001000000001000001000
20;0010000001000000100001000001000
17;0010001000000000100001000001000
26;1000001000000000100001000001000
12;1000010000000000100001000001000
10;0100010000000000100001000001000
15;0100000010000000100001000001000
29;0100001000000000100001000001000
20;0100000001000000100001000001000
6;0000101000000001000010000100000
4;0000101000000001000010000000010
4;0000100010000001000010000000010
5;0000100100000001000010000000010
6;0100000100000001000010000000010
9;0100000100001000000010000000010
10;1000000100001000000010000000010
6;1000000100001000000010000010000
15;1000010000001000000010000010000
16;1000000001001000000010000010000
12;0010000001001000000010000010000
7;0010001000001000000010000010000
7;0010000010001000000010000010000
7;0000100010001000000010000010000
8;0000110000001000000010000010000
9;0000101000001000000010000010000
23;0100001000001000000010000010000
8;0001001000001000000010000010000
14;1000001000001000000010000010000
7;1000000010001000000010000010000
27;0100000010001000000010000010000
10;0100000100001000000010000010000
29;0100010000001000000010000010000
30;0100000001001000000010000010000
10;0000100001001000000010000010000
7;0010000010001000000010000010000
8;0001000010001000000010000010000
9;0001000010001000000000010010000
7;0001000100001000000000010010000
10;0000100100001000000000010010000
12;0000100010001000000000010010000
13;0000101000001000000000010010000
12;0100001000001000000000010010000
11;0100000001001000000000010010000
16;0100000010001000000000010010000
10;0100000100001000000000010010000
7;0100000100001000000000010000010
7;1000000100001000000000010000010
8;0000100100001000000000010000010
7;0000110000001000000000010000010
9;0000100010001000000000010000010
23;0000100010001000000000010001000
14;0000100001001000000000010001000
13;0010000001001000000000010001000
25;0010000001001000000100000001000
27;0010001000001000000100000001000
21;0010001000000000100100000001000
21;0010000010000000100100000001000
30;0010010000000000100100000001000
28;0001010000000000100100000001000
4;0001000001010000000010001000000
4;1000000001010000000010001000000
5;1000000100010000000010001000000
6;1000000010010000000010001000000
7;0010000010010000000010001000000
6;0001000010010000000010001000000
4;0001010000010000000010001000000
7;1000010000010000000010001000000
8;0010010000010000000010001000000
4;0010000100010000000010001000000
4;0000100100010000000010001000000
5;0000100001010000000010001000000
4;0010000001010000000010001000000
6;1000000001100000000010000000100
7;0001010000100000000010000000100
8;0000101000100000000010000000100
6;0000101000100000000010000000001
5;0000100001100000000010000000001
11;0000100100100000000010000000001
7;0000100100100000000010000000100
13;0100000100100000000010000000100
14;0100010000100000000010000000100
7;0100000001100000000010000000100
13;0000100001100000000010000000100
8;0000101000100000000010000000100
9;0010001000100000000010000000100
8;1000001000100000000010000000100
7;1000000100100000000010000000100
9;0010000100100000000010000000100
8;0010000010100000000010000000100
15;0001000010100000000010000000100
24;0001000010100000000000100000100
18;0100000010100000000000100000100
17;0100000001100000000000100000100
27;0100010000100000000000100000100
20;0100010000000001000000100000100
15;0100000100000001000000100000100
8;0010000100000001000000100000100
9;0010000010000001000000100000100
6;0000100100010000000010000000010
7;0001000100010000000010000000010
8;0001000100010000000000010000010
9;0010000100010000000000010000010
10;0000100100010000000000010000010
11;0000110000010000000000010000010
8;0001010000010000000000010000010
13;1000010000010000000000010000010
11;1000001000010000000000010000010
15;1000000001010000000000010000010
16;0010000001010000000000010000010
7;0100000001010000000000010000010
10;0001000001010000000000010000010
8;0000100001010000000000010000010
14;0000100001010000000000010000100
16;0001000001010000000000010000100
22;0100000001010000000000010000100
18;0100010000010000000000010000100
24;0000110000010000000000010000100
25;0000110000010000000001000000100
12;0010010000010000000001000000100
13;0010000010010000000001000000100
16;0001000010010000000001000000100
29;0001010000010000000001000000100
30;0001001000010000000001000000100
31;0001000001010000000001000000100
4;1000000010000000100000011000000
5;1000000010000000100000010000001
6;1000000100000000100000010000001
7;1000000100100000000000010000001
8;0001000100100000000000010000001
9;0001000010100000000000010000001
10;0001010000100000000000010000001
11;0010010000100000000000010000001
12;0000110000100000000000010000001
13;0000100010100000000000010000001
14;0010000010100000000000010000001
15;0010000001100000000000010000001
16;0010000001100000000100000000001
12;0010000100100000000100000000001
18;0010000100100000000100000010000
19;0001000100100000000100000010000
20;0001010000100000000100000010000
21;0010010000100000000100000010000
20;0010010000100000000100000000001
23;0010001000100000000100000000001
11;0010001000100000000000010000001
25;0000101000100000000000010000001
26;0000101000100000000000010000100
21;0001001000100000000000010000100
17;0001000010100000000000010000100
15;0001000010100000000010000000100
17;0100000010100000000010000000100
27;1000000010100000000010000000100
4;0010000001000010000010000000100
5;0010010000000010000010000000100
6;1000010000000010000010000000100
7;1000001000000010000010000000100
4;0100001000000010000010000000100
6;0100000100000010000010000000100
4;1000000100000010000010000000100
7;0010000100000010000010000000100
4;0010000010000010000010000000100
8;0010001000000010000010000000100
7;0001001000000010000010000000100
4;0000101000000010000010000000100
5;0000100100000010000010000000100
7;0001000100000001010000000000001
8;0000100100000001010000000000001
9;0000100100000001010000000000100
10;1000000100000001010000000000100
11;1000000001000001010000000000100
12;1000010000000001010000000000100
13;1000000010000001010000000000100
14;0100000010000001010000000000100
15;0100000010000100010000000000100
16;1000000010000100010000000000100
17;1000001000000100010000000000100
18;0010001000000100010000000000100
19;0010010000000100010000000000100
20;0010000100000100010000000000100
21;0100000100000100010000000000100
20;0000100100000100010000000000100
23;0000100010000100010000000000100
24;0000100010000001010000000000100
17;0001000010000001010000000000100
16;0001000001000001010000000000100
20;0001001000000001010000000000100
19;1000001000000001010000000000100
15;1000001000000001000000010000100
7;0001001000000001000000010000100
8;0010001000000001000000010000100
7;0000100001000000100000100010000
8;0000110000000000100000100010000
7;0010010000000000100000100010000
10;0010000100000000100000100010000
11;0100000100000000100000100010000
12;0100000100000000100100000010000
13;0100010000000000100100000010000
14;0010010000000000100100000010000
15;1000010000000000100100000010000
16;1000000001000000100100000010000
17;1000000010000000100100000010000
18;0100000010000000100100000010000
19;0100000001000000100100000010000
20;0100001000000000100100000010000
21;1000001000000000100100000010000
16;0001001000000000100100000010000
17;0001000010000000100100000010000
24;0001000100000000100100000010000
25;1000000100000000100100000010000
26;1000000100000000100100000000010
12;1000001000000000100100000000010
7;1000010000000000100100000000010
8;1000010000000000100100001000000
6;1000001000000000100100001000000
8;1000000010000000100100001000000
7;0001000010000100000010000100000
8;0000100010000100000010000100000
7;0000101000000100000010000100000
10;0000100100000100000010000100000
7;0001000100000100000010000100000
8;1000000100000100000010000100000
7;1000001000000100000010000100000
14;1000000001000100000010000100000
9;1000000010000100000010000100000
10;0010000010000100000010000100000
11;0010000010000100000000100100000
12;0010000100000100000000100100000
12;0100000100000100000000100100000
15;0001000100000100000000100100000
11;0001001000000100000000100100000
14;0100001000000100000000100100000
12;0100010000000100000000100100000
8;0100010000000100000000100000001
7;0100001000000100000000100000001
7;0100000100000100000000100000001
7;0010000100000100000000100000001
8;0001000100000100000000100000001
7;1000000100000100000000100000001
7;1000010000000100000000100000001
6;1000000001000100000000100000001
6;1000010000000100000000011000000
7;1000010000000100000000010000010
8;1000000010000100000000010000010
7;0000100010000100000000010000010
10;0000101000000100000000010000010
11;1000001000000100000000010000010
12;0100001000000100000000010000010
12;0100010000000100000000010000010
7;0100000001000100000000010000010
11;0100000100000100000000010000010
10;0010000100000100000000010000010
17;0010000100000100000100000000010
18;0010000100000100000100000010000
19;0001000100000100000100000010000
20;0001000001000100000100000010000
21;0001010000000100000100000010000
22;1000010000000100000100000010000
22;0010010000000100000100000010000
15;0010000010000100000100000010000
16;0010000010000100000000010010000
7;0010000010000100000000010000001
8;0000100010000100000000010000001
9;0000100010000100000000010000100
26;0001000010000100000000010000100
30;0001010000000100000000010000100
29;0001000001000100000000010000100
7;0100001000000100000010001000000
4;0100000100000100000010001000000
4;0000100100000100000010001000000
5;0000100001000100000010001000000
4;0100000001000100000010001000000
4;0010000001000100000010001000000
7;0010001000000100000010001000000
4;1000001000000100000010001000000
9;1000000001000100000010001000000
4;1000000100000100000010001000000
4;0010000100000100000010001000000
6;0000110000010000000000011000000
7;0000100001010000000000011000000
6;1000000001010000000000011000000
9;1000000001010000010000001000000
10;0001000001010000010000001000000
9;0001010000010000010000001000000
12;0000110000010000010000001000000
10;0100010000010000010000001000000
12;0100000001010000010000001000000
8;0100000010010000010000001000000
16;1000000010010000010000001000000
17;1000000010010000010000000000001
7;1000001000010000010000000000001
9;1000010000010000010000000000001
12;0100010000010000010000000000001
11;0100010000010000000000100000001
8;0100010000010000000000100100000
23;0001010000010000000000100100000
13;0001001000010000000000100100000
23;0001000001010000000000100100000
26;0001000100010000000000100100000
21;0100000100010000000000100100000
21;0010000100010000000000100100000
15;0010001000010000000000100100000
11;0010001000010000000000100000010
9;0000101000010000000000100000010
5;0001000100100000000010001000000
4;0001000001100000000010001000000
8;0100000001100000000010001000000
8;0000100001100000000010001000000
7;0000101000100000000010001000000
6;1000001000100000000010001000000
4;0010001000100000000010001000000
5;0010000010100000000010001000000
6;0001000010100000000010001000000
7;0100000010100000000010001000000
4;0100000100100000000010001000000
6;0010000100100000000010001000000
4;0010010000100000000010001000000
4;0010000001100000000010001000000
7;1000000010001000000000011000000
8;1000000010001000000000010000001
9;0100000010001000000000010000001
10;0100000010001000001000000000001
11;0001000010001000001000000000001
12;0001000001001000001000000000001
13;0000100001001000001000000000001
14;0000100100001000001000000000001
11;0000100100000001001000000000001
16;0000100100000001001000000000100
17;0000101000000001001000000000100
13;1000001000000001001000000000100
11;1000001000000001000000100000100
18;0000101000000001000000100000100
21;0001001000000001000000100000100
22;0001000100000001000000100000100
16;1000000100000001000000100000100
16;1000000010000001000000100000100
21;1000010000000001000000100000100
26;1000010000100000000000100000100
16;0000110000100000000000100000100
28;0010010000100000000000100000100
27;0100010000100000000000100000100
19;0100000100100000000000100000100
31;0100000100100000000100000000100
6;1000010000000010000000100000100
7;0100010000000010000000100000100
8;0100000100000010000000100000100
7;0010000100000010000000100000100
9;0010010000000010000000100000100
6;0010000001000010000000100000100
7;0010000001000010000001000000100
13;0010000001000001000001000000100
10;0010000001000001000000100000100
15;0010001000000001000000100000100
11;1000001000000001000000100000100
13;0100001000000001000000100000100
15;0100000100000001000000100000100
7;0000100100000001000000100000100
8;0010000100000001000000100000100
19;0010000100000001000100000000100
9;0010001000000001000100000000100
12;0010010000000001000100000000100
23;0100010000000001000100000000100
22;1000010000000001000100000000100
15;1000000100000001000100000000100
27;1000001000000001000100000000100
21;1000000001000001000100000000100
12;0000100001000001000100000000100
30;0000110000000001000100000000100
15;0000110000000001000100000000001
6;0000100010100000000010000000010
8;0000100010100000000010000001000
9;0000100100100000000010000001000
10;1000000100100000000010000001000
11;1000000001100000000010000001000
12;1000010000100000000010000001000
7;1000001000100000000010000001000
14;0000101000100000000010000001000
13;0000100001100000000010000001000
9;0010000001100000000010000001000
12;0100000001100000000010000001000
11;0100010000100000000010000001000
15;0100001000100000000010000001000
8;0010001000100000000010000001000
16;0001001000100000000010000001000
11;0001001000100000000000010001000
11;0001000100100000000000010001000
8;0001000100100000000000010000001
17;0010000100100000000000010000001
11;0010001000100000000000010000001
11;0010010000100000000000010000001
12;0000110000100000000000010000001
21;0000100100100000000000010000001
30;0000100100100000000000010000100
15;0100000100100000000000010000100
5;0100000100000001000000101000000
6;0100010000000001000000101000000
9;0100010000000001000000100000010
10;1000010000000001000000100000010
11;1000010000000001010000000000010
12;1000010000100000010000000000010
10;0000110000100000010000000000010
9;0000110000100000010000001000000
15;0010010000100000010000001000000
11;0010001000100000010000001000000
9;0100001000100000010000001000000
9;1000001000100000010000001000000
11;0001001000100000010000001000000
10;0000101000100000010000001000000
12;0000100001100000010000001000000
21;0000100100100000010000001000000
19;0001000100100000010000001000000
8;1000000100100000010000001000000
8;1000000100100000010000000000001
7;1000000100100000000000010000001
6;1000000100000000100000010000001
5;1000000010000000100000010000001
8;1000000001000000100000010000001
4;1000000001000000100000011000000
7;0010000001000000100000011000000
7;0001000010000100000010000010000
8;0001000001000100000010000010000
9;0100000001000100000010000010000
7;0010000001000100000010000010000
11;1000000001000100000010000010000
11;1000001000000100000010000010000
13;0100001000000100000010000010000
10;0000101000000100000010000010000
12;0000100010000100000010000010000
9;0000100100000100000010000010000
13;0000110000000100000010000010000
7;0010010000000100000010000010000
8;0001010000000100000010000010000
8;0001000100000100000010000010000
8;1000000100000100000010000010000
10;0100000100000100000010000010000
6;0100000100000100000010000000010
7;0100000001000100000010000000010
8;0100000001000100000010000000100
8;1000000001000100000010000000100
14;1000000100000100000010000000100
10;1000001000000100000010000000100
13;0000101000000100000010000000100
14;0001001000000100000010000000100
8;0001000010000100000010000000100
6;0001000100000001000010000000100
5;0001000010000001000010000000100
7;1000000010000001000010000000100
6;1000000100000001000010000000100
6;0010000100000001000010000000100
11;0010001000000001000010000000100
12;0001001000000001000010000000100
7;0001001000000001000000010000100
14;0100001000000001000000010000100
15;1000001000000001000000010000100
10;1000000100000001000000010000100
17;1000000010000001000000010000100
18;1000000010000100000000010000100
19;0100000010000100000000010000100
20;0100010000000100000000010000100
21;0100000100000100000000010000100
11;0001000100000100000000010000100
16;0001000100000100000010000000100
10;0000100100000100000010000000100
7;0000100001000100000010000000100
7;0010000001000100000010000000100
10;0010000100000100000010000000100
14;1000000100000100000010000000100
25;1000010000000100000010000000100
10;1000001000000100000010000000100
19;0010001000000100000010000000100
7;0100000100001000000100001000000
8;0010000100001000000100001000000
9;0010010000001000000100001000000
10;1000010000001000000100001000000
10;1000000100001000000100001000000
12;1000001000001000000100001000000
7;1000000010001000000100001000000
12;0010000010001000000100001000000
12;0001000010001000000100001000000
16;0001001000001000000100001000000
6;0010001000001000000100001000000
7;0010000001001000000100001000000
19;1000000001001000000100001000000
15;0000100001001000000100001000000
13;0001000001001000000100001000000
14;0100000001001000000100001000000
23;0100010000001000000100001000000
24;0100001000001000000100001000000
16;0000101000001000000100001000000
26;0000100100001000000100001000000
27;0000100010001000000100001000000
28;0100000010001000000100001000000
6;0010000010000000100000100001000
8;0010000010001000000000100001000
9;1000000010001000000000100001000
10;0000100010001000000000100001000
11;0100000010001000000000100001000
12;0100000100001000000000100001000
13;0100010000001000000000100001000
14;1000010000001000000000100001000
15;1000001000001000000000100001000
16;0100001000001000000000100001000
14;0001001000001000000000100001000
18;0010001000001000000000100001000
17;0010000001001000000000100001000
19;0001000001001000000000100001000
21;0001010000001000000000100001000
13;0001000010001000000000100001000
23;0001000100001000000000100001000
24;0010000100001000000000100001000
8;0010000100000000100000100001000
22;0010000100000000100100000001000
27;0010000100001000000100000001000
28;1000000100001000000100000001000
29;1000010000001000000100000001000
30;1000000010001000000100000001000
31;1000001000001000000100000001000
7;0010000100000010010000000000001
8;0100000100000010010000000000001
5;0000100100000010010000000000001
7;0001000100000010010000000000001
9;0001000100000010010000000001000
12;0001001000000010010000000001000
12;0001001000000010010000000000001
6;0100001000000010010000000000001
7;0100000001000010010000000000001
6;0000100001000010010000000000001
6;0000100001000001010000000000001
14;0000100010000001010000000000001
9;0000101000000001010000000000001
20;0000101000000001010000000000100
19;1000001000000001010000000000100
20;0001001000000001010000000000100
19;0010001000000001010000000000100
20;0010010000000001010000000000100
25;0010000010000001010000000000100
20;0010000100000001010000000000100
9;0000100100000001010000000000100
24;0000100010000001010000000000100
17;0001000010000001010000000000100
18;0001000100000001010000000000100
10;1000000100000001010000000000100
7;0000101000001000001000001000000
8;0000100100001000001000001000000
9;0000110000001000001000001000000
10;0010010000001000001000001000000
10;0100010000001000001000001000000
12;0100010000001000001000000000010
13;1000010000001000001000000000010
10;1000010000001000001000001000000
14;1000001000001000001000001000000
16;1000001000001000001000000000001
14;0000101000001000001000000000001
13;0000100001001000001000000000001
12;0001000001001000001000000000001
16;0001000100001000001000000000001
14;0001000100000001001000000000001
7;0001000001000001001000000000001
19;0001000010000001001000000000001
12;0000100010000001001000000000001
25;0000110000000001001000000000001
26;0000100001000001001000000000001
27;0000100001000001001000000000100
7;0100000001000001001000000000100
20;0010000001000001001000000000100
30;0010000010000001001000000000100
24;0010000100000001001000000000100
5;1000001000000010000001000000001
5;0001000001000010000001000000001
6;0010000100000010000001000000001
6;0000110000000010000001000000001
8;0000100100000010000001000000100
7;0000100001000000100001000000100
12;0001001000000000100001000000100
13;0100000010000000100001000000100
9;0010000001000000100001000000100
8;0010000001000000100001000000010
16;0010001000000000100001000000010
16;0001001000000000100001000000010
8;0001010000000000100001000000010
7;0010010000000000100001000000010
8;1000010000000000100001000000010
9;1000000010000000100001000000010
10;0010000010000000100001000000010
9;0001000010000000100001000000010
10;0001000100000000100001000000010
11;0001000100000000100001000010000
11;0010000100000000100001000010000
10;0010010000000000100001000010000
28;0001010000000000100001000010000
27;1000010000000000100001000010000
30;1000000001000000100001000010000
31;1000000001000000100000100010000
7;1000010000000010010000000010000
8;1000000001000001010000000010000
9;1000001000000001010000000010000
10;0010001000000001010000000010000
10;0010001000000001010000000000001
9;0001001000000001010000000000001
7;0001000100000001010000000000001
13;0001000010000001010000000000001
12;0001000010000100010000000000001
13;0001000010000100010000000001000
17;0001000010000001010000000001000
9;0001000001000001010000000001000
19;0001001000000001010000000001000
20;0100001000000001010000000001000
21;0000101000000001010000000001000
12;0000100010000001010000000001000
23;0000100100000001010000000001000
24;0000100100001000010000000001000
25;0000110000001000010000000001000
26;0000100001001000010000000001000
27;0100000001001000010000000001000
28;0100001000001000010000000001000
29;0001001000001000010000000001000
30;0000101000001000010000000001000
31;0000100010001000010000000001000
5;0010000100000010000000100001000
6;0010000001000010000000100001000
9;0010000001000010000001000001000
10;0100000001000010000001000001000
11;0100010000000010000001000001000
11;0100000010000010000001000001000
9;0001000010000010000001000001000
8;0001001000000010000001000001000
10;0001000100000010000001000001000
6;0001000100000010000001000000001
6;0010000100000010000001000000001
6;0010001000000010000001000000001
7;0001001000000010000001000000001
6;0000101000000010000001000000001
5;0000101000000010000000010000001
12;0000101000000000100000010000001
7;0000100001000000100000010000001
5;0000100100000000100000010000001
9;0100000100000000100000010000001
14;0100010000000000100000010000001
7;1000010000000000100000010000001
13;0010010000000000100000010000001
8;0001010000000000100000010000001
6;0001010000000000100000010001000
8;0010010000000000100000010001000
4;0010001000000010000000010000001
5;0010000100000010000000010000001
4;0000100100000010000000010000001
5;0000100100000010000001000000001
6;0001000100000010000001000000001
7;0001001000000010000001000000001
6;0000101000000010000001000000001
6;0010001000000010000001000000001
9;0010001000000010000001000010000
9;0010000001000010000001000010000
8;0010000001000001000001000010000
11;0010000001000001000000100010000
13;0010001000000001000000100010000
8;0000101000000001000000100010000
15;0000110000000001000000100010000
14;0000110000100000000000100010000
20;0100010000100000000000100010000
17;0010010000100000000000100010000
23;1000010000100000000000100010000
23;0001010000100000000000100010000
25;0001010000000001000000100010000
26;0001010000000001010000000010000
27;0001000010000001010000000010000
19;0010000010000001010000000010000
29;0010000100000001010000000010000
13;0010000001000001010000000010000
23;0100000001000001010000000010000
4;0000100001000000100001001000000
7;0010000010000000100001001000000
7;0010000100001000000001001000000
9;1000000100001000000001001000000
10;0100001000001000000001001000000
11;0001000010001000000001001000000
10;0000100010001000000001001000000
9;0000110000001000000000011000000
5;1000000100001000000000011000000
15;1000000001001000010000001000000
10;1000010000001000010000000000010
8;1000010000001000000000100000010
13;1000001000001000000000100000010
19;0000101000001000000000100000010
20;0000100010001000000000100000010
15;0100000010001000000000100000010
22;0100000001001000000000100000010
8;0001000001001000000000100000010
18;0000100001001000000000100000010
25;0000110000001000000000100000010
7;0001010000001000000000100000010
23;0001010000001000010000000000010
24;0001001000001000010000000000010
11;1000001000001000010000000000010
30;1000000010001000010000000000010
12;1000000001001000010000000000010
7;1000000010000010010000000100000
8;0100000010000010010000000100000
9;0010000010000010010000000100000
9;0010000100000010010000000100000
9;0001000100000010010000000100000
8;1000000100000010010000000100000
9;1000000100000010000000010100000
8;0010000100000010000000010100000
6;0010010000000010000000010100000
6;1000010000000010000000010100000
7;1000010000000010010000000100000
10;0010010000000010010000000100000
8;0100010000000010010000000100000
7;0100001000000010010000000100000
10;0100000100000010010000000100000
9;0000100100000010010000000100000
8;0000101000000010010000000100000
7;0000110000000010010000000100000
10;0000100001000010010000000100000
10;0000100010000010010000000100000
15;0000100010000000110000000100000
13;0000100100000000110000000100000
14;0000101000000000110000000100000
15;0000110000000000110000000100000
16;0001010000000000110000000100000
4;0001010000010000000010001000000
4;0001000001010000000010001000000
4;0010000001010000000010001000000
4;1000000001010000000010001000000
6;1000000010010000000010001000000
7;1000010000010000000010001000000
5;1000000100010000000010001000000
4;0010000100010000000010001000000
4;0000100100010000000010001000000
4;0000110000010000000010001000000
5;0000100001010000000010001000000
4;0001000001000010000000100000010
5;0010000001000010000000100000010
6;0100000001000010000000100000010
7;0100000001000001000000100000010
5;0100000010000001000000100000010
9;0100010000000001000000100000010
10;1000010000000001000000100000010
11;1000010000000001010000000000010
8;0010010000000001010000000000010
7;0010000001000001010000000000010
11;0010000100000001010000000000010
12;1000000100000001010000000000010
14;1000000010000001010000000000010
13;0010000010000001010000000000010
18;0001000010000001010000000000010
17;0001000010000001010000000001000
18;0100000010000001010000000001000
16;0100010000000001010000000001000
22;0100000100000001010000000001000
23;1000000100000001010000000001000
24;1000000010000001010000000001000
18;1000000010000100010000000001000
16;1000000001000100010000000001000
15;0001000001000100010000000001000
14;0001000001000000110000000001000
27;0001000010000000110000000001000
10;0000100010000000110000000001000
7;0000100010000010010000000001000
6;0001000001000010001000000000010
7;0001000010000010001000000000010
6;0010000010000010001000000000010
9;0010000010000010001000000001000
10;0010000001000010001000000001000
11;0000100001000010001000000001000
10;0000100010000010001000000001000
12;0000110000000010001000000001000
11;0001010000000010001000000001000
15;0001001000000010001000000001000
6;0010001000000010001000000001000
12;0100001000000010001000000001000
10;0100000010000010001000000001000
19;1000000010000010001000000001000
16;1000000001000010001000000001000
21;1000000100000010001000000001000
20;0000100100000010001000000001000
9;0000100100000000101000000001000
7;0000101000000000101000000001000
25;0000100001000000101000000001000
26;0010000001000000101000000001000
18;0001000001000000101000000001000
28;1000000001000000101000000001000
29;1000000010000000101000000001000
30;1000000100000000101000000001000
19;1000001000000000101000000001000
7;0000100010000010010000000001000
8;0000100100000010010000000001000
9;0010000100000010010000000001000
10;0100000100000010010000000001000
8;0100000010000010010000000001000
7;0010000010000010010000000001000
6;0001000010000010010000000001000
6;0001010000000010010000000001000
7;0001000001000010010000000001000
9;0001000001000001010000000001000
15;0100000001000001010000000001000
18;0100000010000001010000000001000
19;0100000010000001010000000000010
20;0100001000000001010000000000010
9;0100010000000001010000000000010
9;0100000100000001010000000000010
11;0010000100000001010000000000010
13;0010000010000001010000000000010
25;0010000010000100010000000000010
26;0010001000000100010000000000010
8;0010010000000100010000000000010
21;0010010000000100010000001000000
11;1000010000000100010000001000000
12;1000000010000100010000001000000
10;1000000001000100010000001000000
7;0010000100001000000010000100000
6;0100000100001000000010000100000
9;0001000100001000000010000100000
10;0001010000001000000010000100000
11;1000010000001000000010000100000
9;1000000100001000000010000100000
9;0000100100001000000010000100000
10;0000110000001000000010000100000
7;0010010000001000000010000100000
10;0010001000001000000010000100000
11;1000001000001000000010000100000
6;1000001000001000000010000000010
6;1000000010001000000010000000010
10;1000000100001000000010000000010
21;0000100100001000000010000000010
6;0000100010001000000010000000010
6;0000101000001000000010000000010
11;0000101000001000000010000100000
11;0001001000001000000010000100000
9;0001001000001000000000010100000
23;0000101000001000000000010100000
28;0000101000001000000001000100000
29;0000100001001000000001000100000
24;0000100001001000000000010100000
10;0001000001001000000000010100000
7;0100010000000000100000100100000
8;0100010000000000110000000100000
9;0010010000000000110000000100000
10;0010000010000000110000000100000
11;0100000010000000110000000100000
12;0100000100000000110000000100000
13;0000100100000000110000000100000
14;0000101000000000110000000100000
15;0000110000000000110000000100000
8;0000110000000000100000100100000
10;0010010000000000100000100100000
18;0010010000001000000000100100000
19;0000110000001000000000100100000
20;0100010000001000000000100100000
21;0100010000001000010000000100000
22;0001010000001000010000000100000
23;0001001000001000010000000100000
24;0001001000001000010000000000010
24;0001000100001000010000000000010
26;0010000100001000010000000000010
27;0010000100000000110000000000010
7;0010000001000000110000000000010
22;0100000001000000110000000000010
30;0100000001000000110000000000100
26;0001000001000000110000000000100
4;0000100001000010010000001000000
5;0000110000000010010000001000000
5;0010000100000010010000001000000
3;1000000010000010010000001000000
6;0000101000000010010000001000000
6;0010001000000001000000010000010
7;0000101000000001000000010000010
6;0000100100000001000000010000010
8;0000100100001000000000010000010
10;0000100100001000000000010010000
10;0010000100001000000000010010000
9;0010000100001000000000010000001
8;0010000100001000000100000000001
14;0000100100001000000100000000001
15;0000100001001000000100000000001
16;0001000001001000000100000000001
17;0100000001001000000100000000001
17;1000000001001000000100000000001
19;1000010000001000000100000000001
20;0001010000001000000100000000001
21;0010010000001000000100000000001
22;0010001000001000000100000000001
23;0100001000001000000100000000001
24;0100000010001000000100000000001
19;0001000010001000000100000000001
26;0001001000001000000100000000001
26;0001000100001000000100000000001
22;1000000100001000000100000000001
25;0100000100001000000100000000001
24;0100000100000001000100000000001
15;0100001000000001000100000000001
4;0100010000001000000010001000000
7;0100001000001000000010001000000
7;0000101000001000000010001000000
7;0000100001001000000010001000000
7;0100000001001000000010001000000
4;0001000001001000000010001000000
12;0001010000001000000010001000000
4;1000010000001000000010001000000
4;1000000010001000000010001000000
8;1000001000001000000010001000000
7;1000000100000000100000100010000
8;1000010000000000100000100010000
9;0100010000000000100000100010000
10;0100010000010000000000100010000
11;0100000010010000000000100010000
12;1000000010010000000000100010000
13;1000010000010000000000100010000
14;1000000100010000000000100010000
15;1000000100010000000100000010000
16;0100000100010000000100000010000
13;0100000100010000000100000000010
18;0000100100010000000100000000010
19;0000110000010000000100000000010
10;0001010000010000000100000000010
9;0010010000010000000100000000010
8;0010010000010000000000010000010
13;0010000010010000000000010000010
14;0010000010010000000000010001000
18;0010000100010000000000010001000
8;0010001000010000000000010001000
11;1000001000010000000000010001000
10;1000001000000001000000010001000
7;0010001000000001000000010001000
9;0010000010000001000000010001000
7;0000100010000001000000010001000
7;1000000010000001000000100001000
8;1000001000000001000000100001000
9;1000001000010000000000100001000
10;0010001000010000000000100001000
11;0001001000010000000000100001000
10;0001001000010000000000100000001
11;0001010000010000000000100000001
11;0100010000010000000000100000001
15;0100001000010000000000100000001
12;0100001000010000001000000000001
16;0100010000010000001000000000001
10;1000010000010000001000000000001
11;1000001000010000001000000000001
19;1000000010010000001000000000001
21;1000000001010000001000000000001
18;0001000001010000001000000000001
23;0010000001010000001000000000001
17;0010001000010000001000000000001
13;0001001000010000001000000000001
19;0001000100010000001000000000001
21;0010000100010000001000000000001
16;0000100100010000001000000000001
12;0000101000010000001000000000001
23;0000101000000001001000000000001
25;0000110000000001001000000000001
7;1000000001000000101000001000000
8;0001000001000000101000001000000
9;0001000001000100001000001000000
9;0001000010000100001000001000000
7;0001000010000000101000001000000
6;0100000010000000101000001000000
10;0100000001000000101000001000000
11;0100000001010000001000001000000
7;0100010000010000001000001000000
6;0100010000000000101000001000000
6;0001010000000000101000001000000
18;0001010000000100001000001000000
8;0000110000000100001000001000000
16;0100010000000100001000001000000
21;0100010000000100001000000000010
12;0100010000000100000000010000010
7;0100000001000100000000010000010
20;1000000001000100000000010000010
7;1000010000000100000000010000010
26;0010010000000100000000010000010
9;0010000001000100000000010000010
14;0010000001000100000000010000100
29;0010000100000100000000010000100
30;0010010000000100000000010000100
24;1000010000000100000000010000100
7;0010001000000000100000100100000
8;1000001000000000100000100100000
9;1000001000000000101000000100000
10;1000010000000000101000000100000
11;0010010000000000101000000100000
12;0010010000001000001000000100000
13;0100010000001000001000000100000
14;0000110000001000001000000100000
15;0000100010001000001000000100000
16;0100000010001000001000000100000
17;0100000010001000000000010100000
18;0100000001001000000000010100000
19;0100000100001000000000010100000
20;0100000100001000001000000100000
16;0100001000001000001000000100000
22;1000001000001000001000000100000
23;0000101000001000001000000100000
16;0000101000001000000000100100000
19;0000101000001000000000100000010
20;0000100010001000000000100000010
25;0000110000001000000000100000010
7;0001010000001000000000100000010
15;0001000010001000000000100000010
13;0001000010001000000000100001000
8;0010000010001000000000100001000
6;1000001000000010000001001000000
4;1000000100000010000001001000000
4;0100000100000010000001001000000
5;0100010000000010000001001000000
9;0001010000000010000001001000000
10;0001000100000010000001001000000
7;0010000100000010000001001000000
4;0010001000000010000001001000000
7;0010000010000010000001001000000
4;0100000010000010000001001000000
10;0100001000000010000001001000000
8;0001001000000010000001001000000
11;0001000010000010000001001000000
6;0001001000000000100000011000000
4;0100001000000000100000011000000
8;0100000010000000100000011000000
7;0100000001000000100000011000000
7;0010000001000000100000011000000
4;1000000001000000100000011000000
10;1000001000000000100000011000000
8;1000001000000000100000010000001
5;1000000010000000100000010000001
8;0010000010000000100000010000001
16;0000100010000000100000010000001
17;0100000010000000100000010000001
16;0100000001000000100000010000001
11;0100000001000000101000000000001
17;0100000001010000001000000000001
21;0100000001010000000000010000001
15;0100010000010000000000010000001
23;0000110000010000000000010000001
8;0010010000010000000000010000001
25;0010010000010000000000010010000
26;1000010000010000000000010010000
27;1000001000010000000000010010000
13;1000000010010000000000010010000
14;1000000010010000010000000010000
30;1000001000010000010000000010000
29;0010001000010000010000000010000
6;0001001000000010000010000001000
7;0010001000000010000010000001000
8;0100001000000010000010000001000
6;0100000100000010000010000001000
7;0010000100000010000010000001000
4;0010010000000010000010000001000
4;1000010000000010000010000001000
4;1000000001000010000010000001000
7;1000001000000010000010000001000
7;1000000100000010000010000001000
4;1000000100000010000000100000010
5;1000000001000010000000100000010
6;1000000001000010000001000000010
7;1000001000000010000001000000010
7;1000000010000010000001000000010
9;1000000100000010000001000000010
7;0010000100000010000001000000010
11;0100000100000010000001000000010
9;0100000001000010000001000000010
6;0100000010000010000001000000010
13;0100001000000010000001000000010
6;0010001000000010000001000000010
6;0010000010000010000001000000010
10;0001000010000010000001000000010
6;0001000001000010000001000000010
5;0010000001000010000001000000010
7;0010000001000010000001000000100
9;0010000100000010000001000000100
11;0001000100000010000001000000100
11;0001001000000010000001000000100
20;0100001000000010000001000000100
9;0000101000000010000001000000100
9;0000100010000010000001000000100
27;0010000010000010000001000000100
14;0010010000000010000001000000100
8;0010001000000010000001000000100
17;1000001000000010000001000000100
31;1000000010000010000001000000100
6;0010000100000001000010000100000
6;0000100100000001000010000100000
7;0000110000000001000010000100000
9;0000110000100000000010000100000
7;1000010000100000000010000100000
6;1000010000000001000010000100000
6;1000000100000001000010000100000
13;1000001000000001000010000100000
12;1000001000010000000010000100000
13;1000000100010000000010000100000
13;0000100100010000000010000100000
11;0100000100010000000010000100000
9;0100000001010000000010000100000
16;1000000001010000000010000100000
8;1000000010010000000010000100000
17;1000000010010000000000100100000
17;1000000100010000000000100100000
20;1000000100010000000100000100000
24;0010000100010000000100000100000
25;0010010000010000000100000100000
19;1000010000010000000100000100000
27;0001010000010000000100000100000
28;0001000010010000000100000100000
29;0001000100010000000100000100000
30;0001001000010000000100000100000
31;0000101000010000000100000100000
7;0010001000000010010000000000010
8;0010001000000010010000000100000
9;0010000100000010010000000100000
8;1000000100000010010000000100000
10;0100000100000010010000000100000
9;0000100100000010010000000100000
7;0000110000000010010000000100000
6;0000110000000010000000100100000
6;0010010000000010000000100100000
6;0001010000000010000000100100000
7;0001001000000010000000100100000
5;0010001000000010000000100100000
6;0000101000000010000000100100000
10;0000101000000010001000000100000
8;0000100010000010001000000100000
9;0001000010000010001000000100000
15;0010000010000010001000000100000
8;0010010000000010001000000100000
17;0010000100000010001000000100000
14;0100000100000010001000000100000
7;0100000010000010001000000100000
10;1000000010000010001000000100000
12;1000010000000010001000000100000
20;1000000001000010001000000100000
11;0010000001000010001000000100000
6;1000000010000000100001001000000
7;1000010000000000100001001000000
6;0010010000000000100001001000000
7;0010000010000000100001001000000
11;0010001000000000100001001000000
7;0010000100000000100001001000000
7;1000000100000000100001001000000
14;1000000100000000100001000000001
14;1000010000000000100001000000001
16;0000110000000000100001000000001
7;0000101000000000100001000000001
17;0001001000000000100001000000001
16;0001001000000000100001000001000
15;0001010000000000100001000001000
10;0100010000000000100001000001000
8;0000110000000000100001000001000
22;0000100010000000100001000001000
9;0000100010000010000001000001000
9;0001000010000010000001000001000
11;0100000010000010000001000001000
6;0100000010000010000001000000010
6;0010000010000010000001000000010
6;0010001000000010000001000000010
11;0001001000000010000001000000010
13;0100001000000010000001000000010
6;0000110000000100000010000000001
7;0000100001000100000010000000001
8;0000101000000100000010000000001
6;0000100100000100000010000000001
10;0000100100000100000010000000100
6;0000100010000100000010000000100
7;0000100001000100000010000000100
13;0000101000000100000010000000100
14;0001001000000100000010000000100
15;0001010000000100000010000000100
16;0000110000000100000010000000100
13;0100010000000100000010000000100
12;0100000010000100000010000000100
11;0100001000000100000010000000100
19;0010001000000100000010000000100
10;1000001000000100000010000000100
14;1000000100000100000010000000100
10;0010000100000100000010000000100
9;0010010000000100000010000000100
11;0010000010000100000010000000100
13;0010000010000001000010000000100
9;0010000010000001000000100000100
16;0010000010000100000000100000100
17;0010000001000100000000100000100
28;0010000001000100000000100000010
21;0100000001000100000000100000010
6;0010001000000001000000010000010
7;0010000100000001000000010000010
9;0010000100001000000000010000010
10;0010000100001000000000010010000
9;0010000100001000000000010000001
8;0010000100001000000100000000001
7;0010000100001000000000100000001
11;0010000001001000000000100000001
15;0010000001001000000001000000001
16;1000000001001000000001000000001
17;1000010000001000000001000000001
11;1000000010001000000001000000001
19;0100000010001000000001000000001
14;0100000100001000000001000000001
15;1000000100001000000001000000001
16;1000001000001000000001000000001
23;0000101000001000000001000000001
19;0000110000001000000001000000001
18;0000110000001000000001000000100
17;0000100001001000000001000000100
11;0000100001001000000001000000010
20;0000100100001000000001000000010
22;0001000100001000000001000000010
21;0001000100001000000001000010000
22;0001000001001000000001000010000
7;0100001000000100000000101000000
5;0100000100000100000000101000000
8;0010000100000100000000101000000
10;0010000100000100000100001000000
11;0010001000000100000100001000000
9;0000101000000100000100001000000
13;0000100001000100000100001000000
14;0010000001000100000100001000000
15;0010000010000100000100001000000
16;1000000010000100000100001000000
17;1000001000000100000100001000000
14;1000010000000100000100001000000
10;0000110000000100000100001000000
10;0010010000000100000100001000000
7;0001010000000100000100001000000
8;0001000010000100000100001000000
6;0001000100000100000100001000000
11;0100000100000100000100001000000
8;0000100100000100000100001000000
7;1000000100000100000100001000000
22;1000000001000100000100001000000
28;1000000001000100000100000000001
11;1000010000000100000100000000001
15;0001010000000100000100000000001
14;0001000100000100000100000000001
7;0001001000000010000010000000100
7;1000001000000010000010000000100
4;1000000100000010000010000000100
5;1000000010000010000010000000100
4;0010000010000010000010000000100
7;0010000100000010000010000000100
5;0010010000000010000010000000100
4;0010000001000010000010000000100
8;0010001000000010000010000000100
4;0100001000000010000010000000100
6;0100000100000010000010000000100
5;0000100100000010000010000000100
4;0000101000000010000010000000100
6;0010001000000010010000000000001
7;0010000001000010010000000000001
7;0010000100000010010000000000001
7;0010000100000010010000000010000
10;0010001000000010010000000010000
10;0001001000000010010000000010000
12;0000101000000010010000000010000
11;1000001000000010010000000010000
8;1000000001000010010000000010000
8;1000000001000001010000000010000
16;0000100001000001010000000010000
15;0000100001000010010000000010000
10;0100000001000010010000000010000
9;0100010000000010010000000010000
8;0100000100000010010000000010000
7;0000100100000010010000000010000
6;0001000100000010010000000010000
7;0001010000000010010000000010000
11;0001000001000010010000000010000
18;0001000010000010010000000010000
17;0100000010000010010000000010000
14;0010000010000010010000000010000
9;0010000001000010010000000010000
13;0010000001000001010000000010000
23;0100000001000001010000000010000
31;0100000010000001010000000010000
6;0100000100000100000010000000010
6;0100000010000100000010000000010
5;0100000010000001000010000000010
5;0100000010000001000000100000010
10;0100001000000001000000100000010
9;0100010000000001000000100000010
8;0010010000000001000000100000010
10;1000010000000001000000100000010
12;1000000100000001000000100000010
14;0100000100000001000000100000010
13;0000100100000001000000100000010
5;0000100010000001000000100000010
9;0000100001000001000000100000010
7;0100000001000001000000100000010
14;0100000001000001000001000000010
9;0100000001000010000001000000010
6;1000000001000010000001000000010
9;1000000100000010000001000000010
11;0100000100000010000001000000010
13;0100001000000010000001000000010
7;1000001000000010000001000000010
7;1000000010000010000001000000010
6;0100000010000010000001000000010
10;0001000010000010000001000000010
6;0001000001000010000001000000010
11;0001001000000010000001000000010
6;1000000001001000000000101000000
8;1000000001001000000001001000000
7;0000100001001000000001001000000
10;0000100010001000000001001000000
6;0000100100001000000001001000000
8;0001000100001000000001001000000
9;1000000100001000000001001000000
7;1000000100000001000001001000000
7;0001000100000001000001001000000
6;0001001000000001000001001000000
5;1000001000000001000001001000000
6;1000001000010000000001001000000
10;0000101000010000000001001000000
17;0000110000010000000001001000000
21;0100010000010000000001001000000
10;0100000100010000000001001000000
16;1000000100010000000001001000000
11;1000000001010000000001001000000
9;1000010000010000000001001000000
18;0010010000010000000001001000000
8;0001010000010000000001001000000
11;0001001000010000000001001000000
14;0001000010010000000001001000000
11;0010000010010000000001001000000
10;0100000010010000000001001000000
6;0001001000000000100000010000001
7;0001001000000000100000010001000
6;0001000100000000100010000001000
5;0000100100000000100010000001000
6;1000000001000000100010000001000
7;1000001000100000000010000001000
11;0001000100100000000010000001000
6;0001000001100000000010000000001
7;0001000010100000000000100000001
15;0100000010100000000000100000001
16;0100000100100000000000100000001
17;0100000100100000000100000000001
12;0010000100100000000100000000001
17;0010000010100000000100000000001
20;0010010000100000000100000000001
11;0010010000100000000000010000001
12;0000110000100000000000010000001
10;0001010000100000000000010000001
10;0001000001100000000000010000001
12;0001000001100000000000010001000
16;0010000001100000000000010001000
27;0010000001100000000100000001000
15;0010010000100000000100000001000
14;0010010000100000000000010001000
26;0010001000100000000000010001000
12;0010000100100000000000010001000
7;0100001000010000010000001000000
8;0100000100010000010000001000000
9;0001000100010000010000001000000
9;0001010000010000010000001000000
10;0100010000010000010000001000000
12;0100000001010000010000001000000
9;1000000001010000010000001000000
12;1000000100010000010000001000000
11;0010000100010000010000001000000
8;0010000001010000010000001000000
7;0010001000010000010000001000000
18;0000101000010000010000001000000
14;0000100100010000010000001000000
12;0000110000010000010000001000000
16;0000100010010000010000001000000
14;0001000010010000010000001000000
9;0010000010010000010000001000000
9;0010010000010000010000001000000
7;0010010000010000000000101000000
6;1000010000010000000000101000000
7;1000010000010000000000100000010
14;1000000010010000000000100000010
8;0000100010010000000000100000010
9;0000100010010000000000100001000
25;0000100100010000000000100001000
6;1000001000100000001000001000000
7;0000101000100000001000001000000
8;0100001000100000001000001000000
9;0100000100100000001000001000000
10;0000100100100000001000001000000
7;1000000100100000001000001000000
10;1000000001100000001000001000000
13;1000000001100000001000000000001
10;1000001000100000001000000000001
15;0100001000100000001000000000001
16;0100000010100000001000000000001
15;0100010000100000001000000000001
18;0100000100100000001000000000001
19;0100000001100000001000000000001
15;0100000001100000001000000100000
21;1000000001100000001000000100000
22;1000000100100000001000000100000
22;1000000010100000001000000100000
10;1000000010000000101000000100000
10;1000010000000000101000000100000
13;1000000100000000101000000100000
21;0001000100000000101000000100000
14;0000100100000000101000000100000
15;0000101000000000101000000100000
20;0001001000000000101000000100000
9;0001001000000000101000000000010
6;0000100100000001000010000100000
6;0000100010000001000010000100000
8;0010000010000001000000100100000
7;0100001000000001000000100100000
10;0100001000010000000000100100000
11;0001001000010000001000000100000
12;0100001000010000001000000000001
12;0000101000010000001000000000001
14;0000100001010000001000000000001
15;0000110000010000001000000000001
16;0000100100010000001000000000001
17;0100000100010000001000000000001
12;0100000100000000101000000000001
8;0100001000000000101000000000001
9;0100000010000000101000000000001
10;0100000010000000101000000100000
22;0001000010000000101000000100000
21;0001010000000000101000000100000
11;0010010000000000101000000100000
25;0010000001000000101000000100000
17;0100000001000000101000000100000
27;0100000100000000101000000100000
21;0001000100000000101000000100000
29;0001000001000000101000000100000
13;0000100001000000101000000100000
12;0000110000000000101000000100000
7;0000110000100000001000001000000
8;1000010000100000001000001000000
7;1000000100100000001000001000000
6;1000001000100000001000001000000
8;0100001000100000001000001000000
9;0001001000100000001000001000000
12;0001000100100000001000001000000
9;0100000100100000001000001000000
8;0100010000100000001000001000000
7;0100010000100000001000000000010
10;1000010000100000001000000000010
14;0010010000100000001000000000010
16;0010000100100000001000000000010
20;0100000100100000001000000000010
21;0100000001100000001000000000010
22;0100000001100000001000000000100
20;0100000100100000001000000000100
15;0100000100100000000000010000100
16;0100000010100000000000010000100
26;0100010000100000000000010000100
27;0100001000100000000000010000100
14;0100000001100000000000010000100
24;0010000001100000000000010000100
30;0010001000100000000000010000100
26;0010001000100000000100000000100
7;0100010000000010000010000010000
6;0100001000000010000010000010000
4;1000001000000010000010000010000
6;1000010000000010000010000010000
7;0001010000000010000010000010000
4;0000110000000010000010000010000
4;0000101000000010000010000010000
5;0001001000000010000010000010000
5;0100001000000010010000000000010
6;0000101000000010010000000000010
7;0010001000000010010000000000010
8;0010001000000010010000000100000
9;0010000010000010010000000100000
10;0010010000000010010000000100000
9;0001010000000010010000000100000
10;0001000010000010010000000100000
7;1000000010000010010000000100000
8;0100000010000010010000000100000
9;0100000001000010010000000100000
10;0000100001000010010000000100000
19;0000100001000000110000000100000
20;1000000001000000110000000100000
21;0001000001000000110000000100000
22;0001000001000100010000000100000
23;1000000001000100010000000100000
24;0010000001000100010000000100000
25;0010000010000100010000000100000
26;0001000010000100010000000100000
22;1000000010000100010000000100000
21;1000001000000100010000000100000
29;0010001000000100010000000100000
28;0000101000000100010000000100000
28;0100001000000100010000000100000
7;0010000100001000000000100000001
7;0100000100001000000000100000001
9;0100001000001000000000100000001
8;0100000010001000000000100000001
11;0100000010001000000000100100000
12;0000100010001000000000100100000
13;0010000010001000000000100100000
14;0010000100001000000000100100000
15;0010000100001000000100000100000
16;0010000100000001000100000100000
15;0001000100000001000100000100000
18;0001000010000001000100000100000
18;0001001000000001000100000100000
16;0001001000000001000100000000010
16;0001000100000001000100000000010
19;0001000001000001000100000000010
13;0001000001000001000100000000100
21;1000000001000001000100000000100
11;0100000001000001000100000000100
12;0000100001000001000100000000100
27;0000100001000001000100000000010
10;1000000001000001000100000000010
16;1000010000000001000100000000010
7;0100010000000001000100000000010
31;0100000001000001000100000000010
6;0000101000000010000001000000001
7;0000101000000000100001000000001
8;0000101000000000100001000000100
9;0000110000000000100001000000100
10;0100010000000000100001000000100
11;0100010000010000000001000000100
12;0010010000010000000001000000100
13;0010000010010000000001000000100
14;0100000010010000000001000000100
15;0000100010010000000001000000100
16;0001000010010000000001000000100
17;0001000100010000000001000000100
18;0000100100010000000001000000100
19;0000100100010000000000010000100
20;0010000100010000000000010000100
21;0001000100010000000000010000100
22;1000000100010000000000010000100
23;1000010000010000000000010000100
17;0001010000010000000000010000100
25;0010010000010000000000010000100
26;0010010000010000000100000000100
27;0010000010010000000100000000100
28;0010000010010000000000010000100
21;0010001000010000000000010000100
30;0010001000010000000100000000100
31;0010000100010000000100000000100
7;0000100010000100000000010000010
7;0000100001000100000000010000010
9;0010000001000100000000010000010
10;0010000100000100000000010000010
11;0100000100000100000000010000010
12;0100010000000100000000010000010
13;0100000010000100000000010000010
7;0100000001000100000000010000010
15;0100000001000100000000010000100
14;0010000001000100000000010000100
17;0010000010000100000000010000100
9;0000100010000100000000010000100
19;0000110000000100000000010000100
19;0000110000000100000001000000100
21;0000110000000100000001000000001
22;0000100001000100000001000000001
8;0000100001000100000000100000001
12;0000101000000100000000100000001
18;0000101000000100001000000000001
26;0000110000000100001000000000001
27;0000100100000100001000000000001
14;0000100010000100001000000000001
29;0000100010000100001000000000100
30;0000100001000100001000000000100
31;0100000001000100001000000000100
6;0010000100000010000001000000001
6;0010001000000010000001000000001
9;0010001000000010000001000010000
9;0010000001000010000001000010000
11;0010000010000010000001000010000
11;1000000010000010000001000010000
13;1000010000000010000001000010000
14;0010010000000010000001000010000
15;0100010000000010000001000010000
15;0001010000000010000001000010000
14;0001001000000010000001000010000
11;0001000001000010000001000010000
13;0001000010000010000001000010000
20;0100000010000010000001000010000
13;0100001000000010000001000010000
11;1000001000000010000001000010000
10;1000000100000010000001000010000
10;1000000001000010000001000010000
9;1000000001000001000001000010000
24;1000000100000001000001000010000
27;1000001000000001000001000010000
28;1000010000000001000001000010000
29;0001010000000001000001000010000
30;0000110000000001000001000010000
21;0000100010000001000001000010000
7;0100010000000000100100001000000
8;1000010000000000100100001000000
9;0001010000000000100100001000000
7;0001000010000000100100001000000
6;0100000010000000100100001000000
8;1000000010000000100100001000000
6;1000001000000000100100001000000
7;0100001000000000100100001000000
8;0100001000010000000100001000000
7;1000001000010000000100001000000
6;0010001000010000000100001000000
18;0010010000010000000100001000000
8;0010000001010000000100001000000
8;0010000010010000000100001000000
18;0010000010010000000000011000000
7;0010000001010000000000011000000
12;0100000001010000000000011000000
6;1000000001010000000000011000000
9;1000000001010000010000001000000
12;1000000100010000010000001000000
8;1000000100010000010000000000001
9;1000010000010000010000000000001
10;1000010000010000010000001000000
16;1000000010010000010000001000000
16;0000100010010000010000001000000
7;1000010000100000000010000100000
8;1000000010100000000010000100000
9;1000000010100000000000100100000
10;1000001000100000000000100100000
11;1000000100100000000000100100000
12;1000000001100000000000100100000
13;0000100001100000000000100100000
14;0000101000100000000000100100000
15;0001001000100000000000100100000
16;0001000100100000000000100100000
11;0001010000100000000000100100000
17;0010010000100000000000100100000
15;0010001000100000000000100100000
20;0010001000100000001000000100000
21;1000001000100000001000000100000
22;1000000010100000001000000100000
22;1000000100100000001000000100000
21;1000000001100000001000000100000
23;0001000001100000001000000100000
15;0001010000100000001000000100000
11;0100010000100000001000000100000
28;1000010000100000001000000100000
12;0010010000100000001000000100000
13;0010000001100000001000000100000
14;0000100001100000001000000100000
6;0010010000000010000000010100000
7;0010010000000010000100000100000
8;0001010000000010000100000100000
9;1000010000000010000100000100000
7;1000000100000010000100000100000
11;1000000001000010000100000100000
12;1000000001000001000100000100000
12;0010000001000001000100000100000
12;0001000001000001000100000100000
15;0001000100000001000100000100000
16;0010000100000001000100000100000
17;0100000100000001000100000100000
7;0100000100000001000000100100000
7;0100001000000001000000100100000
10;0100001000010000000000100100000
21;0100000100010000000000100100000
17;1000000100010000000000100100000
17;1000000010010000000000100100000
24;1000000001010000000000100100000
13;0010000001010000000000100100000
21;0010000100010000000000100100000
27;0000100100010000000000100100000
10;0000100010010000000000100100000
12;0000100010010000000010000100000
13;0000100100010000000010000100000
21;0000100001010000000010000100000
6;0100000010010000000010000001000
8;0000101000010000000010000001000
9;0000100010010000000000100001000
10;1000000010010000000000100001000
11;0010000010010000000000100001000
12;0001000010010000000000100001000
13;0100000010010000000000100001000
14;0100000100010000000000100001000
12;0100000001010000000000100001000
16;0100000001010000000001000001000
17;0100001000010000000001000001000
18;0100010000010000000001000001000
19;0100000100010000000001000001000
20;0100000100000000100001000001000
21;0000100100000000100001000001000
22;0000100010000000100001000001000
6;0000100010000000100000010001000
7;1000000010000000100000010001000
11;0100000010000000100000010001000
15;0100000001000000100000010001000
12;0100000100000000100000010001000
16;0100001000000000100000010001000
7;0001001000000000100000010001000
6;0001001000000000100000010000001
8;0001010000000000100000010000001
7;0000101000000100000010000100000
8;0010001000000100000010000100000
9;0010000001000100000010000100000
10;0010010000000100000010000100000
11;0001010000000100000010000100000
7;0001000010000100000010000100000
8;0001000010000100000000010100000
7;0001000010000001000000010100000
14;0010000010000001000000010100000
7;0100000010000001000000010100000
10;0000100010000001000000010100000
18;0000100010000100000000010100000
19;0000100010000100000001000100000
20;0000101000000100000001000100000
21;0100001000000100000001000100000
22;0010001000000100000001000100000
23;0001001000000100000001000100000
24;0001000010000100000001000100000
25;0100000010000100000001000100000
26;0010000010000100000001000100000
27;0010000010000001000001000100000
20;0010000001000001000001000100000
27;0010000100000001000001000100000
30;0001000100000001000001000100000
31;0000100100000001000001000100000
7;0010010000000000100000100010000
8;1000010000000000100000100010000
9;0001010000000000100000100010000
10;0001010000000000110000000010000
11;0001001000000000110000000010000
12;0001000001000000110000000010000
13;0100000001000000110000000010000
14;0100000010000000110000000010000
15;0001000010000000110000000010000
16;0010000010000000110000000010000
12;0010000010001000010000000010000
18;1000000010001000010000000010000
19;0000100010001000010000000010000
12;0000100100001000010000000010000
9;1000000100001000010000000010000
22;0010000100001000010000000010000
16;0010000100001000010000000000001
17;0000100100001000010000000000001
25;0000100001001000010000000000001
26;0000100010001000010000000000001
27;0000110000001000010000000000001
18;0000110000001000000000100000001
10;0010010000001000000000100000001
19;0010010000001000000000100010000
16;0001010000001000000000100010000
6;0100000100000010000010000001000
7;0010000100000010000010000001000
7;1000000100000010000010000001000
4;1000010000000010000010000001000
4;0010010000000010000010000001000
4;0100010000000010000010000001000
8;0100001000000010000010000001000
6;0001001000000010000010000001000
7;0010001000000010000010000001000
6;0010000001000010000010000001000
4;1000000001000010000010000001000
7;1000001000000010000010000001000
6;0100000001000000100010000001000
7;0100001000000000100010000001000
6;0010001000000000100010000001000
7;0010000001000000100010000001000
5;0001000001000000100010000001000
7;0001000001000100000010000001000
12;0001001000000100000010000001000
11;0001001000000100000000010001000
8;0001000010000100000000010001000
15;1000000010000100000000010001000
8;1000000010000100000000010000010
17;1000000010000100010000000000010
9;1000010000000100010000000000010
7;1000010000000100000000010000010
20;1000000001000100000000010000010
21;1000000001000100000000010000100
14;0010000001000100000000010000100
9;0010000001000100000000010000010
7;0100000001000100000000010000010
12;0100001000000100000000010000010
23;0010001000000100000000010000010
26;0010001000000100000100000000010
26;1000001000000100000100000000010
28;1000000100000100000100000000010
27;1000000010000100000100000000010
18;1000010000000100000100000000010
7;0100000010001000001000001000000
8;1000000010001000001000001000000
9;0001000010001000001000001000000
8;0001000100001000001000001000000
8;0000100100001000001000001000000
7;0000101000001000001000001000000
9;0000100001001000001000001000000
10;0010000001001000001000001000000
10;0010010000001000001000001000000
7;0010000100001000001000001000000
9;1000000100001000001000001000000
11;1000000001001000001000001000000
11;0100000001001000001000001000000
7;0100001000001000001000001000000
10;0100010000001000001000001000000
12;0100010000001000001000000000010
23;0100000001001000001000000000010
15;0100000100001000001000000000010
9;0100000010001000001000000000010
10;1000000010001000001000000000010
27;1000001000001000001000000000010
11;0010001000001000001000000000010
18;0010001000001000001000000100000
25;0010001000001000000000100100000
7;0010001000000000100000100100000
6;0001010000000010000000100100000
6;0000110000000010000000100100000
8;0000110000000000100000100100000
9;0000100100000000100000100100000
9;0000100001000000100000100100000
6;0000100010000000100000100100000
7;1000000010000000100000100100000
12;1000000100000000100000100100000
8;0001000100000000100000100100000
11;0010000100000000100000100100000
16;0010000001000000100000100100000
7;0010001000000000100000100100000
8;1000001000000000100000100100000
9;1000001000000000101000000100000
20;0001001000000000101000000100000
21;0001010000000000101000000100000
21;0001000100000000101000000100000
13;1000000100000000101000000100000
22;1000000100100000001000000100000
25;0000100100100000001000000100000
20;0000101000100000001000000100000
27;0000100010100000001000000100000
28;0010000010100000001000000100000
13;0010000001100000001000000100000
23;0001000001100000001000000100000
30;0001000100100000001000000100000
6;1000001000000010000000010000100
6;0100001000000010000000010000100
6;0010001000000010000000010000100
7;0010001000000010000100000000100
9;0010010000000010000100000000100
10;0001010000000010000100000000100
12;0001001000000010000100000000100
10;0001000100000010000100000000100
12;1000000100000010000100000000100
9;1000001000000010000100000000100
16;1000000010000010000100000000100
10;0001000010000010000100000000100
7;0010000010000010000100000000100
9;0000100010000010000100000000100
12;0000100010000000100100000000100
15;0000100010000000100100000000001
22;0100000010000000100100000000001
22;0100000010000000100100000100000
21;0001000010000000100100000100000
14;0000100010000000100100000100000
20;0010000010000000100100000100000
19;0010001000000000100100000100000
28;0100001000000000100100000100000
23;0100000001000000100100000100000
16;1000000001000000100100000100000
15;1000000001100000000100000100000
7;0100000010000001000000010100000
8;0100001000000001000000010100000
9;0000101000000001000000010100000
10;0000100010000001000000010100000
11;1000000010000001000000010100000
12;1000000010000001010000000100000
13;1000001000000001010000000100000
14;1000001000000001010000000000010
8;0001001000000001010000000000010
7;0001000001000001010000000000010
16;0001000001000001010000000000100
18;0001000100000001010000000000100
10;1000000100000001010000000000100
20;0010000100000001010000000000100
11;0010000100001000010000000000100
22;0010000001001000010000000000100
23;0001000001001000010000000000100
24;0001000100001000010000000000100
25;1000000100001000010000000000100
26;1000001000001000010000000000100
27;1000000001001000010000000000100
12;1000000001001000010000000000010
29;0000100001001000010000000000010
30;0000100001001000010000000000100
29;0100000001001000010000000000100
7;0000100100100000000100001000000
8;0010000010100000000100001000000
9;0100010000100000000100001000000
10;0010010000100000000100000000010
11;1000000001100000000100000000010
12;0000100100100000000100000000010
13;0001000010100000000100000000010
14;0100000010100000000100000001000
15;0000100100100000000100000001000
16;1000001000100000000100000001000
15;0010010000100000000100000001000
14;0010010000100000000000010001000
12;0010000100100000000000010001000
14;0010000100100000000100000001000
21;0100000100100000000100000001000
20;0001000100100000000100000001000
19;1000000100100000000100000001000
21;1000000100000000100100000001000
19;1000000001000000100100000001000
17;0001000001000000100100000001000
19;0001001000000000100100000001000
28;0001010000000000100100000001000
29;0100010000000000100100000001000
26;0100010000010000000100000001000
15;0100000100010000000100000001000
6;0000101000000010000000010010000
7;0000101000000000100000010010000
8;0001001000000000100000010010000
9;0001010000000000100000010010000
6;0001000100000000100000010010000
7;0001000100000100000000010010000
8;0001000001000100000000010010000
13;0001010000000100000000010010000
8;0001010000000100000010000010000
9;1000010000000100000010000010000
11;1000000001000100000010000010000
8;1000000100000100000010000010000
11;1000001000000100000010000010000
7;0010001000000100000010000010000
7;0010010000000100000010000010000
9;0010000100000100000010000010000
7;0010000001000100000010000010000
11;0000100001000100000010000010000
10;0000101000000100000010000010000
13;0000110000000100000010000010000
9;0000100100000100000010000010000
12;0000100010000100000010000010000
7;1000000010000100000010000010000
24;1000000010000100000000100010000
19;1000000001000100000000100010000
20;1000000100000100000000100010000
4;0000101000000010000010000010000
6;0100001000000010000010000010000
7;0100010000000010000010000010000
7;0001010000000010000010000010000
5;0001001000000010000010000010000
4;1000001000000010000010000010000
6;1000010000000010000010000010000
4;0000110000000010000010000010000
6;0001000001000100000001001000000
7;0000100001000100000001001000000
6;0000110000000100000001001000000
9;0000110000000100000001000000010
10;0100010000000100000001000000010
11;0100000010000100000001000000010
12;0100000100000100000001000000010
13;0100000100000100000001000010000
14;0000100100000100000001000010000
14;0001000100000100000001000010000
15;0010000100000100000001000010000
15;1000000100000100000001000010000
18;1000000001000100000001000010000
19;1000010000000100000001000010000
20;0100010000000100000001000010000
15;0010010000000100000001000010000
18;0010010000000100000001000000001
21;0000110000000100000001000000001
19;0001010000000100000001000000001
12;0001000010000100000001000000001
11;0001000001000100000001000000001
16;0001000100000100000001000000001
19;0100000100000100000001000000001
15;0100010000000100000001000000001
30;0100000010000100000001000000001
8;0100000010000001000001000000001
4;0010000100000010001000001000000
5;1000000100000010001000001000000
7;0010010000001000000010000100000
7;0010000100001000000010000100000
9;1000000100001000000010000100000
9;0000100100001000000010000100000
11;0000101000001000000010000100000
12;0100001000001000000010000100000
11;0001001000001000000010000100000
11;1000001000001000000010000100000
13;1000000010001000000010000100000
7;0100000010001000000010000100000
13;0100000001001000000010000100000
12;1000000001001000000010000100000
11;1000010000001000000010000100000
13;0100010000001000000010000100000
10;0001010000001000000010000100000
22;0001010000001000000000010100000
22;0000110000001000000000010100000
9;0010010000001000000000010100000
19;0010000100001000000000010100000
17;1000000100001000000000010100000
8;1000000100000001000000010100000
11;1000000100000001010000000100000
12;1000000010000001010000000100000
26;0000100010000001010000000100000
19;0000100100000001010000000100000
6;0000100010100000000010000000010
5;0000100100100000000010000000010
8;0010000100100000000010000000010
9;0010000100100000000010000010000
10;0010000010100000000010000010000
11;1000000010100000000010000010000
8;0000100010100000000010000010000
10;0000100010100000000000100010000
14;0000110000100000000000100010000
15;0000110000000001000000100010000
16;0100010000000001000000100010000
8;0100000100000001000000100010000
18;0010000100000001000000100010000
9;1000000100000001000000100010000
20;1000000100000001000100000010000
21;1000000001000001000100000010000
22;0100000001000001000100000010000
15;0100000010000001000100000010000
16;1000000010000001000100000010000
14;0001000010000001000100000010000
26;0001001000000001000100000010000
27;0001010000000001000100000010000
24;1000010000000001000100000010000
25;1000001000000001000100000010000
30;0100001000000001000100000010000
31;0100001000010000000100000010000
7;1000000100000100000000100000001
7;1000010000000100000000100000001
6;1000000001000100000000100000001
10;0010000001000100000000100000001
9;0010001000000100000000100000001
12;0010001000000100000000100010000
13;0000101000000100000000100010000
14;0100001000000100000000100010000
15;0100000001000100000000100010000
15;0100010000000100000000100010000
14;0100000010000100000000100010000
7;0100000010000100000010000010000
13;0100001000000100000010000010000
9;0001001000000100000010000010000
8;0001010000000100000010000010000
10;0100010000000100000010000010000
13;0000110000000100000010000010000
9;0000100100000100000010000010000
11;0000100001000100000010000010000
11;1000000001000100000010000010000
8;0001000001000100000010000010000
8;0001000001000100000000010010000
29;0010000001000100000000010010000
13;0010000001000100000000010000001
11;0010000100000100000000010000001
4;0000101000000001000010000000010
5;0001001000000001000010000000010
6;0010001000000001000010000000010
6;0010001000010000000010000000010
6;1000001000010000000010000000010
8;0000101000010000000010000000010
9;0000101000010000000010000100000
11;0000110000010000000010000100000
12;0000100010010000000010000100000
13;0010000010010000000010000100000
7;0010010000010000000010000100000
10;0010001000010000000010000100000
12;0010000100010000000010000100000
#<Time>=0.830811s/900
#<PlanCost>=single integer value
#<State>=Atom at-airplane(plane2, auckland);Atom at-airplane(plane2, brisbane);Atom at-airplane(plane2, melbourne);Atom at-airplane(plane2, perth);Atom at-airplane(plane2, sydney);Atom at-airplane(plane1, auckland);Atom at-airplane(plane1, brisbane);Atom at-airplane(plane1, melbourne);Atom at-airplane(plane1, perth);Atom at-airplane(plane1, sydney);Atom at-person(kevin, auckland);Atom at-person(kevin, brisbane);Atom at-person(kevin, melbourne);Atom at-person(kevin, perth);Atom at-person(kevin, sydney);Atom in-airplane(kevin, plane1);Atom in-airplane(kevin, plane2);Atom at-person(jane, auckland);Atom at-person(jane, brisbane);Atom at-person(jane, melbourne);Atom at-person(jane, perth);Atom at-person(jane, sydney);Atom in-airplane(jane, plane1);Atom in-airplane(jane, plane2);Atom at-person(ian, auckland);Atom at-person(ian, brisbane);Atom at-person(ian, melbourne);Atom at-person(ian, perth);Atom at-person(ian, sydney);Atom in-airplane(ian, plane1);Atom in-airplane(ian, plane2);
14;0010000001010000000010000100000
16;1000000001010000000010000100000
10;0001000001010000000010000100000
12;0001000100010000000010000100000
20;0001000100010000000000010100000
19;0001010000010000000000010100000
23;0000110000010000000000010100000
24;0010010000010000000000010100000
25;0010000010010000000000010100000
26;0010000010010000000100000100000
25;0010010000010000000100000100000
24;0010000100010000000100000100000
20;1000000100010000000100000100000
17;1000000100010000000000100100000
27;0000100100010000000000100100000
6;1000010000000001001000001000000
6;0001010000000001001000001000000
8;0010010000000001001000001000000
9;0010010000000001001000000000010
10;0010000001000001001000000000010
11;0001000001000001001000000000010
6;0001000001000010001000000000010
7;0001000010000010001000000000010
6;0010000010000010001000000000010
6;0010000001000010001000000000010
8;0000100001000010001000000000010
9;0000100001000001001000000000010
11;0000100010000001001000000000010
13;0010000010000001001000000000010
20;0001000010000001001000000000010
12;0001000100000001001000000000010
9;0010000100000001001000000000010
23;0010000100001000001000000000010
12;0001000100001000001000000000010
15;0100000100001000001000000000010
12;0100010000001000001000000000010
27;0100010000001000000000010000010
17;0100001000001000000000010000010
10;0000101000001000000000010000010
12;1000001000001000000000010000010
8;0001001000001000000000010000010
4;0001010000000010000100001000000
5;0100010000000010000100001000000
5;0100001000000010000100001000000
4;0001001000000010000100001000000
6;1000001000000010000100001000000
5;1000000001000010000100001000000
4;0001000001000010000100001000000
3;0010010000000010000000100000010
6;0100010000000010000000100000010
6;0100000001000010000000100000010
6;0100000001000010000000100000100
8;0100000100000010000000100000100
7;0001000100000010000000100000100
10;0001000100000010000100000000100
10;0000100100000010000100000000100
9;0000100010000010000100000000100
7;0010000010000010000100000000100
16;1000000010000010000100000000100
9;1000001000000010000100000000100
11;0000101000000010000100000000100
6;0000101000000010000100000000001
13;0000100010000010000100000000001
15;0000100010000000100100000000001
12;0001000010000000100100000000001
23;0001000100000000100100000000001
6;1000000100000000100100000000001
25;1000000001000000100100000000001
26;0001000001000000100100000000001
14;0001010000000000100100000000001
27;0001001000000000100100000000001
25;0010001000000000100100000000001
10;0010001000000000100100000010000
9;0010000001000000100100000010000
3;0010000010000010000000100000010
3;0010010000000010000000100000010
6;0010000100000010000000100000010
4;0010001000000010000000100000010
6;0000101000000010000000100000010
8;1000001000000010000000100000010
4;1000000100000010000000100000010
7;0100000100000010000000100000010
5;0100000100000010000000100010000
6;0100001000000010000000100010000
14;0100010000000010000000100010000
9;0100010000000010010000000010000
15;0100001000000010010000000010000
10;0010001000000010010000000010000
9;0010000001000010010000000010000
11;0001000001000010010000000010000
8;1000000001000010010000000010000
15;0000100001000010010000000010000
10;0100000001000010010000000010000
8;0100000100000010010000000010000
17;0100000010000010010000000010000
16;0000100010000010010000000010000
19;0000110000000010010000000010000
7;1000010000000010010000000010000
7;0001010000000010010000000010000
10;0001001000000010010000000010000
18;0001000010000010010000000010000
6;0001000100000010010000000010000
7;0010000010000010010000000001000
8;0100000010000010010000000001000
9;0100000001000010010000000001000
10;0010000001000010010000000001000
10;0010001000000010010000000001000
12;0000101000000010010000000001000
13;0000100001000010010000000001000
14;0000100001000001010000000001000
15;0100000001000001010000000001000
16;0100010000000001010000000001000
17;0001010000000001010000000001000
18;0001010000000001010000000000001
16;0001010000100000010000000000001
20;0010010000100000010000000000001
7;1000010000100000010000000000001
22;0100010000100000010000000000001
17;0000110000100000010000000000001
24;0000110000100000010000000000100
25;1000010000100000010000000000100
15;1000000010100000010000000000100
27;0001000010100000010000000000100
28;0001001000100000010000000000100
29;0001000001100000010000000000100
30;0010000001100000010000000000100
31;0010000100100000010000000000100
4;0010000001000100000010001000000
5;0000100001000100000010001000000
4;0000100100000100000010001000000
4;0010000100000100000010001000000
4;1000000100000100000010001000000
4;0100000100000100000010001000000
7;0100001000000100000010001000000
4;0100000001000100000010001000000
9;1000000001000100000010001000000
4;1000001000000100000010001000000
6;0000101000000100000010001000000
7;0010001000000100000010001000000
6;0100000010000000100010000100000
7;0001000010000000100010000100000
8;0001000010000000100000010100000
9;0010000010000000100000010100000
10;0010000001000000100000010100000
11;0001000001000000100000010100000
12;1000000001000000100000010100000
11;1000010000000000100000010100000
14;1000000100000000100000010100000
15;1000000100100000000000010100000
16;0000100100100000000000010100000
17;0000110000100000000000010100000
18;0000100001100000000000010100000
16;0100000001100000000000010100000
20;0100001000100000000000010100000
8;1000001000100000000000010100000
9;0010001000100000000000010100000
23;0010010000100000000000010100000
24;0010000100100000000000010100000
25;0100000100100000000000010100000
23;0100000100100000000000010000001
7;1000000100100000000000010000001
8;0001000100100000000000010000001
10;0001001000100000000000010000001
9;0001000010100000000000010000001
14;0010000010100000000000010000001
6;1000000010000000100000010000010
7;1000000010000000110000000000010
9;1000000010000000110000000001000
10;0000100010000000110000000001000
11;0000100100000000110000000001000
12;1000000100000000110000000001000
13;0001000100000000110000000001000
14;0010000100000000110000000001000
15;0010001000000000110000000001000
16;0100001000000000110000000001000
17;0100000001000000110000000001000
18;0000100001000000110000000001000
13;0000100001000010010000000001000
14;0000100001000001010000000001000
9;0001000001000001010000000001000
19;0001001000000001010000000001000
23;0010001000000001010000000001000
24;0010000001000001010000000001000
10;0010000001000010010000000001000
10;0010001000000010010000000001000
7;0010000010000010010000000001000
6;0001000010000010010000000001000
7;0001000001000010010000000001000
9;0001000100000010010000000001000
8;0000100100000010010000000001000
5;0000100100000001000010000000010
6;0100000100000001000010000000010
5;0100000010000001000010000000010
5;0010000010000001000010000000010
9;0010000010000001000000100000010
10;0010001000000001000000100000010
11;0001001000000001000000100000010
12;0001001000000001000000100100000
13;0001001000010000000000100100000
12;0001001000010000000000100000010
15;0001010000010000000000100000010
16;0001010000010000010000000000010
17;0001000100010000010000000000010
16;0010000100010000010000000000010
19;0010000001010000010000000000010
13;0010000001010000010000000000100
12;0000100001010000010000000000100
19;0000100001010000010000000000001
22;0000100010010000010000000000001
22;0000110000010000010000000000001
9;1000010000010000010000000000001
12;0100010000010000010000000000001
11;0100010000010000000000100000001
11;0001010000010000000000100000001
21;0001010000010000000000100001000
15;0010010000010000000000100001000
19;1000010000010000000000100001000
5;0001001000000001001000001000000
6;1000010000000001001000001000000
6;0000100100000001001000001000000
6;0100000100001000001000001000000
8;1000000010001000001000001000000
12;1000000010001000001000000000001
8;1000000010001000001000001000000
9;0001000010001000001000001000000
10;0001000001001000001000001000000
9;0001010000001000001000001000000
10;0100010000001000001000001000000
7;0100000010001000001000001000000
13;0010000010001000001000001000000
8;0000100010001000001000001000000
8;0000100100001000001000001000000
9;0000100001001000001000001000000
7;0000101000001000001000001000000
7;0001001000001000001000001000000
14;1000001000001000001000001000000
11;1000000001001000001000001000000
22;1000000001001000001000000000001
25;1000000100001000001000000000001
17;0100000100001000001000000000001
19;0100000100000001001000000000001
14;0001000100000001001000000000001
6;0001001000010000000000010000001
7;0001000010010000000000010000001
7;0001010000010000000000010000001
6;0001010000010000000010000000001
7;0000110000010000000010000000001
8;0000100100010000000010000000001
6;0001000100010000000010000000001
6;0001000010010000000010000000001
8;0001000010010000000010000001000
7;0001000001010000000010000001000
9;0001001000010000000010000001000
9;0100001000010000000010000001000
8;0000101000010000000010000001000
7;0000101000000001000010000001000
6;0010001000000001000010000001000
6;1000001000000001000010000001000
9;1000010000000001000010000001000
12;1000010000100000000010000001000
24;0001010000100000000010000001000
11;0001000100100000000010000001000
17;0100000100100000000010000001000
12;0100000001100000000010000001000
13;0000100001100000000010000001000
8;0000100010100000000010000001000
19;0100000010100000000010000001000
10;0001000010100000000010000001000
4;0000101000000010000010000010000
4;0000110000000010000010000010000
6;1000010000000010000010000010000
7;0100010000000010000010000010000
7;0001010000000010000010000010000
5;0001001000000010000010000010000
4;1000001000000010000010000010000
6;0100001000000010000010000010000
6;0100000100000000110000001000000
7;0001000100000000110000001000000
7;0010000100000000110000001000000
10;0010000010000000110000001000000
11;0010000001000000110000001000000
11;0100000001000000110000001000000
7;0001000001000000110000001000000
6;0001000010000000110000001000000
10;0001000010000100010000001000000
9;0001000010000001010000001000000
8;0001000100000001010000001000000
6;0100000100000001010000001000000
6;0100010000000001010000001000000
5;0001010000000001010000001000000
8;0000110000000001010000001000000
9;0000110000100000010000001000000
14;0001010000100000010000001000000
15;0010010000100000010000001000000
7;0010010000100000000000101000000
7;0010001000100000000000101000000
23;0100001000100000000000101000000
5;0100010000100000000000101000000
9;0100010000100000000000100000010
27;0100000100100000000000100000010
9;0100000100100000000000100010000
7;0000101000000000100001000100000
8;0100001000000000100001000100000
9;0001001000000000100001000100000
10;0010001000000000100001000100000
11;0010010000000000100001000100000
12;0010000001000000100001000100000
13;0010000010000000100001000100000
14;0100000010000000100001000100000
15;1000000010000000100001000100000
16;1000010000000000100001000100000
17;0000110000000000100001000100000
14;0000110000000000100000010100000
16;0100010000000000100000010100000
11;1000010000000000100000010100000
7;0001010000000000100000010100000
13;0001000100000000100000010100000
14;0000100100000000100000010100000
14;0000100010000000100000010100000
15;1000000010000000100000010100000
10;1000001000000000100000010100000
6;0001001000000000100000010100000
18;0010001000000000100000010100000
10;0010000001000000100000010100000
12;1000000001000000100000010100000
31;0100000001000000100000010100000
4;0010010000000010000010000001000
7;0010001000000010000010000001000
8;0100001000000010000010000001000
6;0001001000000010000010000001000
7;1000001000000010000010000001000
4;1000000001000010000010000001000
4;1000010000000010000010000001000
4;0100010000000010000010000001000
6;0100000100000010000010000001000
7;0010000100000010000010000001000
6;0010000001000010000010000001000
6;0010001000000010000000010000100
7;0010001000000010000100000000100
7;0010000010000010000100000000100
9;0000100010000010000100000000100
10;0000100100000010000100000000100
7;0000100001000010000100000000100
7;0001000001000010000100000000100
10;0001000010000010000100000000100
10;0001010000000010000100000000100
9;0010010000000010000100000000100
12;0100010000000010000100000000100
7;0000110000000010000100000000100
6;0000110000000010000100000000001
5;0010010000000010000100000000001
6;0100010000000010000100000000001
17;0100000010000010000100000000001
8;0100000010000010000100000100000
12;0010000010000010000100000100000
7;0010010000000010000100000100000
11;0010000001000010000100000100000
11;1000000001000010000100000100000
10;0000100001000010000100000100000
9;0000100010000010000100000100000
16;0000101000000010000100000100000
18;0000101000000000100100000100000
17;0000100001000000100100000100000
4;0010000100000010001000001000000
5;1000000100000010001000001000000
6;0010001000000010000000010000100
6;0100001000000010000000010000100
6;1000001000000010000000010000100
9;1000001000000010010000000000100
8;0100001000000010010000000000100
12;0001001000000010010000000000100
13;0001010000000010010000000000100
11;0001000001000010010000000000100
14;0000100001000010010000000000100
8;0000100100000010010000000000100
10;0001000100000010010000000000100
9;0010000100000010010000000000100
10;0010000010000010010000000000100
12;0010001000000010010000000000100
13;0010000001000010010000000000100
11;0010010000000010010000000000100
12;0000110000000010010000000000100
8;0000110000000000110000000000100
17;0000100010000000110000000000100
8;0000100010000010010000000000100
7;1000000010000010010000000000100
9;0100000010000010010000000000100
10;0001000010000010010000000000100
7;0100000010000010001000000100000
8;0000100010000010001000000100000
9;0000100010000000101000000100000
10;1000000010000000101000000100000
11;1000000001000000101000000100000
10;1000010000000000101000000100000
13;1000000100000000101000000100000
14;0010000100000000101000000100000
15;0010000010000000101000000100000
10;0100000010000000101000000100000
17;0100000001000000101000000100000
18;0100010000000000101000000100000
19;0100010000010000001000000100000
20;0001010000010000001000000100000
21;0001000001010000001000000100000
20;0001000010010000001000000100000
23;0100000010010000001000000100000
24;0010000010010000001000000100000
25;0010000001010000001000000100000
26;0010010000010000001000000100000
27;0010001000010000001000000100000
27;0010000100010000001000000100000
28;0001000100010000001000000100000
18;1000000100010000001000000100000
19;1000000010010000001000000100000
4;1000001000000010000010000010000
6;0100001000000010000010000010000
4;0000101000000010000010000010000
5;0001001000000010000010000010000
7;0001010000000010000010000010000
7;0100010000000010000010000010000
6;1000010000000010000010000010000
4;0000110000000010000010000010000
4;1000000010001000000010001000000
4;1000010000001000000010001000000
8;1000001000001000000010001000000
7;0000101000001000000010001000000
4;0000110000001000000010001000000
4;0100010000001000000010001000000
7;0100001000001000000010001000000
7;0100000001001000000010001000000
4;0001000001001000000010001000000
7;0000100001001000000010001000000
6;1000001000000000100000100000010
7;0100001000000000100000100000010
9;0100001000010000000000100000010
10;0100010000010000000000100000010
11;0100000001010000000000100000010
8;1000000001010000000000100000010
13;0000100001010000000000100000010
13;0000110000010000000000100000010
15;0001010000010000000000100000010
16;0001000100010000000000100000010
17;0001000100010000000000100010000
18;0001000001010000000000100010000
14;0000100001010000000000100010000
20;0000100100010000000000100010000
14;1000000100010000000000100010000
13;1000010000010000000000100010000
23;1000010000010000010000000010000
24;0001010000010000010000000010000
24;0001001000010000010000000010000
26;0001000001010000010000000010000
27;0000100001010000010000000010000
28;0000110000010000010000000010000
29;0000110000010000000000100010000
12;0000100010010000000000100010000
11;0100000010010000000000100010000
7;0010000100001000000000100000001
8;0010000100001000000100000000001
9;0010000100000000100100000000001
6;1000000100000000100100000000001
7;1000000010000000100100000000001
12;0001000010000000100100000000001
13;0001000010000100000100000000001
14;0001000100000100000100000000001
15;0001000001000100000100000000001
16;0000100001000100000100000000001
17;0000100001000100000100000000100
18;0001000001000100000100000000100
19;0001001000000100000100000000100
20;0010001000000100000100000000100
21;0010010000000100000100000000100
22;0010000100000100000100000000100
23;0010000010000100000100000000100
24;0100000010000100000100000000100
25;0001000010000100000100000000100
18;0000100010000100000100000000100
27;1000000010000100000100000000100
28;1000001000000100000100000000100
29;1000000001000100000100000000100
30;0100000001000100000100000000100
31;0100000100000100000100000000100
6;0000101000010000000010000000100
7;0000100010010000000010000000100
8;1000000010010000000010000000100
9;1000000100010000000010000000100
9;1000010000010000000010000000100
11;1000000001010000000010000000100
10;0100000001010000000010000000100
6;0100001000010000000010000000100
9;0100000100010000000010000000100
15;0001000100010000000010000000100
16;0001000001010000000010000000100
9;0000100001010000000010000000100
7;0000100100010000000010000000100
8;0000100100010000000010000000001
9;0000100010010000000010000000001
6;0001000010010000000010000000001
9;0001000010010000000000100000001
11;0001010000010000000000100000001
10;0001001000010000000000100000001
18;0010001000010000000000100000001
26;0010001000010000000000100010000
23;0010000010010000000000100010000
16;0010000100010000000000100010000
20;0000100100010000000000100010000
13;0000101000010000000000100010000
14;0000100001010000000000100010000
4;0000100100000010000000010000001
5;0000100100000000100000010000001
7;0000100001000000100000010000001
8;1000000001000000100000010000001
4;1000000001000000100000011000000
10;1000001000000000100000011000000
4;1000000010000000100000011000000
8;0100000010000000100000011000000
4;0100001000000000100000011000000
7;0010001000000000100000011000000
8;0010001000000000100100001000000
6;0010001000001000000100001000000
12;1000001000001000000100001000000
18;1000001000001000000100000000001
19;0000101000001000000100000000001
14;0000100100001000000100000000001
8;0010000100001000000100000000001
9;0010000100000000100100000000001
14;0000100100000000100100000000001
24;0000100001000000100100000000001
24;0000101000000000100100000000001
25;0010001000000000100100000000001
27;0001001000000000100100000000001
12;0001000010000000100100000000001
22;0100000010000000100100000000001
15;0000100010000000100100000000001
12;0000100010000000100100000000100
5;0000100100000010000001000000001
8;0000100100000010000001000000100
9;0000100010000010000001000000100
10;0001000010000010000001000000100
11;0001001000000010000001000000100
12;0001010000000010000001000000100
10;0000110000000010000001000000100
14;0010010000000010000001000000100
8;0010001000000010000001000000100
9;0000101000000010000001000000100
17;1000001000000010000001000000100
18;1000010000000010000001000000100
19;1000000001000010000001000000100
5;1000000001000010000000100000100
10;1000000001000001000000100000100
11;1000001000000001000000100000100
12;1000001000010000000000100000100
24;0001001000010000000000100000100
9;0001000010010000000000100000100
14;0001010000010000000000100000100
15;1000010000010000000000100000100
24;0100010000010000000000100000100
25;0100000001010000000000100000100
13;0100000001000000100000100000100
12;1000000001000000100000100000100
7;0000100100000001000000010000100
8;0000100010000001000000010000100
9;0000100010000001000001000000100
10;1000000010000001000001000000100
11;1000000100000001000001000000100
12;1000000100001000000001000000100
13;1000001000001000000001000000100
14;0001001000001000000001000000100
15;0001000010001000000001000000100
14;0001000100001000000001000000100
15;0001000100000001000001000000100
16;0001010000000001000001000000100
19;1000010000000001000001000000100
20;1000010000100000000001000000100
21;0100010000100000000001000000100
22;0100000010100000000001000000100
17;0001000010100000000001000000100
24;0001000100100000000001000000100
16;0001010000100000000001000000100
24;0001000001100000000001000000100
21;0001000001100000000000100000100
26;0001000100100000000000100000100
24;0001000010100000000000100000100
22;1000000010100000000000100000100
6;1000000010000000100000100000100
7;1000000100010000000000100000001
8;0000100100010000000000100000001
9;0010000100010000000000100000001
10;0010010000010000000000100000001
11;0010000001010000000000100000001
8;1000000001010000000000100000001
10;0100000001010000000000100000001
14;0001000001010000000000100000001
15;0001000100010000000000100000001
16;0100000100010000000000100000001
15;0100001000010000000000100000001
11;0100010000010000000000100000001
11;0001010000010000000000100000001
9;0001000010010000000000100000001
10;0001001000010000000000100000001
7;0000101000010000000000100000001
23;0000101000010000000000100000100
12;1000001000010000000000100000100
11;1000001000000001000000100000100
15;0010001000000001000000100000100
23;0010001000000001001000000000100
17;0000101000000001001000000000100
23;0000101000000001001000000000001
22;0010001000000001001000000000001
24;0010001000000001001000000010000
6;0100000100000000110000001000000
7;0010000100000000110000001000000
7;0001000100000000110000001000000
7;0001000001000000110000001000000
8;0001000001000100010000001000000
7;0001001000000100010000001000000
9;0010001000000100010000001000000
9;0000101000000100010000001000000
11;0000100100000100010000001000000
15;1000000100000100010000001000000
12;0001000100000100010000001000000
10;0001000010000100010000001000000
6;0001000010000000110000001000000
7;0100000010000000110000001000000
11;0100000001000000110000001000000
12;0100000001010000010000001000000
10;0100010000010000010000001000000
7;0100001000010000010000001000000
7;0010001000010000010000001000000
18;0000101000010000010000001000000
14;0000100100010000010000001000000
16;0000100010010000010000001000000
13;0000100001010000010000001000000
8;0010000001010000010000001000000
10;0001000001010000010000001000000
9;0001000100010000010000001000000
6;0001000100000010000000100000010
4;0001000001000010000000100000010
6;0100000001000010000000100000010
6;0100010000000010000000100000010
7;0100000100000010000000100000010
4;1000000100000010000000100000010
6;0010000100000010000000100000010
5;0010000001000010000000100000010
4;0010001000000010000000100000010
3;0010010000000010000000100000010
3;0010000010000010000000100000010
6;1000001000000000100000100000010
7;0100001000000000100000100000010
8;0100001000000000101000000000010
7;0100000010000000101000000000010
8;0100000010000000101000000001000
11;0100000100000000101000000001000
12;0100000100000000100000010001000
13;1000000100000000100000010001000
14;0001000100000000100000010001000
7;0001001000000000100000010001000
16;0010001000000000100000010001000
9;0010000001000000100000010001000
8;1000000001000000100000010001000
7;1000000010000000100000010001000
9;1000000010000000110000000001000
21;1000000010100000010000000001000
20;1000000010100000000000010001000
10;0001000010100000000000010001000
11;0001000100100000000000010001000
16;0000100100100000000000010001000
14;0000100010100000000000010001000
24;0000110000100000000000010001000
28;0000110000000001000000010001000
10;0010010000000001000000010001000
21;0010000100000001000000010001000
7;0000100100000001000000010001000
6;0100000010000000100010000100000
7;0100000010010000000010000100000
9;0100000001010000000010000100000
10;0100010000010000000010000100000
11;0100000100010000000010000100000
12;0010000100010000000010000100000
7;0010010000010000000010000100000
14;0010000001010000000010000100000
10;0010001000010000000010000100000
15;0010001000000001000010000100000
6;0000101000000001000010000100000
9;0000101000010000000010000100000
11;0001001000010000000010000100000
8;0001001000000001000010000100000
10;0001010000000001000010000100000
7;0010010000000001000010000100000
7;0000110000000001000010000100000
6;0000100100000001000010000100000
6;1000000100000001000010000100000
6;1000010000000001000010000100000
13;1000001000000001000010000100000
12;1000001000010000000010000100000
16;1000010000010000000010000100000
9;0001010000010000000010000100000
19;0001010000010000000000010100000
5;0010001000000010000000100001000
6;0010000001000010000000100001000
7;0010010000000010000000100001000
5;0010000100000010000000100001000
6;0010000100000010000100000001000
8;0010000001000010000100000001000
13;0010010000000010000100000001000
14;0001010000000010000100000001000
7;0001000001000010000100000001000
16;1000000001000010000100000001000
17;0000100001000010000100000001000
18;0000100001000000100100000001000
19;1000000001000000100100000001000
20;1000010000000000100100000001000
21;1000000100000000100100000001000
8;1000000100000000100000100001000
18;1000001000000000100000100001000
11;0100001000000000100000100001000
11;0100001000000000101000000001000
26;0100010000000000101000000001000
27;0100010000010000001000000001000
14;0100000010010000001000000001000
13;0010000010010000001000000001000
12;0010000010010000001000000000010
27;1000000010010000001000000000010
6;1000001000000000100100001000000
7;0100001000000000100100001000000
8;0100001000010000000100001000000
7;0000101000010000000100001000000
7;0000101000000001000100001000000
6;0000110000000001000100001000000
12;0000100010000001000100001000000
5;0000100100000001000100001000000
14;1000000100000001000100001000000
5;0001000100000001000100001000000
14;0001000010000001000100001000000
13;0001010000000001000100001000000
9;0001001000000001000100001000000
6;1000001000000001000100001000000
13;1000001000000001000100000000001
21;1000000010000001000100000000001
22;0100000010000001000100000000001
10;0100000001000001000100000000001
24;1000000001000001000100000000001
11;0001000001000001000100000000001
14;0001000100000001000100000000001
17;0000100100000001000100000000001
24;0010000100000001000100000000001
20;0010000010000001000100000000001
30;0010000010000001000100000010000
31;0010001000000001000100000010000
4;0010010000100000000010001000000
5;0010000010100000000010001000000
4;0010001000100000000010001000000
6;0010000100100000000010001000000
5;0001000100100000000010001000000
4;0001000001100000000010001000000
8;0100000001100000000010001000000
7;0100000010100000000010001000000
6;0001000010100000000010001000000
7;0100000100001000000000100000001
8;0000100100001000000000100000001
9;0000100100001000000000100000100
10;1000000100001000000000100000100
11;0001000100001000000000100000100
12;0001001000001000000000100000100
13;0001001000001000001000000000100
14;0001010000001000001000000000100
15;0010010000001000001000000000100
16;0000110000001000001000000000100
17;0000101000001000001000000000100
18;0000100010001000001000000000100
19;0001000010001000001000000000100
20;0100000010001000001000000000100
21;0100000001001000001000000000100
15;1000000001001000001000000000100
23;0010000001001000001000000000100
24;0000100001001000001000000000100
13;0000100001001000001000000000001
16;0100000001001000001000000000001
15;0100000001001000000000010000001
9;0100000010001000000000010000001
23;0100010000001000000000010000001
7;0100000100001000000000010000001
8;0000100100001000000000010000001
6;0000110000000010000000100100000
6;0001010000000010000000100100000
9;0001010000000010010000000100000
10;0001000010000010010000000100000
7;1000000010000010010000000100000
8;0100000010000010010000000100000
7;0100001000000010010000000100000
9;0100000001000010010000000100000
8;0100010000000010010000000100000
10;0010010000000010010000000100000
9;0010000100000010010000000100000
10;0010000001000010010000000100000
13;0001000001000010010000000100000
10;0001001000000010010000000100000
8;0000101000000010010000000100000
9;1000001000000010010000000100000
8;1000000100000010010000000100000
10;0100000100000010010000000100000
9;0001000100000010010000000100000
9;0000100100000010010000000100000
10;0000100010000010010000000100000
15;0000100010000000110000000100000
13;0000100100000000110000000100000
19;0000100001000000110000000100000
21;0001000001000000110000000100000
4;0001000001010000000010001000000
5;0000100001010000000010001000000
4;0000110000010000000010001000000
4;0001010000010000000010001000000
7;1000010000010000000010001000000
4;1000000001010000000010001000000
6;1000000010010000000010001000000
5;1000000100010000000010001000000
4;0000100100010000000010001000000
4;0010000100010000000010001000000
4;0010000001010000000010001000000
7;0010000010010000000010001000000
6;0001000010010000000010001000000
6;0010001000010000000100001000000
7;0000101000010000000100001000000
7;0000101000000001000100001000000
9;0001001000000001000100001000000
9;0001001000010000000100001000000
7;1000001000010000000100001000000
12;1000000001010000000100001000000
11;0001000001010000000100001000000
14;0000100001010000000100001000000
8;0010000001010000000100001000000
7;0010000001010000000000011000000
7;0000100001010000000000011000000
15;0000100010010000000000011000000
18;1000000010010000000000011000000
15;1000000010010000000000010000001
11;0010000010010000000000010000001
19;0010000010010000000100000000001
23;0000100010010000000100000000001
19;0001000010010000000100000000001
12;0001001000010000000100000000001
12;0000101000010000000100000000001
24;0000110000010000000100000000001
28;0000110000010000000100000000100
29;0100010000010000000100000000100
26;0010010000010000000100000000100
31;0010000001010000000100000000100
7;0100000001000100000000010000010
7;0000100001000100000000010000010
9;0000100001000100000000010000100
9;0000100010000100000000010000100
11;0000100010000100000001000000100
12;0000100001000100000001000000100
13;0000101000000100000001000000100
14;0000101000000100000001000000001
15;0000100100000100000001000000001
16;0001000100000100000001000000001
16;0010000100000100000001000000001
18;0010010000000100000001000000001
19;0001010000000100000001000000001
20;0001001000000100000001000000001
17;0001001000000000100001000000001
20;0001010000000000100001000000001
15;0001010000000000100001000001000
12;1000010000000000100001000001000
19;0010010000000000100001000001000
9;0010000100000000100001000001000
20;0100000100000000100001000001000
20;0100000001000000100001000001000
29;0100001000000000100001000001000
18;0000101000000000100001000001000
21;0000100100000000100001000001000
6;1000000001001000000000101000000
6;1000001000001000000000101000000
6;1000010000001000000000101000000
9;1000010000001000010000001000000
10;1000010000001000010000000000010
11;1000001000001000010000000000010
12;1000000001001000010000000000010
13;1000000001001000000000010000010
14;1000010000001000000000010000010
7;0000110000001000000000010000010
10;0000101000001000000000010000010
17;0010001000001000000000010000010
16;0010010000001000000000010000010
19;0010000001001000000000010000010
9;0010000100001000000000010000010
7;0100000100001000000000010000010
7;1000000100001000000000010000010
14;1000000010001000000000010000010
8;0100000010001000000000010000010
17;0100001000001000000000010000010
15;0100001000001000001000000000010
23;0100000001001000001000000000010
24;0001000001001000001000000000010
14;1000000001001000001000000000010
13;0000100001001000001000000000010
10;0010000001001000001000000000010
6;0010000100000010000000100000010
4;1000000100000010000000100000010
7;1000000100000010000000100010000
9;0001000100000010000000100010000
6;0001010000000010000000100010000
7;0001000001000010000000100010000
11;0001000001000001000000100010000
8;1000000001000001000000100010000
12;0100000001000001000000100010000
6;0100000001000010000000100010000
14;0100010000000010000000100010000
5;0100000100000010000000100010000
6;0100001000000010000000100010000
7;1000001000000010000000100010000
8;1000001000000010001000000010000
16;1000010000000010001000000010000
17;1000000010000010001000000010000
8;0010000010000010001000000010000
10;0010010000000010001000000010000
9;0010001000000010001000000010000
9;0001001000000010001000000010000
13;0001010000000010001000000010000
12;0001000100000010001000000010000
11;0001000001000010001000000010000
10;0010000001000010001000000010000
14;0010000001000001001000000010000
7;0100000010000100000010000010000
7;0001000010000100000010000010000
8;0001010000000100000010000010000
10;0100010000000100000010000010000
9;0100000001000100000010000010000
8;0001000001000100000010000010000
8;0001000100000100000010000010000
9;0001001000000100000010000010000
10;0000101000000100000010000010000
13;0000110000000100000010000010000
9;0000100100000100000010000010000
8;1000000100000100000010000010000
9;0010000100000100000010000010000
7;0010010000000100000010000010000
7;0010001000000100000010000010000
11;1000001000000100000010000010000
7;1000000010000100000010000010000
24;1000000010000100000000100010000
24;0010000010000100000000100010000
23;0010010000000100000000100010000
15;0100010000000100000000100010000
14;0100001000000100000000100010000
12;0010001000000100000000100010000
24;1000001000000100000000100010000
31;1000001000000100001000000010000
7;0100000001001000000010001000000
7;0100001000001000000010001000000
8;1000001000001000000010001000000
4;1000000010001000000010001000000
4;1000010000001000000010001000000
4;0100010000001000000010001000000
12;0001010000001000000010001000000
4;0000110000001000000010001000000
7;0000100001001000000010001000000
4;0001000001001000000010001000000
6;0000101000000100000000011000000
5;0100000010000100000000011000000
6;0010000100000100000000011000000
5;0001000001000100000000011000000
6;1000010000000100000000011000000
6;1000000010000100000000010000001
10;0001000010000100000000010000001
5;0001000010000100000010000000001
10;0100010000000100000010000000001
15;0100000100000100000010000100000
9;1000000010000100000010000100000
10;1000000010000100000000100100000
9;1000000010000100000010000100000
8;1000010000000100000010000100000
12;0000110000000100000010000100000
21;0000100001000100000010000100000
14;1000000001000100000010000100000
18;0100000001000100000010000100000
14;0100001000000100000010000100000
7;1000001000000100000010000100000
7;0000101000000100000010000100000
8;0000100010000100000010000100000
10;0000100100000100000010000100000
10;0010000100000100000010000100000
15;0100000100000100000010000100000
7;0100000100000100000010000000001
6;1000001000000100000000101000000
5;0010001000000100000000101000000
8;0010000100000100000000101000000
6;0010000001000100000000101000000
9;0000100001000100000000101000000
8;1000000001000100000000101000000
12;1000000001000100000001001000000
10;1000000001000100000001000000001
6;1000000001000100000000100000001
7;1000000100000100000000100000001
8;0000100100000100000000100000001
7;0100000100000100000000100000001
9;0100000100000100000100000000001
19;0100000001000100000100000000001
17;0100000001000100000100000100000
21;0100000100000100000100000100000
22;0100001000000100000100000100000
23;0000101000000100000100000100000
24;0000101000000100000100000000010
24;0000100100000100000100000000010
21;0000100001000100000100000000010
27;0100000001000100000100000000010
20;0010000001000100000100000000010
17;0010000100000100000100000000010
10;0010000100000100000000010000010
18;0000100100000100000000010000010
7;0010010000100000000000100000001
8;0010000001100000000000100000001
9;0010000001100000000001000000001
10;0010001000100000000001000000001
11;0010000100100000000001000000001
12;0000100100100000000001000000001
13;1000000100100000000001000000001
14;1000000100000000100001000000001
6;1000000001000000100001000000001
16;0001000001000000100001000000001
17;0001001000000000100001000000001
7;1000001000000000100001000000001
14;1000010000000000100001000000001
20;0001010000000000100001000000001
21;0001000010000000100001000000001
13;0001000100000000100001000000001
12;0010000100000000100001000000001
9;0010010000000000100001000000001
16;0010010000001000000001000000001
17;0100010000001000000001000000001
27;0100001000001000000001000000001
14;0100000100001000000001000000001
19;0100000010001000000001000000001
30;0100000010001000000001000100000
31;1000000010001000000001000100000
6;0010000100000001000010000000100
7;0100000100001000000010000000100
8;0010010000001000000010000000100
9;1000000010001000000010000000100
10;0001000001001000000010000000100
6;0001000001001000000010000000010
6;0000100010001000000010000000010
11;0001000010001000000000010000010
14;1000000010001000000000010000010
8;0100000010001000000000010000010
16;0100000001001000000000010000010
17;0100001000001000000000010000010
17;0010001000001000000000010000010
16;0010010000001000000000010000010
12;0010000010001000000000010000010
9;0000100010001000000000010000010
7;0000110000001000000000010000010
8;0000100100001000000000010000010
24;0000100001001000000000010000010
19;0010000001001000000000010000010
13;1000000001001000000000010000010
12;1000001000001000000000010000010
14;1000010000001000000000010000010
27;0100010000001000000000010000010
6;0001010000001000000000010000010
8;0001001000001000000000010000010
7;1000000010000010010000000000100
8;0100001000000010010000000000100
8;0000100100000010010000000000100
5;0000100100000010010000000000001
8;0000100100000010010000000000100
12;0000110000000010010000000000100
11;0010010000000010010000000000100
13;0100010000000010010000000000100
15;0100000100000010010000000000100
10;0001000100000010010000000000100
13;0001010000000010010000000000100
7;1000010000000010010000000000100
7;1000000010000010010000000000100
9;0100000010000010010000000000100
10;0010000010000010010000000000100
12;0010001000000010010000000000100
9;0010000100000010010000000000100
13;0010000001000010010000000000100
6;0100000001000010010000000000100
17;0100000001000001010000000000100
15;0000100001000001010000000000100
14;0000100001000010010000000000100
6;0000100001000010010000000000001
9;0001000001000010010000000000001
7;0001000001000010010000000001000
6;1000000001010000000000011000000
7;0010000001010000000000011000000
8;0010000001010000000100001000000
8;0010000010010000000100001000000
6;0010001000010000000100001000000
7;1000001000010000000100001000000
6;1000001000000001000100001000000
13;1000000010000001000100001000000
14;1000010000000001000100001000000
10;1000010000100000000100001000000
13;1000000001100000000100001000000
11;0100000001100000000100001000000
8;0100000010100000000100001000000
8;0001000010100000000100001000000
9;0001001000100000000100001000000
10;0001000001100000000100001000000
12;0010000001100000000100001000000
8;0010000001100000000000011000000
13;0010000010100000000000011000000
8;0000100010100000000000011000000
6;0000100100100000000000011000000
7;1000000100100000000000011000000
13;0010000100100000000000011000000
11;0010000100100000000100001000000
7;0000100100100000000100001000000
7;0100000100100000000100001000000
7;0010001000000000100000011000000
7;0010000100000000100000011000000
8;1000000100000000100000011000000
6;1000000100000000100000010000001
10;0010000100000000100000010000001
8;0010000010000000100000010000001
13;0010010000000000100000010000001
14;0100010000000000100000010000001
12;0000110000000000100000010000001
16;0000110000000000100001000000001
9;0000110000000000100001000000100
10;0100010000000000100001000000100
13;0100000010000000100001000000100
14;0100000010010000000001000000100
16;0001000010010000000001000000100
22;1000000010010000000001000000100
23;1000000100010000000001000000100
24;1000000001010000000001000000100
25;1000000001010000000001000000010
26;1000000100010000000001000000010
27;0100000100010000000001000000010
28;0001000100010000000001000000010
28;0001000010010000000001000000010
20;0001010000010000000001000000010
31;0001000001010000000001000000010
6;0010000100000001001000001000000
6;0001000100000001001000001000000
8;0001000100001000001000001000000
9;0001010000001000001000001000000
10;0100010000001000001000001000000
10;0010010000001000001000001000000
10;0010000001001000001000001000000
9;0000100001001000001000001000000
8;0000100010001000001000001000000
8;1000000010001000001000001000000
9;0001000010001000001000001000000
10;0001000001001000001000001000000
11;0100000001001000001000001000000
7;0100001000001000001000001000000
14;1000001000001000001000001000000
7;0000101000001000001000001000000
8;0000100100001000001000001000000
9;1000000100001000001000001000000
7;0010000100001000001000001000000
13;0010000010001000001000001000000
7;0100000010001000001000001000000
7;0010001000000001000000010010000
8;0010001000010000000000010010000
9;0001001000010000000000010010000
10;0001000100010000000000010010000
11;0001000010010000000000010010000
12;0000100010010000000000010010000
13;1000000010010000000000010010000
14;1000000010010000010000000010000
15;1000000100010000010000000010000
16;1000000100010000010000000000010
16;0010000100010000010000000000010
17;0001000100010000010000000000010
16;0001010000010000010000000000010
12;0000110000010000010000000000010
12;0000110000010000010000001000000
9;0010010000010000010000001000000
8;0010000001010000010000001000000
11;0010000100010000010000001000000
7;0010001000010000010000001000000
13;0001001000010000010000001000000
14;0001000010010000010000001000000
16;1000000010010000010000001000000
17;1000000010010000010000000000001
28;0010000010010000010000000000001
22;0000100010010000010000000000001
7;0100001000100000000000100000010
8;0001000100100000000000100000010
9;0100000100100000000000100010000
10;0100001000100000000000100010000
11;1000000001100000000000100010000
8;0010000001100000000000100000001
13;0010001000100000000000100000001
8;0001001000100000000000100000001
8;0001000100100000000000100000001
7;0001000010100000000000100000001
5;0001000010100000000010000000001
7;0010000010100000000010000000001
6;0100000010100000000010000000001
7;0100000001100000000010000000001
9;0100000001100000000010000100000
10;0100001000100000000010000100000
8;0000101000100000000010000100000
9;0010001000100000000010000100000
6;0010001000100000000010000000010
7;0010000010100000000010000000010
11;0010000010100000000000100000010
12;0100000010100000000000100000010
11;0100000001100000000000100000010
17;0100000001100000000000100000100
21;0000100001100000000000100000100
6;1000000100000000100100000000001
7;1000000010000000100100000000001
8;1000010000000000100100000000001
9;0010010000000000100100000000001
9;0010000100000000100100000000001
10;0010000100000000100000010000001
5;0000100100000000100000010000001
9;0100000100000000100000010000001
6;1000000100000000100000010000001
7;1000010000000000100000010000001
8;1000001000000000100000010000001
10;1000001000000000100000011000000
8;1000000100000000100000011000000
7;1000000100100000000000011000000
13;0010000100100000000000011000000
11;0010000100100000000100001000000
7;0100000100100000000100001000000
7;0000100100100000000100001000000
24;0000100001100000000100001000000
15;0000101000100000000100001000000
14;0100001000100000000100001000000
8;0100000010100000000100001000000
14;1000000010100000000100001000000
8;0010000010100000000100001000000
8;0001000010100000000100001000000
10;0001000100100000000100001000000
5;0010000100000010000000010000001
4;0100000100000010000000010000001
4;0000100100000010000000010000001
5;0000100100000010000001000000001
6;0010000100000010000001000000001
6;0001000100000010000001000000001
10;0001000100000010000001000001000
10;0000100100000010000001000001000
12;0000110000000010000001000001000
11;0100010000000010000001000001000
12;1000010000000010000001000001000
18;0001010000000010000001000001000
9;0001000010000010000001000001000
10;1000000010000010000001000001000
7;1000000010000010000001000000010
7;1000001000000010000001000000010
11;0001001000000010000001000000010
6;0010001000000010000001000000010
13;0100001000000010000001000000010
9;0100000001000010000001000000010
10;0100000001000010000001000000100
25;0001000001000010000001000000100
11;0001000100000010000001000000100
8;0000100100000010000001000000100
9;0000101000000010000001000000100
6;1000001000000010000001001000000
4;1000000100000010000001001000000
4;0100000100000010000001001000000
4;0100000010000010000001001000000
10;0100001000000010000001001000000
8;0001001000000010000001001000000
11;0001000010000010000001001000000
7;0010000010000010000001001000000
7;0010000100000010000001001000000
4;0010001000000010000001001000000
6;0010010000000010000001001000000
9;0001010000000010000001001000000
5;0100010000000010000001001000000
6;0100000100001000000010000100000
7;0010000100001000000010000100000
8;0010000010001000000010000100000
7;0010010000001000000010000100000
10;0010001000001000000010000100000
11;1000001000001000000010000100000
12;1000000001001000000010000100000
13;1000000010001000000010000100000
9;1000000100001000000010000100000
11;1000010000001000000010000100000
10;0000110000001000000010000100000
13;0100010000001000000010000100000
6;0100010000001000000010000000001
6;0001010000001000000010000000001
7;0001010000001000000010000001000
8;0000110000001000000010000001000
17;0000100001001000000010000001000
13;0000101000001000000010000001000
9;1000001000001000000010000001000
10;1000000100001000000010000001000
17;0100000100001000000010000001000
12;0100001000001000000010000001000
11;0010001000001000000010000001000
9;0010000010001000000010000001000
9;0010000100001000000010000001000
12;0010010000001000000010000001000
6;1000000010000000100000100000100
7;1000001000000000100000100000100
7;0001001000000000100000100000100
9;0001010000000000100000100000100
10;0001000001000000100000100000100
10;0010000001000000100000100000100
11;0010000001001000000000100000100
13;0010000100001000000000100000100
14;0010000010001000000000100000100
13;0100000010001000000000100000100
14;1000000010001000000000100000100
10;1000000100001000000000100000100
15;1000010000001000000000100000100
19;1000010000001000010000000000100
20;0000110000001000010000000000100
21;0000100010001000010000000000100
22;0100000010001000010000000000100
23;0001000010001000010000000000100
24;0001010000001000010000000000100
25;0100010000001000010000000000100
26;0100001000001000010000000000100
27;0001001000001000010000000000100
26;1000001000001000010000000000100
27;1000000001001000010000000000100
25;1000000100001000010000000000100
31;0000100100001000010000000000100
7;1000000100100000000000011000000
8;1000000100000000100000011000000
7;0010000100000000100000011000000
7;0010000001000000100000011000000
4;1000000001000000100000011000000
8;1000000001000000100000010000001
9;1000000001000000110000000000001
8;0000100001000000110000000000001
7;0000100010000000110000000000001
14;0000101000000000110000000000001
8;0000100100000000110000000000001
7;1000000100000000110000000000001
7;1000000010000000110000000000001
20;0010000010000000110000000000001
21;0100000010000000110000000000001
8;0001000010000000110000000000001
12;0001000010000100010000000000001
18;0001000100000100010000000000001
17;1000000100000100010000000000001
13;1000000010000100010000000000001
12;1000000010000100010000001000000
11;1000010000000100010000001000000
6;1000010000000100000000011000000
26;0000110000000100000000011000000
6;0000100001000100000000011000000
7;0000101000001000000010001000000
8;1000001000001000000010001000000
7;0100001000001000000010001000000
7;0100000001001000000010001000000
4;0100010000001000000010001000000
12;0001010000001000000010001000000
4;0001000001001000000010001000000
7;0000100001001000000010001000000
4;0000110000001000000010001000000
4;1000010000001000000010001000000
4;1000000010001000000010001000000
7;0100010000000010000001000100000
8;0100000100000010000001000100000
9;0100000010000010000001000100000
10;1000000010000010000001000100000
11;0010000010000010000001000100000
12;0010010000000010000001000100000
13;0010001000000010000001000100000
14;1000001000000010000001000100000
15;0000101000000010000001000100000
16;0001001000000010000001000100000
17;0001000010000010000001000100000
14;0001010000000010000001000100000
18;0001000001000010000001000100000
13;0001000100000010000001000100000
11;1000000100000010000001000100000
7;1000000001000010000001000100000
22;1000000001000001000001000100000
12;1000000100000001000001000100000
11;1000010000000001000001000100000
26;0000110000000001000001000100000
27;0000101000000001000001000100000
14;0010001000000001000001000100000
21;0010001000000001000001000000010
22;0010000100000001000001000000010
31;0010000010000001000001000000010
6;0001000010010000000010000000001
6;0001000001010000000010000000001
7;0000100001010000000010000000001
9;0000100001010000000010000000100
10;0100000001010000000010000000100
9;0100000100010000000010000000100
8;0100010000010000000010000000100
9;1000010000010000000010000000100
11;1000000001010000000010000000100
6;1000000001010000000010000000010
9;0001000001010000000010000000010
16;0001000001010000000010000000100
18;0001000010010000000010000000100
7;0000100010010000000010000000100
9;0000100010010000000010000000001
8;0000100010010000000000100000001
7;0000101000010000000000100000001
15;0100001000010000000000100000001
10;0001001000010000000000100000001
9;0001000010010000000000100000001
11;0001010000010000000000100000001
17;0001010000010000010000000000001
27;0001000010010000010000000000001
22;0000100010010000010000000000001
9;0100000010010000010000000000001
14;0100000001010000010000000000001
7;0000100100000001000000100000100
8;0010000100000001000000100000100
9;0010000010000001000000100000100
10;0010000001000001000000100000100
11;0000100001000001000000100000100
12;0000100010000001000000100000100
13;0001000010000001000000100000100
5;0001000010000001000010000000100
5;0001010000000001000010000000100
14;0001010000000001000000010000100
17;1000010000000001000000010000100
13;0010010000000001000000010000100
8;0010001000000001000000010000100
15;1000001000000001000000010000100
11;0000101000000001000000010000100
12;0000101000000001000001000000100
12;0000100100000001000001000000100
20;0010000100000001000001000000100
11;1000000100000001000001000000100
20;1000000001000001000001000000100
27;1000001000000001000001000000100
28;0010001000000001000001000000100
29;0100001000000001000001000000100
22;0100000010000001000001000000100
10;1000000010000001000001000000100
6;0010000010000000100010000100000
7;0010000010000000100000100100000
6;0000100010000000100000100100000
9;0000100001000000100000100100000
10;0001000001000000100000100100000
11;0001000001000000100001000100000
12;0000100001000000100001000100000
13;0000100001000000100000010100000
14;0000110000000000100000010100000
14;0000100010000000100000010100000
16;0100000010000000100000010100000
9;0100001000000000100000010100000
18;0010001000000000100000010100000
18;0010000100000000100000010100000
8;0010010000000000100000010100000
21;0010010000000000100100000100000
20;0010000010000000100100000100000
9;0010000010000000100000010100000
15;1000000010000000100000010100000
8;0001000010000000100000010100000
6;0001001000000000100000010100000
19;0001001000000100000000010100000
8;0001000010000100000000010100000
17;0001000100000100000000010100000
30;0010000100000100000000010100000
21;0100000100000100000000010100000
7;0000100100000010000000010100000
7;0000110000000010000000010100000
6;1000010000000010000000010100000
6;0010010000000010000000010100000
7;0010010000000010000100000100000
12;0010000010000010000100000100000
9;0000100010000010000100000100000
14;0000100010000000100100000100000
15;1000000010000000100100000100000
16;1000000001000000100100000100000
17;0000100001000000100100000100000
18;0000101000000000100100000100000
19;0001001000000000100100000100000
19;0010001000000000100100000100000
20;0010000010000000100100000100000
21;0010010000000000100100000100000
20;0000110000000000100100000100000
24;1000010000000000100100000100000
17;1000010000100000000100000100000
16;1000001000100000000100000100000
10;0010001000100000000100000100000
28;0010001000100000000100000000010
23;0000101000100000000100000000010
22;0001001000100000000100000000010
21;0001000100100000000100000000010
6;0100000100000010000000010001000
7;0100001000000010000000010001000
8;0010001000000010000000010001000
9;1000001000000010000000010001000
5;0000101000000010000000010001000
6;0000110000000010000000010001000
12;0000110000000010000001000001000
13;0010010000000010000001000001000
12;1000010000000010000001000001000
15;1000001000000010000001000001000
13;1000000001000010000001000001000
17;1000000001000001000001000001000
9;0000100001000001000001000001000
19;0100000001000001000001000001000
20;0100000100000001000001000001000
21;0100001000000001000001000001000
22;1000001000000001000001000001000
23;1000000100000001000001000001000
8;0000100100000001000001000001000
16;0000100100001000000001000001000
10;0000100100001000000000010001000
14;0000100001001000000000010001000
11;1000000001001000000000010001000
10;0001000001001000000000010001000
11;0001000001001000000010000001000
8;0001000010001000000010000001000
5;1000000001000010000100001000000
6;1000001000000010000100001000000
4;0001001000000010000100001000000
4;0001000001000010000100001000000
4;0001010000000010000100001000000
5;0100010000000010000100001000000
5;0100001000000010000100001000000
6;0000100010000010000100000000010
8;0000100010000010000100000001000
9;0000100100000010000100000001000
10;0000101000000010000100000001000
11;1000001000000010000100000001000
12;1000000100000010000100000001000
6;0010000100000010000100000001000
14;0010000100000010000000010001000
9;0000100100000010000000010001000
6;0100000100000010000000010001000
17;0100010000000010000000010001000
7;0100001000000010000000010001000
5;0000101000000010000000010001000
8;0010001000000010000000010001000
9;1000001000000010000000010001000
5;1000000001000010000000010001000
6;1000010000000010000000010001000
5;0010010000000010000000010001000
6;0000110000000010000000010001000
12;0000110000000010000001000001000
11;0100010000000010000001000001000
13;0010010000000010000001000001000
8;0010000010000010000001000001000
6;0010000010000010000001000000010
7;0010000100000010000001000000010
6;0000100100000100000000101000000
6;1000000100000100000000101000000
8;1000000001000100000000101000000
9;0000100001000100000000101000000
6;0010000001000100000000101000000
8;0010000100000100000000101000000
5;0010001000000100000000101000000
6;1000001000000100000000101000000
7;0100001000000100000000101000000
5;0100000100000100000000101000000
11;0100000100000100000100001000000
12;0100001000000100000100001000000
10;0100000001000100000100001000000
13;0000100001000100000100001000000
14;0010000001000100000100001000000
10;0010010000000100000100001000000
19;0010010000000100000100000000010
23;0001010000000100000100000000010
24;0001010000000000100100000000010
15;0001000010000000100100000000010
14;1000000010000000100100000000010
12;1000001000000000100100000000010
11;0000101000000000100100000000010
29;0001001000000000100100000000010
9;0001000001000000100100000000010
31;0001000100000000100100000000010
6;0001000100010000000010000000001
6;0001000001010000000010000000001
6;0001010000010000000010000000001
10;0001010000010000000010000001000
9;0001001000010000000010000001000
11;0010001000010000000010000001000
9;0100001000010000000010000001000
14;0100000100010000000010000001000
8;0100000001010000000010000001000
16;0100010000010000000010000001000
17;0010010000010000000010000001000
7;0010000010010000000010000001000
11;1000000010010000000010000001000
8;0001000010010000000010000001000
9;0001000010010000000000010001000
12;0001000010010000000000010000010
13;0010000010010000000000010000010
14;0010000010010000000000010001000
8;0010001000010000000000010001000
9;0010001000010000000100000001000
20;0000101000010000000100000001000
16;1000001000010000000100000001000
18;0100001000010000000100000001000
26;0100010000010000000100000001000
24;0100000001010000000100000001000
6;0001000001000010000001000000010
7;1000001000000010000001000000010
5;0000100010000010000001000000010
5;0100010000000010000001000000010
9;0001010000000010000001001000000
7;0010000010000010000001001000000
6;1000001000000010000001001000000
5;0000100001000010000001001000000
10;0001000100000010000001001000000
7;0010001000000100000010000010000
7;0010010000000100000010000010000
9;1000010000000100000010000010000
7;1000000010000100000010000010000
11;1000000001000100000010000010000
8;0001000001000100000010000010000
11;0000100001000100000010000010000
7;0010000001000100000010000010000
9;0100000001000100000010000010000
13;0100001000000100000010000010000
11;1000001000000100000010000010000
9;0001001000000100000010000010000
10;0000101000000100000010000010000
9;0000100100000100000010000010000
12;0000100010000100000010000010000
13;0000110000000100000010000010000
10;0100010000000100000010000010000
7;0100000010000100000010000010000
7;0001000010000100000010000010000
12;0001000010000100000000010010000
14;1000000010000100000000010010000
15;0000100010000100000000010010000
16;0000100010000001000000010010000
11;0000100001000001000000010010000
16;0000101000000001000000010010000
6;0001001000001000000010000000001
8;0000101000001000000010000000001
9;0100001000001000000010000000001
10;0100000010001000000010000000001
11;0000100010001000000010000000001
12;0000100010001000000000100000001
8;0100000010001000000000100000001
9;0100001000001000000000100000001
13;0100001000001000000000100100000
16;0000101000001000000000100100000
17;0000100001001000000000100100000
14;0000100100001000000000100100000
15;0000100100001000000100000100000
16;0001000100001000000100000100000
21;1000000100001000000100000100000
22;1000000100001000000000100100000
23;1000000100000001000000100100000
20;1000010000000001000000100100000
9;1000000010000001000000100100000
8;1000001000000001000000100100000
7;0100001000000001000000100100000
7;0100000100000001000000100100000
19;0100010000000001000000100100000
18;0100010000100000000000100100000
20;0100000010100000000000100100000
6;0001000010000000100000010001000
6;0001001000000000100000010000001
8;0010000010000000100000010000001
8;1000001000000000100000010000001
9;1000001000100000000000010000001
6;1000000010100000000000011000000
5;0001001000100000000000011000000
13;0010000100100000000000011000000
12;0010010000100000000000010000010
15;0010000100100000000000010000010
16;0010001000100000000000010000010
7;1000001000100000000000010000010
18;1000000001100000000000010000010
19;1000000001100000000000010000100
20;1000001000100000000000010000100
21;0001001000100000000000010000100
17;0001000010100000000000010000100
23;0001000100100000000000010000100
24;0010000100100000000000010000100
25;0010010000100000000000010000100
25;0010010000100000000100000000100
26;0010000010100000000100000000100
25;0010000001100000000100000000100
29;0010000001100000000100000000010
30;0010000100100000000100000000010
28;0010001000100000000100000000010
5;0100001000000010010000000000010
7;0010001000000010010000000000010
6;0000101000000010010000000000010
8;0000101000000010010000000100000
10;0000100001000010010000000100000
10;0000100010000010010000000100000
7;1000000010000010010000000100000
10;0001000010000010010000000100000
10;0001001000000010010000000100000
9;0001000100000010010000000100000
10;0100000100000010010000000100000
7;0100001000000010010000000100000
8;0100000010000010010000000100000
9;0010000010000010010000000100000
9;0010000100000010010000000100000
8;1000000100000010010000000100000
9;0000100100000010010000000100000
13;0000100100000000110000000100000
15;0001000100000000110000000100000
25;0010000100000000110000000100000
26;0010000001000000110000000100000
9;0010010000000000110000000100000
10;0010000010000000110000000100000
11;0100000010000000110000000100000
30;0100001000000000110000000100000
14;0000101000000000110000000100000
7;0100001000001000001000001000000
7;0100000010001000001000001000000
9;0001000010001000001000001000000
10;0001000001001000001000001000000
7;0001001000001000001000001000000
8;0001000100001000001000001000000
9;1000000100001000001000001000000
8;0000100100001000001000001000000
9;0000110000001000001000001000000
7;0000101000001000001000001000000
9;0000100001001000001000001000000
11;0100000001001000001000001000000
10;0010000001001000001000001000000
10;0010010000001000001000001000000
10;1000010000001000001000001000000
11;1000000001001000001000001000000
8;1000000010001000001000001000000
12;1000000010001000001000000000001
25;1000000100001000001000000000001
17;0100000100001000001000000000001
19;0100000100000001001000000000001
10;0010000100000001001000000000001
18;0010000100000001001000000010000
15;0010010000000001001000000010000
24;0010001000000001001000000010000
6;0001010000000000100010000010000
7;1000010000000000100010000010000
7;1000001000000000100010000010000
8;0001001000000000100010000010000
8;0001001000000000100000010010000
11;0001001000000100000000010010000
12;1000001000000100000000010010000
13;1000000001000100000000010010000
14;1000000100000100000000010010000
14;1000000010000100000000010010000
16;1000000010000100010000000010000
17;1000010000000100010000000010000
18;1000010000000100000000100010000
15;0100010000000100000000100010000
15;0100000001000100000000100010000
21;0010000001000100000000100010000
18;0000100001000100000000100010000
19;1000000001000100000000100010000
24;1000000010000100000000100010000
24;1000001000000100000000100010000
12;0010001000000100000000100010000
13;0000101000000100000000100010000
17;0000110000000100000000100010000
23;0010010000000100000000100010000
20;0001010000000100000000100010000
10;0001000010000100000000100010000
7;0100010000000000100010000001000
8;0001010000000000100010000001000
5;0001000001000000100010000001000
10;0001000001000000100000010001000
7;0000100001000000100000010001000
12;0000100100000000100000010001000
9;0000100100000010000000010001000
14;0010000100000010000000010001000
6;0100000100000010000000010001000
16;1000000100000010000000010001000
9;1000001000000010000000010001000
7;0100001000000010000000010001000
8;0010001000000010000000010001000
20;0010000001000010000000010001000
7;0000100001000010000000010001000
18;0000100001000010000001000001000
11;0001000001000010000001000001000
7;0001000001000001000001000001000
8;0001010000000001000001000001000
26;0001000010000001000001000001000
8;0001000010000001000001000000001
6;0001000001000001000001000000001
9;0001010000000001000001000000001
8;1000010000000001000001000000001
7;0000110000000001000001000000001
6;0010000010000000100000010000010
6;1000000010000000100000010000010
6;1000000100000000100000010000010
9;1000000100000000110000000000010
10;1000000100100000010000000000010
11;0000100100100000010000000000010
12;0000100001100000010000000000010
13;0000100001100000010000000000100
14;0000100001100000010000000000001
15;0000100010100000010000000000001
16;0001000010100000010000000000001
11;0001001000100000010000000000001
10;0001000001100000010000000000001
19;0001000001100000010000000001000
20;0000100001100000010000000001000
21;0000101000100000010000000001000
14;0000110000100000010000000001000
13;0000110000000001010000000001000
24;0010010000000001010000000001000
25;0010010000100000010000000001000
15;0100010000100000010000000001000
26;0001010000100000010000000001000
17;0001010000000001010000000001000
9;0001000001000001010000000001000
30;0001000100000001010000000001000
31;0010000100000001010000000001000
6;0000110000000000101000000000010
7;1000010000000000101000000000010
8;1000000010000000101000000000010
9;1000000010100000001000000000010
10;1000010000100000001000000000010
11;0001010000100000001000000000010
7;0100010000100000001000000000010
8;0100010000100000001000001000000
10;0001010000100000001000001000000
7;0000110000100000001000001000000
9;0010010000100000001000001000000
8;0010001000100000001000001000000
9;0001001000100000001000001000000
6;1000001000100000001000001000000
7;0000101000100000001000001000000
8;0100001000100000001000001000000
9;0100000100100000001000001000000
6;0100000100100000000000011000000
7;0100000001100000000000011000000
6;1000000001100000000000011000000
9;0000100001100000000000011000000
6;0000100100100000000000011000000
7;1000000100100000000000011000000
8;1000000100000000100000011000000
4;1000000010000000100000011000000
4;1000000001000000100000011000000
6;0100000100100000000010000000001
7;0100000001100000000010000000001
6;0100000010100000000010000000001
9;0100000010100000000010000100000
6;0100010000100000000010000100000
9;0100000001100000000010000100000
8;0001000001100000000010000100000
10;0000100001100000000010000100000
9;0000110000100000000010000100000
12;0000100010100000000010000100000
11;0000100100100000000010000100000
9;0100000100100000000010000100000
8;0001000100100000000010000100000
19;0001000100100000000000010100000
15;1000000100100000000000010100000
21;1000010000100000000000010100000
22;1000010000100000010000000100000
23;1000010000000001010000000100000
13;1000001000000001010000000100000
14;1000001000000001010000000000010
12;1000000100000001010000000000010
11;0000100100000001010000000000010
9;0100000100000001010000000000010
11;0010000100000001010000000000010
14;0010001000000001010000000000010
8;0001001000000001010000000000010
6;1000000100000001000010000001000
7;0010000100000001000010000001000
6;0010001000000001000010000001000
6;1000001000000001000010000001000
9;1000010000000001000010000001000
9;0010010000000001000010000001000
7;0000110000000001000010000001000
10;0000110000100000000010000001000
9;0000100100100000000010000001000
14;0000101000100000000010000001000
13;0000100001100000000010000001000
12;0100000001100000000010000001000
11;0100010000100000000010000001000
19;0100000010100000000010000001000
15;0100001000100000000010000001000
7;1000001000100000000010000001000
11;1000000001100000000010000001000
10;1000000100100000000010000001000
17;0100000100100000000010000001000
11;0001000100100000000010000001000
10;0001000001100000000010000001000
12;0001000001100000000000010001000
11;0001001000100000000000010001000
7;0001010000100000000000010001000
9;0100010000100000000000010001000
7;0100010000000001000000010001000
7;1000010000010000000000011000000
5;0100010000010000000000011000000
7;0010010000010000000000011000000
8;0010010000010000000000010000010
9;0010010000010000000100000000010
12;0100010000010000000100000000010
13;0100000100010000000100000000010
14;0100001000010000000100000000010
15;0100001000010000000100000100000
16;0010001000010000000100000100000
17;0010000001010000000100000100000
18;1000000001010000000100000100000
19;1000010000010000000100000100000
20;1000000100010000000100000100000
21;1000001000010000000100000100000
22;1000001000010000000100000000010
15;1000000010010000000100000000010
24;0100000010010000000100000000010
13;0100000010010000000100000001000
26;0100010000010000000100000001000
21;0000110000010000000100000001000
14;0000100010010000000100000001000
12;0001000010010000000100000001000
19;0001001000010000000100000001000
17;0001000001010000000100000001000
6;0000110000000010000100000000001
7;0000110000000010000100000000100
8;1000010000000010000100000000100
9;1000001000000010000100000000100
7;0010001000000010000100000000100
11;0000101000000010000100000000100
10;0000100100000010000100000000100
9;0000100010000010000100000000100
11;0100000010000010000100000000100
7;0010000010000010000100000000100
9;0010010000000010000100000000100
10;0001010000000010000100000000100
12;0100010000000010000100000000100
8;0100000001000010000100000000100
7;0000100001000010000100000000100
8;0000100001000010000100000000001
13;0000100010000010000100000000001
6;0000101000000010000100000000001
24;0000101000000000100100000000001
25;0010001000000000100100000000001
26;0100001000000000100100000000001
22;0100000010000000100100000000001
22;0100000010000000100100000100000
15;1000000010000000100100000100000
16;1000000001000000100100000100000
24;1000010000000000100100000100000
5;1000001000000100000000011000000
6;0000101000000100000000011000000
6;0000100001000100000000011000000
7;1000000001000100000000011000000
8;1000000001000100000000010000001
7;1000000100000100000000010000001
12;0001000100000100000000010000001
13;0001000100000100000000010001000
14;0100000100000100000000010001000
15;0100001000000100000000010001000
14;1000001000000100000000010001000
11;0001001000000100000000010001000
8;0001000010000100000000010001000
14;0000100010000100000000010001000
7;0000100010000100000000010000010
18;0000100100000100000000010000010
7;0000100001000100000000010000010
8;0000100001000100000001000000010
24;0000100100000100000001000000010
25;1000000100000100000001000000010
26;0001000100000100000001000000010
14;0010000100000100000001000000010
12;0100000100000100000001000000010
11;0100000010000100000001000000010
24;0100001000000100000001000000010
31;1000001000000100000001000000010
7;1000000100100000000010000000100
8;1000001000100000000010000000100
9;0010001000100000000010000000100
7;0010000001100000000010000000100
9;0010000100100000000010000000100
7;0000100100100000000010000000100
13;0000100001100000000010000000100
8;0000101000100000000010000000100
6;0000110000100000000010000000100
9;0010010000100000000010000000100
16;0010010000000001000010000000100
13;0010000010000001000010000000100
5;0001000010000001000010000000100
5;0001010000000001000010000000100
12;0001001000000001000010000000100
8;0100001000000001000010000000100
9;1000001000000001000010000000100
7;1000000010000001000010000000100
9;1000000010000100000010000000100
6;0000100010000100000010000000100
10;0000100100000100000010000000100
14;1000000100000100000010000000100
8;1000000001000100000010000000100
10;1000001000000100000010000000100
19;0010001000000100000010000000100
7;0001010000000010000010000010000
7;0100010000000010000010000010000
6;1000010000000010000010000010000
4;0000110000000010000010000010000
4;0000101000000010000010000010000
5;0001001000000010000010000010000
4;1000001000000010000010000010000
6;0100001000000010000010000010000
7;1000000001000001000000010010000
8;1000010000000001000000010010000
9;1000010000000001010000000010000
10;1000010000100000010000000010000
11;1000010000100000000000010010000
12;0010010000100000000000010010000
13;0010000001100000000000010010000
13;1000000001100000000000010010000
14;0000100001100000000000010010000
13;0000100010100000000000010010000
13;1000000010100000000000010010000
16;0100000010100000000000010010000
14;0100010000100000000000010010000
15;0100000001100000000000010010000
13;0100001000100000000000010010000
22;0100001000100000001000000010000
18;1000001000100000001000000010000
19;1000000100100000001000000010000
20;1000000100100000001000000000010
12;1000001000100000001000000000010
17;0001001000100000001000000000010
11;0001010000100000001000000000010
12;0000110000100000001000000000010
7;0000110000100000001000001000000
10;0001010000100000001000001000000
7;0001001000000010000000100100000
8;0001001000000010001000000100000
8;0001000001000010001000000100000
7;0100000001000010001000000100000
11;0010000001000010001000000100000
11;0000100001000010001000000100000
8;0000100010000010001000000100000
10;1000000010000010001000000100000
12;1000010000000010001000000100000
8;0010010000000010001000000100000
7;0100010000000010001000000100000
14;0100000100000010001000000100000
17;0010000100000010001000000100000
10;0010001000000010001000000100000
15;0010000010000010001000000100000
9;0001000010000010001000000100000
7;0100000010000010001000000100000
6;0100010000000001010000001000000
5;0001010000000001010000001000000
8;0001010000000001010000000000010
9;0000110000000001010000000000010
10;0000110000100000010000000000010
7;0010010000100000010000000000010
11;0010000010100000010000000000010
13;0000100010100000010000000000010
9;1000000010100000010000000000010
9;1000000001100000010000000000010
15;0001000001100000010000000000010
15;0001001000100000010000000000010
18;0001001000100000010000000100000
19;0100001000100000010000000100000
20;0010001000100000010000000100000
19;0010010000100000010000000100000
22;0000110000100000010000000100000
23;0001010000100000010000000100000
22;1000010000100000010000000100000
21;1000010000100000000000010100000
26;0001010000100000000000010100000
9;0001010000000001000000010100000
10;0000110000000001000000010100000
11;0100010000000001000000010100000
9;1000010000000001000000010100000
23;1000010000000001010000000100000
6;0010000100000001000000101000000
3;1000000010000001000000101000000
6;1000001000000001000000101000000
6;0000101000000001001000001000000
7;0001000010000001001000001000000
5;0001000001000001001000001000000
5;0100010000000001001000001000000
6;0100010000000001001000000000010
10;0000100100000001001000000000010
13;0010000010000001001000000000010
13;0010001000000001001000000000010
17;1000001000000001001000000100000
13;1000000100000001001000000100000
19;0100000100000001001000000000001
12;0100000100000001001000000100000
13;1000000100000001001000000100000
14;1000000100001000001000000100000
23;0010000100001000001000000100000
24;0010000010001000001000000100000
18;0010001000001000001000000100000
11;0010001000001000001000000000010
10;0010000001001000001000000000010
24;0001000001001000001000000000010
17;0001000010001000001000000000010
21;0000100010001000001000000000010
10;1000000010001000001000000000010
6;0001010000001000000000010000010
7;0000110000001000000000010000010
8;0000100100001000000000010000010
9;0000100010001000000000010000010
10;0000101000001000000000010000010
8;0001001000001000000000010000010
11;0001000010001000000000010000010
7;0001000001001000000000010000010
13;1000000001001000000000010000010
15;1000000001001000000000010000100
12;0010000001001000000000010000100
17;0100000001001000000000010000100
18;0100001000001000000000010000100
19;0001001000001000000000010000100
11;0001000001001000000000010000100
21;0001010000001000000000010000100
22;0010010000001000000000010000100
23;0100010000001000000000010000100
24;0100000100001000000000010000100
25;0001000100001000000000010000100
10;0001000010001000000000010000100
9;0001000010001000000010000000100
14;0001000100001000000010000000100
11;0001001000001000000010000000100
8;1000001000001000000010000000100
9;1000000001001000000010000000100
6;0100010000000001000000101000000
6;0100010000000001010000001000000
9;0100010000000001010000000000010
8;0010010000000001010000000000010
11;0010000100000001010000000000010
12;1000000100000001010000000000010
11;1000010000000001010000000000010
14;1000000010000001010000000000010
13;0010000010000001010000000000010
14;0010001000000001010000000000010
12;0010001000000001010000000100000
12;0010000100000001010000000100000
10;0001000100000001010000000100000
20;0001010000000001010000000100000
10;0001010000000001000000100100000
22;0010010000000001000000100100000
19;0100010000000001000000100100000
21;0000110000000001000000100100000
20;1000010000000001000000100100000
9;1000000010000001000000100100000
23;1000000100000001000000100100000
22;0010000100000001000000100100000
16;0010000100000001000100000100000
19;0010001000000001000100000100000
18;0010000010000001000100000100000
6;0001000100000000100000100000001
6;0001000001000000100000100000001
7;0001000001000100000000100000001
8;0001000100000100000000100000001
7;1000000100000100000000100000001
11;1000000100000100000100000000001
7;1000000100000100000100001000000
8;0000100100000100000100001000000
6;0000100100000100000000101000000
7;0000101000000100000000101000000
16;0000101000000100001000001000000
17;0000100100000100001000001000000
7;0000100001000100001000001000000
8;0100000001000100001000001000000
20;0100001000000100001000001000000
7;0001001000000100001000001000000
9;0001000010000100001000001000000
18;0001010000000100001000001000000
12;0001000100000100001000001000000
24;0010000100000100001000001000000
10;1000000100000100001000001000000
9;1000000001000100001000001000000
8;1000000010000100001000001000000
6;1000000010000001001000001000000
9;1000000010000001001000000000001
23;0010000010000001001000000000001
6;0000110000000001000010000010000
7;0000110000100000000010000010000
9;0000100001100000000010000010000
9;0000101000100000000010000010000
11;0000100100100000000010000010000
12;1000000100100000000010000010000
9;1000001000100000000010000010000
7;1000001000000000100010000010000
6;0010001000000000100010000010000
8;0001001000000000100010000010000
6;0001010000000000100010000010000
8;0001010000000100000010000010000
9;1000010000000100000010000010000
13;0000110000000100000010000010000
10;0100010000000100000010000010000
13;0100001000000100000010000010000
11;1000001000000100000010000010000
7;0010001000000100000010000010000
7;0010000001000100000010000010000
7;0010010000000100000010000010000
9;0010000100000100000010000010000
8;0001000100000100000010000010000
8;1000000100000100000010000010000
11;1000000001000100000010000010000
9;0100000001000100000010000010000
7;0001000001000000110000001000000
8;0001000001000100010000001000000
7;0001001000000100010000001000000
9;0010001000000100010000001000000
8;1000001000000100010000001000000
12;1000000010000100010000001000000
13;1000000010000100010000000000001
14;1000000001000100010000000000001
15;1000010000000100010000000000001
16;1000001000000100010000000000001
17;1000000100000100010000000000001
15;1000000100000100010000001000000
10;0010000100000100010000001000000
12;0001000100000100010000001000000
7;0001000100000000110000001000000
6;0001000010000000110000001000000
10;0001000010000100010000001000000
8;0000100010000100010000001000000
11;0000100100000100010000001000000
12;0100000100000100010000001000000
7;0100000010000100010000001000000
6;0100000010000001010000001000000
9;0001000010000001010000001000000
5;0001010000000001010000001000000
6;0100010000000001010000001000000
5;0010001000000010000000100100000
6;0000101000000010000000100100000
7;0001001000000010000000100100000
10;0001001000000010000000100000010
6;0000101000000010000000100000010
8;1000001000000010000000100000010
4;0010001000000010000000100000010
6;0010000100000010000000100000010
3;0010000010000010000000100000010
5;0010000001000010000000100000010
6;0010000001000010000000100000100
10;0010000001000001000000100000100
13;0010000001000001000001000000100
20;0010000001000001000001000000010
21;0010001000000001000001000000010
22;0010000100000001000001000000010
13;0010000100000001000001000010000
24;1000000100000001000001000010000
25;1000000010000001000001000010000
21;0000100010000001000001000010000
11;0000101000000001000001000010000
16;0000101000000001000000010010000
7;0001001000000001000000010010000
11;0100001000000001000000010010000
7;0010001000000001000000010010000
7;0000110000010000000010000000001
6;0001010000010000000010000000001
7;0001010000010000000000010000001
8;0001010000010000000000010001000
11;0100010000010000000000010001000
12;0100001000010000000000010001000
12;0100001000010000001000000001000
14;0100001000000001001000000001000
15;0100000001000001001000000001000
16;0100000010000001001000000001000
17;1000000010000001001000000001000
18;0001000010000001001000000001000
19;0001000010000001001000000000001
10;0001000010000100001000000000001
15;0001001000000100001000000000001
11;0001000001000100001000000000001
13;0001000100000100001000000000001
11;1000000100000100001000000000001
12;0010000100000100001000000000001
26;0010000100000100001000000010000
27;0100000100000100001000000010000
28;0100000001000100001000000010000
29;0100000001000100000000010010000
30;0000100001000100000000010010000
17;0000100100000100000000010010000
6;0100000100100000000000011000000
7;0100000010100000000000011000000
8;0000100010100000000000011000000
7;0000100010100000000001001000000
10;0100000010100000000001001000000
8;0001000010100000000001001000000
12;1000000010100000000001001000000
8;1000000001100000000001001000000
7;0000100001100000000001001000000
15;0010000001100000000001001000000
9;0010000010100000000001001000000
14;0010010000100000000001001000000
18;0100010000100000000001001000000
16;0100000100100000000001001000000
17;1000000100100000000001001000000
10;0010000100100000000001001000000
11;0000100100100000000001001000000
23;0001000100100000000001001000000
8;0001000001100000000001001000000
10;0100000001100000000001001000000
22;0100000001100000000000101000000
7;0001000001100000000000101000000
6;0001001000100000000000101000000
23;0100001000100000000000101000000
7;0010001000100000000000101000000
7;0010010000100000000000101000000
6;0001010000000010001000000000001
6;0000110000000010001000000000001
7;0000100100000010001000000000001
6;0010000100000010001000000000001
7;0010000100000010001000000010000
8;0010000010000010001000000010000
10;0010010000000010001000000010000
9;0010001000000010001000000010000
10;0100001000000010001000000010000
9;0001001000000010001000000010000
6;0001001000000010000000100010000
9;0001000100000010000000100010000
10;0001000100000010000100000010000
11;0001000010000010000100000010000
10;0000100010000010000100000010000
16;0000100001000010000100000010000
12;0001000001000010000100000010000
11;0100000001000010000100000010000
17;1000000001000010000100000010000
21;1000000001000001000100000010000
13;0001000001000001000100000010000
14;0001000010000001000100000010000
27;0001010000000001000100000010000
29;0010010000000001000100000010000
30;0000110000000001000100000010000
31;0000101000000001000100000010000
4;0010000001000100000010001000000
5;0000100001000100000010001000000
6;0000101000000100000010001000000
7;0010001000000100000010001000000
7;0100001000000100000010001000000
4;0100000001000100000010001000000
9;1000000001000100000010001000000
4;1000001000000100000010001000000
4;1000000100000100000010001000000
4;0100000100000100000010001000000
4;0010000100000100000010001000000
4;0000100100000100000010001000000
6;0000100100100000000000011000000
7;1000000100100000000000011000000
8;1000000100100000010000001000000
9;1000001000100000010000001000000
10;0000101000100000010000001000000
11;0010001000100000010000001000000
12;0010000001100000010000001000000
13;0010000010100000010000001000000
10;0000100010100000010000001000000
15;0100000010100000010000001000000
12;0001000010100000010000001000000
11;0001000001100000010000001000000
11;0001001000100000010000001000000
19;0001000100100000010000001000000
8;0100000100100000010000001000000
10;0010000100100000010000001000000
15;0010010000100000010000001000000
6;0100010000100000010000001000000
14;0001010000100000010000001000000
9;0000110000100000010000001000000
21;0000100100100000010000001000000
12;0000100001100000010000001000000
17;1000000001100000010000001000000
10;0100000001100000010000001000000
9;0100001000100000010000001000000
6;1000010000000010000000100000100
7;0100010000000010000000100000100
6;0100000001000010000000100000100
5;1000000001000010000000100000100
10;1000000001000001000000100000100
11;1000001000000001000000100000100
12;1000001000010000000000100000100
13;1000000100010000000000100000100
10;0001000100010000000000100000100
15;0100000100010000000000100000100
16;0100000010010000000000100000100
9;0001000010010000000000100000100
18;1000000010010000000000100000100
15;1000010000010000000000100000100
20;1000000001010000000000100000100
21;0000100001010000000000100000100
21;0000110000010000000000100000100
19;0000110000010000000000100000001
11;0100010000010000000000100000001
11;0001010000010000000000100000001
21;0001010000010000000000100001000
23;0001000001010000000000100001000
20;0001000100010000000000100001000
25;0000100100010000000000100001000
9;0000100010010000000000100001000
8;0000100010010000000000100000010
5;1000001000000100000000011000000
7;1000000001000100000000011000000
8;1000000001000100000000010000001
8;1000010000000100000000010000001
10;0000110000000100000000010000001
11;0000101000000100000000010000001
8;1000001000000100000000010000001
13;0100001000000100000000010000001
14;0100000001000100000000010000001
10;0100000100000100000000010000001
12;0100000010000100000000010000001
13;0100000010000100001000000000001
16;0100001000000100001000000000001
13;0100001000000100001000000100000
20;0100010000000100001000000100000
19;0100010000000100001000000000001
12;0001010000000100001000000000001
15;0001010000000100001000000001000
14;0001001000000100001000000001000
15;0001001000000100001000000000001
18;0000101000000100001000000000001
27;0000101000000100001000000000100
28;0000110000000100001000000000100
29;0010010000000100001000000000100
30;0010000001000100001000000000100
31;0001000001000100001000000000100
6;0001000100000001000010000000010
5;0001000100001000000010000000010
7;0001001000001000000010000000010
10;0001000010001000000010000000010
6;0000100010001000000010000000010
9;0000100010001000000010000001000
13;0100000010001000000010000001000
8;0001000010001000000010000001000
7;0001010000001000000010000001000
6;0001000100001000000010000001000
17;0100000100001000000010000001000
10;1000000100001000000010000001000
18;1000000001001000000010000001000
8;0010000001001000000010000001000
11;0010001000001000000010000001000
12;0100001000001000000010000001000
11;0100010000001000000010000001000
12;0010010000001000000010000001000
13;0010010000000000100010000001000
6;0010001000000000100010000001000
7;0100001000000000100010000001000
7;0001001000000000100010000001000
6;0001001000000000100010000000001
5;0010001000000000100010000000001
6;0010001000000000100010000010000
5;0100000100000001000000101000000
6;0100010000000001000000101000000
4;0000110000000001000000101000000
5;0000110000000001000000100000010
9;0000100001000001000000100000010
7;0100000001000001000000100000010
10;0100001000000001000000100000010
12;0100001000000001001000000000010
13;0010001000000001001000000000010
10;0010001000000001000000100000010
5;0010000001000001000000100000010
16;0001000001000001000000100000010
9;0001010000000001000000100000010
9;0001010000100000000000100000010
6;0001010000100000000000101000000
7;0001000001100000000000101000000
8;0001000001100000000001001000000
22;0001010000100000000001001000000
18;0100010000100000000001001000000
14;0100001000100000000001001000000
10;0100000001100000000001001000000
16;0100000100100000000001001000000
10;0010000100100000000001001000000
23;0001000100100000000001001000000
11;0000100100100000000001001000000
17;1000000100100000000001001000000
13;1000001000100000000001001000000
6;1000000100000001000001000000001
7;0100000100000001000001000000001
8;0010000100000001000001000000001
9;0010001000000001000001000000001
10;0010001000000001000001000010000
11;0100001000000001000001000010000
12;0100000100000001000001000010000
13;0010000100000001000001000010000
12;0000100100000001000001000010000
15;0000100100001000000001000010000
16;0100000100001000000001000010000
17;0100010000001000000001000010000
18;1000010000001000000001000010000
19;0010010000001000000001000010000
20;0001010000001000000001000010000
21;0001000100001000000001000010000
22;0001000001001000000001000010000
23;0001001000001000000001000010000
24;0010001000001000000001000010000
25;1000001000001000000001000010000
26;1000000001001000000001000010000
21;0010000001001000000001000010000
21;0000100001001000000001000010000
27;0100000001001000000001000010000
24;0100001000001000000001000010000
27;0000101000001000000001000010000
6;0001010000000010000000100010000
6;1000010000000010000000100010000
7;1000000100000010000000100010000
8;1000000100000010000100000010000
10;0000100100000010000100000010000
7;0000100100000010000100000000010
6;0000100010000010000100000000010
13;0000100010000000100100000000010
14;0010000010000000100100000000010
15;0001000010000000100100000000010
16;0001000010000000100100000001000
17;0001000001000000100100000001000
18;0100000001000000100100000001000
18;0000100001000000100100000001000
20;0000101000000000100100000001000
20;0100001000000000100100000001000
20;0100000010000000100100000001000
23;0000100010000000100100000001000
8;0000100010000010000100000001000
10;1000000010000010000100000001000
11;0010000010000010000100000001000
13;0010010000000010000100000001000
22;0000110000000010000100000001000
26;0100010000000010000100000001000
12;0100000010000010000100000001000
9;0100000010000010000100000000010
5;0100000100000100000000101000000
6;0000100100000100000000101000000
6;1000000100000100000000101000000
8;0010000100000100000000101000000
10;0010000100000100000100001000000
10;0010010000000100000100001000000
12;0100010000000100000100001000000
9;0100000010000100000100001000000
11;0100000100000100000100001000000
6;0001000100000100000100001000000
7;0001010000000100000100001000000
14;1000010000000100000100001000000
18;1000010000000100000100000000010
19;0010010000000100000100000000010
20;0010000001000100000100000000010
21;0000100001000100000100000000010
22;0001000001000100000100000000010
23;0001010000000100000100000000010
24;0001010000000000100100000000010
8;0000110000000000100100000000010
12;0100010000000000100100000000010
12;0100010000010000000100000000010
14;0100001000010000000100000000010
13;0100000100010000000100000000010
30;0100000100000000100100000000010
26;1000000100000000100100000000010
7;0010001000000000100000011000000
7;0010000100000000100000011000000
7;0010000001000000100000011000000
7;0100000001000000100000011000000
10;0100000001000000101000001000000
6;0100010000000000101000001000000
7;0100010000010000001000001000000
5;0100010000010000000000011000000
7;0010010000010000000000011000000
7;1000010000010000000000011000000
6;1000000001010000000000011000000
18;1000000010010000000000011000000
15;0000100010010000000000011000000
14;0100000010010000000000011000000
8;0100000010000000100000011000000
6;0100000010000000101000001000000
11;0100000010010000001000001000000
9;0000100010010000001000001000000
25;0000100100010000001000001000000
7;0100000100010000001000001000000
13;1000000100010000001000001000000
8;1000001000010000001000001000000
6;1000001000000001001000001000000
6;1000010000000001001000001000000
8;1000000100000001001000001000000
4;0000100100010000000010001000000
5;1000000100010000000010001000000
6;1000000010010000000010001000000
7;1000010000010000000010001000000
8;0010010000010000000010001000000
4;0010000100010000000010001000000
7;0010000010010000000010001000000
4;0010000001010000000010001000000
4;0001000001010000000010001000000
6;0001000010010000000010001000000
4;0001010000010000000010001000000
4;0000110000010000000010001000000
5;0000100001010000000010001000000
4;1000000001010000000010001000000
7;0100000100000001000001000000001
8;0100000010000001000001000000001
8;0001000010000001000001000000001
10;0001000100000001000001000000001
11;0000100100000001000001000000001
12;0000100100000001000001000000100
13;0100000100000001000001000000100
11;1000000100000001000001000000100
15;0001000100000001000001000000100
16;0001010000000001000001000000100
17;0001000001000001000001000000100
10;0001000001000001000001000000010
19;0001000010000001000001000000010
20;0001000010000100000001000000010
18;1000000010000100000001000000010
12;1000010000000100000001000000010
10;0100010000000100000001000000010
24;0100001000000100000001000000010
21;0100001000000100000001000100000
20;0100000100000100000001000100000
22;0000100100000100000001000100000
21;1000000100000100000001000100000
29;1000001000000100000001000100000
17;1000010000000100000001000100000
16;0000110000000100000001000100000
7;0010000100001000001000001000000
8;0000100100001000001000001000000
9;1000000100001000001000001000000
10;1000010000001000001000001000000
8;1000000010001000001000001000000
12;1000000010001000001000000000001
13;0000100010001000001000000000001
14;0000101000001000001000000000001
15;0001001000001000001000000000001
16;0001000100001000001000000000001
12;0001000001001000001000000000001
18;0001010000001000001000000000001
19;0000110000001000001000000000001
20;0100010000001000001000000000001
21;0010010000001000001000000000001
16;0010010000000000101000000000001
8;1000010000000000101000000000001
24;1000000100000000101000000000001
24;0000100100000000101000000000001
17;0010000100000000101000000000001
12;0100000100000000101000000000001
17;0100000100010000001000000000001
12;0100001000010000001000000000001
16;0100001000010000001000000100000
26;0100001000000000101000000100000
4;0000101000000010000100001000000
4;0100000100000010000100001000000
3;0010000001000010000100001000000
4;0010000001000010000000011000000
2;1000000010000010000000011000000
3;1000000010000010010000001000000
9;0100000100000010010000001000000
4;0010000010000010010000001000000
4;0001000001000010010000001000000
4;0000100001000010010000001000000
5;0000100010000000110000001000000
5;0100010000000000110000001000000
5;1000000100000000110000001000000
5;0001010000000000110000001000000
7;0001001000000100010000001000000
12;0100000100000100010000001000000
6;0100000010000001010000001000000
6;0100000100000001010000001000000
7;0000100100000001010000001000000
12;0000100100001000010000001000000
16;0000100001001000010000001000000
13;0010000001001000010000001000000
7;0010000100001000010000001000000
10;0010000100000001010000001000000
6;0010010000000001010000001000000
8;0010010000000001010000000000010
4;0000100100100000000010001000000
5;0001000100100000000010001000000
6;0010000100100000000010001000000
4;0010010000100000000010001000000
4;0010001000100000000010001000000
7;0000101000100000000010001000000
6;0100001000100000000010001000000
7;0100000010100000000010001000000
6;0001000010100000000010001000000
5;0010000010100000000010001000000
4;0010000001100000000010001000000
8;0100000001100000000010001000000
4;0100000100100000000010001000000
7;0010010000000100000010000010000
8;0001010000000100000010000010000
9;0001001000000100000010000010000
7;0010001000000100000010000010000
11;1000001000000100000010000010000
8;1000000100000100000010000010000
9;1000010000000100000010000010000
7;1000000010000100000010000010000
12;0000100010000100000010000010000
15;0000100010000100000000100010000
17;0000110000000100000000100010000
18;0000100001000100000000100010000
19;1000000001000100000000100010000
18;1000000001000100000001000010000
15;1000000100000100000001000010000
22;1000001000000100000001000010000
19;1000010000000100000001000010000
24;0000110000000100000001000010000
16;0001010000000100000001000010000
15;0010010000000100000001000010000
27;0010000001000100000001000010000
14;0010001000000100000001000010000
29;0100001000000100000001000010000
13;0100000100000100000001000010000
14;0000100100000100000001000010000
4;0000100100000010000000010000001
5;0000100100000000100000010000001
9;0100000100000000100000010000001
10;0010000100000000100000010000001
10;0010000100000000100000010010000
12;0100000100000000100000010010000
6;0001000100000000100000010010000
9;0001010000000000100000010010000
15;1000010000000000100000010010000
16;1000001000000000100000010010000
8;1000000010000000100000010010000
18;1000000010000000110000000010000
19;1000000010100000010000000010000
20;0010000010100000010000000010000
21;0010000100100000010000000010000
22;0010000100100000010000000000001
23;0010000001100000010000000000001
20;0100000001100000010000000000001
13;0100000010100000010000000000001
19;0100000100100000010000000000001
12;0100001000100000010000000000001
18;1000001000100000010000000000001
9;1000001000100000000000010000001
11;0010001000100000000000010000001
15;0010000001100000000000010000001
7;0100000100010000001000001000000
7;0100010000010000001000001000000
6;0100010000000000101000001000000
10;0100000001000000101000001000000
11;0100000001010000001000001000000
12;0100000001010000000000011000000
5;0100010000010000000000011000000
14;0100000010010000000000011000000
15;0000100010010000000000011000000
8;0000100010010000000001001000000
17;0000110000010000000001001000000
8;0001010000010000000001001000000
14;0001000010010000000001001000000
9;1000000010010000000001001000000
16;1000000100010000000001001000000
6;1000001000010000000001001000000
9;1000010000010000000001001000000
21;0100010000010000000001001000000
25;0100010000010000000001000000010
6;0100010000000000100001000000010
27;0100000001000000100001000000010
14;0100000010000000100001000000010
9;1000000010000000100001000000010
11;1000000010100000000001000000010
10;0100000010100000000001000000010
7;0001000010000001001000001000000
8;0010000010000001001000001000000
6;1000000010000001001000001000000
9;1000000010000001001000000000001
11;0100000010000001001000000000001
12;0100001000000001001000000000001
13;0001001000000001001000000000001
14;0001000100000001001000000000001
7;0001000001000001001000000000001
8;0010000001000001001000000000001
10;0010000100000001001000000000001
18;0010000100000001001000000010000
19;0001000100000001001000000010000
20;0001001000000001001000000010000
21;0000101000000001001000000010000
22;0100001000000001001000000010000
23;0100010000000001001000000010000
24;0001010000000001001000000010000
25;0001000010000001001000000010000
26;0010000010000001001000000010000
23;0010000010000001001000000000001
9;0010010000000001001000000000001
26;0010010000100000001000000000001
30;0010000100100000001000000000001
18;0100000100100000001000000000001
7;0100001000000100000010001000000
6;0000101000000100000010001000000
5;0000100001000100000010001000000
4;0010000001000100000010001000000
4;0100000001000100000010001000000
9;1000000001000100000010001000000
4;1000000100000100000010001000000
4;0010000100000100000010001000000
4;0000100100000100000010001000000
4;0100000100000100000010001000000
7;0000100010000000100000010000100
8;0001000010000000100000010000100
9;0100000010000000100000010000100
10;0100001000000000100000010000100
11;0100010000000000100000010000100
12;1000010000000000100000010000100
13;0000110000000000100000010000100
9;0000110000000000100001000000100
10;0000110000000010000001000000100
14;0010010000000010000001000000100
17;0100010000000010000001000000100
18;0100000010000010000001000000100
10;0100000001000010000001000000100
9;0100000001000010000001000000010
11;0100000100000010000001000000010
6;0100000010000010000001000000010
11;0100000010000010000001000001000
10;0100000001000010000001000001000
11;0001000001000010000001000001000
8;0001001000000010000001000001000
16;0010001000000010000001000001000
15;1000001000000010000001000001000
14;0000101000000010000001000001000
18;0000101000000000100001000001000
21;0000100100000000100001000001000
6;0000100010000000100000010001000
7;1000010000000000100000010001000
8;0010010000000000100000010001000
9;0100010000000000100000010001000
6;0001010000000000100000010001000
11;0001001000000100000000010001000
12;0001000100000100000000010000001
11;0000101000000100000000010000001
14;0000101000000100000001000000001
15;0100010000000100000001000000001
9;0100000001000100000000100000001
11;0100000001000100000000100100000
14;0100001000000100000000100100000
16;0000101000000100000000100100000
20;0000110000000100000000100100000
13;0001010000000100000000100100000
11;0001001000000100000000100100000
9;0001000010000100000000100100000
10;1000000010000100000000100100000
11;0010000010000100000000100100000
13;0010000001000100000000100100000
13;0010010000000100000000100100000
20;1000010000000100000000100100000
23;1000010000000100010000000100000
23;1000000001000100010000000100000
31;0100000001000100010000000100000
6;0001000100000001000010000000010
6;0100000100000001000010000000010
9;0100000100001000000010000000010
10;0100000100001000000010000010000
6;0001000100001000000010000010000
7;0001000100001000000000010010000
6;0001000100000001000000010010000
10;0100000100000001000000010010000
12;0100000010000001000000010010000
10;1000000010000001000000010010000
7;0010000010000001000000010010000
7;0010001000000001000000010010000
10;0010010000000001000000010010000
8;0001010000000001000000010010000
7;0001001000000001000000010010000
11;0001000010000001000000010010000
12;0001000010000100000000010010000
9;0001000010000000100000010010000
9;0010000010000000100000010010000
8;0010000010000000100000010000001
11;0010001000000000100000010000001
25;0010001000000000100100000000001
24;0000101000000000100100000000001
15;0000100010000000100100000000001
12;0000100010000000100100000000100
7;0001000001000001010000000000010
8;0001001000000001010000000000010
9;0001001000000001010000000100000
10;0001000100000001010000000100000
11;1000000100000001010000000100000
12;0010000100000001010000000100000
13;0010000010000001010000000100000
14;0001000010000001010000000100000
15;0100000010000001010000000100000
16;0100000001000001010000000100000
17;0000100001000001010000000100000
15;1000000001000001010000000100000
12;1000000010000001010000000100000
13;1000001000000001010000000100000
21;0000101000000001010000000100000
22;0000101000000001010000000000010
14;1000001000000001010000000000010
14;0010001000000001010000000000010
13;0010000010000001010000000000010
26;0010000010000001010000000001000
17;0001000010000001010000000001000
12;0000100010000001010000000001000
24;1000000010000001010000000001000
14;1000000010000001010000000000010
11;1000010000000001010000000000010
6;0000100001000001000001000000001
7;0010000001000001000001000000001
8;0010000010000001000001000000001
9;0010000010000001000001000010000
8;0010000001000001000001000010000
11;0010000001000001000000100010000
12;0100000001000001000000100010000
11;0001000001000001000000100010000
7;0001000001000010000000100010000
9;0001000100000010000000100010000
6;0001010000000010000000100010000
6;0001001000000010000000100010000
9;0001001000000010001000000010000
10;0001000010000010001000000010000
11;0001000001000010001000000010000
11;0100000001000010001000000010000
12;0100010000000010001000000010000
16;1000010000000010001000000010000
17;1000000010000010001000000010000
15;1000000001000010001000000010000
7;1000000100000010001000000010000
7;0010000100000010001000000010000
8;0010000010000010001000000010000
9;0000100010000010001000000010000
8;0000100100000010001000000010000
31;0000100100000000101000000010000
6;1000000001000100000000100000001
7;1000010000000100000000100000001
7;1000000100000100000000100000001
7;0010000100000100000000100000001
9;0010001000000100000000100000001
7;0100001000000100000000100000001
6;0100000010000100000000100000001
13;0100000010000100000000100100000
14;0100001000000100000000100100000
14;0010001000000100000000100100000
16;0000101000000100000000100100000
16;1000001000000100000000100100000
11;0001001000000100000000100100000
9;0001000010000100000000100100000
11;0010000010000100000000100100000
8;0010000010000001000000100100000
22;0010000100000001000000100100000
23;1000000100000001000000100100000
22;1000000100001000000000100100000
25;0001000100001000000000100100000
8;0001000100000001000000100100000
10;0001010000000001000000100100000
10;0001000010000001000000100100000
12;0000100010000001000000100100000
30;0000100001000001000000100100000
21;0000110000000001000000100100000
4;0010001000000010000000010000001
8;0010001000000010000000010010000
6;0100001000000010000000010010000
10;0100001000000010001000000010000
9;0001001000000010001000000010000
12;0001000100000010001000000010000
11;0001000001000010001000000010000
10;0010000001000010001000000010000
15;1000000001000010001000000010000
8;1000001000000010001000000010000
7;0000101000000010001000000010000
16;0000100001000010001000000010000
11;0000110000000010001000000010000
12;0100010000000010001000000010000
6;0100010000000010000000010010000
19;0100000001000010000000010010000
10;0100000001000001000000010010000
10;0100000100000001000000010010000
19;0010000100000001000000010010000
7;0010000010000001000000010010000
11;0001000010000001000000010010000
7;0001001000000001000000010010000
11;0100001000000001000000010010000
12;0100000010000001000000010010000
10;1000000010000001000000010010000
4;1000001000000010000010000010000
4;0000101000000010000010000010000
4;0000110000000010000010000010000
6;1000010000000010000010000010000
7;0100010000000010000010000010000
7;0001010000000010000010000010000
5;0001001000000010000010000010000
6;0100001000000010000010000010000
7;0100000010000010001000000000100
8;0100000001000010001000000000100
9;0010000001000010001000000000100
10;0010010000000010001000000000100
8;0010001000000010001000000000100
7;1000001000000010001000000000100
7;0100001000000010001000000000100
14;0001001000000010001000000000100
15;0001010000000010001000000000100
8;0000110000000010001000000000100
17;0000110000000000101000000000100
18;0100010000000000101000000000100
17;0100001000000000101000000000100
20;0100001000010000001000000000100
21;0100000010010000001000000000100
22;0010000010010000001000000000100
23;0010000001010000001000000000100
17;0010001000010000001000000000100
23;0010001000000001001000000000100
15;0010001000000001000000100000100
8;0010000100000001000000100000100
7;0000100100000001000000100000100
15;0100000100000001000000100000100
12;0100000001000001000000100000100
13;0100001000000001000000100000100
6;0100001000000000100000010000001
7;0100000010010000000000010000001
8;0010001000010000000000010000001
9;0010000100010000000100000000001
10;1000001000010000000100000000001
11;0001000001010000000100000000001
12;0000101000010000000100000000001
10;0000101000000001000100000000001
13;0001001000000001000100000000001
11;0001000001000001000100000000001
9;0000100001000001000100000000001
17;0000100100000001000100000000001
14;0001000100000001000100000000001
12;0001010000000001000100000000001
8;0010010000000001000100000000001
20;0010000010000001000100000000001
22;0010001000000001000100000000001
23;0010000001000001000100000000001
5;0010000001000010000100000000001
8;0000100001000010000100000000001
7;0000100001000010000100000000100
11;0000101000000010000100000000100
9;0000100010000010000100000000100
7;0000110000000010000100000000100
10;0000100100000010000100000000100
10;0001000100000010000100000000100
6;0010000010000000100010000100000
6;0100000010000000100010000100000
7;0100000010010000000010000100000
9;0100000010010000000000100100000
10;0000100010010000000000100100000
11;0001000010010000000000100100000
8;0001000010010000000010000100000
9;0001000010010000000000010100000
14;0100000010010000000000010100000
15;0100000100010000000000010100000
16;0100010000010000000000010100000
8;0100001000010000000000010100000
10;0001001000010000000000010100000
19;0001010000010000000000010100000
20;0001000100010000000000010100000
21;0010000100010000000000010100000
12;0010001000010000000000010100000
22;0000101000010000000000010100000
24;0000100010010000000000010100000
25;0000100100010000000000010100000
24;0000100001010000000000010100000
27;0000100001010000000001000100000
27;0001000001010000000001000100000
23;0001000001010000000000100100000
13;0001001000010000000000100100000
15;0010001000010000000000100100000
6;0100000010000010000001000000010
6;0010000010000010000001000000010
8;0010000010000010000001000001000
9;0000100010000010000001000001000
10;1000000010000010000001000001000
11;0100000010000010000001000001000
12;0100001000000010000001000001000
11;0100010000000010000001000001000
13;0010010000000010000001000001000
12;1000010000000010000001000001000
12;0000110000000010000001000001000
10;0000100100000010000001000001000
9;0000100100000010000000010001000
16;1000000100000010000000010001000
6;0100000100000010000000010001000
21;0100000100000010001000000001000
13;0100000001000010001000000001000
12;0100010000000010001000000001000
24;1000010000000010001000000001000
21;1000000100000010001000000001000
20;0010000100000010001000000001000
19;0001000100000010001000000001000
20;0000100100000010001000000001000
9;0000100100000000101000000001000
30;1000000100000000101000000001000
17;0001000100000000101000000001000
5;0000100100000010000001000000001
8;0000100100000010000001000000100
9;0000101000000010000001000000100
10;0000110000000010000001000000100
9;0000100010000010000001000000100
12;0000100010000000100001000000100
13;0100000010000000100001000000100
14;0001000010000000100001000000100
15;1000000010000000100001000000100
16;1000000100000000100001000000100
8;1000000001000000100001000000100
14;0001000001000000100001000000100
9;0100000001000000100001000000100
9;0010000001000000100001000000100
8;0010000001000000100001000000010
16;0010001000000000100001000000010
23;0010000100000000100001000000010
11;0010000100000000100001000010000
25;1000000100000000100001000010000
26;1000001000000000100001000010000
27;1000000010000000100001000010000
26;1000000010100000000001000010000
29;1000000001100000000001000010000
30;0001000001100000000001000010000
27;0001000010100000000001000010000
7;0000100001010000000001001000000
8;0000100010010000000001001000000
9;1000000010010000000001001000000
10;0100000010010000000001001000000
11;0010000010010000000001001000000
11;0010001000010000000001001000000
7;0010000001010000000001001000000
14;0010000100010000000001001000000
10;0100000100010000000001001000000
16;0000100100010000000001001000000
17;0000110000010000000001001000000
10;0000101000010000000001001000000
13;0100001000010000000001001000000
6;1000001000010000000001001000000
5;1000001000000001000001001000000
7;0010001000000001000001001000000
7;0010000100000001000001001000000
7;0001000100000001000001001000000
6;0001001000000001000001001000000
11;0001001000010000000001001000000
15;0001000100010000000001001000000
8;0001010000010000000001001000000
7;0001000001010000000001001000000
14;0001000010010000000001001000000
7;1000001000000010000010000001000
6;0001001000000010000010000001000
8;0100001000000010000010000001000
6;0100000100000010000010000001000
4;0100010000000010000010000001000
4;1000010000000010000010000001000
4;1000000001000010000010000001000
7;1000000100000010000010000001000
7;0010000100000010000010000001000
7;0010001000000010000010000001000
6;0010000001000010000010000001000
4;0010010000000010000010000001000
5;0010000010000001000010000000010
4;0010000001000001000010000000010
6;0010001000000001000010000000010
5;0001001000000001000010000000010
11;0001001000010000000010000000010
8;0000101000010000000010000000010
7;0000100001010000000010000000010
9;0000100001010000000010000000100
7;0000100100010000000010000000100
8;0000100100010000000010000000001
7;0000100001010000000010000000001
7;0000110000010000000010000000001
6;0001010000010000000010000000001
7;0001010000010000000000010000001
8;0010010000010000000000010000001
8;0010001000010000000000010000001
6;0001001000010000000000010000001
11;0001001000010000000000010001000
11;1000001000010000000000010001000
13;0000101000010000000000010001000
21;0000100010010000000000010001000
12;0100000010010000000000010001000
29;0100000100010000000000010001000
22;0000100100010000000000010001000
19;1000000100010000000000010001000
6;0000101000000010010000000000010
8;0000101000000010010000000100000
9;0000100100000010010000000100000
10;0000100010000010010000000100000
10;0001000010000010010000000100000
8;0100000010000010010000000100000
9;0010000010000010010000000100000
10;0010010000000010010000000100000
9;0001010000000010010000000100000
10;0001001000000010010000000100000
8;0010001000000010010000000100000
9;1000001000000010010000000100000
12;1000000001000010010000000100000
10;0000100001000010010000000100000
13;0001000001000010010000000100000
10;0010000001000010010000000100000
9;0010000100000010010000000100000
9;0001000100000010010000000100000
10;0100000100000010010000000100000
9;0100000001000010010000000100000
7;0100001000000010010000000100000
6;0100001000000010010000000000001
6;0010001000000010010000000000001
10;0010001000000010010000000010000
9;0010000001000010010000000010000
6;0001000001000000100000100000001
7;0001000001000100000000100000001
8;0001000001000100000000100001000
7;0001000010000100000000100001000
10;0010000010000100000000100001000
11;0010001000000100000000100001000
12;0000101000000100000000100001000
13;0000100001000100000000100001000
14;0000110000000100000000100001000
15;0000110000000100010000000001000
16;1000010000000100010000000001000
17;0010010000000100010000000001000
18;0010000001000100010000000001000
19;0010001000000100010000000001000
18;0000101000000100010000000001000
21;0000100010000100010000000001000
14;0100000010000100010000000001000
16;0100010000000100010000000001000
21;0100000001000100010000000001000
15;0001000001000100010000000001000
13;0001000010000100010000000001000
27;0001000010000000110000000001000
18;0010000010000000110000000001000
22;0010000010001000010000000001000
21;0001000010001000010000000001000
22;0001000010001000010000000000010
6;0000101000000010010000000000010
5;0100001000000010010000000000010
7;0010001000000010010000000000010
8;0010001000000010010000000100000
10;0010010000000010010000000100000
8;0100010000000010010000000100000
7;0100001000000010010000000100000
6;0100001000000010010000000000001
7;0100000001000010010000000000001
8;0100000100000010010000000000001
7;0010000100000010010000000000001
7;0010000100000010010000000010000
8;0100000100000010010000000010000
10;0100000001000010010000000010000
9;0010000001000010010000000010000
15;0000100001000010010000000010000
16;0000100001000001010000000010000
23;0100000001000001010000000010000
24;0100010000000001010000000010000
25;0100010000100000010000000010000
26;0100000100100000010000000010000
27;0001000100100000010000000010000
21;0010000100100000010000000010000
29;0010000001100000010000000010000
12;0000100001100000010000000010000
29;0100000001100000010000000010000
7;0100010000000000100010000000100
8;0100001000000000100010000000100
6;0100000100000000100010000000100
5;0010000100000000100010000000100
7;0010010000000000100010000000100
7;0010000010000000100010000000100
8;0010000010001000000010000000100
11;0010000100001000000010000000100
8;0010010000001000000010000000100
16;1000010000001000000010000000100
9;1000000010001000000010000000100
14;1000000010001000000000100000100
10;1000000100001000000000100000100
15;1000010000001000000000100000100
21;0001010000001000000000100000100
16;0001000010001000000000100000100
12;0001001000001000000000100000100
13;0001001000001000001000000000100
25;0001000100001000001000000000100
26;0100000100001000001000000000100
22;0100001000001000001000000000100
20;0100000010001000001000000000100
19;0001000010001000001000000000100
14;0001010000001000001000000000100
20;1000010000001000001000000000100
4;0001001000000010000000010100000
7;0000100100000010000000010100000
5;0100001000000010000000010100000
6;1000000010000010000000010100000
8;0010000100000010000000010100000
7;0010010000000010000100000100000
13;0001001000000010000100000100000
13;0001001000000010000100000000010
6;0100001000000010000100000000010
9;0100001000000010000100000100000
10;1000001000000010000100000100000
13;0001001000000010000100000100000
19;0001000100000010000100000100000
8;0001010000000010000100000100000
7;0100010000000010000100000100000
8;0100000010000010000100000100000
23;0001000010000010000100000100000
8;1000000010000010000100000100000
9;1000010000000010000100000100000
7;1000000100000010000100000100000
18;0010000100000010000100000100000
12;0000100100000010000100000100000
14;0000110000000010000100000100000
7;0010010000000010000100000100000
11;0010000001000010000100000100000
6;0100010000000001000000010000001
6;0000110000000001000000010000001
8;0000110000000001000000010000100
8;0000100010000001000000010000100
7;0000100100000001000000010000100
11;0000101000000001000000010000100
12;0000101000000001000001000000100
9;0000100010000001000001000000100
14;0000110000000001000001000000100
15;0000110000100000000001000000100
16;0001010000100000000001000000100
17;0001000010100000000001000000100
18;1000000010100000000001000000100
19;0000100010100000000001000000100
20;0000101000100000000001000000100
21;0100001000100000000001000000100
22;0010001000100000000001000000100
23;0001001000100000000001000000100
24;0001000001100000000001000000100
21;0001000001100000000000100000100
26;0001000100100000000000100000100
25;0010000100100000000000100000100
16;0010000001100000000000100000100
15;1000000001100000000000100000100
12;1000000001000000100000100000100
7;1000001000000000100000100000100
5;0010001000000100000000101000000
7;0001001000000100001000001000000
8;1000000010000100001000001000000
9;1000000010000100001000000000001
10;0001000010000100001000000000001
11;0001000001000100001000000000001
12;1000000001000100001000000000001
9;1000000001000100001000001000000
8;0100000001000100001000001000000
7;0100000100000100001000001000000
16;0100010000000100001000001000000
8;0000110000000100001000001000000
7;0000100001000100001000001000000
17;0010000001000100001000001000000
20;0010010000000100001000001000000
21;0010000010000100001000001000000
9;0001000010000100001000001000000
8;1000000010000100001000001000000
6;1000000010000001001000001000000
9;1000000010000001001000000000001
10;1000000100000001001000000000001
25;1000000100001000001000000000001
28;1000010000001000001000000000001
10;1000010000001000001000001000000
11;1000000001001000001000001000000
22;1000000001001000001000000000001
6;0010010000000010000001001000000
4;0010001000000010000001001000000
7;0010000100000010000001001000000
4;0100000100000010000001001000000
10;0001000100000010000001001000000
4;1000000100000010000001001000000
6;1000001000000010000001001000000
10;0100001000000010000001001000000
5;0100010000000010000001001000000
9;0001010000000010000001001000000
8;0001001000000010000001001000000
11;0001000010000010000001001000000
7;0010000010000010000001001000000
4;0100000010000010000001001000000
6;0010000100000010000001000000001
7;0010000100000010000001000010000
8;0001000100000010000001000010000
6;0000100100000010000001000010000
10;1000000100000010000001000010000
11;1000000010000010000001000010000
7;0000100010000010000001000010000
13;0001000010000010000001000010000
11;0001000001000010000001000010000
15;0100000001000010000001000010000
10;0000100001000010000001000010000
17;0000100001000000100001000010000
18;0000101000000000100001000010000
19;0010001000000000100001000010000
10;0010010000000000100001000010000
19;0010010000001000000001000010000
17;0100010000001000000001000010000
20;0001010000001000000001000010000
18;1000010000001000000001000010000
22;0000110000001000000001000010000
26;0000100010001000000001000010000
27;0000101000001000000001000010000
15;0000100100001000000001000010000
12;0000100100000001000001000010000
11;0000101000000001000001000010000
27;1000001000000001000001000010000
5;0010001000000000100010000000001
6;0001001000000000100010000000001
6;0001001000000000100000010000001
8;0001010000000000100000010000001
9;0001010000000100000000010000001
10;0001000010000100000000010000001
7;0010000010000100000000010000001
12;0010010000000100000000010000001
13;0010000001000100000000010000001
8;1000000001000100000000010000001
8;1000010000000100000000010000001
15;1000010000000100010000000000001
17;1000000100000100010000000000001
18;0001000100000100010000000000001
19;0000100100000100010000000000001
20;0000100100000100010000000000100
21;1000000100000100010000000000100
17;1000001000000100010000000000100
11;1000001000000100000000010000100
24;1000010000000100000000010000100
18;1000000010000100000000010000100
26;0001000010000100000000010000100
8;0001000010000000100000010000100
7;0000100010000000100000010000100
13;0000100100000000100000010000100
23;0010000100000000100000010000100
12;0010010000000000100000010000100
5;0010000100000010010000001000000
7;0001000100000010010000001000000
8;0001000010000010010000001000000
4;0001000001000010010000001000000
11;0010000001000010010000001000000
5;0010001000000010010000001000000
4;0010010000000010010000001000000
4;0010000010000010010000001000000
7;0000100010000010010000001000000
8;0100000010000010010000001000000
9;0100000100000010010000001000000
4;0100000001000010010000001000000
4;0000100001000010010000001000000
6;0000100100000010010000001000000
6;0001000010100000000010001000000
5;0001000100100000000010001000000
4;0000100100100000000010001000000
7;0000101000100000000010001000000
4;0010001000100000000010001000000
4;0010000001100000000010001000000
8;0000100001100000000010001000000
4;0001000001100000000010001000000
8;0100000001100000000010001000000
4;0100000100100000000010001000000
6;0010000100100000000010001000000
4;0010010000100000000010001000000
5;0010000010100000000010001000000
7;0100000010100000000010001000000
6;0100001000100000000010001000000
6;1000001000100000000010001000000
6;0000110000000010000000010001000
7;0000100001000000100000010001000
8;0000110000000000100001000001000
9;0010000100000000100001000001000
10;0100010000000000100001000001000
11;0001000100000000100001000001000
12;1000010000000000100001000001000
12;1000000010100000000001000001000
9;1000000001100000000000100001000
10;1000000001000000100000100001000
16;0010000001000000100000100001000
17;0010000001001000000000100001000
18;0100000001001000000000100001000
19;0001000001001000000000100001000
13;0001000010001000000000100001000
14;0001001000001000000000100001000
15;1000001000001000000000100001000
23;1000000001001000000000100001000
24;1000000100001000000000100001000
23;0001000100001000000000100001000
22;0001000100001000000000100000001
10;0001001000001000000000100000001
11;0001000010001000000000100000001
9;1000000010001000000000100000001
9;1000001000001000000000100000001
6;1000001000001000000000101000000
6;1000000100000001000010000000100
5;0100000100000001000010000000100
8;0100001000000001000010000000100
9;1000001000000001000010000000100
7;1000010000000001000010000000100
5;0001010000000001000010000000100
5;0001000010000001000010000000100
13;0010000010000001000010000000100
6;0100000010000001000010000000100
7;1000000010000001000010000000100
16;1000000010000001000000100000100
9;0010000010000001000000100000100
16;0010000010000100000000100000100
17;0010000001000100000000100000100
20;1000000001000100000000100000100
15;0000100001000100000000100000100
22;0000100001000100000000100000010
23;0000100100000100000000100000010
24;0000100100000100000100000000010
17;0010000100000100000100000000010
26;0010001000000100000100000000010
26;1000001000000100000100000000010
28;1000000100000100000100000000010
24;0100000100000100000100000000010
27;0100000001000100000100000000010
9;0100000010000100000100000000010
7;0000110000000001000010000001000
7;0000101000000001000010000001000
6;0000100100000001000010000001000
7;0010000100000001000010000001000
6;0010001000000001000010000001000
6;1000001000000001000010000001000
9;1000010000000001000010000001000
9;0010010000000001000010000001000
9;0010010000100000000010000001000
8;0010001000100000000010000001000
14;0000101000100000000010000001000
15;0100001000100000000010000001000
11;0100010000100000000010000001000
19;0100000010100000000010000001000
8;0000100010100000000010000001000
8;0010000010100000000010000001000
12;0010000010100000000000100001000
24;0001000010100000000000100001000
25;0001010000100000000000100001000
26;0001010000100000010000000001000
14;0000110000100000010000000001000
28;1000010000100000010000000001000
25;0010010000100000010000000001000
30;0010000001100000010000000001000
31;0010000010100000010000000001000
6;0010001000000010000001000000010
7;0010000100000010000001000000010
8;0001000100000010000001000000010
6;0001000001000010000001000000010
10;0001000001000001000001000000010
11;0001010000000001000001000000010
12;0001010000100000000001000000010
8;0010010000100000000001000000010
14;0010010000100000000001001000000
11;1000010000100000000001001000000
16;1000010000100000000001000000010
8;0100010000100000000001000000010
7;0100010000000001000001000000010
19;0100000100000001000001000000010
14;0100000001000001000001000000010
20;0010000001000001000001000000010
21;0010001000000001000001000000010
9;0010001000010000000001000000010
24;1000001000010000000001000000010
25;1000000001010000000001000000010
26;1000000100010000000001000000010
27;1000000100010000000001000010000
28;0010000100010000000001000010000
29;0010010000010000000001000010000
30;1000010000010000000001000010000
31;0100010000010000000001000010000
6;0000101000000001000010000100000
7;0000110000000001000010000100000
6;0000100100000001000010000100000
9;0000100100001000000010000100000
10;0000110000001000000010000100000
7;0010010000001000000010000100000
7;0010000100001000000010000100000
6;0010000100000001000010000100000
7;0010010000000001000010000100000
15;0010001000000001000010000100000
13;1000001000000001000010000100000
6;1000000100000001000010000100000
9;1000000100001000000010000100000
11;1000001000001000000010000100000
11;0000101000001000000010000100000
11;0001001000001000000010000100000
12;0100001000001000000010000100000
6;0100000100001000000010000100000
13;0100010000001000000010000100000
11;1000010000001000000010000100000
10;0001010000001000000010000100000
11;0001000001001000000010000100000
9;0001000100001000000010000100000
7;0001000100000001000010000100000
7;0001000100000001000000010100000
14;0000100100000001000000010100000
6;0100010000000001010000001000000
6;0100010000100000010000001000000
8;0100000100100000010000001000000
9;0100001000100000010000001000000
10;0100000001100000010000001000000
11;0001000001100000010000001000000
12;0001000010100000010000001000000
10;0000100010100000010000001000000
9;0000110000100000010000001000000
15;0010010000100000010000001000000
12;0010000001100000010000001000000
17;1000000001100000010000001000000
9;1000001000100000010000001000000
8;1000000100100000010000001000000
19;0001000100100000010000001000000
21;0000100100100000010000001000000
10;0000101000100000010000001000000
11;0010001000100000010000001000000
13;0010000010100000010000001000000
15;0100000010100000010000001000000
17;1000000010100000010000001000000
14;1000000010100000010000000000001
7;1000000010000000110000000000001
7;1000000100000000110000000000001
8;0001000100000000110000000000001
13;0001000100000000110000000001000
7;0000100010000010001000000000010
8;0000100001000010001000000000010
9;0000100001000001001000000000010
10;0010000001000001001000000000010
11;0001000001000001001000000000010
12;0001000001000001001000000000100
13;0001000001000010001000000000100
14;0001001000000010001000000000100
7;0100001000000010001000000000100
7;0100010000000010001000000000100
10;0100000100000010001000000000100
9;0000100100000010001000000000100
7;0000100100000010001000000000001
20;0001000100000010001000000000001
6;0010000100000010001000000000001
9;0010010000000010001000000000001
6;0001010000000010001000000000001
11;0001010000000010001000000001000
24;1000010000000010001000000001000
16;1000000001000010001000000001000
10;0010000001000010001000000001000
20;0010000100000010001000000001000
21;0100000100000010001000000001000
21;1000000100000010001000000001000
19;0001000100000010001000000001000
7;0010000010000010000100000000100
8;0010000100000010000100000000100
9;0010010000000010000100000000100
10;0001010000000010000100000000100
10;0001000100000010000100000000100
12;1000000100000010000100000000100
10;0000100100000010000100000000100
7;0000110000000010000100000000100
6;0000110000000010000100000000001
13;0000100010000010000100000000001
7;0010000010000010000100000000001
12;0010000010000010000100000010000
7;0010000001000010000100000010000
12;0001000001000010000100000010000
13;0001000001000001000100000010000
21;1000000001000001000100000010000
20;1000000100000001000100000010000
24;1000010000000001000100000010000
25;1000001000000001000100000010000
26;0001001000000001000100000010000
27;0001001000010000000100000010000
28;1000001000010000000100000010000
29;1000000001010000000100000010000
30;0001000001010000000100000010000
31;0100000001010000000100000010000
5;0010000100000000100010000000100
7;0010000010000000100010000000100
7;0010001000000000100010000000100
10;0010001000001000000010000000100
11;0001001000001000000010000000100
8;1000001000001000000010000000100
7;1000000100001000000010000000100
14;0001000100001000000010000000100
9;0001000010001000000010000000100
9;1000000010001000000010000000100
9;1000000001001000000010000000100
16;1000010000001000000010000000100
16;0001010000001000000010000000100
20;0100010000001000000010000000100
15;0100001000001000000010000000100
22;0000101000001000000010000000100
6;0000100100001000000010000000100
10;0000100001001000000010000000100
13;0010000001001000000010000000100
17;0100000001001000000010000000100
13;0100000010001000000010000000100
12;0000100010001000000010000000100
11;0000100010001000000010000000001
10;0100000010001000000010000000001
7;0100000010001000000010000100000
6;0000110000000010000000100100000
7;0000110000000010010000000100000
7;1000010000000010010000000100000
9;1000001000000010010000000100000
7;0100001000000010010000000100000
8;0100000010000010010000000100000
10;0000100010000010010000000100000
9;0000100100000010010000000100000
9;0001000100000010010000000100000
10;0001001000000010010000000100000
10;0001000010000010010000000100000
13;0001000001000010010000000100000
10;0000100001000010010000000100000
12;1000000001000010010000000100000
9;0100000001000010010000000100000
10;0100000100000010010000000100000
8;0100010000000010010000000100000
9;0001010000000010010000000100000
6;0001010000000010000000100100000
7;0001001000000010000000100100000
10;0001001000000010000000100000010
8;1000001000000010000000100000010
4;0010001000000010000000100000010
6;0000101000000010000000100000010
6;0000101000000010000000100100000
5;0010001000000010000000100100000
7;0100001000000000100000100000010
8;0100001000000000100000100100000
9;0100000001000000100000100100000
10;0001000001000000100000100100000
10;0001001000000000100000100100000
11;0001001000000100000000100100000
13;0001010000000100000000100100000
9;0001000010000100000000100100000
15;0001000100000100000000100100000
12;0010000100000100000000100100000
11;1000000100000100000000100100000
10;1000000010000100000000100100000
9;1000000010000001000000100100000
10;0001000010000001000000100100000
8;0010000010000001000000100100000
22;0010000001000001000000100100000
23;1000000001000001000000100100000
22;1000000001000001000001000100000
17;1000000010000001000001000100000
26;0000100010000001000001000100000
19;0000100010000100000001000100000
20;0000101000000100000001000100000
29;1000001000000100000001000100000
17;1000010000000100000001000100000
21;1000000100000100000001000100000
7;0010000100001000000000100000010
8;0001000100001000000000100000010
9;1000000100001000000000100000010
10;1000000100001000000100000000010
11;1000000001001000000100000000010
12;0000100001001000000100000000010
13;0010000001001000000100000000010
14;0010000001001000000100000000100
15;0000100001001000000100000000100
15;0000100001001000000100000000001
17;1000000001001000000100000000001
16;0001000001001000000100000000001
19;0001000010001000000100000000001
20;0001010000001000000100000000001
19;1000010000001000000100000000001
22;1000000100001000000100000000001
8;0010000100001000000100000000001
22;0010001000001000000100000000001
21;0010001000001000000100000010000
26;0010010000001000000100000010000
27;0000110000001000000100000010000
28;0001010000001000000100000010000
29;0001000001001000000100000010000
27;0000100001001000000100000010000
23;0000101000001000000100000010000
6;0100010000000010000000010010000
6;0100001000000010000000010010000
8;0010001000000010000000010010000
5;0010000010000010000000010010000
6;0100000010000010000000010010000
11;0100000010000010001000000010000
10;0001000010000010001000000010000
9;0001001000000010001000000010000
12;0001000100000010001000000010000
8;0000100100000010001000000010000
16;0000100001000010001000000010000
9;0000100010000010001000000010000
11;0000110000000010001000000010000
12;0100010000000010001000000010000
16;1000010000000010001000000010000
8;1000001000000010001000000010000
10;0100001000000010001000000010000
7;0000101000000010001000000010000
9;0010001000000010001000000010000
10;0010000001000010001000000010000
15;1000000001000010001000000010000
11;0001000001000010001000000010000
11;0100000001000010001000000010000
19;0100000001000010000000010010000
9;0010000001000010000000010010000
7;0010000001000010000100000010000
4;0000100100000001000000101000000
5;0100000100000001000000101000000
6;0100010000000001000000101000000
5;0010010000000001000000101000000
8;0010010000000001000000100000010
5;0010000001000001000000100000010
11;1000000001000001000000100000010
13;1000000010000001000000100000010
12;1000000100000001000000100000010
14;0100000100000001000000100000010
8;0100000100000001000000100010000
7;0100000010000001000000100010000
14;0100000010000100000000100010000
15;0100000001000100000000100010000
11;0001000001000100000000100010000
21;0010000001000100000000100010000
23;0010010000000100000000100010000
24;0010000010000100000000100010000
10;0001000010000100000000100010000
11;0001000010000001000000100010000
12;0001001000000001000000100010000
8;0000101000000001000000100010000
9;0000100010000001000000100010000
7;0000100001000001000000100010000
31;0000100100000001000000100010000
7;0100000001000010001000000100000
8;0001000001000010001000000100000
9;0001000010000010001000000100000
10;1000000010000010001000000100000
11;1000000100000010001000000100000
12;1000010000000010001000000100000
7;0100010000000010001000000100000
7;0100000010000010001000000100000
14;0100000100000010001000000100000
16;0000100100000010001000000100000
9;0000110000000010001000000100000
11;0000100001000010001000000100000
11;0010000001000010001000000100000
17;0010000100000010001000000100000
15;0010000010000010001000000100000
8;0000100010000010001000000100000
9;0000100010000000101000000100000
10;1000000010000000101000000100000
10;1000010000000000101000000100000
21;0001010000000000101000000100000
18;0100010000000000101000000100000
16;0100010000000000100000010100000
7;0001010000000000100000010100000
11;1000010000000000100000010100000
21;1000010000100000000000010100000
4;0100000100000010000000010000001
5;0010000100000010000000010000001
4;0000100100000010000000010000001
5;0000100100000000100000010000001
6;1000000100000000100000010000001
8;1000001000000000100000010000001
11;0010001000000000100000010000001
12;0010000001000000100000010000001
7;0000100001000000100000010000001
8;1000000001000000100000010000001
11;1000000001100000000000010000001
7;1000000100100000000000010000001
17;0010000100100000000000010000001
15;0010000001100000000000010000001
13;0010000001100000000000010010000
14;0000100001100000000000010010000
15;0100000001100000000000010010000
22;0100000001100000001000000010000
17;0010000001100000001000000010000
24;0010000001100000001000000000001
25;0010000010100000001000000000001
26;0010010000100000001000000000001
16;0010010000100000001000000010000
15;0010010000000001001000000010000
26;0010000010000001001000000010000
23;0010000010000001001000000000001
12;0000100010000001001000000000001
6;0000101000000010000000100000010
4;0010001000000010000000100000010
5;0010000001000010000000100000010
5;1000000001000010000000100000010
4;0001000001000010000000100000010
6;0001000001000010000001000000010
5;0010000001000010000001000000010
9;0100000001000010000001000000010
14;0100000001000001000001000000010
7;0100010000000001000001000000010
16;1000010000000001000001000000010
16;1000010000100000000001000000010
18;1000001000100000000001000000010
10;1000000100100000000001000000010
20;1000000001100000000001000000010
21;0010000001100000000001000000010
22;0100000001100000000001000000010
23;0100000100100000000001000000010
24;0001000100100000000001000000010
25;0001000100100000000001000010000
25;0001001000100000000001000010000
27;0100001000100000000001000010000
28;0100010000100000000001000010000
15;0100010000000001000001000010000
16;0010010000000001000001000010000
24;0010010000100000000001000010000
7;0000100001000000110000000000100
8;0000110000000000110000000000100
9;0100010000000000110000000000100
10;0100010000010000010000000000100
11;0000110000010000010000000000100
12;0000100001010000010000000000100
13;0010000001010000010000000000100
14;0100000001010000010000000000100
15;0001000001010000010000000000100
16;1000000001010000010000000000100
17;1000000100010000010000000000100
18;1000000010010000010000000000100
19;1000001000010000010000000000100
20;0000101000010000010000000000100
21;0100001000010000010000000000100
22;0001001000010000010000000000100
23;0001000010010000010000000000100
24;0001000100010000010000000000100
19;0010000100010000010000000000100
26;0010000010010000010000000000100
24;0000100010010000010000000000100
22;0000100010010000010000000000001
19;0000100001010000010000000000001
10;1000000001010000010000000000001
18;0001000001010000010000000000001
7;0001000100001000000000010010000
8;0001000001001000000000010010000
9;0001001000001000000000010010000
8;0001001000001000000010000010000
9;0000101000001000000010000010000
7;0000100010001000000010000010000
13;0000100010001000000000100010000
9;1000000010001000000000100010000
15;1000001000001000000000100010000
10;1000000001001000000000100010000
17;1000000100001000000000100010000
18;0010000100001000000000100010000
18;0010000100000001000000100010000
11;0010000001000001000000100010000
13;0010001000000001000000100010000
11;1000001000000001000000100010000
14;0100001000000001000000100010000
24;0100001000010000000000100010000
11;0100000010010000000000100010000
23;0010000010010000000000100010000
27;0001000010010000000000100010000
12;1000000010010000000000100010000
14;1000000100010000000000100010000
13;1000010000010000000000100010000
31;0010010000010000000000100010000
7;1000000100000010001000000010000
8;0000100100000010001000000010000
9;0000100010000010001000000010000
7;0000101000000010001000000010000
9;0010001000000010001000000010000
8;0010000010000010001000000010000
7;0010000100000010001000000010000
6;0010000100000010001000000000001
7;0000100100000010001000000000001
9;0000100100000010001000000000100
8;0000110000000010001000000000100
17;0000110000000000101000000000100
10;0000101000000000101000000000100
20;0000100010000000101000000000100
15;0001000010000000101000000000100
22;1000000010000000101000000000100
23;1000000010100000001000000000100
23;0000100010100000001000000000100
24;0000100001100000001000000000100
26;0000101000100000001000000000100
27;0010001000100000001000000000100
23;0010001000100000000000100000100
28;0010010000100000000000100000100
24;0010000010100000000000100000100
16;0010000001100000000000100000100
6;0000100100000010010000001000000
7;0001000100000010010000001000000
5;0010000100000010010000001000000
5;0010001000000010010000001000000
4;0010000010000010010000001000000
4;0010010000000010010000001000000
11;0010000001000010010000001000000
4;0001000001000010010000001000000
6;0001001000000010010000001000000
8;0001000010000010010000001000000
7;0000100010000010010000001000000
4;0000100001000010010000001000000
4;0100000001000010010000001000000
4;0100001000000010010000001000000
9;0100000100000010010000001000000
8;0100000010000010010000001000000
4;0100010000000010010000001000000
6;0010000001010000000010000000010
7;0000100001010000000010000000010
8;0000101000010000000010000000010
9;0000101000010000000010000100000
10;0010001000010000000010000100000
6;0010001000010000000010000000010
6;1000001000010000000010000000010
12;1000001000010000000010000100000
8;1000000010010000000010000100000
13;1000000100010000000010000100000
16;1000000001010000000010000100000
14;0010000001010000000010000100000
10;0001000001010000000010000100000
19;0001000001010000000000010100000
19;0001010000010000000000010100000
10;0001001000010000000000010100000
11;0001001000010000000010000100000
9;0001010000010000000010000100000
11;0000110000010000000010000100000
16;1000010000010000000010000100000
7;0010010000010000000010000100000
10;0100010000010000000010000100000
7;0100000010010000000010000100000
9;0100000001010000000010000100000
11;0100000100010000000010000100000
12;0001000100010000000010000100000
6;1000001000000010000000010000100
6;0100001000000010000000010000100
6;0010001000000010000000010000100
7;0010001000000010000100000000100
7;0010000010000010000100000000100
11;0100000010000010000100000000100
12;0100010000000010000100000000100
9;0010010000000010000100000000100
8;0010000100000010000100000000100
12;1000000100000010000100000000100
10;0001000100000010000100000000100
10;0000100100000010000100000000100
7;0000110000000010000100000000100
9;0000100010000010000100000000100
10;0001000010000010000100000000100
10;0001010000000010000100000000100
7;0001000001000010000100000000100
12;0001001000000010000100000000100
15;0100001000000010000100000000100
18;0100000100000010000100000000100
8;0100000100000010000000100000100
7;0100010000000010000000100000100
6;0100000001000010000000100000100
6;0010000001000010000000100000100
5;0010000001000010000000100000010
3;0010010000000010000000100000010
7;1000000100000010000100000100000
8;1000000010000010000100000100000
9;0000100010000010000100000100000
10;0000100001000010000100000100000
11;0001000001000010000100000100000
10;0100000001000010000100000100000
11;0010000001000010000100000100000
7;0010010000000010000100000100000
14;0000110000000010000100000100000
7;0100010000000010000100000100000
8;0001010000000010000100000100000
13;0001001000000010000100000100000
9;0100001000000010000100000100000
16;0000101000000010000100000100000
10;1000001000000010000100000100000
9;1000010000000010000100000100000
11;1000000001000010000100000100000
12;1000000001000001000100000100000
12;0001000001000001000100000100000
15;0001000100000001000100000100000
16;0010000100000001000100000100000
26;0000100100000001000100000100000
15;0000100100001000000100000100000
16;0001000100001000000100000100000
26;0100000100001000000100000100000
7;0100000001001000000010001000000
7;0100001000001000000010001000000
4;0100010000001000000010001000000
4;1000010000001000000010001000000
4;0000110000001000000010001000000
7;0000101000001000000010001000000
7;0000100001001000000010001000000
4;0001000001001000000010001000000
12;0001010000001000000010001000000
7;0010000001100000000010000000100
8;0010000010100000000010000000100
9;0010010000100000000010000000100
6;0000110000100000000010000000100
11;1000010000100000000010000000100
8;1000001000100000000010000000100
8;0000101000100000000010000000100
14;0000100010100000000010000000100
13;0000100001100000000010000000100
7;0100000001100000000010000000100
17;0100000010100000000010000000100
18;0100000010100000000000100000100
19;0100000100100000000000100000100
17;0100000001100000000000100000100
21;0001000001100000000000100000100
22;0001010000100000000000100000100
23;0001010000000001000000100000100
17;0001000001000001000000100000100
11;0000100001000001000000100000100
10;1000000001000001000000100000100
21;1000010000000001000000100000100
17;0000110000000001000000100000100
16;0000110000100000000000100000100
26;1000010000100000000000100000100
22;1000000010100000000000100000100
6;0100001000000010000000010000100
6;0010001000000010000000010000100
6;1000001000000010000000010000100
9;1000001000000010010000000000100
8;0100001000000010010000000000100
12;0010001000000010010000000000100
12;0001001000000010010000000000100
10;0001000010000010010000000000100
8;0000100010000010010000000000100
10;0010000010000010010000000000100
13;0010000001000010010000000000100
11;0001000001000010010000000000100
6;0100000001000010010000000000100
9;0100000010000010010000000000100
7;1000000010000010010000000000100
7;1000010000000010010000000000100
12;0000110000000010010000000000100
11;0010010000000010010000000000100
13;0001010000000010010000000000100
13;0100010000000010010000000000100
7;0100010000000010000000100000100
8;0100000100000010000000100000100
7;0010000100000010000000100000100
9;0010010000000010000000100000100
6;0010000001000010000000100000100
5;0010010000000001000000101000000
6;0010010000000001010000001000000
5;0001010000000001010000001000000
8;0001000100000001010000001000000
9;0001000010000001010000001000000
10;0001000010000100010000001000000
7;0001001000000100010000001000000
9;0010001000000100010000001000000
11;0100001000000100010000001000000
13;0100000001000100010000001000000
8;0001000001000100010000001000000
10;1000000001000100010000001000000
11;1000010000000100010000001000000
9;1000010000000100010000000000010
13;1000000100000100010000000000010
14;0010000100000100010000000000010
12;0001000100000100010000000000010
11;0001000100000000110000000000010
10;0001001000000000110000000000010
24;0001000010000000110000000000010
25;0100000010000000110000000000010
22;0100000001000000110000000000010
27;0100000100000000110000000000010
27;0010000100000000110000000000010
26;0010000100001000010000000000010
24;0001000100001000010000000000010
31;0001000001001000010000000000010
5;1000000100100000000010000000001
3;1000010000000000100010000000001
3;1000001000000000100010001000000
5;0100000100000000100010001000000
4;0001000010000000100010001000000
3;0001000001000100000010001000000
4;0100010000000100000010001000000
6;0010000010000100000010001000000
3;0000100010000100000010001000000
9;1000000001000100000010001000000
5;1000010000000100000010000000001
6;0000100100000100000010000000001
6;0000100010000100000000100000001
6;0001000010000100000000100000001
13;0001001000000100000000100000001
7;0100001000000100000000100000001
9;0100000001000100000000100000001
8;0000100001000100000000100000001
22;0000100001000100000001000000001
25;0000100010000100000001000000001
8;0000100010000100000000010000001
9;0000100010000100000000010000100
10;0000101000000100000000010000100
29;0000100100000100000000010000100
30;1000000100000100000000010000100
21;1000000001000100000000010000100
6;1000010000000010000000010100000
7;1000010000000010010000000100000
8;1000000100000010010000000100000
9;0001000100000010010000000100000
10;0100000100000010010000000100000
7;0100001000000010010000000100000
8;0100000010000010010000000100000
10;0001000010000010010000000100000
10;0001001000000010010000000100000
8;0000101000000010010000000100000
9;0000100100000010010000000100000
10;0000100010000010010000000100000
7;0000110000000010010000000100000
10;0010010000000010010000000100000
9;0010000010000010010000000100000
9;0010000100000010010000000100000
8;0010001000000010010000000100000
9;1000001000000010010000000100000
12;1000000001000010010000000100000
13;0001000001000010010000000100000
9;0001010000000010010000000100000
8;0100010000000010010000000100000
9;0100000001000010010000000100000
10;0000100001000010010000000100000
19;0000100001000000110000000100000
21;0001000001000000110000000100000
7;0100000100000010000000100000010
5;0100000100000010000100000000010
9;0100000010000010000100000000010
6;0000100010000010000100000000010
6;0000101000000010000100000000010
7;0000100100000010000100000000010
9;0001000100000010000100000000010
12;0001000010000010000100000000010
13;0001001000000010000100000000010
6;0100001000000010000100000000010
9;0100001000000010000100000100000
10;1000001000000010000100000100000
11;1000000001000010000100000100000
10;0000100001000010000100000100000
17;0000100001000000100100000100000
14;0000100010000000100100000100000
18;0000100100000000100100000100000
18;0000101000000000100100000100000
19;0010001000000000100100000100000
26;1000001000000000100100000100000
19;0001001000000000100100000100000
21;0001000010000000100100000100000
15;1000000010000000100100000100000
16;1000000001000000100100000100000
29;1000000100000000100100000100000
7;0100000100000000100000100100000
8;0001000100000000100000100100000
9;0001010000000000100000100100000
10;0010010000000000100000100100000
11;0010000100000000100000100100000
12;1000000100000000100000100100000
13;1000010000000000100000100100000
7;1000000010000000100000100100000
7;0010000010000000100000100100000
13;0010000010001000000000100100000
8;0010000010001000000010000100000
10;0010001000001000000010000100000
11;0000101000001000000010000100000
6;0000101000001000000010000000010
6;0100001000001000000010000000010
10;0100000010001000000010000000010
15;0100000010001000000000100000010
16;0100000100001000000000100000010
22;0100000001001000000000100000010
26;0100000001001000000001000000010
27;0100001000001000000001000000010
28;0000101000001000000001000000010
29;0010001000001000000001000000010
24;0010000100001000000001000000010
23;0010000100000000100001000000010
7;1000001000000100000010000100000
8;1000000100000100000010000100000
7;0001000100000100000010000100000
10;0000100100000100000010000100000
10;0010000100000100000010000100000
10;0010000010000100000010000100000
8;0010001000000100000010000100000
9;0010000001000100000010000100000
14;1000000001000100000010000100000
9;1000000010000100000010000100000
10;1000000010000100000000100100000
11;1000000100000100000000100100000
19;1000000100000100000100000100000
19;1000000010000100000100000100000
21;0010000010000100000100000100000
18;0010000010000001000100000100000
23;0010010000000001000100000100000
16;0010000100000001000100000100000
13;0010000100000001000000010100000
15;0010000001000001000000010100000
17;0010010000000001000000010100000
11;0100010000000001000000010100000
9;0001010000000001000000010100000
7;0001000100000001000000010100000
7;0001000100000001000010000100000
7;0100000001010000000000010000010
8;0000100001010000000000010000010
9;0000101000010000000000010000010
9;0001001000010000000000010000010
11;1000001000010000000000010000010
11;1000001000010000000000010100000
13;1000001000010000010000000100000
14;0010001000010000010000000100000
15;0010010000010000010000000100000
16;0001010000010000010000000100000
16;0001000001010000010000000100000
18;0001001000010000010000000100000
19;0100001000010000010000000100000
20;0000101000010000010000000100000
10;0000101000010000010000000000010
12;0000110000010000010000000000010
10;0010010000010000010000000000010
9;0010001000010000010000000000010
19;0001001000010000010000000000010
8;0001001000000001010000000000010
14;1000001000000001010000000000010
20;1000001000010000010000000000010
16;1000000100010000010000000000010
18;0100000100010000010000000000010
17;0001000100010000010000000000010
7;0010000001000000110000000000010
8;0010001000000000110000000000010
7;1000001000000000110000000000010
10;0001001000000000110000000000010
11;0001000100000000110000000000010
12;0001000100000100010000000000010
13;0001000100000100010000000010000
14;0010000100000100010000000010000
15;0010000001000100010000000010000
16;0010000001000100010000000000001
14;1000000001000100010000000000001
15;1000010000000100010000000000001
7;1000010000000100000000100000001
10;0001010000000100000000100000001
8;0001000100000100000000100000001
8;0000100100000100000000100000001
8;0000100001000100000000100000001
7;0001000001000100000000100000001
10;0010000001000100000000100000001
6;1000000001000100000000100000001
9;0100000001000100000000100000001
10;0100000001000100000001000000001
29;0010000001000100000001000000001
30;0010001000000100000001000000001
31;1000001000000100000001000000001
5;0100010000000010000100001000000
5;0100001000000010000100001000000
6;1000001000000010000100001000000
4;0001001000000010000100001000000
4;0001010000000010000100001000000
4;0001000001000010000100001000000
5;1000000001000010000100001000000
6;1000000100000001000010000100000
7;0001000100000001000000010100000
8;1000000100000001000000010100000
9;1000010000000001000000010100000
10;0000110000000001000000010100000
11;0100010000000001000000010100000
12;0100010000000001001000000100000
13;0010010000000001001000000100000
12;0010010000100000001000000100000
15;0001010000100000001000000100000
16;0001010000000001001000000100000
17;0001000100000001001000000100000
18;0001000100001000001000000100000
19;0001010000001000001000000100000
12;0010010000001000001000000100000
13;0100010000001000001000000100000
22;0100010000001000000000010100000
23;0100010000001000000000010000001
24;0100001000001000000000010000001
7;0100000100001000000000010000001
9;0100000010001000000000010000001
17;0100000010001000000000010100000
11;1000000010001000000000010100000
21;0000100010001000000000010100000
30;0000100010001000000001000100000
30;0100000010001000000001000100000
6;0010001000000010010000000000001
7;0001000100000010010000000000001
8;0001000001000001010000000000001
9;0001001000000001010000000000001
10;0010001000000001010000000000001
11;0010010000000001010000000000001
12;0010010000000001010000000010000
13;0010000001000001010000000010000
9;0010000001000010010000000010000
10;0010001000000010010000000010000
12;0000101000000010010000000010000
15;0000100001000010010000000010000
7;0000100100000010010000000010000
19;0000110000000010010000000010000
7;0001010000000010010000000010000
6;0001000100000010010000000010000
18;0001000010000010010000000010000
11;0001000001000010010000000010000
10;0100000001000010010000000010000
8;1000000001000010010000000010000
7;1000010000000010010000000010000
13;1000000010000010010000000010000
11;1000001000000010010000000010000
10;0001001000000010010000000010000
15;0100001000000010010000000010000
8;0100000100000010010000000010000
6;0100010000000010000000100000010
3;0010010000000010000000100000010
5;0010000001000010000000100000010
6;0010000100000010000000100000010
7;0100000100000010000000100000010
5;0100000100000010000000100010000
6;0100001000000010000000100010000
10;0100001000000010001000000010000
9;0001001000000010001000000010000
11;0001000001000010001000000010000
16;0000100001000010001000000010000
8;0000100100000010001000000010000
7;0010000100000010001000000010000
7;1000000100000010001000000010000
17;1000000010000010001000000010000
8;0010000010000010001000000010000
10;0001000010000010001000000010000
13;0001010000000010001000000010000
16;1000010000000010001000000010000
10;0010010000000010001000000010000
9;0010001000000010001000000010000
10;0010000001000010001000000010000
15;1000000001000010001000000010000
8;1000001000000010001000000010000
7;0000101000000010001000000010000
8;0000101000000000101000000010000
5;0001000001000000100010000001000
7;0001000001000100000010000001000
7;0001000001000100000010000000001
9;0001010000000100000010000000001
9;0001010000000100000000010000001
9;0001010000000100000000010001000
11;0001001000000100000000010001000
9;0001001000000100000000010000001
13;0100001000000100000000010000001
14;0100000001000100000000010000001
16;0100000001000100001000000000001
16;0100001000000100001000000000001
15;0001001000000100001000000000001
19;0001001000000000101000000000001
11;0001010000000000101000000000001
9;0100010000000000101000000000001
16;0010010000000000101000000000001
17;0010000100000000101000000000001
24;0000100100000000101000000000001
7;0000100100000010001000000000001
20;0001000100000010001000000000001
6;0010000100000010001000000000001
7;0010000100000010001000000010000
7;1000000100000010001000000010000
8;1000001000000010001000000010000
7;0000101000000010001000000010000
7;0010010000010000000000101000000
6;0001010000010000000000101000000
9;0001010000010000010000001000000
10;0001000001010000010000001000000
8;0010000001010000010000001000000
11;0010000100010000010000001000000
9;0001000100010000010000001000000
14;0001000010010000010000001000000
8;0100000010010000010000001000000
7;0100001000010000010000001000000
12;0100000001010000010000001000000
9;1000000001010000010000001000000
13;0000100001010000010000001000000
16;0000100010010000010000001000000
16;1000000010010000010000001000000
17;1000000010010000010000000000001
9;0100000010010000010000000000001
12;0100010000010000010000000000001
22;0000110000010000010000000000001
17;0001010000010000010000000000001
27;0001000010010000010000000000001
28;0010000010010000010000000000001
17;0010000001010000010000000000001
18;0001000001010000010000000000001
10;1000000001010000010000000000001
6;0010000001000010000010000001000
4;0010010000000010000010000001000
4;0100010000000010000010000001000
6;0100000100000010000010000001000
7;1000000100000010000010000001000
4;1000000001000010000010000001000
4;1000010000000010000010000001000
7;1000001000000010000010000001000
7;0010001000000010000010000001000
7;0010000100000010000010000001000
6;1000001000000001001000001000000
5;0001001000000001001000001000000
6;0001000100000001001000001000000
8;0001000100001000001000001000000
7;0010000100001000001000001000000
8;0000100100001000001000001000000
7;0000101000001000001000001000000
8;0000100010001000001000001000000
13;0010000010001000001000001000000
9;0001000010001000001000001000000
8;1000000010001000001000001000000
10;1000010000001000001000001000000
10;0100010000001000001000001000000
11;0100000001001000001000001000000
7;0100000010001000001000001000000
7;0100001000001000001000001000000
7;0001001000001000001000001000000
9;0001010000001000001000001000000
19;0001010000001000001000000000010
13;1000010000001000001000000000010
10;1000000010001000001000000000010
11;1000000100001000001000000000010
23;0010000100001000001000000000010
29;0010000010001000001000000000010
10;0010000001001000001000000000010
23;0010000001001000001000000000100
7;1000001000000010001000000000100
8;0010001000000010001000000000100
7;0100001000000010001000000000100
7;0100000010000010001000000000100
9;1000000010000010001000000000100
11;0010000010000010001000000000100
10;0010010000000010001000000000100
9;0010000001000010001000000000100
6;0010000001000010001000000000010
10;0010000001000001001000000000010
13;0010001000000001001000000000010
9;0010000100000001001000000000010
18;0010000100000001001000000010000
10;0010000100000001001000000000001
8;0010000001000001001000000000001
22;0010001000000001001000000000001
23;0000101000000001001000000000001
12;0100001000000001001000000000001
13;0001001000000001001000000000001
13;0001001000010000001000000000001
12;0000101000010000001000000000001
11;1000001000010000001000000000001
17;0010001000010000001000000000001
20;0010000010010000001000000000001
15;0001000010010000001000000000001
7;1000000001000010000000100010000
5;0100000010000010000000100010000
6;0100000010000010000010000010000
3;0010010000000010000010000010000
3;0010000100000010000010000010000
5;0001001000000010000010000010000
4;0001000001000010000010000010000
5;0001000001000001000010000010000
6;1000000100000001000010000010000
6;0001001000000001000010000010000
9;0001001000010000000010000010000
13;0000110000010000000010000010000
10;0010000001010000000010000010000
19;0001000010010000000010000010000
11;0001000010010000000000010010000
10;0001000100010000000000010010000
20;0000100100010000000000010010000
10;0000100100010000000000010000010
8;0001000100010000000000010000010
8;1000000100010000000000010000010
7;0100000100010000000000010000010
21;0100001000010000000000010000010
21;0010001000010000000000010000010
16;0010000001010000000000010000010
7;0100000001010000000000010000010
7;0001001000010000001000001000000
5;0001001000000001001000001000000
6;1000001000000001001000001000000
6;1000000010000001001000001000000
8;1000000010000100001000001000000
10;1000000100000100001000001000000
13;1000010000000100001000001000000
14;1000010000000100001000000000010
15;1000000001000100001000000000010
16;1000000001000100001000000000100
17;1000010000000100001000000000100
18;1000000100000100001000000000100
19;0100000100000100001000000000100
20;0001000100000100001000000000100
17;0001000100000000101000000000100
16;1000000100000000101000000000100
22;1000000010000000101000000000100
9;1000001000000000101000000000100
25;1000000001000000101000000000100
11;0000100001000000101000000000100
10;0000101000000000101000000000100
28;0010001000000000101000000000100
16;0001001000000000101000000000100
7;0001001000000000100000100000100
6;0001000010000000100000100000100
7;0001000010000010001000000000001
6;0010000010000010001000000000001
9;0010010000000010001000000000001
10;0010010000000010001000000010000
11;0000110000000010001000000010000
12;0000110000000000101000000010000
13;0000100010000000101000000010000
14;0001000010000000101000000010000
15;0001010000000000101000000010000
12;1000010000000000101000000010000
17;1000000100000000101000000010000
12;1000000100000000101000000000010
8;1000000001000000101000000000010
7;0100000001000000101000000000010
21;0100000001010000001000000000010
22;0010000001010000001000000000010
12;0010000100010000001000000000010
24;0010001000010000001000000000010
23;0010010000010000001000000000010
12;0010000010010000001000000000010
27;1000000010010000001000000000010
28;1000000100010000001000000000010
26;1000001000010000001000000000010
30;1000010000010000001000000000010
22;1000000001010000001000000000010
5;0001000010000100000010000000010
6;1000000001000100000010000000010
6;0100001000000100000010000000010
6;0000100100000100000010000000010
6;0001000100000100000000010000010
12;1000000100000100000000010000010
13;1000000100000100010000000000010
14;0010000100000100010000000000010
15;0000100100000100010000000000010
10;0000100001000100010000000000010
17;0100000001000100010000000000010
18;0100001000000100010000000000010
19;0001001000000100010000000000010
20;1000001000000100010000000000010
21;1000000001000100010000000000010
22;0010000001000100010000000000010
23;0010000001000100010000000000100
24;0100000001000100010000000000100
25;1000000001000100010000000000100
16;1000000010000100010000000000100
27;0010000010000100010000000000100
19;0010010000000100010000000000100
19;0010010000000100000000100000100
17;0010000001000100000000100000100
28;0001000001000100000000100000100
5;0010000010001000000010000000010
5;0000110000001000000010000000010
5;0010000100001000000010000000010
9;1000000001001000000010000000010
6;0000101000001000000010000000010
11;0001001000001000000010000100000
11;1000010000001000000010000100000
13;0100000001001000000010000100000
14;0000100010001000000010000100000
9;0000100100001000000010000100000
16;0001000100001000000000010100000
17;1000000100001000000000010100000
18;1000001000001000000000010100000
19;1000000001001000000000010100000
18;0100000001001000000000010100000
20;0100001000001000000000010100000
17;0100000010001000000000010100000
9;0100000010001000000000010000001
8;1000000010001000000000010000001
25;1000010000001000000000010000001
26;0000110000001000000000010000001
27;0000101000001000000000010000001
24;0100001000001000000000010000001
7;0100000100001000000000010000001
19;0100000100001000000000010100000
20;0100000100001000001000000100000
5;0010010000000010000100000000001
6;0010001000000010000100000000001
7;0010000010000010000100000000001
5;0010000001000010000100000000001
8;0100000001000010000100000000001
10;0100000001000010000100000100000
11;0010000001000010000100000100000
12;0010000001000001000100000100000
11;0100000001000001000100000100000
12;1000000001000001000100000100000
15;0000100001000001000100000100000
16;0000110000000001000100000100000
17;0000100010000001000100000100000
18;0010000010000001000100000100000
19;0010001000000001000100000100000
18;0100001000000001000100000100000
15;0100001000000001000100000000001
22;0010001000000001000100000000001
8;0010010000000001000100000000001
24;0010000100000001000100000000001
14;0001000100000001000100000000001
26;0001000100001000000100000000001
14;0000100100001000000100000000001
28;0000110000001000000100000000001
21;0010010000001000000100000000001
9;0010010000000000100100000000001
16;0010000010000000100100000000001
6;1000000001000000100001000000001
7;1000001000000000100001000000001
8;0010001000000000100001000000001
9;0010010000000000100001000000001
10;0010010000000000100001000010000
11;0010000100000000100001000010000
12;0010000100000000100001000000001
13;0001000100000000100001000000001
11;0001000100000000100001000001000
15;0001010000000000100001000001000
16;0001001000000000100001000001000
17;0010001000000000100001000001000
18;0000101000000000100001000001000
19;0000101000000000100000010001000
5;0000101000000010000000010001000
7;0000100001000010000000010001000
5;1000000001000010000000010001000
6;1000010000000010000000010001000
5;0010010000000010000000010001000
14;0010000100000010000000010001000
6;0010000100000010000100000001000
9;0000100100000010000100000001000
23;0000100100000000100100000001000
23;0000100010000000100100000001000
18;0000100001000000100100000001000
20;0000101000000000100100000001000
6;0001000001000001000001000000001
7;0010000001000001000001000000001
8;0010000001000001000001000010000
9;0010000001000010000001000010000
10;1000000001000010000001000010000
11;1000001000000010000001000010000
7;0000101000000010000001000010000
13;0100001000000010000001000010000
14;0001001000000010000001000010000
15;0001010000000010000001000010000
13;0001000010000010000001000010000
8;0001000100000010000001000010000
6;0000100100000010000001000010000
19;0000110000000010000001000010000
15;0100010000000010000001000010000
20;0100000010000010000001000010000
11;0010000010000010000001000010000
7;0010000100000010000001000010000
6;0010000100000010000001000000001
6;0001000100000010000001000000001
10;0001000100000010000001000001000
18;0001010000000010000001000001000
12;0000110000000010000001000001000
6;0000110000000010000000010001000
6;1000010000000010000000010001000
5;1000000001000010000000010001000
7;0100000100100000000100001000000
8;0100000010100000000100001000000
8;0010000010100000000100001000000
6;0010010000100000000100001000000
11;0010000100100000000100001000000
12;0010000001100000000100001000000
13;1000000001100000000100001000000
10;0001000001100000000100001000000
9;0001001000100000000100001000000
7;0001010000100000000100001000000
10;1000010000100000000100001000000
14;1000000010100000000100001000000
8;1000000010000000100100001000000
7;0001000010000000100100001000000
6;0010000010000000100100001000000
8;0010001000000000100100001000000
8;0010010000000000100100001000000
9;0001010000000000100100001000000
7;0100010000000000100100001000000
7;0100001000000000100100001000000
6;1000001000000000100100001000000
6;0001001000000000100100001000000
26;0001001000000100000100001000000
8;0001000010000100000100001000000
15;0010000010000100000100001000000
7;1000000010000000100000100010000
8;1000000010100000000000100010000
9;0001000010100000000000100010000
10;0000100010100000000000100010000
11;0010000010100000000000100010000
12;0010000001100000000000100010000
8;0010000001100000000000100000001
14;0010000010100000000000100000001
15;0100000010100000000000100000001
13;0000100010100000000000100000001
17;0000101000100000000000100000001
7;0000100100100000000000100000001
19;0000100100100000000000100000100
16;0000110000100000000000100000100
21;0000100001100000000000100000100
22;0000101000100000000000100000100
23;0010001000100000000000100000100
24;0010000010100000000000100000100
25;0010000100100000000000100000100
19;0100000100100000000000100000100
18;0100000010100000000000100000100
24;0000100010100000000000100000100
22;1000000010100000000000100000100
29;1000001000100000000000100000100
30;1000000100100000000000100000100
7;1000001000100000000010000001000
8;0010001000100000000010000001000
9;0010000001100000000010000001000
10;0001000001100000000010000001000
6;0001000001100000000010000000001
12;0010000001100000000010000000001
13;0010000001100000000010000010000
9;0010000100100000000010000010000
11;0000100100100000000010000010000
12;1000000100100000000010000010000
13;1000000001100000000010000010000
17;1000000001000000100010000010000
5;0010000001000000100010000010000
12;0010000001001000000010000010000
7;0010000010001000000010000010000
14;0010000010001000000000100010000
9;1000000010001000000000100010000
8;0100000010001000000000100010000
25;0100010000001000000000100010000
26;0100000001001000000000100010000
27;0100000001001000000001000010000
28;0100000010001000000001000010000
24;0100001000001000000001000010000
23;0001001000001000000001000010000
22;0001000001001000000001000010000
5;0010010000000001000000101000000
8;0010010000000001000000100000010
9;0001010000000001000000100000010
10;1000010000000001000000100000010
11;1000001000000001000000100000010
12;1000000100000001000000100000010
13;0000100100000001000000100000010
9;0000100001000001000000100000010
11;1000000001000001000000100000010
13;1000000010000001000000100000010
17;1000000010000100000000100000010
18;1000000001000100000000100000010
19;1000001000000100000000100000010
20;0100001000000100000000100000010
19;0100010000000100000000100000010
22;1000010000000100000000100000010
23;0010010000000100000000100000010
24;0010001000000100000000100000010
25;0000101000000100000000100000010
6;0000100010000100000000100000010
22;0000100001000100000000100000010
8;0000100001000100000001000000010
29;0100000001000100000001000000010
12;0100000100000100000001000000010
10;0100010000000100000001000000010
6;0000100001000001000001000000001
7;0000110000000001000001000000001
8;1000010000000001000001000000001
9;1000000010000001000001000000001
8;0010000010000001000001000000001
10;0010010000000001000001000000001
9;0010001000000001000001000000001
8;0010000100000001000001000000001
11;0000100100000001000001000000001
7;0100000100000001000001000000001
10;0001000100000001000001000000001
6;0001000001000001000001000000001
7;0010000001000001000001000000001
8;0010000001000001000001000010000
10;0000100001000001000001000010000
21;0000100010000001000001000010000
9;0010000010000001000001000010000
23;0010000010000100000001000010000
24;1000000010000100000001000010000
25;0000100010000100000001000010000
15;0000100010000100000000010010000
14;1000000010000100000000010010000
16;1000010000000100000000010010000
13;1000000001000100000000010010000
30;1000000001000100010000000010000
31;1000000100000100010000000010000
6;0100000010000100000010000000010
5;0100000010000001000010000000010
6;0100001000000001000010000000010
4;0000101000000001000010000000010
4;0000100010000001000010000000010
5;0000100010000001000000100000010
12;0000101000000001000000100000010
10;0000101000000001001000000000010
13;0010001000000001001000000000010
10;0010000001000001001000000000010
9;0010000100000001001000000000010
9;0010010000000001001000000000010
18;1000010000000001001000000000010
19;1000000100000001001000000000010
20;1000000010000001001000000000010
20;0001000010000001001000000000010
7;0100000010000001001000000000010
16;0100000010000001001000000001000
17;1000000010000001001000000001000
18;0001000010000001001000000001000
16;0001000001000001001000000001000
15;1000000001000001001000000001000
19;1000001000000001001000000001000
29;0001001000000001001000000001000
13;0001001000000001001000000000001
14;0001000100000001001000000000001
7;0010000001000000100000100010000
7;0010001000000000100000100010000
9;1000001000000000100000100010000
7;1000000100000000100000100010000
7;1000000010000000100000100010000
12;0100000010000000100000100010000
13;0100001000000000100000100010000
14;0000101000000000100000100010000
8;0001001000000000100000100010000
16;0001000001000000100000100010000
9;0001000010000000100000100010000
18;0001000100000000100000100010000
19;0001000100000100000000100010000
20;0001010000000100000000100010000
21;0001010000000100010000000010000
22;0001000001000100010000000010000
15;0010000001000100010000000010000
24;0010010000000100010000000010000
25;0010001000000100010000000010000
26;0010000010000100010000000010000
27;0000100010000100010000000010000
28;0001000010000100010000000010000
29;0001001000000100010000000010000
13;0001000100000100010000000010000
15;0001000100000000110000000010000
6;1000001000000001001000001000000
8;1000001000010000001000001000000
9;1000010000010000001000001000000
10;1000010000010000001000000000001
11;1000001000010000001000000000001
12;0000101000010000001000000000001
13;0001001000010000001000000000001
14;0001010000010000001000000000001
15;0000110000010000001000000000001
16;0100010000010000001000000000001
17;0100000001010000001000000000001
18;0001000001010000001000000000001
19;0001000100010000001000000000001
17;0100000100010000001000000000001
18;0100000010010000001000000000001
15;0001000010010000001000000000001
19;1000000010010000001000000000001
15;1000000010010000001000001000000
25;0001000010010000001000001000000
9;0000100010010000001000001000000
11;0100000010010000001000001000000
11;0100000001010000001000001000000
14;0001000001010000001000001000000
30;0010000001010000001000001000000
7;0010001000010000001000001000000
6;1000000001001000000000101000000
6;1000010000001000000000101000000
8;1000010000001000000000100000001
9;1000000010001000000000100000001
8;0100000010001000000000100000001
9;0100001000001000000000100000001
13;0100001000001000000000100100000
14;0100001000001000000000100000010
15;0100001000001000001000000000010
16;0100001000001000001000000100000
13;0100010000001000001000000100000
18;0100000001001000001000000100000
16;0100000010001000001000000100000
17;0100000010001000000000010100000
21;0000100010001000000000010100000
22;0000110000001000000000010100000
23;0000101000001000000000010100000
24;0000100001001000000000010100000
10;0001000001001000000000010100000
11;0001000001001000000010000100000
19;0000100001001000000010000100000
14;0000100010001000000010000100000
11;0000101000001000000010000100000
11;1000001000001000000010000100000
11;1000010000001000000010000100000
4;0001000001000010000100001000000
5;1000000001000010000100001000000
6;1000001000000010000100001000000
4;0001001000000010000100001000000
5;0100001000000010000100001000000
5;0100010000000010000100001000000
4;0001010000000010000100001000000
6;1000001000000010000000010000100
6;0100000010000010000000010000100
5;0000101000000010000000010000100
6;0010010000000010000000010000100
8;0010000001000001000000010000100
8;0010001000000001000000010000100
13;0010010000000001000000010000100
14;0001010000000001000000010000100
5;0001010000000001000010000000100
16;0010010000000001000010000000100
12;0100010000000001000010000000100
7;1000010000000001000010000000100
7;1000000010000001000010000000100
9;1000000010000100000010000000100
8;1000000001000100000010000000100
7;0010000001000100000010000000100
19;0010001000000100000010000000100
9;0010010000000100000010000000100
16;0000110000000100000010000000100
13;0000101000000100000010000000100
14;0001001000000100000010000000100
28;0001001000000100000000010000100
29;0001000001000100000000010000100
11;0001000100000100000000010000100
29;0000100100000100000000010000100
6;0000101000000010000000100100000
7;0001001000000010000000100100000
6;0001010000000010000000100100000
9;0001010000000010010000000100000
9;0001000100000010010000000100000
8;1000000100000010010000000100000
7;1000000010000010010000000100000
12;1000000001000010010000000100000
10;0010000001000010010000000100000
13;0001000001000010010000000100000
10;0001000010000010010000000100000
10;0000100010000010010000000100000
9;0010000010000010010000000100000
8;0100000010000010010000000100000
9;0100000001000010010000000100000
7;0100000001000010010000000000001
11;0100000001000001010000000000001
6;0000100001000001010000000000001
8;0001000001000001010000000000001
18;0001010000000001010000000000001
11;0010010000000001010000000000001
22;0010000010000001010000000000001
10;0010001000000001010000000000001
15;0010001000010000010000000000001
17;0010000001010000010000000000001
14;0100000001010000010000000000001
7;0010010000000001000001000000010
8;0010010000100000000001000000010
9;0010000100100000000001000000010
10;1000000100100000000001000000010
11;1000000100000000100001000000010
11;1000000001000000100001000000010
13;0001000001000000100001000000010
14;0001000001000000100001000000100
10;0001000001000000100000100000100
6;0001000010000000100000100000100
13;0001000100000000100000100000100
9;0001010000000000100000100000100
6;0000110000000000100000100000100
20;1000010000000000100000100000100
6;1000000010000000100000100000100
22;1000000010100000000000100000100
18;0100000010100000000000100000100
24;0000100010100000000000100000100
#<Time>=0.830811s/900
#<PlanCost>=single integer value
#<State>=Atom at-airplane(plane2, auckland);Atom at-airplane(plane2, brisbane);Atom at-airplane(plane2, melbourne);Atom at-airplane(plane2, perth);Atom at-airplane(plane2, sydney);Atom at-airplane(plane1, auckland);Atom at-airplane(plane1, brisbane);Atom at-airplane(plane1, melbourne);Atom at-airplane(plane1, perth);Atom at-airplane(plane1, sydney);Atom at-person(kevin, auckland);Atom at-person(kevin, brisbane);Atom at-person(kevin, melbourne);Atom at-person(kevin, perth);Atom at-person(kevin, sydney);Atom in-airplane(kevin, plane1);Atom in-airplane(kevin, plane2);Atom at-person(jane, auckland);Atom at-person(jane, brisbane);Atom at-person(jane, melbourne);Atom at-person(jane, perth);Atom at-person(jane, sydney);Atom in-airplane(jane, plane1);Atom in-airplane(jane, plane2);Atom at-person(ian, auckland);Atom at-person(ian, brisbane);Atom at-person(ian, melbourne);Atom at-person(ian, perth);Atom at-person(ian, sydney);Atom in-airplane(ian, plane1);Atom in-airplane(ian, plane2);
32;0010001000010000000100000010000
5;0010000001000010000000100000010
9;0001001000010000000000010000010
5;0100010000000010000001000000010
1;0001000010000010000000011000000
32;0010010000000100001000000010000
10;0010001000010000000010000100000
19;0001000100100000000000010100000
32;0010000100000100001000000000100
26;0010010000010000000100000000100
2;0000110000000001000010001000000
18;0010000010100000000000010000100
6;0001000100001000000000101000000
8;0010000001000010000100000001000
21;0001000001010000001000000100000
4;0001000001000010010000001000000
32;0100001000000010000001000100000
6;0100000010010000000000100000010
32;1000000010000100001000000010000
4;0100010000000010001000000000010
22;0010010000000001000000100100000
18;0000100100000000110000000010000
16;1000010000000100001000000001000
28;0001001000100000000100000000100
14;0001001000000010001000000000100
19;0000100100010000000000010000100
25;1000010000100000010000000000100
14;0010010000100000001000000000010
32;0001000010001000000001000100000
23;0001001000000000101000000010000
3;1000010000000001000010000000001
7;0001001000000100001000001000000
25;0010010000100000000100000000100
11;0010000010000100000010000000100
4;0010000010000010000010000010000
7;0001010000000010010000000010000
18;0100000010100000000000100000100
7;0000100100100000000000100000001
26;1000000100000000100100000000010
32;1000010000000100000001001000000
18;0010001000001000000000100001000
13;0010000010000001001000000000010
4;0100001000000010010000001000000
32;0100001000100000010000000010000
3;0010000010000010000000100000010
23;0001000100001000000000100001000
17;1000001000001000000001000001000
13;0010000001000010010000000000100
32;0010000010000000110000000000100
6;0010000001001000000000011000000
12;0100001000000010000001000001000
32;0000100001010000000100000000010
5;0001001000000100000000101000000
9;0100010000000001010000000000010
23;1000010000010000000001000000010
6;0100000100010000000010000010000
10;0001000001000000100000100100000
32;0000100010000001000001000000010
17;0000110000100000000000010100000
16;0001000001010000000010000000100
10;0000100100000010000100000010000
26;0010000100001000010000000000010
6;0010000100010000000010000000001
22;1000000001010000001000000000010
17;0010000010000000101000000000001
6;0010010000000000100001001000000
22;0100000010001000010000000000100
17;0000100100001000010000000000001
4;0001000010000010000000010001000
4;0000110000000010000010000100000
10;1000000010000010000100000001000
8;0001000001001000000000100000010
5;1000010000000010000000100000010
9;0100000001000000100000100001000
30;0010000100001000001000000010000
24;0010000100001000001000000000100
23;0001000100000000100100000000001
11;0001001000010000000010000000010
15;0010010000010000000000100001000
23;0010010000001000000000100001000
12;0100001000000010010000000001000
6;0010000001000010000001001000000
12;0001001000001000000000100000100
32;0100000100000100010000000010000
5;0010000010000010000000100100000
32;0000100001000100000000010000001
14;0010010000100000000000010001000
13;0001000001000010010000000100000
20;1000010000000001000000100100000
32;0100000001000100000001000001000
12;0000100010000001000100001000000
6;1000000100100000000100001000000
16;0001000001000000100001000000001
13;1000000100000001000100000001000
6;0010000001000000100010000100000
19;1000000100000100000100000100000
10;0000101000010000010000000000010
12;0000100001100000000001000000001
23;0001000010001000010000000000100
22;0000110000010000010000000000001
8;0000100010100000000010000000001
32;0010000001000100000000100001000
32;0100000001010000000001000000100
13;0001001000000010000100000100000
9;1000010000010000000001001000000
12;0000100010001000000010000000100
14;0000101000100000000010000001000
18;0010010000000001010000000100000
6;0000101000100000000000101000000
23;0010001000001000001000000000100
6;1000000010000010000010000100000
7;0001000100001000000100001000000
13;1000001000000001000001000100000
18;1000000001001000000010000001000
7;0000100010000000100000010000100
23;0001000001000100000000010001000
22;0100000001000000110000000000010
7;0100000100000010000100000010000
7;0010010000000000100010000000100
8;0100001000100000000010000000100
6;0010000010000010001000000000010
23;0001000100001000010000000010000
13;1000000001100000000100001000000
4;1000000100100000000010001000000
6;0001001000000010000000010000001
12;1000000100010000000001000000001
11;0000100100100000000010000100000
30;0001000010000000101000000000001
15;0010000001010000000000100010000
2;0001001000000010000010000000010
16;0100000010000000100000010100000
8;0000100010000000101000000000001
31;0000101000010000000001000010000
10;0010010000000010010000000100000
5;0000100010000010000010000001000
18;0100000010100000000000100000100
21;0010000010000100001000001000000
7;1000010000100000000010000100000
6;0001000001000000100010000100000
7;0001001000001000000010000000010
32;0000100001000001000100000001000
19;0001001000000001001000000100000
0;0100000010000010000010001000000
24;0100001000010000000000100010000
12;0000101000000100000000100000001
32;0000100001000000100100000000100
32;0000101000001000001000000001000
19;0100001000000001000100000001000
32;1000000010100000000001000100000
14;0010010000100000000000010001000
27;0100000001000000101000000010000
6;0001001000000010000000100000100
6;0100000100010000000000011000000
5;0000110000000100000000101000000
6;0000110000000001001000001000000
9;1000000010000000110000000001000
13;0100001000000001000000100000100
15;1000000010000000100001000000100
32;0010010000001000001000000000010
29;0010000001000100000100000000001
13;0000101000000100000010000000100
32;0001010000000001001000000000010
14;0100010000100000000000010010000
6;0001000100001000000000010000010
7;1000000100000010010000000000100
11;0001000100010000000100000000001
4;0000100100000010000010000001000
8;0010000001000001000001000010000
4;0000100010010000000010001000000
32;1000000010000100000001001000000
8;0100001000000000100000100100000
21;0000100100100000000000010000001
9;0100000010000100000000010100000
24;0010000100001000001000000000100
7;1000000100010000000010000000010
14;0000101000001000000000100000100
6;0001000100000000100000010010000
9;0000100001010000000000100000001
10;0000100100001000000000010001000
11;0001001000000100000000010010000
11;1000001000000010010000000010000
4;1000000100000010000100000000001
32;1000010000010000001000000001000
32;0100010000000100010000000000001
23;0001000010000001000001000000100
6;0100010000000100000000101000000
32;0100001000000100010000000000100
19;1000010000000100000001000010000
15;1000000100000001000100000000010
22;0100000100000001010000000000100
6;1000000100000010000100000000010
9;0010010000000001000010000001000
32;1000000100000100001000000001000
16;0010001000000010000001000001000
24;0000110000100000000000010001000
22;0010001000000100000001000100000
18;0001001000001000000000100010000
6;0001010000000000100000100000001
20;0010000010100000001000000010000
18;0001000010000001000100000100000
14;0100000001010000010000000000100
7;0000100001010000000010000000001
12;0010001000001000010000001000000
6;1000000001000010010000000000100
15;1000001000000100000010000001000
10;0100000100000010010000000100000
24;0010000100000001000100000000001
32;0100001000000100001000000000100
21;1000000100000100010000000000100
32;1000000010010000001000000000100
11;0010001000010000000000100000010
8;0001000100100000000000010000001
3;0001000010000001000000011000000
32;0100010000100000001000000010000
32;0001001000100000000001000001000
8;1000000100000100000010000100000
14;0010000010100000000000010000001
20;0100001000000000100100000001000
5;0000100001000100000010001000000
3;0000100010000000100000011000000
9;0000100100000010000001000100000
10;1000010000001000010000000000010
24;1000000001000000100001000001000
7;1000001000010000000010000010000
12;0000100010100000000010000100000
9;0010010000000001001000000000001
4;0000110000000001000000011000000
20;1000001000000010001000000100000
13;0010010000000000100010000001000
10;0100010000010000010000001000000
11;0010010000000001010000000000001
32;1000010000100000000000010000100
12;0000110000100000000000010000001
6;0100000010000100000010000000010
5;1000010000000010010000001000000
17;0001010000000001010000000001000
7;0100001000000010001000000000100
5;0001010000000001010000001000000
10;0001010000010000000010000001000
23;0001001000000100000100000100000
32;1000001000001000000000010000100
19;1000010000010000000000100100000
11;0001000100100000000000010010000
10;0001000001000000100000100000100
32;0100000100010000010000000100000
13;0100001000010000000100000000001
6;0000110000000010000000100100000
6;0000110000000001000010000010000
29;0100000001100000010000000010000
21;0010001000000000100100000001000
6;0100000100100000000010000000010
11;0100010000100000000001000000001
6;0100000100100000000000101000000
18;0010001000001000001000000100000
12;0100000010000100000010000000100
6;1000000100000000100000100000010
17;0000100100001000000000100000010
6;0000110000100000000001001000000
27;1000010000100000000000010000001
12;0000100100010000001000000010000
5;0010001000000100000000101000000
29;0000100010000100000001000000010
12;0000101000000000100000010000001
31;0010000100001000000000010000100
7;0100000100000001000000100100000
12;1000000100100000000000100001000
7;0000101000000000101000000001000
9;1000000010001000000000100000001
6;0000101000000000100000011000000
28;1000010000000000101000000001000
10;0100001000001000000001001000000
7;0010000100001000001000001000000
16;1000000001010000010000000000100
11;0010000001000000100000010000100
12;0010010000000010000001000100000
5;0100000001010000000000101000000
17;1000000001100000000001000100000
12;0100010000000000100100000000001
4;0010000100000001000010000000001
6;0010000001000001000100000000010
24;0000100001100000001000000000100
19;1000000001100000000001000000100
15;0000100001000001010000000000100
7;0010000001000001010000000000010
28;0001000010000100010000000010000
15;0001000001100000010000000000010
13;0100001000010000000001001000000
5;1000000010000001010000001000000
16;1000000100000010000000010001000
22;0001010000001000000000010000001
6;0100000010000010010000000000010
13;1000000010000001010000000000100
30;1000000100000000101000000001000
5;0100000001010000000010000000010
32;0100000001010000010000000010000
32;1000000010001000001000000000100
7;0001000100000100000000010010000
32;1000000001010000000100000000001
4;1000000001100000000010000000001
23;0100010000001000000000010000100
8;0100000001010000000010000001000
3;1000000001000000100010000000001
21;0010001000000001000001000000010
30;0010000010000001000100000010000
17;0100000010000000100000010000001
9;0001000010000100001000001000000
6;0010000100000000100010000100000
25;0100010000010000000100000000001
32;1000001000100000010000000010000
19;0100000010100000000000010001000
5;0010000001000000100010000010000
15;0100000100000000110000000001000
7;1000000010000000110000000000010
4;0000100010000010000000100000100
6;0000100001000010001000001000000
6;0010000001000010000000100001000
10;1000010000000001000000100010000
18;0010010000000001010000000100000
11;0001001000000100000000100100000
32;0010000010001000001000000000001
16;0001000001000001000000100000010
32;0000100100000001001000000001000
5;0000100001000010000000100000100
14;0100000010000100010000000001000
32;0000101000000000110000000010000
10;0010001000000000100001000100000
10;0000100100010000000000010000010
16;0000110000000001010000000000100
5;0001000100000100000010000000010
31;0000100100000001000000100010000
32;0000100100000001000100000010000
19;1000000010000100000001000001000
2;0000101000000010000000011000000
27;0001000001010000000001000100000
10;1000010000000001000000100010000
22;0010000010010000001000000000100
27;0100000010000000100001000000001
30;0001000100010000001000000010000
5;0000101000000000100010000010000
15;0001000100000001000001000000100
12;0010000010010000000000100100000
25;0000101000000100000000100000010
16;0010000001000000100000100001000
15;0001000100100000000010000000100
16;0010010000000001000001000010000
8;0100001000100000000010000010000
19;1000000001001000010000000010000
20;0100010000010000001000000000100
6;1000000100000010000100000000010
10;0001000010100000000000100000010
29;0010000100000100000000010000100
20;0001000010010000001000000100000
23;0001000001000000110000000000010
4;0001000010000100000000011000000
20;0001000001010000001000000000100
12;0010000001001000000000010000100
6;0000100001000100000010000000010
21;0000101000000001010000000100000
12;0001000010000100010000000000001
12;0000110000001000000000100010000
6;0010000001000100000000101000000
18;0001000010000001000001000010000
6;0000101000000001000000100000001
5;0000100100000001000010000000010
20;0001010000001000000001000010000
5;0001000100001000000010000000010
10;0100001000000001010000000000001
30;0000100010100000000100000000100
15;0000100100000100010000000000010
10;0010001000001000000010000100000
20;0010000010000001000100000000001
22;0100000100000001010000000001000
30;0001000010000100001000000000100
6;0010000001000001010000000000001
32;0010000010000000100001000000001
6;0100000010000000100010000000001
10;0000101000000100000000010000010
6;0000100010001000000010000000010
32;0000100001000100001000000010000
8;0010000001000001000001000010000
32;1000000010001000000001000010000
24;0010000010010000001000000100000
7;0001010000100000000010000000100
16;0001001000000000101000000001000
16;0001001000000000101000000000100
21;0100010000001000010000000100000
32;0100000100100000000100000100000
16;1000000001010000000010000100000
5;0000100100000000100000010000010
13;0001000001000001000100000000100
5;0010010000000010000100000000001
13;1000000100100000000010000100000
32;0001001000001000000000100000010
29;1000001000000100000001000100000
9;0001000010010000000000010001000
4;0010000010000010000010000010000
3;0000100100000010000100001000000
10;0001010000000001000010000100000
16;0100000100010000000100000010000
3;0001000001000010000001001000000
18;0100000001000000100100000001000
32;0001010000001000000001000100000
32;0100000100010000000001000000100
15;0010000001010000000001000000001
20;1000000001000000110000000100000
5;0001000001000000100010000000100
15;0010001000000000110000000001000
18;0100010000010000000000010000100
3;1000000001000000100010000000001
32;0000100100010000010000000000010
5;1000000010001000000000101000000
17;0000100010000000110000000000100
7;0100000100000100001000001000000
12;0100000001000001000000100010000
32;0001001000001000001000000010000
25;1000000001001000000100000010000
32;0100000010010000000001000001000
10;0100001000000001000100000000100
12;0100010000000100000000010000010
15;0000100010100000000001000100000
26;0001000010000100010000000100000
29;0100000001001000010000000010000
20;1000000001000010001000000100000
32;0100010000100000010000000100000
12;0010000001000001000100000100000
6;0001001000000100000010000100000
20;0010000001010000000000010100000
7;0100010000000000100000100100000
17;0100001000001000010000001000000
8;0010000100001000000100001000000
10;1000000010000100000000100100000
20;0001000010010000001000000100000
5;0100000001000000100010000000100
32;0000110000100000001000000000100
9;0010010000000000100100000000001
31;0000110000100000000001000100000
23;1000000010000100000100000010000
24;0010000100000000110000000010000
10;0000101000010000000001001000000
10;0010000010000100000010000001000
9;0001000001000000100100000000010
32;1000000001000100001000000100000
20;0100010000000100001000000100000
32;1000010000000100001000000100000
7;0000100010000010001000000000010
25;0001000001000100000001000000100
11;0100000010000010000100000000100
5;0010001000010000000010000000001
21;0000110000000100000100000010000
20;0000110000000000110000000010000
16;1000010000000001000001000000010
32;0001000100010000001000000000100
5;0100000100001000000010000000001
32;0100000100000001010000000000001
15;0000101000001000010000000010000
30;1000010000000010000001000100000
10;0001000010000100000000100010000
6;0010000100010000000010000000001
8;0010000001010000000100001000000
20;0010000001000100000100000000010
19;1000010000010000000100000100000
27;0010000100001000000100000001000
10;0010000100001000000000010010000
10;0001010000000100000000100000001
32;0000100100000000100000100000100
7;0100000100000010000000100000010
5;0100000001000001000001001000000
5;0010000100000010000000100001000
6;0100000100000001000001001000000
10;0001000010000010001000000010000
5;1000000001000010001000000000001
13;0000100010000010001000000000100
32;0100000010010000000100000000001
6;0010010000000100000010000000001
15;1000000100010000000100000010000
9;0100001000000010000100000100000
4;0000101000000001000010000000010
10;0001010000000100000000100000001
32;0000100001000100010000000010000
14;0100000100100000000000100001000
29;1000010000000000110000000000100
21;1000001000001000001000000000100
27;0100010000001000001000000010000
11;1000001000000000100001001000000
18;0001000100010000000010000010000
19;0001000100000100000100000010000
19;0001001000000100000100000010000
15;0100001000000100000000010001000
7;0001000001001000000000010000010
13;0010001000100000001000000000010
5;0010000001000001000010000000100
27;0000100010000100010000000010000
5;0100010000000000100000010000010
9;0000110000010000000000100100000
5;1000000010000000100010000000100
12;0001000010000100000001000000001
27;0000110000001000010000000000001
19;0010000100100000000010000001000
27;0001010000100000000100000000100
7;0000100100000001000000010000100
32;0001010000001000000001000000100
6;0001000010000000100000100000100
29;0010000001000100000100000000001
31;0001010000000000110000000001000
19;0100010000000100000000100000010
9;1000010000010000010000000000001
5;0001010000000010010000000000010
32;0100000010001000000100000001000
6;0001000100000010001000000000010
11;1000010000001000000010000100000
32;1000010000000100000100000000100
8;1000000001010000000000100000001
8;1000010000000000100100001000000
7;1000000100000010000000100010000
6;1000000001000000100000010000010
4;0000101000000010000000100000001
32;0100000100100000000100000100000
16;0100000001000100001000000000001
7;0000100010000010000001000010000
11;0010010000100000000000010000001
10;1000000010001000001000000000010
8;0000110000000000101000000001000
12;1000000100000000101000000000010
20;0100001000100000000000010100000
9;1000000100010000000010000000100
32;0000100001100000001000000010000
22;0010000100001000010000000010000
0;0100010000000010000010001000000
27;0010000001000100000001000010000
2;1000001000000001000010001000000
12;0001001000000010010000000000001
31;0100000010000001010000000010000
27;0000101000000001000001000100000
20;0010001000100000001000000100000
16;0100000010100000001000000000001
8;0000110000001000000010000010000
5;0000100100000000100000010000001
12;0100001000000100000100001000000
32;0100000100000010000100000001000
15;0001000100010000000010000000100
14;0000100001010000000001000000001
22;0010001000000001000100000000001
6;0010000100000010001000000000010
20;0000100100000100010000000000100
24;1000000100001000000000100001000
5;0000100010000000100010000010000
23;0010000010001000000100000100000
3;0001000001000100000010001000000
14;1000000010001000000000100000100
5;0001010000000001010000001000000
32;0100001000001000000100000001000
6;0000100010000100000010000000100
32;0001010000001000000000100100000
20;1000010000000000100000100000100
12;0001001000000010010000000001000
18;1000010000000001001000000001000
16;0010001000000010000001000001000
4;0010000100000001000000011000000
7;0100000001000001000000100001000
5;0001000010000000100000011000000
19;0000100001000000110000000100000
32;0100001000001000010000000000010
18;1000000001100000001000000010000
11;0010000010010000000001001000000
6;0100000001000000100010000010000
16;0100000001000000100000010000001
27;0000100010000100010000000010000
32;0000101000000100010000000000010
31;0010000001010000000100000000100
16;0001001000100000000001000000001
21;0100001000100000000001000000100
4;0100001000000010000000010000010
28;0000101000001000000001000100000
7;0000110000000010000100000000100
12;0000110000000000101000000100000
7;0001000100000010010000001000000
13;1000000100000100010000000000010
10;0010001000000000100100000010000
32;0000101000000100000000010010000
32;0100010000001000000001000100000
5;0001010000100000000010000000001
4;0100010000000010000010000001000
10;0001001000000000100001001000000
13;0000101000100000000001000000001
26;0100000001001000000000100010000
16;1000000010000100010000000000100
9;0010000001000010001000000000100
12;1000010000000001010000000000100
10;0100000010010000000001001000000
12;0010000100010000000010000100000
5;1000000100000000100100001000000
6;0000101000000000100000011000000
32;0000100100000100001000000000100
32;0010000001000100000010000001000
21;0100000001000100000000100000010
6;0100000001000000100000100000010
5;1000000100000000100100001000000
21;0001000100001000000100000000100
8;0010000100000001000000100000100
9;0001000100001000000010000100000
6;0100010000000010000000100001000
2;1000000100000010000010000000010
9;0001000010000100000000100100000
14;1000000010000000100100000000010
3;0000100010000010000001001000000
14;0100001000000100000000100010000
13;1000001000001000000000100000010
21;0001000010100000001000000010000
14;1000000001001000001000000000010
6;0001010000000000100000100000001
11;0010000001000000110000001000000
13;0010000100100000000000011000000
12;0000101000001000000001001000000
15;0001010000010000000000100000010
11;1000001000000010010000000010000
23;0001000100100000010000000100000
14;0001001000000010001000000000100
7;0010000100000010000000100000100
24;0100000100001000000000010000100
10;0010000100000001000000100001000
25;0100000010001000010000000100000
10;0100000100100000000000010001000
9;0001000010001000000010000000100
20;0001001000000001001000000000100
10;0010000010000001000100000001000
32;0100000100010000000100000100000
32;0010010000010000001000000000100
32;1000000001010000000000010100000
17;0000100010000001001000000100000
4;0000100001000010000100001000000
6;1000000010000001010000000000001
8;0010000001001000000010000001000
3;1000000001000001000000011000000
27;0100000010000000100001000000001
27;1000001000010000000000010010000
8;0000100010100000000000011000000
6;1000000010010000000010001000000
26;0000110000000100010000000100000
5;0000110000010000000010000000010
8;0000100001010000000000010000010
32;1000000100000000110000000100000
23;0000110000100000000001000001000
17;0001000001000001000000100000100
32;0100000100100000000100000100000
6;0000100001000010001000001000000
5;0000100010000100000000011000000
5;1000000010000100000000101000000
6;0000100100001000000001001000000
16;1000001000000100010000000000001
16;0100000010000001000100000000100
22;0010001000000001001000000000001
8;0000100100001000000000100000001
24;1000000001010000000000100100000
31;1000000100000100000010000001000
8;0001000001000100000000010010000
9;0010000001000010000000010010000
32;0000100001100000000100000010000
32;0001000001000000100100000100000
29;1000000001001000000000100100000
24;0000100100000100000001000000010
10;1000010000010000001000000000001
16;0001000001000000100000100010000
3;0001000010000001000000011000000
20;0100001000000100000000100000010
27;1000000100000100000000100000010
10;0001010000000100000000100000001
32;0010010000000100001000000010000
24;0100000100000001000100000000001
32;0001001000000100001000000000100
6;0100010000000001010000001000000
7;0010000100000000100001001000000
8;1000000001000000100000010001000
25;0001010000000001010000000000100
12;0000101000000100000000100001000
24;0010000001001000010000000001000
30;0000100001001000010000000000100
20;1000000100100000000001000100000
20;1000010000001000001000000000100
32;0010000001000100000100000100000
7;0010010000000000100001000000010
14;0010010000000010000001000010000
9;0001001000001000000000010010000
20;0010010000000100001000001000000
19;1000010000100000000001000100000
30;1000000100000100000000010000100
16;0001000100100000000000100100000
14;0000100100000000100000010100000
12;1000010000100000010000000000010
30;1000001000001000000000010010000
28;0100000010000000100001000010000
7;0100001000000100000000101000000
4;0100000010000010000001001000000
23;1000000001000000110000000010000
29;0010000010000001001000000001000
32;0001010000000001001000000000100
20;0000100010000010000001000100000
9;0100010000000001010000000000010
32;1000001000001000000000100000100
9;1000000010001000000000100001000
24;0100000100001000000100000000010
10;0010001000010000000000100001000
10;0100000010100000000001001000000
5;0001000001000100000000101000000
9;0000110000001000000000011000000
14;1000010000000001000100001000000
22;0001001000010000010000000000100
30;1000001000010000010000000010000
10;1000000100001000000100000000010
5;0010000001000000100010000010000
10;0000100010000000101000000001000
27;0100000100000000101000000100000
32;0010000100001000000000010001000
8;0010000010000001001000001000000
16;0000100100100000001000000000001
22;0001000001000100000100000100000
20;1000001000000100010000000000010
27;0010001000001000000100000001000
9;1000000100001000000001001000000
9;0010000100010000000100000000001
25;0000100001001000010000000000001
3;0100000010000010001000001000000
4;0001000010000010000010000100000
14;0000110000001000001000000100000
9;0000101000010000000000010000010
27;0001000010000100001000000000010
26;0100000100100000010000000010000
13;0010000001100000000000010010000
32;0000100010001000010000000100000
3;1000000100000010000000100000001
10;1000001000000000100000010100000
19;0100000010100000000010000001000
12;0001001000000001000000100010000
17;1000000100010000010000000000100
32;0000101000000100001000000010000
22;1000000100000000100000010000100
24;0100000010100000000100000100000
12;0010010000000100000000100001000
28;0100001000000100010000000100000
11;0001000100100000000000010010000
4;0100010000000010000000011000000
27;0001001000000001000000100001000
6;0001001000000000100000010100000
5;0000101000000010000000100000100
8;0010000001100000000000011000000
16;0100010000000100010000000001000
12;0001010000000000110000000000001
18;0001000010000001001000000001000
26;0100000100010000001000000000010
32;0000100001100000000100000000010
7;0001010000100000000000100000001
28;1000010000000000101000000001000
0;0100000001000010000010001000000
8;0000100010010000000000100000100
6;1000010000100000000000100000010
4;1000000010000010010000000000001
23;0000110000010000001000000100000
6;0001001000000010000000010000001
5;0010001000000010000000010100000
18;0000101000010000010000001000000
6;0010000010000001000000010000001
6;1000010000000000100010000100000
28;1000000100001000000100000001000
12;0000100100001000010000000010000
14;0100001000000100000000100100000
15;0010010000100000010000001000000
11;0000110000010000000010000100000
32;0001001000100000001000000000001
32;0100000001000100000100000001000
17;0100000010100000000010000000100
7;0001001000000010000001000000001
5;0000110000000010010000000000001
9;0100000001100000000010000100000
23;1000010000010000000000010000100
6;0100000100000000100010000000100
32;1000000100001000000100000010000
13;0010001000010000001000000001000
27;1000000001100000001000000000100
10;0001000100100000000010000010000
4;0010000010000001000000011000000
7;0000110000010000000010000000100
5;0001000100000010000000010100000
29;0000101000100000000100000000100
12;0100001000000010010000000001000
32;0010000100010000000000010010000
5;0010010000000010000000010001000
7;1000001000000000100000100000100
20;0000100100000100010000000000100
9;0001001000000100000000010000001
14;1000001000000001000100000000010
8;0000100010100000000000011000000
32;1000000001000100000100000001000
30;0001000100010000001000000010000
24;0000100010010000010000000000100
32;1000010000000100000100000001000
3;1000001000000010000010000100000
8;0100000001100000000010001000000
32;0000100001010000000100000000100
10;0000100100000010000001000001000
18;0000100100000000100100000100000
16;1000000100001000000000010001000
3;1000010000000010000000010000010
5;0000100001000000100000010000010
32;0001001000100000001000000001000
12;0000100010000100000010000010000
17;1000000100000000101000000010000
6;0001000010010000000010001000000
12;0100001000000010001000000001000
17;0010010000100000000000100010000
5;0000100001000001000010000100000
32;0001000001100000000010000010000
9;0001010000000000100000100000100
2;1000000010000010000010000000010
9;0100001000001000000000100000001
26;0000100001001000010000000001000
9;0001010000001000001000001000000
32;0000100100100000000100000010000
4;0010000010000010010000001000000
26;0000110000100000001000000100000
8;0010001000000100000010000100000
23;0010001000000001001000000000100
28;0000100010010000001000000000010
9;0000100100001000000010000100000
21;0010000001001000000001000010000
6;0100001000000000100010000010000
15;0000101000000000101000000100000
7;0000100010000010000000010010000
5;0010010000000010000010000000100
32;1000000001000100000010000001000
15;0000100010100000000100001000000
7;0100010000100000001000000000010
11;0001001000000000110000000010000
8;1000001000000000100000100100000
32;0100001000000100010000000000100
32;0100000001001000000100000000010
22;1000010000000100000100000010000
6;0100001000100000000010000000010
15;1000000010100000000100000000001
13;1000000100000000100000010010000
16;1000010000010000000000010000001
18;0000100010000100000000010100000
6;0001000010000100000000100000001
12;0000100001001000000100000000010
4;0000100100000010000000010000010
32;0100000100000100010000000000001
14;0001000100000100000100000000001
11;0100010000100000000001000000001
32;0000101000000001000000100100000
9;0010000001000001000100000001000
8;1000010000000001000000010010000
30;0100000001001000000001000001000
14;1000000010100000000100001000000
18;0000100001000001001000000100000
11;0010010000000001010000000000001
5;0010001000001000000010000000001
6;0001000010000001000000010001000
32;0000100100010000010000000100000
18;1000001000000001000100000001000
15;1000000001001000001000000000100
5;1000000100000000100010000010000
10;0010000010100000000010000010000
23;0001010000000001000000100000100
19;0010000100000000100100000100000
14;1000000100000000100000010100000
20;1000000100010000001000000000001
32;1000000100001000000001000100000
32;0000101000010000010000000010000
32;0100000100010000000100000100000
18;0100000010000000100100000010000
17;1000010000001000000000010010000
21;0010000001001000001000000000001
27;0010010000100000000100000100000
7;0010001000000100000000011000000
15;0100000010000001010000000100000
27;0001000010010000000001000001000
30;0100001000010000000001000010000
6;0000110000000000100000100001000
13;0000101000001000000000100000001
7;0100010000000000100100001000000
10;0100000001010000000000100000001
7;0001010000010000000000010000001
32;0001000010001000000100000100000
12;0100000100100000000010000010000
5;0001000001000000100001001000000
5;0010010000000001000010000010000
16;0100000010100000000000010000100
32;0001000100000001001000000001000
26;0010000010000100001000000010000
19;1000000001001000000100001000000
11;0001001000000010000001000000100
18;1000010000000001000100000000001
6;0010001000000100000010000000001
32;0100000100000100010000000000001
6;1000000010010000000010001000000
28;0100000010000001001000000100000
32;1000010000000100001000000100000
5;1000001000010000000000011000000
31;0001000100010000000100001000000
16;0010000010000000110000000010000
14;0001010000010000000000100000100
32;0100000001010000010000000001000
10;0001001000000010010000000100000
11;0000100010001000000010000000001
8;0100010000100000001000001000000
21;0000100100001000000010000000010
7;0010000100010000000010000010000
4;0001000100000001000010000000001
14;0000110000000100000000100001000
18;0000101000000001000000100000100
21;0010000100010000001000000000001
11;0001001000000000100000100001000
32;1000001000000100000001001000000
20;0001010000100000000000010010000
11;1000001000001000010000000000010
9;0010000001000010000001000010000
9;0001000010010000000000010100000
6;0010000001000010001000000000010
31;0000110000100000000001000100000
32;0000100010010000000001000000010
26;0001000100000100000001000000010
3;0000100100000000100000101000000
6;1000001000000001001000001000000
32;0100000100000000100000010000100
6;0010000001001000000010000000001
7;1000000010000000110000000000010
30;0100010000010000010000000100000
32;0000100010010000000100000100000
32;0100000100010000000100000100000
12;0000100010000001000000100000100
22;1000001000000001000100000100000
22;0000110000001000000000010100000
2;0000110000000001000010001000000
2;0001000100000010000000101000000
5;0010000001000000100010000000100
23;1000000010100000001000000000100
5;0010010000000000110000001000000
19;0000101000001000000000100000010
32;0010000010010000000001000010000
24;0001010000010000000001000001000
32;0001000001000100001000000010000
6;0000110000001000000000101000000
29;1000000010000000101000000001000
25;0000110000001000000000100000010
32;0001001000000001000001000100000
9;1000010000000001000010000001000
32;0010001000010000000001000010000
22;0100000001001000000000100000010
5;0100010000010000000010001000000
18;0001010000000010000001000001000
17;0000110000100000000000010100000
4;0100000010000010000010000100000
23;0100001000000100000000010100000
23;1000010000000000100001000000100
24;0001010000000000100100000000010
7;0010001000000010000100000000100
7;0001001000000000100000010001000
21;0001010000001000000000010000100
25;1000010000100000000001000010000
7;1000001000000000110000000000010
11;0010000100000001010000000000010
4;0000100010100000000010001000000
32;0001000010010000010000000100000
5;0010001000000010000010000000010
6;0010001000000010001000000000010
4;1000001000000000100010000000010
4;0010001000000010000000010000001
19;0001001000000001010000000001000
5;0001001000000001000000010000001
7;0000100010000001000000010001000
23;0000100010000000100100000001000
6;0010000100000010000100000010000
10;0000101000000010001000000100000
32;0000100100000000110000000000100
29;0100001000000100000001000010000
9;0100000100000000100000010000001
24;0001010000100000000010000001000
31;0000100100000000101000000010000
23;0000100100100000000000010010000
6;0000101000000001000000100000001
3;0000101000000000100000101000000
27;0100000100010000000001000010000
4;0001000010000000100010000000001
32;0100010000000100000000100000100
14;1000000010000000100100000000010
6;0100000001001000000010000000001
9;0000100010010000000010000001000
6;0100000010000000100010000100000
13;0000100010100000000000100000001
5;0001010000000000100000100000010
19;0001000010000001001000000000001
20;1000000001000000110000000100000
5;0010000100000010000000100001000
0;0100000010000010000010001000000
3;0010000001001000000010001000000
13;0000100100000000110000000100000
6;0001010000010000000000101000000
12;0100000100001000000000100001000
4;0010010000000000100000101000000
6;0000101000000000100010000000001
10;0001000010001000000010000000010
32;0001000100000100001000000010000
32;1000000010000100000001000100000
18;0001000010000001010000000000010
32;0000110000010000000000010010000
23;0010000010000100000100000000100
9;0100000001000000100000100100000
19;1000000001000010000001000000100
10;0001000100000010000001001000000
23;0000100100000000100100000001000
13;1000000001100000000100001000000
19;0000110000000100000000100000100
12;0000100100000001000001000010000
10;0000100010000010000100000010000
8;0000100100000010010000000001000
20;0010001000001000000001000001000
32;1000000100010000010000000001000
5;0001001000000100000010000000010
20;0001010000000100000000100010000
6;0000101000000000100000010100000
8;0000100001000010000001000100000
6;0001001000000000100000011000000
15;1000000001000010001000000010000
4;0010000100000000100010000000010
4;0010010000000010000010000001000
13;1000001000000001000001000100000
5;0000110000000010010000001000000
22;0000100100010000000100000001000
11;0001010000000000101000000000001
28;0010000010100000001000000100000
19;1000010000010000000100000100000
4;0000100010000010000000010000010
21;0010000100100000001000000000100
5;1000000001001000000010000000001
3;0001010000000010000000100000010
15;0000100001000100000010000001000
6;0010010000000001010000001000000
8;1000001000000010000000100000010
7;0000100010000000110000000000001
24;0010010000000100010000000010000
32;0100000010010000000100000010000
16;0000100001001000000001000000001
5;0100000010000000100000100000010
28;1000000001000000101000000001000
17;1000000010000001000001000000010
8;1000000010100000000010000100000
17;0000110000100000000000010100000
17;1000001000000010000001000000100
6;0100000100000000100010000000100
9;0010000001000000100001000000100
13;0100001000001000000000100100000
32;0010010000010000001000000000001
2;0100000010000010000000101000000
8;0001010000001000000010000010000
5;0010010000000100000010000000010
28;0001010000001000000001000000010
18;1000010000000001001000000001000
19;0000100100100000000000100000100
16;1000000100010000000001001000000
32;0010000010001000010000000000001
11;0001000010001000000000010000010
15;0000100001001000000100000000001
0;0000100100000010000010001000000
5;0000101000000010000010000000001
6;0000100001000010000010000001000
23;0001000010000001000001000000100
23;0000110000010000000000010100000
4;0001010000000001000010000000001
10;1000010000000001000000100010000
32;0001000010001000010000001000000
31;1000000100100000000001000010000
19;0000101000100000000001000001000
5;1000001000000100000000011000000
25;0001000100000100000100000000010
25;0000100100010000000000100001000
3;0100000001010000000010001000000
17;0100000100001000001000000000001
32;1000010000010000000001000000100
15;0000110000010000001000000000001
32;0000101000010000000100000010000
6;0001010000000010000001000000001
7;0000100010000010001000000000001
18;0000101000000100010000000001000
6;0010000001000001010000000000001
3;1000001000000010000010000100000
22;0001000001000100000100000000010
32;1000000010100000000100000010000
5;0001000001000001001000001000000
24;0010000001100000001000000000001
7;1000001000000010001000000000100
32;0010000010100000001000000001000
25;0010000100100000000001000100000
21;0010000100010000000000100000010
32;0001001000000000110000000000100
21;0001000100000000100001000100000
28;0010000100100000001000000100000
8;0000100100010000000010000000001
24;0010010000000000100000100001000
10;0001000100000010000100000010000
19;0000100001000100000100000010000
15;0000100010000000110000000100000
4;0001000001000010001000001000000
6;1000000100000000100010000100000
18;0100001000000001001000000100000
32;0010000100000001010000000000001
32;0010010000010000001000000001000
18;0001001000001000000000100010000
16;0001001000100000000010000001000
32;0001001000000100001000000000010
7;1000000010000000110000000000001
13;0000100010000000100100000000010
5;0000100010100000000000101000000
26;0100000001010000001000000100000
4;0010000010000010000010000000001
6;0001010000000010001000000000001
7;0001000010000000100010000100000
5;0010010000010000000010000000010
3;0000101000000010001000001000000
9;0010001000000000100000100000100
1;1000000010000010000010000000001
24;0001000001010000000001000001000
20;0010000010100000001000000010000
32;0100000001010000000100000000010
4;0010010000000001000000011000000
31;0000100010001000010000000001000
8;0100001000000000101000000000001
17;0001000010100000000001000000100
32;1000010000001000000001000100000
24;0001000010100000000000100000100
17;0010000001010000010000000000001
7;0100000001000001000000100000010
6;1000010000000010000000010010000
18;0001000010000010010000000010000
9;0100000010000100000000010001000
32;1000010000000001001000000000100
8;0010000010000000100000100000100
5;0100001000000010000000010100000
27;0001000010000001001000000000100
5;0010000100000010000000100010000
30;0001000100000001010000000001000
24;0100000010000001000100000100000
20;1000000010000001010000000010000
12;0010000100010000001000000000010
18;0001000010000001000001000010000
6;1000010000100000000000100000001
10;0000110000010000001000001000000
7;1000010000010000000010001000000
4;0100000100000100000010001000000
29;1000000001100000000001000010000
15;0010000001010000000000100010000
12;0010000100100000000000010001000
10;0100001000100000000010000100000
8;0010001000000001000000010000100
32;0001000100000100010000000100000
4;0100010000000010010000001000000
25;0000110000000001010000000100000
32;1000001000000000100100000000001
5;0010000001000010000001000000010
4;0010010000000000100000101000000
32;0000100100001000001000000100000
20;0100000100100000001000000000010
13;0010010000000100000100000000001
8;1000000010010000000010000100000
12;0100000010010000000000010001000
15;1000000010000000100001000000100
32;0010010000000100001000000100000
13;0010000010010000000010000100000
9;0010000100010000000100001000000
12;0100000100000000100100000010000
16;0010000100010000000010000000100
32;0010010000001000000000010001000
17;0100010000000100000000100001000
19;0001000010001000000100000000001
5;0010000010001000000010000000010
32;0001000001000100001000000010000
18;0010000100000000100000010100000
21;1000010000001000000001000000100
10;1000010000000000101000000100000
15;0000100010010000000001000000100
13;0000100010000010001000000000100
32;0000110000001000000100000001000
10;0100000010100000001000000100000
12;0001000001000010000100000010000
16;0100000001000000100000010000001
0;0010000001000010000010001000000
6;0001010000000000101000001000000
8;0001000010010000000010000001000
19;1000000010000100000100000100000
32;0001000100100000001000000000010
0;1000010000000010000010001000000
26;0001000001001000000000100010000
13;0000100010000001000100000000010
32;0000100010001000000100000000010
32;0100010000000100010000000000100
7;0000100001010000000010000000010
32;0000100010000100010000000000001
14;0000100010000100001000000000001
14;0000100100001000001000000000001
7;0100000100001000000000010000010
15;0001000010000000100100000000010
3;0100010000000010000010000100000
6;0010001000000000100000100000001
6;0100010000100000000010000100000
32;0100000100010000000000100010000
4;0010000001000000100000101000000
32;1000000001010000000000010100000
15;0000110000010000001000000000001
10;0000100010100000010000001000000
8;0000100010010000000000100000100
32;0001000010001000000100000010000
19;0000100100100000000000100000100
5;1000000010000001000000010000001
15;1000000100100000000000010100000
26;0000110000000100000000011000000
13;1000000010010000000100001000000
6;0000110000000000100000100001000
5;0000100100000010000000011000000
17;0010000001001000010000000000001
30;0100001000001000000001000100000
7;1000001000000010000000100010000
6;0000100001000010010000000000001
19;0010010000000100000100000000010
32;0010000010001000000100000000100
14;0000100001010000000000100010000
6;0100001000000010000100000000010
6;0010010000000010000001001000000
22;0000110000001000000100001000000
7;1000010000000010010000000010000
18;0100000001000000110000000000001
10;0000100010001000000000100001000
9;0000110000000001000000010010000
5;0000110000000010010000001000000
9;1000000001100000000001000000001
6;1000001000000001000010000001000
6;1000010000000001010000000000001
8;0001000010000001000001000000001
30;0100000010001000000001000000100
22;1000010000000100000100000010000
19;0001000100010000000100000001000
6;1000000010010000000010000000010
19;1000001000000000101000000001000
32;1000001000100000010000000000100
19;0010001000000000100001000010000
6;0100000001000010001000000000001
32;1000000010010000000001000100000
8;0100000100000001000001000100000
18;0001000100100000000100000000001
22;0010001000000001000100000000001
17;0010010000010000010000000000100
17;0001001000000000100001000000001
32;0010001000100000010000000000001
25;0010001000001000010000000000010
3;0000100100000010000100001000000
10;0100000001000000100100000000010
7;0010000010000010000001001000000
32;0100001000100000000100000010000
26;0010000010000000100001000001000
19;0100000001100000000000100010000
22;0010000100000001000000100100000
11;0000100010000100000001000000100
6;0010010000000100000000101000000
24;0100000100000001000100000000001
19;0001000100000100000100000010000
15;1000001000001000000000100010000
5;0000110000000001000010000000100
7;0100000100001000000100001000000
10;0010000010010000001000001000000
5;1000000001000001000000010000010
6;0010000100000010000100000001000
23;0001001000001000000001000010000
7;0100000001100000000000011000000
10;0100010000000000100001000000100
6;0100001000000001000000100000001
12;0100010000000010001000000001000
4;0100001000000010000010000000100
6;1000000001001000000010001000000
19;1000000001000100000000100010000
11;1000000001000100000001000000010
14;0001001000000010000001000010000
18;0001000100001000001000000100000
32;0100000001100000000001000001000
5;0001000100000010000000010000100
8;0001001000001000000000010000010
3;0001000001000010000001001000000
24;0010001000100000000100000010000
15;0010001000010000000000100100000
10;1000000001000010000001000010000
5;0000101000000010001000000000001
12;0010010000000001000100000000100
18;1000000010000000110000000010000
14;0010000010001000000000100010000
32;0000110000000100001000000000010
16;1000001000010000000000100100000
26;0001000100010000000000100100000
32;0000100010001000000100000100000
7;0001000010010000000000010000001
6;0100000100000010001000000000001
12;0010010000010000000001000000100
25;0001010000000001010000000000100
27;0100000001001000010000000000010
8;0010000100100000000010000000001
4;0000101000000000100010001000000
9;0100000100100000001000001000000
17;0100000100000000100000010100000
32;0000101000000001000000100100000
7;0000101000000001000000010000010
32;1000000100001000000100000010000
6;0100000100000010000000010000100
32;0100000001010000000000010010000
5;0000100010000010000000100010000
19;0100000100001000000000010100000
10;1000000010000010000001000100000
20;0000100100100000001000000001000
16;1000000010010000010000001000000
22;0000100010000000101000000000010
7;1000000100001000000000101000000
7;0100001000000000100001000000010
7;0001000001001000000000010000010
5;0001001000100000000000011000000
19;0100001000010000010000000100000
17;0010000100000010001000000100000
5;1000010000010000000010000000001
32;0100000010100000010000000000100
10;1000000001000001000000100000100
5;0000100001000010000001000000010
17;0100001000000001000100000000010
6;1000000010000010000000010100000
5;0100010000000010010000000000010
8;1000000010100000000010000100000
18;0001000010000010010000000010000
24;0100000010001000000100000000001
32;0100000010010000001000000010000
32;1000000100010000010000000001000
32;0000100001000001000100000001000
11;1000010000000001010000000000010
12;0100010000100000000001000100000
29;1000010000000000110000000000100
10;0010001000000001010000000000001
10;0010000001000100000000100000001
26;0010010000001000000100000010000
16;0100010000000001000000100010000
6;0100010000000001000010000001000
25;0010000100100000000000100000100
5;0100000100010000000010000000010
32;0100000001000100010000000000001
17;0001000001010000000100000001000
5;0001010000000001000000010000001
32;0000100010001000000000010000100
22;0010001000000100000001000100000
18;0100000100000000101000000000100
21;0100000001000100000000100000010
5;1000000010000010000010000000100
31;0000100010001000001000000010000
7;0010000010001000000010000010000
11;0001001000000100000000010010000
18;0010001000000100000000100000100
19;0001000100000000101000000010000
18;1000000100010000000010000010000
19;0000110000000100000000100000100
8;1000000100000010000100000010000
32;0000100001100000000001000010000
26;1000000100001000000001000010000
5;0010010000000000110000001000000
23;0000100010100000001000000000100
15;0100010000000010000001000010000
22;1000001000000001000100000100000
14;1000001000001000001000001000000
16;0001000001001000001000000000100
8;1000000010001000000000010000001
9;0000100010000010000100000000100
8;0001001000000010000001001000000
32;0000101000010000010000000010000
10;1000000010000001000000100010000
10;0000101000010000010000000000010
32;0001000100010000000100000010000
6;1000000001100000000000100000001
26;0000100001000100001000000000010
32;0100000001000000100000010010000
21;0010000010100000000001000001000
10;0001000001100000010000000000001
7;0001001000000100001000001000000
9;0100001000100000000001000000010
6;0000110000000010001000001000000
32;0000110000001000000100000000010
12;1000000001001000000010000100000
9;0100010000000010010000000010000
10;0100000100000100000000010000001
13;0100000010000100000000010010000
7;0100001000000000100100001000000
11;1000000001100000000010000001000
22;0001000100001000000001000000010
4;0100000010000010000010000001000
32;1000010000000100001000000100000
32;0001000100100000001000000010000
14;1000001000100000000001000000001
29;0100000001010000000001000010000
19;0000110000000010010000000010000
24;0001001000100000001000000100000
30;1000000100100000000000100000100
14;0100010000100000000010000000100
18;1000001000100000010000000000001
19;0001000100000000101000000010000
6;0100010000000010000100000000001
18;0001000010000010010000000010000
4;0100000010000010000010000100000
5;0001001000000100000000011000000
12;0100001000000010010000000001000
18;0000101000010000001000000000100
21;0000101000000001010000000100000
18;0010000100100000000100000010000
13;0000100010000010000100000000001
18;1000000001000100000000100000010
6;0000100001000010000000100010000
32;1000000010100000000100000000010
13;0000100100000001000000100100000
11;0001000001010000000000010001000
32;0001010000100000001000000000100
11;1000000010000010000001000010000
10;1000010000001000000100001000000
10;0000100001000000100000100001000
9;1000001000100000000000010000001
32;0001001000010000000000010000100
4;0001001000000010000000010100000
19;0010001000000100000010000000100
13;0010000100000100000000100001000
8;0010000010001000000000100001000
14;1000010000001000000000100001000
5;0010000001000010000000100000010
32;0010000010100000000100000000010
16;0010000010000000110000000010000
9;0100000010100000000000010100000
6;0100010000000001000010000001000
16;0000101000000100000000100100000
2;0001001000000010000000011000000
3;1000000100000010000000100000001
19;0000100001100000001000000001000
22;0100000100000100000000100000010
20;0001010000100000000100000000001
10;0010001000000010010000000010000
16;0001000100010000000000100000010
8;0000100010100000000000011000000
32;0100000010000000100100000000100
19;0001000001010000000000010100000
32;0100000100010000010000000010000
23;0100000100000100000100000010000
1;0001000010000010000000101000000
5;0001010000100000000010000000001
4;1000000010000001000000100000001
18;0001000100000001010000000000100
26;0100000100001000000100000100000
21;0001010000000100000001000000100
28;0010000100001000000001000000100
19;0001010000001000001000000100000
32;0010000010000001000001000000100
32;1000000001000100000100000001000
10;1000000010000100000000100100000
22;0000101000001000000010000000100
32;0001000100000100000001001000000
9;1000000001000001001000000000010
21;0001000100000001010000000010000
5;1000000010000010000100000000001
18;0000100100010000000100000000010
10;0010000001000010001000000001000
32;0010001000000000101000000010000
12;1000000100000000100000100100000
6;0010001000000001000000010000010
10;0010000100000010000001000100000
5;1000001000000010001000001000000
11;1000000100000010001000000000100
27;1000001000000001000100000000100
9;1000001000000010010000000100000
11;0100000001000100000000100100000
6;0100000010000000100001001000000
24;0001000001010000000001000001000
10;0100001000000010001000000010000
4;0100010000000000100010001000000
32;0001010000100000010000000010000
4;0000110000000000100001001000000
19;0010010000000000101000000000010
4;1000001000000010000010000000001
17;0100000100000001000100000100000
32;0000110000001000000100000001000
32;0010001000001000000001000000100
22;0010000010010000001000000000100
25;0001000001000100000001000000100
12;0100010000010000000100000000010
28;0000110000000000100100000001000
13;0001000100000000100000100000100
17;0000110000000000100001000100000
32;0100000001010000000001000000010
7;0010000100000001000010000001000
9;0001000001000000100100000000010
7;0010010000000000100000100010000
6;1000000001000000100010000001000
7;0001000100010000000010000000010
18;0000101000000100000100000010000
22;0000110000100000010000000100000
32;0100000100000100010000000000010
24;0010000001100000000000010000100
10;0000101000100000010000001000000
29;0000100001001000010000000000010
15;0100000100001000001000000000010
6;0000100010000100000010000000100
32;0010000001010000000001000100000
21;0001001000000001000100000001000
26;0001000100001000000100000000001
9;0000100010000010001000000010000
32;0010001000100000000001000100000
15;0000110000000000110000000100000
7;1000010000100000000010000100000
24;0100000100001000000100000000010
24;0010000010010000001000000100000
7;0100000010000000110000001000000
9;0001010000000100000010000000001
23;0000101000010000000000100000100
13;0000100010100000000000100000001
11;0001000001001000010000000010000
26;0100001000001000010000000000100
16;0000100010000001000000010010000
32;0000100100010000000001000100000
6;1000000001010000000000101000000
8;0010000100100000000010000000010
32;0001000010000100000100000000010
13;1000000001000100000000010010000
11;0001000100100000000010000001000
10;0010000001000000100000010100000
12;0000110000100000001000000000010
25;0000100010000100000001000000001
23;0100000001000001010000000010000
26;0100001000001000010000000000100
5;0001000001000100000000011000000
9;0001001000000000100001000100000
32;0100000100000100000000100000100
27;0001000001010000001000000001000
10;0010001000100000000010000010000
6;0100000001100000000010000000010
20;0001010000100000000000010010000
3;0000110000000010000010000000100
14;0000100010000100000000010001000
8;0000100100000010010000000000100
12;0001001000100000000001001000000
32;0001000001010000000001000010000
22;0010010000000000110000000010000
32;0010010000000000110000000000001
9;1000010000001000010000001000000
32;0001000010001000000100000010000
22;0100010000000001000000100001000
32;0001000010001000000100000000010
32;0000101000000001000001000001000
17;0001000100000100000000010100000
16;0010001000000010000001000001000
28;0001000100010000001000000100000
21;0000110000000001000000100100000
11;0001000100100000000000010001000
32;0010000100000000100100000010000
5;0000100100000010000010000000100
2;0000101000000001000010001000000
13;1000001000000001010000000100000
6;0000110000000010000100000000001
19;0010001000000100010000000001000
32;0100000001000000100001000100000
15;0010001000010000000010000000100
15;0001000010000000110000000010000
26;0100010000000000101000000001000
4;1000000001000001000000100000001
9;0001000010000000100000010010000
26;0010000001001000010000000000010
7;0001010000000100010000000000010
16;0100000010100000000000100010000
20;0001000100000010001000000000001
23;0010000001001000001000000000100
6;0000100100001000000001001000000
6;0100000010100000000010000000001
32;0010010000001000000001000100000
6;0010000010000001000000010000001
11;0001000100000100000010000001000
32;1000001000000100000100000000001
21;0010000100000001000000010001000
18;0100001000100000000100000100000
32;1000000001010000001000000010000
30;1000000001000000100001000010000
29;1000001000000100000001000100000
13;0100000001000010001000000001000
32;0100000100001000010000000100000
9;1000010000001000000000100010000
32;0100000100010000010000000000100
9;0100001000010000000000100000010
4;0100001000000010000000101000000
8;1000000001010000000000100000001
32;0001000001001000001000000100000
31;0001001000100000000000010000010
5;0000100010000010000000100100000
11;0000110000000001001000000000010
14;0100010000000010000000100010000
14;0010010000100000000001001000000
18;0100001000000001001000000100000
19;0010010000001000000001000010000
26;0010010000100000001000000000001
13;0100001000000010000001000010000
11;0100001000000000100000100001000
13;0000101000000100000001000000100
4;0000100010000000100000100000001
12;0100001000000100000000010000010
7;0010000100001000010000001000000
5;0000110000000001000001001000000
5;0001000001000001000010000100000
1;1000010000000010000010000000001
15;0000100100000100000001000000001
12;0000100001100000010000001000000
23;0000100100000000100100000001000
23;0010000100001000000001000010000
21;1000000100000000100100000001000
5;1000000001000010000000100000010
6;0010000001000100000010000000010
11;1000000100000001010000000100000
10;0010000010000100000010000001000
12;1000000100000000101000000000010
8;1000000010100000000000010000010
6;0010000010000010000010000100000
6;0100010000000001000100001000000
5;0100000010000100000000011000000
6;1000010000000001000001001000000
15;1000000001001000000000010000100
24;0010001000001000000000010000100
5;0001000100100000000000011000000
12;1000001000010000000001000000001
11;1000000001000100000001000000010
2;0010010000000010000010000000010
15;0100000100000100000010000100000
28;0000100001100000000100000000001
6;0100000010000010000001000000010
29;0010001000001000000001000000010
28;0100010000100000000001000010000
29;0100000001010000000000100010000
7;0001001000010000001000001000000
2;0010010000000010000010000000010
25;0010000100100000010000000000010
32;0100010000000001001000000000001
6;0000100010000100000000100000010
10;0100000001000000100100000000010
9;0001010000000001000000010100000
18;1000000010000100000001000000010
20;0000101000010000010000000000001
16;0010001000100000000000010000010
7;0001000001000000110000001000000
14;0100000001001000010000001000000
7;0001001000000001000000010000100
8;0000101000100000000010000100000
16;0100001000010000001000000100000
7;0100000010000000101000000000010
10;0100000001000000100100000000010
9;0100000010001000001000000000010
20;0010001000000100000100000000100
13;0000100100000000100000010000100
9;0100000010000010000100000000010
12;0010001000000100000000100010000
15;1000001000001000000000100001000
7;0000100100000010010000000010000
29;0010000001000000100100000000001
32;1000001000000000100001000000010
32;0001000010001000000100000100000
6;0100000010000010010000000000010
15;0010010000000100000001000010000
21;1000000100000100000001000100000
6;0100000001000001000000010100000
4;0100010000000000100010000000001
3;0010000010000000100000101000000
7;0001000100010000000010000001000
5;1000000010010000000000101000000
13;0001000010001000000001000000001
18;1000000010010000010000000000100
10;0010000001000010010000000001000
6;0001010000000001000001001000000
10;0001010000000001000000100100000
11;1000000010100000000010000010000
32;1000000010010000000001000100000
7;0000100010100000000001001000000
30;1000010000100000000001000001000
25;0010010000010000000000010000100
10;0001000001001000000000010100000
32;0100001000000010000001000100000
32;0000110000000100000100000000001
10;0001010000010000000010000001000
13;0001000100000000100000010100000
32;0001010000001000000001000100000
32;0001000001000000100100000100000
16;0001000010001000000000100000100
16;0001000100000001000100000000010
15;1000000001001000000000010000100
7;0100000100000010000100000010000
6;0001001000000010000010000001000
22;0010000010100000000001000000001
13;1000000010000001010000000000100
30;0000100001000001000000010100000
5;1000000001000010000000100000010
6;0100000100000010000000100001000
6;0000101000000100000010001000000
6;0000100100000000100010000000001
6;0000100001010000000000101000000
7;1000001000000010001000000000100
18;0010000100000100000100000010000
12;1000001000001000000000010000010
11;0100000010010000001000000000010
13;1000001000000001001000000000100
6;1000000100000001000010000100000
32;0100000100100000000000010000010
25;0010001000000100010000000000001
32;0100000100000000100001000100000
32;0100001000001000001000000010000
4;1000010000000010000010000100000
11;0010000001001000000000100000001
14;1000000010000000100100000000010
17;0001000010000001010000000001000
14;0100000001010000000001000000001
10;0001001000000010010000000010000
10;0010001000000010010000000010000
6;0000101000000000100000100001000
7;0001010000000010000010000010000
11;0100000010010000000000100010000
17;0100010000001000000001000000001
30;0000100001100000000000100010000
14;0001000010000001000100001000000
7;1000010000000000100010000010000
10;0001010000000001000000100100000
15;0100010000100000001000000000001
5;0001000010000100000010000000010
12;0001000010010000000000010000010
6;0100000001001000000000011000000
27;0001000001100000000010000000100
32;0100001000000100001000000001000
17;0100010000000010000001000000100
32;0010010000001000000001001000000
15;0000100010000100000000010010000
7;0001000010000000100100001000000
5;1000000001000010000000010000001
19;0100000100000100001000000000100
32;0100000010000000110000000000100
32;0010000001000001000100000010000
14;0001000010010000000001001000000
32;0010001000000100001000000001000
10;0100000100000010001000000000100
11;0001000010000010000001001000000
11;0001000001000010000100000100000
6;0010000001000010000000100001000
12;1000000100000000101000000000010
32;1000000001001000010000000001000
10;0010000100000000100000010000010
7;0000101000000100000000101000000
8;0001000100100000000000100000010
16;0000100010000100001000000100000
19;0010010000000100010000000000001
6;0100001000000010001000000100000
6;0000101000000010001000000000100
8;1000000010000100000000010000010
12;0100000001010000000000011000000
6;0000100001000010000000100000010
8;0000110000001000000010000001000
2;1000000100000010000010000000010
9;0001000010000000100000100010000
5;0000110000100000000010000000001
1;0000110000000010000010000000010
16;0001000010000000100100000001000
5;0001000001000100000000011000000
32;0001001000000001000001000010000
32;0010000001000100000100000000100
19;0001000100000100000100000010000
23;0001000001010000000000100100000
20;0100000100100000001000000000100
21;0010000010000100000100000100000
22;0000100001000100000000100000010
11;0010000010000010000001000100000
12;0100000010000001010000000000001
5;0000110000000000100010000001000
6;0010001000010000000010001000000
31;0001000001001000010000000000010
12;0001010000100000000001000000010
27;0100001000100000000100000000100
27;0100000010100000000001000001000
6;0100000001000001000000010100000
8;0010000010100000000010000001000
32;0100000001000001000001000010000
30;0100000010001000000001000000100
31;0000100100001000010000000000100
12;0100000100001000000000010001000
5;1000010000000010000001000000001
9;0000100001000000101000000010000
32;1000000001001000000001000100000
4;0100000001000001000010000100000
24;0000100100100000000000100001000
31;0000110000100000000001000100000
18;0010001000000000100000010000100
9;0000100001000100000000010000100
3;1000000010100000000010001000000
24;0010000001100000001000000000001
32;0001000001100000000000010000100
18;0000110000001000000000100000001
32;0000100100010000010000000010000
17;0001000001000100000100000001000
32;1000000001100000001000000001000
26;0010000010010000000100000100000
5;0001001000000010000000010010000
5;0001000010000010000000010000001
11;0000100001000010001000000100000
26;0100000010010000000100000100000
32;0001000010001000000100000000010
14;0100000100000001000100000000100
13;0010000001001000010000001000000
10;0010010000000100000010000100000
16;1000001000001000001000000000001
13;0100001000010000000100000000001
17;0000110000010000000001001000000
25;0001000010000001000100000000100
23;0100001000001000000010000010000
0;0000100100000010000010001000000
13;0000100010100000000000010010000
15;0001010000000010001000000000100
7;0010000001000010000100000010000
21;0001000010001000010000000001000
23;1000000100000001000001000001000
32;1000010000100000000100000010000
4;1000000010000000100000011000000
10;1000010000100000000100001000000
5;1000000100000000110000001000000
23;0001000001000000110000000000010
32;0100001000100000000001000000001
28;0010000010000100000100000000010
24;0000100001001000000000010000010
27;1000000001010000000000010000100
5;0010001000000001000010000010000
32;1000001000001000010000000001000
9;0001001000010000000000010000010
6;0001010000000000100010000100000
4;0010000001000001000010000000010
14;1000000001000100000010000100000
32;0100010000000000100001000100000
28;1000001000010000000100000010000
14;1000000100000000100001000001000
19;0001000010010000000010000010000
22;0100010000010000001000000010000
11;0010000010000100000000100100000
9;1000000010001000000000100001000
32;0001010000000100001000000000100
13;0010010000000010001000000001000
6;0100000010000100001000001000000
4;0001000010000010000010000100000
25;0000100001010000000100000001000
11;0001000100100000000000010001000
23;0001001000000000101000000010000
0;0100000100000010000010001000000
6;0100001000000010000000010000100
21;0010000100010000000000010100000
3;0000101000000010001000001000000
4;1000001000000010000010000000001
11;1000000100001000001000000000010
30;0000100100100000000000100010000
16;0010000100010000010000000000001
9;0001010000000001000000010100000
13;0000100001010000000000010000001
10;1000010000001000000100001000000
4;0001001000000000100010000000010
15;0000101000000010000001000100000
6;0001000010000100000010000001000
26;1000000100000001000100000100000
32;0001001000001000010000000000001
32;1000000001100000010000000100000
17;0010001000001000000000010000010
18;0010010000010000000001001000000
28;1000000100000100000100000000010
32;0000100001000100010000000010000
17;0100010000001000000001000000010
32;1000001000000100000000100001000
14;1000000010001000000000010010000
27;0010000001100000000100000001000
5;0001000010010000000000011000000
9;0100000010010000000000100100000
14;1000000010000100001000000001000
7;0100010000010000000010000010000
19;1000000010001000010000001000000
29;0000101000100000000100000000100
20;1000000010000001010000000010000
11;1000000001100000000000100010000
8;0001000100000001010000001000000
32;0001001000000010000100000010000
12;1000000100100000000010000010000
8;0001000100100000000010000100000
13;0010000010000000100001000000100
22;0000100010100000000100000000001
32;0010000001000100000010000001000
16;0001000001000001010000000000100
9;0001000010000100000000100100000
32;1000000100010000010000000100000
14;0000100010000001000100000000001
4;0100000001000010000000011000000
24;1000000100001000000000100001000
11;0100000010000001001000000000100
6;0100000100000010000010000001000
14;1000000010001000000000100000100
6;1000000001000000100100001000000
5;1000000001010000000010000000001
22;0001010000100000000000100000100
17;0100000010000010000100000000001
32;0010000001010000010000000001000
13;0100000010010000000100000001000
18;0010000100001000000000100010000
4;0100010000000100000010001000000
14;0001010000000010000001000100000
30;1000010000010000000001000010000
23;0000100001100000000001000000010
32;0000101000001000010000000000001
12;0100001000001000000010000001000
3;0010000010000010000000100000010
32;1000000001010000001000000010000
32;1000010000010000001000000000100
6;1000001000000010000000100001000
31;0000101000010000000001000010000
11;0001001000000010000001000000010
16;0010000010000000101000000010000
5;0001000001000010000000010000001
12;0010000010001000010000000010000
17;1000000001010000000100000000010
26;0010000100000100001000000010000
9;0001001000010000000010000001000
10;0001001000010000000000010100000
20;0001000001010000010000000000010
3;1000000100001000000010001000000
6;0010000010000001000000010000001
13;0100001000000000100000100010000
10;1000010000000001000000100000010
8;0000110000000000100000100100000
16;0100010000010000000000010100000
6;0010000100000001001000001000000
13;0100000010000100001000000000001
31;0010001000001000000000010100000
13;0100001000000100000000010000001
32;0010010000001000010000000001000
19;1000000100100000001000000010000
4;0010000001000000100010000000001
7;0010000010010000000010000001000
8;1000010000100000001000001000000
26;0001001000000100000100001000000
27;0000110000001000010000000000010
5;0010000001000000100001001000000
8;0001000010001000000010000010000
19;0000100010000100000001000100000
32;0001000001000000101000000010000
18;1000000010000100010000000001000
13;0010000010100000000000010001000
14;0100000010000100001000000100000
7;0000110000000010000100000000100
11;1000000100100000000000100100000
12;1000000100000100000000010000010
9;0001001000100000001000001000000
32;0001010000001000010000000001000
17;0010000010000100000000010000100
10;0100001000000010001000000010000
7;0010001000000010000100000010000
17;1000000001000000100010000010000
13;0001001000000100000000100000001
32;0100000010010000000100000000001
5;0010001000000010000010000000010
16;0100000010100000001000000000001
20;0100000100000000100001000000100
24;0010000010100000010000000000001
19;0000100001100000010000000100000
7;1000001000000010000000100010000
5;0100010000000010000000101000000
32;0010000100000100000001001000000
22;1000000010100000001000000100000
16;0010000100010000010000000000001
19;1000000001000100000000010001000
13;0010000010000000100000010001000
32;0001000100001000000001000100000
4;0010000100000000100000101000000
11;0100010000100000001000000100000
5;0000100001000000100000100000010
31;0010000100000001010000000001000
13;0001000001000010010000000100000
28;0001001000100000000100000000100
28;0000100010100000000001000010000
32;0100000001100000000001000001000
5;0001001000000001000010000001000
3;0100000010010000000010001000000
16;0010000010010000000000100000010
13;0001000010001000000000100001000
12;0001010000000000110000000000001
7;0001010000100000000000100000001
32;0100000010100000001000000000010
32;0100001000000001010000000010000
6;0000100100100000000000011000000
5;0001010000000010000000010000100
7;0100000001100000000000011000000
4;0001000001000010001000001000000
11;0001001000000010000001000000010
12;0100000100100000000010000010000
6;0000100100000001000010000001000
11;0000100100100000000010000010000
10;0100000100010000000001001000000
23;0000110000001000000010000000001
8;0000100100010000000010000001000
6;0000100100000001000000010000001
32;1000000001010000000100000000100
32;0010010000000100001000000000001
16;0001001000000000101000000000100
7;0010000001000010000100000010000
14;0010000010000010010000000010000
17;1000010000000100010000000010000
20;0100000010000010000001000010000
19;1000000010000010001000000001000
7;0000110000000001010000000000001
21;0100000100100000000100000001000
19;0000110000000100000000010000100
6;0010000100000000101000001000000
14;1000000100010000000000100010000
11;0010000001001000000000100000100
15;0010000100001000000100000100000
5;0000100001000001000000010000010
7;0010000100000010000010000000100
9;1000000010000001000000100100000
10;0000100001010000000010000010000
12;0000100100100000000100000000010
7;0010001000000100000010001000000
13;0100000001000100010000001000000
18;0001010000000010000001000001000
32;0100010000000100010000000010000
7;0100010000000001000100000000010
16;0100000100100000010000000001000
18;1000010000000001001000000001000
13;0010010000000000100000010000001
13;1000000100000000101000000100000
8;1000000100001000000000010010000
21;0010000010100000000001000001000
32;0100010000000100000100000000100
21;0001000001000100000000010100000
4;0010010000000010000000010000001
16;0010000001100000000000100001000
9;0000100010000010000001000001000
6;0000101000000010000000100010000
12;0000100010000001001000000000001
10;0000101000001000000000010000010
5;0010000001000001000010000001000
23;0010000010000001000000010000100
16;1000000100001000000001000001000
6;0100010000000001000010000000010
15;0100000001000001010000000001000
6;0010000001001000000001001000000
11;0000100100100000010000000000010
23;0001001000000100000001000100000
32;0010001000100000010000000010000
32;1000001000010000001000000000100
32;1000000010000100000001000100000
15;0001001000100000000000100100000
15;0001000100010000001000001000000
6;1000000100000000100010000100000
16;0010001000000100000100000010000
8;0000100100010000000010000000001
16;0010001000000000100000010001000
7;0100001000010000000000010000001
18;0100010000010000000001000001000
4;0010001000000010001000001000000
5;0001010000000010000000010100000
26;0000110000100000001000000100000
12;1000010000000000101000000010000
5;0001010000000000110000001000000
32;0000100001000001000100000010000
26;0000101000010000000001000000010
30;0100000001100000000000010000010
13;0010000100000001000000010100000
13;1000000010000001000100001000000
30;0010000010000100000001000000010
4;0000100010000000100000100000010
14;0001000010000010000100000001000
26;0010001000100000000000010001000
6;0100001000000001000001001000000
4;1000001000010000000010000000001
6;0001001000000100000010001000000
23;0000100010100000001000000000100
32;1000000001000100001000000100000
5;0100000010000000100010000001000
6;0001000100000000100010000001000
5;0000110000000000100010000000100
3;0100000010000000100000101000000
4;0010000100000010000000010000010
13;0100000010010000000100000001000
9;0100001000000010000100000100000
13;0010001000000001001000000000010
15;0100010000000100000000100010000
6;0010001000010000000010000010000
4;0010000100000010000000101000000
12;0000100100000001000001000000100
7;0100000100100000000100001000000
15;0000100010010000001000000001000
15;0100010000000010000001000010000
5;0100000100000000100010001000000
15;0010010000010000010000000100000
23;0010010000000100000000100000010
4;0001010000000001000010000000001
12;0001000100000100000000010000001
14;1000000001010000000000010000001
32;1000000100000000100100000000100
6;0100000010000001000010000010000
3;0010000001000010000100001000000
32;0000101000000100000000100000100
31;0010001000001000000000010100000
32;0010001000000000110000000100000
9;0010000010000001000000100000100
18;1000000010010000000000011000000
3;0000100100001000000010001000000
6;0010001000100000000000011000000
9;0000100001000001000100000000001
20;0010000100000000101000000000010
32;0100000010100000010000000001000
14;0100000010000100001000000100000
11;0010000100010000000010000000010
32;0100000100000100010000000000001
13;0000101000000100000000100010000
18;0100010000000100010000000000010
6;0010000001000010000001001000000
32;0010000100000000100100000010000
7;0010001000000100000010001000000
4;1000000100000000100010000000010
3;1000000100000010000010000010000
10;1000000001000100000001000000001
24;0000100100000000100001000010000
10;0001000100000010000100000010000
10;0001000001001000001000001000000
15;0010000001010000000001000000001
10;0010000001000001001000000000010
20;0000110000000000100100000100000
32;1000001000000000100100000001000
7;1000000010001000000100001000000
12;0010001000000001000000010100000
25;1000000100000000100100000010000
6;0000101000000000100000100001000
6;0010000010000100000010000010000
6;0001000001000001000000010010000
30;0001000010000100001000000000100
7;0100000100000100000000100000001
15;0000100010000100000000010010000
13;0100001000000100000000010000001
14;0001000001001000000001001000000
11;0001000010010000000000010010000
5;1000001000000001000001001000000
18;0100010000100000000001001000000
6;1000000010000001000000010000010
28;0000100100000100001000000000010
32;0100000001000100000001000001000
4;0010010000000010000100000000010
5;0001010000000001000010000001000
27;0000100001000001000100000000010
3;0100000001000010000010000000010
10;0000100100010000000000010000010
8;0000100001000100000000100000001
32;0100000010100000010000000001000
3;0010010000000001000010000000010
14;0010000100000000110000000001000
12;0001001000000100001000000100000
32;1000000010000000110000000100000
13;1000000010000001010000000000100
32;1000000001010000000000100010000
12;0100000001001000000000100000100
16;0010000100010000010000000000010
30;0100010000010000010000000100000
32;0010000100010000010000000001000
11;0001000001001000000010000001000
5;0000100100000000100010000000100
32;0010000100000100000000100010000
5;0010010000001000000000011000000
11;1000000100000100000000100100000
10;0010001000001000000010000100000
23;0001000100001000000000100001000
9;0001001000010000000000010010000
9;0100000010000000101000000000001
32;0100000100100000000100000000010
32;0010000100010000000001000100000
4;1000010000000010000010000001000
9;0100000100000001010000000000010
0;0100010000000010000010001000000
22;1000000100100000001000000100000
27;1000000001000000101000000000001
32;1000000010010000000000010100000
15;0010000100000100000001000010000
19;0000100010010000001000000010000
25;1000010000000100000010000000100
8;1000000100000000100000100001000
8;0001000001000100010000001000000
7;0010000100000010000001000000010
6;0000110000000010000100000000001
4;0100000001000001000000101000000
23;0100000001001000001000000000010
24;0001000010000000110000000000010
5;0010000100000010000000010010000
19;1000000001000000100100000001000
5;0100000010000010000000100001000
19;1000010000001000010000000000100
7;0010010000000010000000100001000
7;0100001000001000001000001000000
32;0100000010000000100000010010000
10;0010001000000010010000000010000
5;0001000010000000100000100000010
3;0100010000100000000010001000000
5;0001000001010000000000011000000
17;0100000100010000001000000000001
4;0100000010010000000000101000000
4;1000010000100000000010000000001
16;1000010000000100000000100001000
13;0010000010010000001000000001000
8;1000000100000010010000000100000
32;0010000100000100000000100010000
20;0000100010000000101000000000100
11;0100000010000001001000000000100
9;0001000010010000000000010100000
5;0100010000000010010000000000001
27;0000100001010000000001000001000
16;0000101000001000000000010001000
18;0100000100010000001000000001000
3;0001000001000100000010001000000
13;0000100001000000100000010100000
6;0000101000000010000000100100000
1;1000000001000001000010001000000
25;1000000001010000000001000001000
4;0100000001000010000000011000000
22;1000000100000000100000010000100
32;0100000001000100000010000001000
18;0000100001000010000001000001000
21;0010000100100000001000000000100
18;0001010000000100010000000000001
7;1000000100000010000000100010000
18;0100000010000000100100000010000
2;0000100010000010000000011000000
16;0100000100001000000001000010000
32;0000101000000100001000000000010
19;0010001000000100010000000001000
27;1000000100100000010000000010000
3;0000100010000000100010001000000
8;0000110000100000000000100000010
4;0000100010000001000010000000010
23;0001001000000100000100000100000
19;0010000100000100000100000100000
10;1000001000000100000010000000100
32;0010001000100000010000000010000
18;0000100100001000001000000010000
32;0010000100000100000001000001000
0;0100001000000010000010001000000
7;0100010000010000001000001000000
2;0010000010000010000000011000000
13;0100001000000001000000100000100
7;0100000010000001000000100010000
19;1000010000010000000000100001000
9;0010010000100000000010000000100
16;0100000100001000000000100000010
9;0010001000000100000000100000001
32;0001000010100000000100000001000
9;1000001000000010000100000000100
4;0001000100001000000000011000000
11;0010000010100000010000000000010
5;0001000001000100000010000000010
12;1000001000000100000000010100000
10;0010010000000010001000000000100
19;0010010000000100010000000000100
18;1000000010000100010000000001000
13;0010000010001000000000100100000
27;0100000010000000100001000000001
13;1000000010010000000000010001000
32;0000110000000100010000000000001
8;0000100001000000100100000010000
7;0010000100000100000000100000001
8;0000100001100000000010001000000
10;0001010000000001000001000100000
8;0000100001000100000001000000010
14;0100010000100000000000010000001
32;0100000100100000001000000010000
20;1000000010100000000000100000010
31;0010000001010000000100000010000
6;0010000001000010000001001000000
30;0010000100000100000000010100000
5;0010010000000001000000101000000
14;0000100100001000000000100100000
14;0001000100001000000010000000100
11;1000000100000100001000000000001
6;0100000001000010000001000100000
5;0100010000000000100000100000010
6;0010000010000010010000000000010
6;0010010000001000000010000000001
8;0001010000000001000000010010000
9;0010000100100000000001000000010
32;0010000001100000000000100000010
16;0001001000001000000100001000000
6;0001010000010000000010000000001
12;0000100001000000100001000100000
32;0100010000000100000000010010000
30;1000010000001000000000010000100
32;0000100100010000010000000001000
10;0001010000000001000010000100000
9;0001000010000000100001000000010
30;0001001000010000000001000000100
10;0001000010000100010000001000000
6;0010010000000000100100000000010
6;0010001000000000100010000001000
6;0100000001000010000000010100000
13;0010000010000001000000100001000
32;0001001000000001000001000100000
32;0010000100000000100100000000100
6;0000100100000010000000100001000
18;0001000100010000001000000000010
17;0000101000001000001000000000100
9;0001010000000000100100001000000
2;0100000001000010000000101000000
22;0000100100100000000000100000010
7;0010000001010000000000011000000
24;0010000010010000010000000000010
15;0100000001100000001000000100000
7;0000100010000100000000010000010
32;0010010000000001001000000001000
11;0001001000000001000000100000010
27;1000000001001000010000000000100
3;0010000100000010000010000010000
5;0001000100000010000000100001000
23;0001000100001000000000100001000
32;0001000010001000000100000100000
6;0010001000000000100000010000010
15;0001000010100000000010000000100
32;0010001000010000010000000001000
6;0100010000000100000000101000000
6;0100001000000000100010000010000
3;0100010000000010000010000100000
4;1000000100000010000010000000100
29;1000001000000100000001000100000
10;0001000100000010000100000000100
3;0100000010000010001000001000000
10;0001000001000000100000100000100
14;0001000100000001000100000000001
29;0001000001001000000100000010000
6;0010000010000010000000010100000
32;0001000001100000000000010100000
13;1000000010010000000000010010000
8;1000000100000100000010000010000
4;1000000001000000100000011000000
5;0000100010000001000000100000010
7;0100000010000000110000001000000
30;0000100010001000000001000100000
0;0000101000000010000010001000000
6;0010000100000100000010000000010
15;0010000001001000000000010000001
9;0000100001000000100100000000010
6;0010010000000001010000001000000
13;0001001000001000000001001000000
6;0100000100000001000001001000000
18;0100000100100000001000000000001
4;0100010000000010000000010000001
32;0000101000100000000100000010000
29;0001000100100000000100000000100
4;0000101000000001000000011000000
23;0000100100000100000000100000010
4;1000000001000010000010000100000
5;1000000100000001000000010000001
32;0000110000001000000100000001000
28;0010001000100000000100000000010
5;1000000001000001000000010000010
4;0001000001100000000010001000000
10;0001000010000100001000000000001
8;0010001000010000000000010001000
13;0000100100010000000010000100000
32;0010000001000100000100000000100
32;0000100001001000000100000100000
7;0100001000001000000010001000000
9;0100000100010000000010000000100
16;1000010000000100000000010010000
4;1000000100000000100000101000000
9;0010001000000001000100000000100
6;0000100001100000000010000000010
30;0100000010000100000001000000001
21;0001000010001000001000000001000
14;0000110000001000001000000100000
5;0000110000000010010000000000010
16;0001001000001000000100001000000
27;0100001000100000000000010001000
28;0010000010010000001000000010000
14;0000101000001000000000100000100
6;1000000010100000000000011000000
10;1000000010000001000001000000100
9;0001010000100000000000100000010
16;0100000001000100000000100000100
13;0100010000001000000001001000000
6;0001001000000001000000010100000
32;0010010000000100001000000010000
13;0000101000000100000010000000100
7;1000000001000100000000011000000
32;0100010000010000000100001000000
5;1000000100100000000010000000010
22;0100001000000010000100000010000
32;1000000100010000000100000000100
10;0100001000010000001000000000010
9;0000100001010000000010000000100
21;0001010000001000000000100000100
24;0010000010010000010000000000010
32;0000100010100000001000000000001
32;0001010000100000001000000000100
4;0000100100000001000010000000001
30;0100000001000001000001000000100
10;0100001000000001010000000000001
5;0010000001000001000010000100000
14;0000100100001000000000100100000
13;1000001000010000010000000100000
9;1000001000000000101000000100000
32;1000000100000001001000000001000
4;0100001000000000100000101000000
31;0100010000000001000001000001000
11;0000100100000001000001000000001
23;0010000100001000001000000100000
5;1000010000000100000010000000010
6;0000100010001000000010000000010
24;0100000001010000000100000001000
9;1000000001000000110000000000001
6;0010010000000010010000000010000
32;0010000010001000000100000000100
11;0100000100000000101000000001000
5;0001000010000010010000000000001
9;0001000010001000001000001000000
5;0100000100000001001000001000000
22;0001000001000100000100000100000
14;1000001000000100000000010001000
21;0010000001001000000001000010000
6;0100000010000001000001001000000
14;0000101000000000100000100010000
14;0000100001001000000000010000001
9;0000110000000010000100000010000
4;0010000100000100000010001000000
8;0010010000010000000010001000000
27;1000001000000001000001000010000
16;0001000001100000001000000000010
17;0001000100000001001000000100000
11;1000000100000010000001000001000
1;1000000001000001000010001000000
5;0001000001000010000000010000001
23;0001000010100000000000010000010
18;0001010000000100000001000100000
7;0000100010010000000010000000100
5;1000001000100000000010000000010
15;0010000100001000000100000100000
32;0100000010010000000100000000001
5;1000000100000001000000010000001
11;0001000100001000000000100000100
0;0000100100000010000010001000000
7;1000001000000010000010000000100
14;0100000100010000000010000001000
4;0001010000000000100010001000000
9;0010000010000010010000000100000
32;1000000100010000000100000000001
15;0010000100010000000010000001000
19;0001000100100000000000010100000
24;0010001000000100001000000000010
6;1000000010010000000010000000010
11;0000100001001000000001000000010
27;0100001000001000000001000000010
5;0100000001000010000000010000100
4;0100000001000001001000001000000
27;0010000001000100000001000010000
32;0100000001000100001000000001000
14;0001000010010000010000001000000
11;0001010000000100000000100001000
12;0010000100000100000000100100000
16;0000100001000001010000000010000
13;0100000010010000000001000000010
17;0100000001000000101000000100000
20;0100010000000100001000000100000
6;0100010000000000100010000100000
13;0010001000010000001000000001000
22;1000000010000100000001000000100
31;1000000100000100000010000001000
32;0100000001000100001000000100000
16;1000001000000010001000000001000
9;0000100001100000000010000010000
12;0001000010000100010000000000001
13;1000000010000000101000000010000
6;0000100010000010000000010000100
24;1000010000000000100100000100000
11;1000000100000100001000000000001
7;1000001000000010000010000001000
23;0001010000100000010000000100000
32;0010000100000000100100000010000
24;0000110000000100000001000010000
13;0010000001010000000100000001000
7;0000100001001000000001001000000
32;0010000100000001001000000001000
17;0000101000000001001000000000100
4;0010000010000010010000001000000
19;0001001000000000101000000000001
21;0100000001000100010000000001000
20;0100001000000100000000010010000
32;0010001000000001001000000100000
14;1000000100000000100001000001000
10;0001000010000100000000100010000
12;1000010000100000000010000001000
8;0001000100000000100000100100000
32;0100000001000100010000000000001
30;0000100100100000000000100010000
23;0001001000001000010000000100000
6;0001000100000010001000000000010
32;0000110000100000000100000001000
10;1000001000100000000000100100000
5;0001001000000001001000001000000
4;0001000100000100000010001000000
7;1000000100100000000000010000001
27;0001000100100000010000000010000
7;1000010000000010010000000000100
12;0001000100000100010000000000010
10;0001001000000000110000000000010
18;0100001000000001000100000100000
5;0001000010100000000010000000001
24;0010010000001000001000000001000
27;0000101000000001000001000100000
6;0010000100000010000001000000001
11;0001001000000010000001000000010
32;0001000001001000000001000100000
15;0001000100000000110000000100000
23;1000000010100000001000000000100
8;1000000010000000101000001000000
24;0001000100100000000001000000010
11;0001000100000000100001000001000
19;0001000001010000000000010100000
7;1000000001000000101000001000000
22;0100000010000000100100000000001
5;1000000001000001000010000000100
18;0001000010000100000100000001000
11;1000000010001000000000010100000
10;0100000001000010010000000010000
7;0001000010000000100100001000000
9;0001001000100000000010000000100
13;0000100001100000000010000001000
29;1000001000000100000001000100000
5;1000001000000010000000011000000
13;0100001000010000010000000000001
3;0010010000000000100010000000010
1;1000010000000010000010000000001
32;0010010000001000000100000000100
14;0000100100000001000000010100000
6;0100000010010000000000100000010
20;0000110000000100000000100100000
6;1000010000000100000010001000000
5;0100010000010000000010001000000
32;0100001000000100010000000010000
15;1000000010000100000000010100000
32;1000000010010000000100000000100
6;0010000100000010001000000000010
7;0010010000100000000000101000000
7;0000100001000100000010000000001
8;1000000010100000000010000100000
18;0010010000010000000100001000000
7;0000110000000010010000000100000
5;0010010000010000000010000000010
14;0000110000000001000001000000100
8;0100001000100000000010000010000
12;0000100100001000010000001000000
24;1000000001010000000000100100000
4;0100010000010000000010000000010
22;0001001000100000000100000000010
18;0100000001001000000000010100000
29;0010010000010000010000000010000
6;0010010000000010010000000001000
11;0100000100000100000000010000010
11;0010010000100000000001000000001
21;0000100010000001000001000010000
6;0010001000000010000010000010000
6;1000000100010000000000011000000
26;0000100100000100010000000010000
12;1000000100000000101000000000010
6;1000000001000001010000000000010
8;0001001000000000100000010010000
14;0100000010000000100001000100000
6;0100000001000010010000000000010
8;0001001000001000000010000010000
12;0100001000001000000010000001000
32;0000110000000100000000100000010
11;1000001000000100000000010000010
8;1000001000000100000000010000001
11;0100000010000010000100000000100
15;0001000010100000000010000000100
3;0000100010000001000000101000000
32;0000100100000100001000000000100
20;0000100100001000000001000000010
32;1000010000000100000100000001000
26;0100010000010000000100000001000
31;0010000100100000010000000000100
5;0001000010000001000010000000100
29;1000000001001000000000100100000
9;0000100010000010001000000010000
32;0100001000100000000100000000001
13;0000100001000000100000010100000
12;0000100001100000010000000010000
14;0010001000000001010000000000010
23;0010010000000000100000010010000
12;0001000100000100000000010000001
15;0100000100010000000000010100000
6;1000001000001000000000101000000
6;0010000010000010000000010100000
14;0010000001000100000100001000000
32;0010000010001000000100000000100
4;1000000001000001000000010000001
26;0010001000100000000100000000100
12;0010000010010000001000000000010
5;1000000010001000000000101000000
6;0100000100000001000001001000000
15;0000110000000100010000000001000
14;0001010000000000100100000000001
5;0010010000010000000010000000010
17;0000100100000001000100000000001
4;1000000100000010000001001000000
17;1000010000100000000100000100000
32;0000101000000001001000000001000
9;0000100010000001000000100010000
3;0100010000100000000010001000000
28;0000100100000100001000000000010
8;0010010000000001001000001000000
28;0100000010001000000001000010000
4;0100000010000010000010000000100
19;1000000001000001000100000001000
10;0000100010000010000100000010000
9;0001000010001000000000010010000
11;0010000010100000000000100010000
30;1000010000000100010000000000100
21;0001010000000100000100000010000
17;0100000100100000000010000001000
4;0001010000000010000010000100000
26;0001010000000001001000000000001
32;0010000010001000010000000000100
8;0010010000000000100000100000100
18;1000010000010000000001000000001
18;0000100010000100000100000000100
16;0100001000000000100000010001000
6;0010000001000001000100000000010
32;1000000010000100000001000100000
19;0000100001010000010000000000001
27;0100010000100000001000000000100
7;1000010000000000100000010001000
27;0100000001001000010000000000010
5;0010000010000100000010000000001
5;0010001000000010000100000000010
21;0010001000000001000100000001000
6;0001000100000010001000000000010
1;0000110000000010000010000000010
12;0001000001000000100001000010000
21;0100000010010000000001000000001
15;0100000100010000000000100000100
32;0100000100000100000100000001000
5;0001000010001000000000101000000
8;0010010000000000100100001000000
24;0100010000000000100100000100000
6;1000000010000010000100000000010
11;0100001000000100010000001000000
23;0010000010010000000000100010000
23;0001010000001000010000000000010
30;1000010000000010000001000100000
25;0010000010000001010000000000100
29;0001000001000000101000000100000
15;1000000100000001000100000000010
9;0001000100000010010000000100000
11;0010000100100000000100001000000
25;0010000100000100001000000000010
6;0100000001000010000100000000010
13;0100000010000100000000100100000
15;0010000010000100000000010001000
25;0001000010000001000100000000100
5;0001001000000100000000101000000
15;1000000100100000000000010100000
14;0100001000100000000100001000000
10;1000000100000001000000010000100
6;0001000010000001000000010001000
13;1000000001100000000100001000000
25;1000000100000100000001000000010
29;0100001000000001000001000000100
30;0001000010100000000001000001000
15;0010010000100000000100000001000
7;1000000100001000000010000000100
5;0001010000001000000010000000010
32;0000100100010000000100000100000
25;0000110000010000000001000000100
11;0100010000010000000000010001000
17;1000001000100000010000000000010
21;0000110000000100000001000001000
26;0000100100000000101000000000100
32;0100000100000001001000000000100
32;0100000100000010000100000001000
11;0001001000000001000000100000010
6;0000100010100000000010000000010
10;0001010000001000000010000100000
4;0000100100000001000000011000000
24;0010000010000100000000100010000
32;1000000010010000000001000000010
7;0000100010010000000010000000100
4;0000110000000000100000100000010
17;1000000001100000000000010100000
32;1000000001001000000000010010000
32;0010001000001000000100000000010
8;0000100100001000000000010000001
14;1000000100001000001000000010000
4;0100001000000010000000101000000
9;0010000100000000100001000001000
22;0100000001100000001000000000100
32;1000001000001000000100000000100
7;1000001000000000110000000000010
7;1000010000000000100010000010000
14;0100000010100000000100000001000
7;0000110000000010010000000100000
4;0000110000000010000001001000000
30;0000100001000001001000000010000
32;0100010000000001010000000000001
30;0100010000001000000100000000001
9;0010000001000010001000000000100
5;0001000010001000000000101000000
32;0100000010100000001000000010000
25;0100000100100000000000010100000
26;0010010000001000000100000010000
5;0001000001000001000010000010000
32;0000100010000000100100000010000
11;1000001000001000000010000100000
32;0100000010000100000001000010000
15;1000000010000100000000010001000
6;0100000100000000100000100000001
9;0000100100000010010000000100000
25;0001001000100000000001000010000
14;0100000010000001010000000000100
27;0100000001000100000100000000010
32;0010000001100000010000000100000
6;0010001000100000000000011000000
32;0000100100000000110000000000100
3;0001000010000010000000100000001
32;0100000010100000000100000010000
20;0010000010100000010000000010000
10;0000100100000001001000000000010
22;0000100100100000000001000000100
9;0001000100000010000000100010000
16;0100000010100000000000010000100
18;0001000100010000000010000010000
10;0000100100100000001000001000000
17;1000000001100000000000010100000
10;0010000010010000001000001000000
12;0001000100010000000010000100000
8;0001001000100000000000100000001
14;0000101000100000000000100100000
22;0100000010100000000001000000100
22;0100000001000000110000000000010
7;1000010000100000000010000100000
32;0000100001001000001000000010000
8;0100000100000000101000000000010
9;1000010000010000000001001000000
25;0100010000001000010000000000100
32;0001000100100000010000000000100
17;0100000100000000100000010100000
30;0001010000000100000000010000100
11;1000000100000000100000100000100
22;1000001000000100000001000010000
19;0001000001000001000001000100000
6;0000100001001000000010000000001
32;0001000010010000010000000001000
8;0010010000000000100000010001000
5;0000101000000010000000010000001
15;0010001000000001000000100000100
21;0100000100000100000000010100000
32;0001000010001000001000000010000
7;0000101000000001000010000001000
4;0010000100000010000010000100000
6;0010000001000010000000100100000
24;0001010000000000100100000000010
9;0100001000100000000001000000010
4;0010000010001000000000101000000
4;0000110000000010000000010000001
12;1000000001000000100000100000100
8;0001001000100000000000100000001
10;0001010000000100000000100000001
5;1000000010100000000010000000010
32;0000110000010000000100000100000
32;0100001000000000100100000000100
8;0000100010100000000010000001000
12;0000110000000000101000000010000
13;0100010000001000000000100001000
6;0010001000000001000010000000010
8;0100001000000010000100000000001
5;0100000001000010001000000000010
5;0001000010000010000000100000010
17;0010000100010000001000000001000
26;0001000010000001000001000001000
1;0100010000000010000010000000010
4;0100000010000000100010000000010
23;0000101000000100000000010100000
18;0010000001000100010000000001000
32;1000010000010000001000000001000
16;1000000010000100000100001000000
11;1000010000000000100000010100000
4;1000001000000010000000010000001
15;0001000100010000000000100000001
8;0010010000010000000010000010000
9;0001001000010000000000010010000
15;0010001000010000010000000000001
6;0001001000000000100010000000001
6;0100000010000010000000100000010
28;0000100001100000000100000000001
32;0100000001000001000001000010000
10;1000000001100000001000001000000
32;0000100100010000010000000010000
6;0001010000000000100010000010000
32;1000000010000001000001000001000
5;0100001000010000000010000000001
31;0010010000010000000000100010000
23;0010010000100000000000010100000
7;0001001000100000000010000100000
4;0100000010000010000100001000000
4;0100000010000010000010000000001
16;0010000100000000100100000000010
11;0010000100000100000000010000001
11;0010000100000001010000000000010
5;0001010000000001010000001000000
25;1000000010000001000100000100000
30;0010010000000100000000010000100
14;0010000001000001001000000010000
15;0010000100000000101000000000100
20;0000100010000010000001000100000
4;1000000100000010000010000100000
14;0100001000000001000000010000100
23;0010010000100000000000010100000
7;1000001000000010000010000000100
20;0000101000000000100100000001000
32;0100000001000010000100000001000
17;0100000010100000000001000000001
31;1000000001000000100000100010000
21;0000110000010000000000100000100
6;0010000100000001000010000100000
16;0100000001000100000000100000100
12;1000001000010000000010000100000
4;0010000100000100000010001000000
11;0010001000001000001000000000010
4;0100010000000000100000101000000
6;0001010000000000101000001000000
22;1000001000000001000001000001000
12;0000101000000010010000000001000
9;0000100100000000101000000001000
4;0001010000000001000010000000001
6;0000101000000001000010000010000
5;0000100100000010000100000000001
4;0000101000000000100010001000000
14;0000100010010000000100000001000
12;0010010000000010000001000100000
18;0100000010010000001000000000001
8;0001000001100000000010000100000
30;0001000001100000000001000010000
18;1000001000100000000001000000010
13;0100001000001000000000100100000
5;1000010000000000110000001000000
10;0001000010000100001000000000001
17;0010010000000100010000000001000
8;1000010000000001000001000000001
5;0000110000000000100010000000100
9;0001001000000000100001000100000
8;0100000100010000010000001000000
27;0100000001001000010000000000010
3;0100010000100000000010001000000
13;0010000010001000000100000000010
32;0100000010001000000100000010000
32;0100010000001000000100000010000
14;0100000001010000000100001000000
11;0010000100000001000100000001000
5;1000000001000010000100001000000
21;0010001000001000000100000010000
28;0010000001000000101000000010000
27;0001000001100000000010000000100
24;0001001000010000000000100000100
31;0001000001000100001000000000100
16;0001001000000000101000000000100
5;1000000010000010010000000000010
10;0100001000000001000000100000010
11;0001000001001000010000000010000
11;0100000010000000110000000100000
4;0010010000000010001000001000000
16;0100000001001000000000010000010
4;1000001000000000100010000000010
13;0010000001000001000001000000100
23;0000101000000001000100000000010
13;0000100100001000000001000000100
8;0100010000000000110000000000001
16;0001000001010000010000000100000
10;0001000010000010010000000000100
5;0100000100000010001000000000010
6;0000101000000010000000100100000
23;0010000001000100010000000000100
32;1000000010001000000100000000001
7;0010001000000000100010000000100
4;0001000001000010000000100000010
10;0100000100000001000000010010000
32;0100000010010000001000000010000
15;0000100001000100000000100000100
32;0001000010001000000100000000010
13;0100001000000100000010000010000
8;0000110000000000100000100010000
8;0001010000001000010000001000000
10;0001000001000000100100000000100
7;0100010000000000100000100000100
14;1000001000100000000001000000001
32;0001000100010000010000000001000
32;1000000010010000000100000100000
0;0001010000000010000010001000000
11;0001000100000100000000010000100
12;0100000010000100000000010000001
12;0100001000010000001000000000001
5;0100010000000010000001001000000
13;0000100001100000000010000001000
6;0010001000000000100000100000010
14;1000001000000010000001000100000
14;0001010000100000010000001000000
26;0000101000010000000001000000010
31;0100000001000000100000010100000
19;0100000100000001000000010100000
6;0000100100000010010000001000000
32;0010000001000100000100000001000
23;0000100010000000100100000001000
32;0010000010001000000100000000100
15;0100001000100000001000000000001
7;0010010000010000000000101000000
32;0010000010010000000010000000100
10;0100000100000010001000000000100
6;0100000001000010001000000000001
30;0000100001000001001000000010000
3;0001000010000001000000011000000
32;1000000100100000010000000001000
4;0000110000000010000010000100000
18;1000010000010000010000000000010
15;0010000100010000000010000001000
32;1000000010100000000100000000010
31;1000000100100000000001000001000
29;0001001000000100010000000010000
11;0001000010010000000000010010000
4;0000110000000010000001001000000
32;0000100100000001000001000000010
15;0100001000010000000000100000001
16;0001001000000000100001000001000
7;0000100010100000000001001000000
22;1000000010010000000001000000001
6;0100010000000000110000000000010
16;0010010000001000000001000000001
3;0000100010000001000000101000000
27;0001000010001000010000000100000
7;0000100100010000000100001000000
32;1000000010010000000100000100000
16;1000000100010000000001001000000
7;0010001000000001000001001000000
7;1000000100001000000000010000010
5;1000000010010000000000101000000
13;1000000010100000000000010010000
10;0100000100100000000000010001000
21;0000100100100000000000100100000
12;0010001000001000010000001000000
26;0001010000100000000000010100000
14;0000100010001000000010000100000
32;0010000010000100001000000100000
28;0010000010010000000000010000100
24;0010000001001000010000000001000
11;0001000100001000000000010001000
19;0010010000100000010000000100000
16;0000100010000001000000010010000
14;0000100010000000100100000100000
32;0001000010010000010000000001000
32;0000100010100000000100000100000
1;0010000001000001000010001000000
14;0000100001000001010000000001000
27;0010000001000001001000000001000
25;1000000001010000001000000100000
19;0001001000000100010000000000010
12;0100000001001000000000100000100
5;0001000001000010000000010100000
32;0100001000001000000100000000100
7;0000100001000001000000100010000
11;0010001000000000110000000000001
27;0000110000010000010000000001000
8;0010000100001000000100001000000
32;0001000100000100010000000100000
32;0000110000100000001000000001000
26;0010000010000100010000000010000
11;0001001000000001000000100000010
29;1000010000000100000010000001000
5;0001010000000000100000100000010
5;0001000100000010000000010100000
7;0100001000000100000010001000000
11;1000000001100000000010000001000
32;0001001000000100000100000000001
23;0100001000010000001000000010000
8;0000101000000100000010000000001
21;0001001000000100000001000001000
6;0001000010000001000010000100000
5;0000110000100000000010000000001
7;0100001000000100000000100000001
6;0000100100001000000010000000100
32;0010000100001000001000000000001
24;1000000001000000100001000001000
19;0001000001000000101000000000001
10;0001000100000000100001000000010
4;1000000010000010001000001000000
11;0000100100100000010000000000010
6;0001000100000000100000100000010
5;0100000001000001000000100000001
5;1000000001000001000010000001000
11;0001000100000000100001000010000
27;0010000100100000000001000000100
4;0010000100000000100010000000010
8;0100000010000000101000000001000
19;1000000001000100000000100010000
5;0000101000010000000000011000000
23;0010001000100000000100000000001
6;0001000100000000100000100000010
27;0100001000100000000100000000100
32;0100000100010000000000010000100
32;0010010000000001000100000000010
25;0010000001010000001000000100000
23;0001000001001000001000000001000
32;1000000010100000000100000000100
11;0010000010000000100100000010000
19;0000110000001000000001000000001
8;1000000001100000000001001000000
8;0100000100000010010000000000001
15;0001010000000100000010000000100
7;0001000100001000000000010010000
7;0001001000001000001000001000000
28;0010000100010000000001000000001
6;0010010000100000000100001000000
9;0001001000100000000010000000100
4;0100010000000000100000101000000
4;0100000010010000000000101000000
6;0001000100000001000000100000001
11;0100000010001000000000100001000
19;0000101000000000100000010001000
7;1000000100010000000010000000010
9;0100000001000100000000100000001
19;0000100010000100000001000100000
8;0010000001100000000000100000001
31;0001000001001000000000100100000
32;0000110000000000100001000010000
16;0000100010010000001000000000001
30;0010000001000100001000000000100
13;1000000010010000000000010010000
10;0000101000000100000000010000100
13;0001000100000000100000100000100
25;0000110000000100010000000010000
32;0100000001000100000000010001000
13;0010000001000001000001000000100
17;1000001000010000001000000100000
6;0001001000100000000000101000000
11;0100001000000001000001000010000
8;0001010000010000000000010000010
9;0000110000000001010000000000010
4;0001010000000000100010000000001
30;1000000001000100000100000000010
13;0001001000000000110000000001000
32;0000100001100000000100000001000
32;0001001000001000000000100100000
18;1000010000000001000100000000001
18;0000101000000000100001000001000
11;0001010000000010001000000001000
4;0001000010000010001000001000000
6;0010000100010000000000011000000
26;1000000010001000000000010000100
4;1000000100000010000010000100000
32;0100000010000000110000000000100
15;0001000001000100010000000001000
6;0100001000000001000000101000000
16;0010000100010000010000000000001
15;0100001000100000001000000000001
13;0000100010100000001000000000010
25;0100010000010000000001000000010
15;0001001000010000001000000010000
14;0000100010000100000000010001000
11;0100000001010000000100000000001
32;0000110000100000000001000000010
6;1000000001100000000010000000100
6;1000000001000010000000010100000
6;0001010000000000101000001000000
10;0010001000000000100100000010000
7;0000100100000010000000010100000
19;0100010000000100000000100000010
29;0010000001100000000100000100000
20;0010000001010000000000010100000
19;0100000010000100000000010000100
5;0001000001000000100000010000010
20;0000101000000001010000000000100
12;0000100001000100010000001000000
19;0001000100000010000100000100000
2;0001000100000010000000011000000
8;0001000001100000000000100001000
11;0000101000000001000100000000100
32;0001000010000100000000100000100
18;0010000100100000000100000010000
32;0001001000000001000001000010000
32;0001010000001000010000000001000
8;0000100001000100000000100000001
32;0000110000001000000001000100000
8;0100000001000100001000001000000
24;0000100100100000000000100001000
2;0010010000000010000010000000001
19;1000000010010000001000000000001
19;0100000100001000000000010100000
4;0100000010000001000010000000001
21;0000101000000001010000000100000
27;1000000100000100000000100000010
15;0000100010001000001000000100000
10;0010001000000000101000000001000
26;0001000001001000000001000000100
32;0010000010100000000001000000100
31;0010000100010000000100000010000
5;0001000001000010000000010000001
11;0000100001000000100001000001000
29;0100000001001000010000000000100
18;1000010000000100000100000000010
7;0100001000000001000000100100000
32;0100000001000000100000010010000
11;0010010000100000000001000000001
27;0000100001000001001000000000100
28;0001010000001000000001000000010
6;0000101000100000000010000000001
3;0010000010000010000000100000010
6;0000110000000001000000100000001
12;0100000001010000000000011000000
5;1000010000000010001000000000010
23;0010001000000001010000000001000
10;0100000010100000000001000000010
6;0100000001000100000010000000001
32;0000110000001000001000000001000
18;0010000100100000000100000010000
19;0010000001010000010000000000010
32;0100001000100000000100000000010
11;1000001000000010010000000010000
18;0010010000000100000001000000001
14;0000100100010000010000001000000
23;0001010000010000000000100100000
28;0010000100100000001000000100000
14;0000100100000000101000000100000
32;0010001000000001000001000001000
32;0000101000000100001000000001000
10;0010000001000000100000100000100
24;0100001000000100000001000000010
13;1000000100010000001000001000000
18;0100010000010000000000010000100
32;0000100100001000000001000100000
12;0100000010000001010000000000001
0;0001010000000010000010001000000
17;1000000100001000000000010100000
17;0001010000000001000100000000010
13;0001001000000001000100000000001
11;0100010000001000000010000001000
9;0000100100100000000010000001000
28;0000100100100000000100000000100
6;0000100010000000110000000000010
8;1000000001000000100000010001000
13;0010010000000010001000000001000
4;0010000010000010000000010000001
11;0000101000000001000001000010000
18;0000110000001000000000100000001
29;0001001000100000001000000010000
10;0010010000001000000000010010000
2;0000101000000010000000011000000
27;0010000001100000000100000001000
32;0001000001000001000001000010000
11;0000110000010000000010000100000
5;0010001000000010000000100100000
10;1000000001000001000000100000100
27;0010000100001000000100000001000
11;0000110000000010001000000010000
9;1000001000000001000010000000100
6;0010010000000000100001001000000
13;0010000100000100000000010001000
28;0100001000100000000001000001000
5;0001001000000010000010000100000
9;0000100010000001000000100010000
30;0100000100100000000000100100000
32;1000000100010000010000000001000
29;0001000100100000000100000000100
20;0010000010100000010000000010000
9;0000100001000000100000100100000
20;0100001000100000000000010100000
24;0100010000100000000100000000100
5;0000100010000001000001001000000
32;0100010000100000000000100001000
13;0010001000000010000001000100000
32;1000000010100000000000010000100
21;0001010000001000000000010000100
4;0001000010000001000010000000010
10;0000110000000100000000010000001
29;0010000100000100000000010000100
21;1000000001100000001000000100000
5;0100000010100000000000101000000
32;0000100100010000010000000000010
32;0100001000000100001000000000100
8;1000000001100000000001001000000
15;1000010000001000000000100000100
24;0010000100100000000000100010000
30;0100000001001000000000100100000
18;1000010000000100000000100010000
10;1000001000000100000010000000100
7;0100010000000000100010000001000
6;0100000010000001000010000010000
4;0010000010000000100000011000000
14;0000100001010000000100001000000
25;0010000100000001001000000100000
13;0010000100001000000000100000100
6;1000000010000001001000001000000
32;0001000010010000000100000000100
32;0010000010000100001000000001000
32;0000100100010000000001000010000
6;0010000100000010000000100000010
23;1000010000010000010000000010000
6;0100000100000010000000010000100
25;0100000001010000000000100100000
23;0000101000001000001000000100000
18;0001000010000001001000000001000
9;0001000001000000100000010010000
15;0100000100010000000100000001000
14;0000100001001000000000010001000
19;1000010000100000000001000100000
11;1000000100000001010000000100000
9;0100000010000100000000010001000
30;0010010000000100000001000000100
5;0000100001000000100010000001000
32;0000110000100000001000000000100
18;1000001000000010010000001000000
23;0001001000000100000100000100000
5;0001010000000010000000100001000
11;0000100100000001001000000000001
32;0001000100000001001000000001000
16;1000001000000001000001000000010
7;0100000001100000000000011000000
32;0010001000100000000001000010000
6;1000010000100000000000100000010
25;0010010000010000000000010010000
13;0001001000010000000000100100000
3;0010010000000001000010000000010
32;0100001000000100000001001000000
6;0000100100000100000000101000000
16;0001000100000100000001000001000
11;0000101000001000010000001000000
5;0001010000000010000100000000010
4;1000000010000010000000010000010
30;1000001000001000000000010010000
9;0000100100000010000000010001000
28;0000101000000100010000000100000
13;0100001000000000100000100010000
20;1000000100100000001000000000010
13;0000100010100000000000100000001
10;0001000010000100010000001000000
7;0010000100000001000000010000010
23;0100001000100000000000101000000
5;1000000001000010000000010000100
17;0100000001000000110000000001000
23;0010000100100000000000010010000
8;1000000010001000001000001000000
26;1000001000000000100001000010000
9;0001000001000000100000010010000
18;0000100100000100000000010000001
1;0001010000000010000010000000010
3;0001000100000010000000010000010
15;0000110000100000000000100000001
9;0000100100000010001000000000100
23;0001010000010000000100001000000
32;0000110000100000000100000001000
3;1000010000000010000000010000001
18;0100000100000010000100000000100
23;1000010000001000000001000001000
17;0001000100000001001000000100000
22;0010000001001000010000000000100
9;0001000001000000100000010010000
32;0100010000000100000001000001000
18;0100000001000000100100000001000
3;0001000010000010000000100000001
4;0010000010000010010000001000000
31;0010001000001000000000010100000
0;1000000100000010000010001000000
29;0001001000001000010000000001000
18;0010001000010000000000100000001
17;0010010000100000000000100100000
32;0001000010001000000100000000010
6;0000101000000010000100000000001
8;0001000001001000000000100000010
29;0001000100001000010000000100000
27;0100000010100000010000000010000
5;0100000010001000000000101000000
32;1000001000000000100001000000010
20;0010000001000001000001000100000
5;0100000001000000100001001000000
6;0100000010000001000000010000010
5;0000100100000010010000000000001
0;1000000001000010000010001000000
6;0010000001000010001000000000010
5;0001000001000010000001000000001
32;0100010000000010000100000010000
14;0000100001010000001000000000001
17;1000001000000100001000000000001
32;0000100010010000000100000000100
20;1000000001000010000100000000100
12;0100010000000100000000010000010
8;0001010000000000101000000000010
8;0001010000000100000010000010000
15;1000000010100000000100000000001
5;0100010000000010000000101000000
9;0001010000000001000000010100000
10;1000000001000001000100000000010
32;0010010000000100001000000000001
7;0100001000010000000000010000001
14;0000100001100000000000010010000
11;0010001000000000100001001000000
20;0100000010100000000100000000001
5;0001000010000001000000010000010
10;1000010000010000001000000000001
3;0001000100000010000100001000000
15;1000000010100000010000000000100
22;0010000001000001000000100100000
8;1000000010001000001000001000000
11;0100000001000001001000000100000
10;0100001000000000100000010000100
10;0010000001000000100000010100000
5;1000000100000010000001000000001
13;1000000100100000000010000100000
29;0100001000000001000001000000100
13;0010001000100000000000100000001
29;1000000010000000101000000001000
11;0100000010000000110000000100000
11;0001000001000001000000100010000
9;0001000010001000000000010010000
22;0000110000100000010000000100000
20;0000101000000100000001000001000
6;0000100100001000000000101000000
32;0100010000000100001000000010000
32;1000000010100000000100000010000
10;1000000001001000000001000000010
16;0010000100000001000100000000010
8;0100010000010000000010000000100
25;0000100100001000001000000000100
32;0100010000000100010000000100000
32;0010010000100000000000100000010
8;0010000100000001000000100000100
20;0010000001010000000010000001000
23;0100000100000100000100000010000
5;0100000100000010000000101000000
9;0000100100000010000100000001000
6;0001000010000001000000100001000
2;0000100100000010000000101000000
32;0100001000100000001000000000010
16;1000000010100000000001000000001
4;0100000010000010000010000001000
4;1000000010000001000000100000001
8;0001000001000000101000001000000
19;1000000001100000000001000000100
6;0010001000000000110000001000000
32;0010001000001000010000000000001
28;1000000100010000001000000000010
32;0001000010010000000100000010000
10;0000100001001000000010000010000
11;0100001000000001000000010010000
6;0010000001010000000000101000000
7;0010001000000100000010001000000
5;0010001000000010000000010100000
19;0001000100010000000100000001000
5;0000100010000000100100001000000
7;0100000100001000000010000000100
21;0010001000000000100100000001000
6;0000101000010000000010000000100
9;0000100100000001000000010010000
10;0100000100000010001000000000100
9;0000110000010000000000100100000
10;0001000010000010001000000010000
6;1000000100000001000010000100000
12;0000101000000001000001000000100
7;0001000010000000100100001000000
7;0100000100010000001000001000000
27;0001000010001000010000000100000
4;1000000001000000100000011000000
3;1000001000000010000010000100000
7;0100000001000001001000000000100
11;0010000100100000000001000000001
12;0000100010001000000000100000001
14;0001000001000000100010000010000
4;0100000010000010000000010000001
10;0000101000000000101000000000100
4;0010001000000000100000101000000
9;0001010000010000000010000100000
4;0010000100000000100010001000000
7;1000001000010000000100001000000
10;0000100100000010000100000000100
9;0000100100000100000010000010000
32;0000100100010000000100000000100
11;0100000100100000010000000000010
18;0001000010000010010000000010000
10;0000100010000010001000000001000
32;0100001000000100000001000000100
32;0100000100000000110000000000100
27;0100001000100000000100000000100
19;1000010000100000000001000100000
5;0000100100000001000001001000000
4;0100000100000010000100001000000
9;0010000100000000100100000000001
14;0000100001000010010000000000100
6;0001000100000001000000010001000
27;1000000010100000000010000000100
23;0000110000010000001000000100000
5;0001000100100000000000011000000
28;0010000010100000001000000100000
32;0100001000000100010000000000001
6;0001001000000000110000001000000
32;0100010000100000000100000000010
5;0001010000001000000010000000010
24;0000101000000000100100000000001
18;1000000010100000000001000000100
15;0010000001010000000000100010000
7;0100001000000001000000100100000
5;0010001000000000101000001000000
8;0000101000000000101000000010000
21;0001000010000000100100000100000
6;0000101000000000100000011000000
18;1000000001010000000100000100000
17;0010000001100000001000000010000
24;0001000001010000000001000000001
13;0000100010000100001000000001000
27;1000000100100000000000010000010
12;0001001000000010010000000000001
32;0100010000000100000100000000010
25;0100000001010000000000100000100
11;0001000001000010010000000010000
29;0100001000000000100100000000010
24;0000100100000000101000000000001
6;0100000001000000100010000100000
17;0100000100100000000010000001000
20;0010001000001000000001000001000
32;0100000001000001000001000010000
4;0000110000000010000100001000000
13;0001010000000010001000000010000
27;0001000010000001001000000000100
6;0000100100010000000000011000000
18;0000101000000100001000000000001
30;0100001000000000110000000100000
12;0001000100000100001000001000000
32;1000000001100000000001000001000
5;1000000100000010000000011000000
6;0001010000000010000001000000001
20;0000100100000010001000000001000
7;1000000100000001000001001000000
15;1000000010100000010000000000100
18;1000001000100000000001000000010
15;1000000010000000100001000000001
9;0001010000001000000000010001000
17;0010010000100000001000000001000
26;0000110000000001000001000100000
15;0100000100001000001000000000010
11;0100000001000100000000100100000
17;0010010000000100010000000001000
9;0000100001100000000010000010000
12;0000110000100000001000000000010
5;0100010000000001001000001000000
27;1000000001010000000000010000100
29;0100000001100000010000000010000
4;0000100010000000100010000001000
22;0100001000001000001000000000100
15;1000000001001000000000010000100
23;0000100100100000000001000000010
19;1000000010010000001000000100000
10;0001000010100000000000100100000
10;0100000001000010010000000010000
8;0010000001000001001000000000001
32;0100010000001000000000010001000
8;1000010000001000000000100000010
20;0100000100001000001000000100000
12;1000000001000010010000000100000
6;0000110000100000000000010000010
4;0001000010000100000000101000000
7;0000101000000100000010000100000
15;1000000100000001001000000010000
32;0000100100010000000001000010000
6;0000100100000010000000010000100
21;0010010000000100010000001000000
10;1000000100010000000010000001000
22;0010000001010000001000000000010
22;0000101000001000001000000010000
10;0010000100000100000010000100000
6;0010001000000001000010000000010
32;1000001000000010000100000010000
13;0010000100001000000000100000100
16;0010000100000100000001000000001
12;0100001000001000000010000001000
32;0000100100100000010000000000001
7;1000001000000010000010000001000
12;0001010000000000110000000000001
30;0010010000000001000001000001000
6;0010001000000001000000010000010
16;1000000010000000110000000000100
28;0100000010000100000001000000100
7;0010010000000001000000010000001
4;0001000001000010000000010000100
8;1000010000000001000000010010000
13;0010001000000100000000010000100
6;0010000010010000000010000000010
6;1000001000000001001000000000001
3;0000110000100000000010001000000
17;1000000010100000000100000001000
6;0100001000100000000010001000000
22;0001000010010000010000000000010
6;1000010000000100000010001000000
26;0000110000100000000100000100000
11;0010000001000000110000001000000
0;0100000010000010000010001000000
19;0010010000100000010000000100000
6;0010000100000000100000100000001
32;0100010000010000000100000010000
21;0001001000100000000000010000100
9;0001010000001000000000010010000
24;0100010000000000100100000100000
24;0100000010001000010000000000001
13;0010000100000100000000100001000
32;0001000001100000001000000010000
12;0000100001100000010000000000010
24;0000100100000100000001000000010
10;0001000001010000000010000010000
6;0000100001100000000010000000010
13;0000110000000000100000010000100
23;1000000010001000010000000000001
5;0000100010000100000010000000010
14;0010000100100000000100000001000
32;0000100100010000010000000000010
18;0010001000000100010000000000100
6;0001001000010000000000010000001
26;0001000001001000000000100010000
6;0001000001000000100000010000100
8;0001001000000000100000100010000
11;0010000100001000010000000000100
13;0001001000010000000000100100000
11;1000010000100000000000010010000
10;1000000100000010000001000010000
6;0100000010000100000010000000010
5;0100000100000010000010000000001
6;0000101000000001000000100000001
32;1000001000100000010000000010000
25;0000101000000001010000000010000
32;1000000001100000010000000000100
16;1000000001000100010000000001000
12;0000110000000010010000000000100
32;0000110000100000000100000000100
5;0000101000000000100010000000100
25;0100000001001000001000000001000
12;0010000001000001000100000100000
11;0000100100000001000001000000001
13;0100000100000100000001000010000
4;0000100001000000100001001000000
32;0000100100010000000100000100000
5;1000000100000001000000100000001
5;0100001000010000000010001000000
17;0001000010100000000001000000100
32;0100001000001000000000100010000
29;0000101000010000001000000001000
14;0001001000001000000001000000100
8;1000010000000100000010000100000
17;0001000100010000000001000000100
20;0001010000000001000100000100000
8;1000000001000000110000000000010
32;0100000001000100000100000001000
5;1000001000000100000000011000000
14;0000100001100000001000000000010
5;0001000001000000100010000001000
16;0010010000000000101000000000001
10;0001000010000001000000100100000
9;0001001000000010001000000010000
24;0100000100000001000100000000001
9;0100000100000010010000001000000
7;0010000100001000000000100000010
5;0100000100001000000010000000001
14;0100001000100000000100001000000
24;0100010000100000000100000000100
14;0000110000001000000001001000000
5;0100000001000001000010000001000
22;1000000010000000101000000000100
15;0001000010000100001000000100000
32;0010000010001000010000000000100
22;0010000001001000010000000000100
27;0001000100100000010000000010000
7;0010001000001000000010000010000
7;0000101000000100000010000100000
20;0100001000001000000000010100000
9;1000000001000001001000000000010
21;0001001000000100000001000001000
6;1000010000000001001000001000000
32;0000101000000100010000000010000
32;0010001000100000000001000100000
4;0010000010000000100010001000000
5;0000100010000010000000010001000
11;1000000100000100000000100100000
24;0000110000010000000000010000100
7;0100000100010000001000001000000
24;0100000010000001000100000100000
24;0010000010000100000000010000010
7;1000000001000010000001000100000
32;1000010000001000001000000100000
15;0000101000000000100100000010000
26;0010000010001000000001000010000
6;0100000100001000001000001000000
23;0001001000001000000001000010000
16;1000000010010000010000001000000
10;0010000010000100000010000001000
18;0001010000000100010000000000001
20;0001010000001000000100000000001
16;1000001000000001001000000000010
7;0010000010000010000100000000100
14;0001001000000100001000000001000
8;0001001000000001000010000100000
4;0010000001000010000000100000001
11;1000001000000001000000100010000
27;0100001000100000000001000010000
0;0000100100000010000010001000000
32;0010000001000100000010000001000
20;0010000001000001000001000000010
12;0000100010001000000000100100000
0;0010000001000010000010001000000
31;0000100100000001000001000100000
19;1000010000001000000000010001000
6;0100010000010000000000010000010
22;0001010000100000000000100000100
14;0001010000000010000100000001000
18;0100000001100000000001000000100
2;0100000001000010000000101000000
6;0001000010000001000010000100000
8;0010010000001000000010000000100
32;1000000100000100000001001000000
5;0001000010000000100000100000010
9;0001000010100000000000100010000
5;0000100001000001000010000010000
9;1000001000100000000010000010000
6;0001000001010000000000101000000
10;0010001000000010000100000001000
19;0100000001000000100100000010000
5;0001000100000000100000010000001
5;0100010000000010010000000000010
28;0100010000100000000001000010000
32;1000000100000000110000000100000
7;1000010000000000101000001000000
29;0100000001000100000001000010000
32;0010010000001000000100000100000
11;0001001000010000000000010001000
5;0000101000000001000010000000100
6;0000110000000010000001000000001
32;0010001000000100000100000100000
21;0100010000010000000001001000000
29;1000000010000000101000000001000
23;0000100010001000000000010001000
25;0000100100010000000000010100000
6;0100001000000010000010000010000
6;0001000001000010000001000000010
10;0010001000000000101000000001000
13;0001001000000010000100000000010
24;0000100001001000000000100000100
10;1000000001000010001000000000100
12;0001000001001000000001000000010
20;1000000001000100000000100001000
24;0000100001100000000100001000000
2;0000100100000010000010000000010
13;1000000001010000000001000000001
18;1000000001100000010000000001000
32;1000001000001000010000000001000
32;1000000001000010010000000001000
26;0100010000000000101000000001000
32;0100000010000100000001000001000
20;0010010000000001010000000000100
14;1000001000000001010000000000010
25;0010010000100000010000000001000
29;0100001000000100000001000010000
9;0001001000100000000010000000100
17;0100001000000001000100000000010
5;0001000001000000100010000000100
5;0000100001000100000010001000000
6;1000000100000001000010000010000
17;0100010000001000000001000010000
25;0010000100100000010000000000010
12;0001000010000010001000000000100
22;0100000001100000001000000000100
19;0001000100100000000100000010000
32;0100010000100000000000010100000
32;0001000100000100000100000001000
13;0000101000001000000000010010000
9;0000101000000100010000001000000
28;0010001000100000000100000000010
15;0000100100001000000001000010000
9;0010001000000100000000100000001
26;1000000010000100000000100000100
32;0100000001000100000001000001000
20;0010010000000100001000001000000
32;0010000001010000000100000000010
8;0100001000000010010000000000100
11;1000000100000010000001000100000
32;0001000010010000010000000100000
11;0010000100001000000010000000100
9;0000100100000000101000000001000
5;0001000001000010000000010010000
24;0000110000010000000000010000100
13;1000010000000000100000100100000
5;1000000010100000000000100000001
12;0001000010001000000100001000000
2;0001000100000010000000011000000
10;1000000100000100001000001000000
14;0010010000000010000001000010000
10;0001000100000010010000000000100
10;0001000001100000000000010000001
32;0100010000001000000000010001000
26;0010000010000000100001000001000
12;0010000100000001010000000100000
10;0010010000000000100001000010000
6;0010010000000000100010000100000
5;0000100001000000100010000000001
5;0000100001000001000010000010000
17;1000000010000010001000000010000
12;0010010000000010000001000100000
7;0010000100000010000001000000010
20;0010001000001000000000100000100
10;0010000001010000000001000000010
32;1000000010010000000001000010000
9;0010001000000100010000001000000
26;0001010000000001010000000010000
14;0010000010001000000000100000100
32;0000101000010000010000000010000
4;1000001000000010001000000000001
17;0001000010010000001000000000010
32;0100000001000100000100000001000
6;0100001000000001000010000001000
32;0010000010000100000001000000001
10;0100000100000001000000010010000
5;1000010000000010000001000000010
23;0100001000010000000001000100000
7;0000110000100000000010000010000
27;1000000010000100000100000000010
8;1000000001000001001000000000100
32;0100000100000001001000000000100
25;0100010000010000000001000000010
28;0100000010010000000001000010000
8;0001000100001000000000100000010
7;1000010000000001000010000000100
22;0100000100000001010000000001000
32;0100000010000000101000000010000
5;0000100010001000000000101000000
7;0100000010001000000010000100000
32;0100010000000100000100000000100
12;0100000100000000100100000010000
21;0100001000100000000001000000100
21;0000100001000100000010000100000
21;0001000001000000101000000000010
14;0010010000001000000100000000010
23;1000010000100000000000100100000
19;1000000001000001000100000001000
6;0100000100100000000000011000000
6;0010000001001000000001001000000
6;0010000001000000100000010000010
19;0001000100100000001000000000100
14;1000000100001000001000000010000
22;1000000010010000000001000000100
7;0010010000000001000010000100000
7;0000100001000000100000100010000
6;0100000010000000100000100001000
22;1000000010000100010000000100000
6;0000101000000010000100000000010
32;0100000100010000010000000010000
11;1000001000000100000000010000100
4;0010010000000010000000010000001
32;0100010000100000001000000001000
8;1000000010100000000000010000010
32;0010010000010000000100000010000
14;0000101000000000100000100010000
18;0100000001001000000000100001000
30;0010000100100000001000000000001
32;0010001000001000000100000000100
31;0010010000001000000000010000001
26;0100010000100000000000010000100
5;0000100100000010000001000000010
5;0001000010000010000000010000100
5;0001000010100000000000011000000
20;0000100001100000010000000001000
15;0001010000000000101000000001000
10;0100001000000001000000100000010
11;0010000100000001010000000000010
25;1000000001000000101000000000100
5;0000101000010000000000011000000
6;0001000010000001000010000010000
8;0100001000000001000000010100000
20;0100000010000100001000000000010
10;0100000001000010000001000001000
12;0010000010000010000100000010000
32;0000101000000100001000000001000
11;0001001000000001000001000000001
6;0000100100000000100000100010000
13;1000000100000000100000010010000
11;0001001000010000000010000000010
32;1000000010010000000000010000100
4;0100010000000010000000100000001
15;0100000001001000000000010000001
6;0010001000000001000000010000001
9;0001010000001000000000010010000
10;0100001000000000100000010000100
17;0001000100000000101000000001000
10;0000100001000100010000000000010
30;1000000010001000000100000001000
9;1000000001001000000000100000010
9;0001000001000100001000001000000
13;0000101000010000000000010001000
25;0010000100100000000000100000100
10;0000100010100000000000100010000
9;1000001000000000100000100010000
6;0001010000010000000010000000001
17;0000101000000001000001000000010
5;0010000100000001000010000010000
28;0000100010100000000001000010000
29;0010000001000100000100000000001
9;0010000001000010000001000010000
25;1000000001001000000100000010000
15;0000100100001000000001000010000
20;0010000010100000010000000010000
14;0100010000000000110000000001000
29;0010000010001000001000000000010
7;0001010000000010010000000010000
12;0100010000000010000100000000100
32;0000100001010000000100000100000
13;0001001000000100000000100001000
4;0100000001000010000010000000100
20;0100001000001000000000010100000
14;0001010000100000010000001000000
32;0000101000100000010000000000100
10;0100000100010000000001001000000
3;0000110000000001000010000000010
19;0010000001000000100001000000001
9;0010000001000000100001000000100
9;0000110000010000000000100100000
21;0000100001000100000100000000010
12;0100001000000001001000000000100
19;0010000010000000110000000000010
11;0000100100000001001000000000001
22;1000000001000100000100001000000
11;1000010000100000000000010010000
11;0100000001100000000100001000000
30;0001001000010000000100000100000
28;0100000001010000001000000001000
16;0100000010000000100000010100000
23;0100000100100000000001000000010
32;0100010000000000100100000000100
7;0000100001100000000001001000000
4;0010000010000001000000011000000
13;0100000010001000000010000001000
22;0000100001100000000001000000100
16;0000100100100000000000010100000
16;0001000001100000001000000000010
9;0010000100000010000001000000100
7;0001001000000001000000010000100
27;0010001000100000000100001000000
22;1000001000000001000100000100000
25;1000000001010000000001000001000
14;0001010000010000001000000000001
7;0100000010000001001000000000010
24;1000000100000100000000100001000
32;0010000100001000000000010001000
14;0100000001000001000001000000010
7;0100001000001000000010001000000
28;0100000001000100001000000000010
32;0100000001100000000100000010000
27;0100000001000100000000010100000
14;1000000001010000000000010000001
5;0001010000000010000100000000010
5;0100000010000000100010000000100
15;0000100010010000000000011000000
19;1000001000010000010000000000100
12;0001001000010000000100000000001
7;0010000100000001000001001000000
31;1000000001000000110000000001000
6;0100010000000001000100001000000
10;0010000010001000000000010000001
5;0000100001000001000010000001000
5;0000100001000010000001001000000
10;0001000100100000000010000010000
32;0000100001010000000100000000010
7;0001001000100000000010000100000
5;0000100001000000100000011000000
24;1000000100000001000000100001000
10;0100001000000000100000010000100
20;1000000001100000000001000000010
32;1000010000001000000100000000100
15;1000000001000010001000000010000
9;0001000001000001000000100100000
10;0010000001000000100000100000100
32;0010000010000100000001000000001
9;0000101000000000100000100100000
8;0001000010000000100000010100000
18;0001000100100000000100000000001
20;0100000100000001000001000001000
28;0010001000100000000100000000010
10;0010000100000100000010000000100
22;0000110000001000000000100001000
7;1000001000000000100001000000001
9;0010010000000001001000000000010
7;0001000001000001000001000001000
11;0100000001000000101000000000001
18;0100000100100000001000000000001
14;0010000001000100000000010000100
18;0010000100000000100000010100000
15;0001000100100000000010000000100
32;0010000100000000100100000010000
24;0010000100010000000100000100000
6;0010001000000100001000001000000
6;1000001000000000100000100000010
15;0000101000000010000001000100000
32;1000000010000100001000000010000
25;0000110000000001010000000100000
22;0100000010100000000010000010000
14;0000110000000000100000010010000
32;0000110000010000000100000010000
25;0010000100100000010000000000010
27;0010000100100000000001000000100
20;0000100100001000000100000001000
5;0001000001000001000000010001000
4;0100001000000010010000001000000
32;0000101000010000000100000000100
32;0100000100000000100100000000001
11;0000100010010000000010000010000
25;0010010000000001000001000100000
10;0010010000000001000000010010000
32;0010000010001000001000000000100
15;0010001000010000010000000000001
15;0001010000010000000000100000010
23;0000100100010000000001000001000
11;0000100001000010001000000100000
11;0000100001001000000001000000010
32;1000001000001000010000000001000
10;1000000001000100000001000000001
7;1000000010000000110000000000010
10;0001000010010000000100001000000
32;0001001000100000010000000001000
32;1000000010000000100100000000100
12;0001000100000000100000010000100
8;0000100010010000000000100000010
9;0001000010001000000000010010000
6;0000100100000010000001000010000
9;0001000001000000100000010010000
32;0000100001000100000100000001000
4;0001000010000100000000101000000
6;0001000100000001000010000000100
12;0010000010010000001000000000010
18;0001000001000000101000000001000
5;0000101000000000100000100000010
24;0100000100001000000000010000100
20;1000000100010000001000000000001
5;0001000001000001000100001000000
15;1000000001000001001000000001000
32;0010010000000000101000000000100
29;0100000100000100000001000000100
31;0001000001001000000000100100000
6;0100001000000010000000100001000
8;0100001000000001000000010100000
9;1000000100001000010000000010000
32;0001000001100000010000000010000
31;0001010000000000110000000001000
13;0000100100000000100100000000100
32;0010010000000001001000000001000
7;0100000001000000101000000000010
32;0001010000100000001000000001000
26;0010010000100000001000000000001
14;0000100100010000000010000010000
11;1000001000000100000010000010000
29;0100000001000100000001000010000
32;0010000001100000001000000000100
9;0100010000100000000000100000010
5;0000100001000000100000100000010
5;0001000010100000000010000000001
5;0000100010000000110000001000000
9;0100001000010000000010000001000
18;1000000010000100010000000001000
13;0100001000100000000000010000001
24;0100010000010000000001000100000
32;0001000100001000000001000001000
5;0010010000000010000000010010000
20;0100000100100000001000000000010
12;1000001000000100000000010100000
9;1000000010100000001000001000000
10;0001010000000010000100000000100
4;0100010000000010000010000001000
10;0001000010000010000001000000010
27;1000000001001000010000000000100
16;1000010000000100010000000001000
9;0100000001000010000001000000010
32;1000000010100000001000000001000
15;0000100001010000000100000000001
24;0100000001000000101000000001000
15;0001000100100000000010000000100
11;0001001000100000000000010001000
4;0100010000000010000000011000000
24;0100000001000000101000000001000
5;0100010000010000000010000000001
16;0100000100010000000000100000001
12;1000010000100000000010000001000
5;0001000100000100000000011000000
16;0001000010000000100001000001000
4;0000110000000010000000100000001
15;0001000100000100000000100100000
32;0001000010001000010000001000000
3;0001000100000001000000011000000
5;1000000010000000100010000001000
8;0100000100000010000000100000100
7;0000110000100000000010000010000
13;0100000010001000000000100000100
26;0010010000000100000000010000010
32;0000100100000100000000100001000
6;1000010000000000100010000000100
32;0100000100000100000000100000100
12;0010000001100000000010000000001
8;0100000001000001010000000000010
11;1000001000000010000100000001000
9;0100000001000001000000010000100
6;0010001000100000000000011000000
9;0000100001000000101000000010000
5;0000100010000100000010000000001
19;0100001000000001000100000001000
5;1000000100000010000001000000001
29;0010010000000100001000000000100
31;0010001000001000000000010100000
25;1000000100001000001000000000100
13;0000100010000010000100000000001
11;1000000010000010000001000010000
6;0000100100000010000000100010000
32;0100010000001000000100000010000
9;1000000001010000000010000001000
13;0000100010100000000000010000001
32;0000110000001000000100000100000
6;1000010000000010000000100000100
21;0000110000010000000000100000100
30;0010000100100000000100000000010
8;1000001000100000000000010100000
11;0010001000100000000000010000001
23;0010010000000100000000100000010
17;1000010000100000001000000010000
18;0000101000000100000100000010000
8;1000000100000000100000011000000
15;0000100010010000000000011000000
27;0100001000100000000100000000100
9;0000110000010000000000010001000
5;0001000001000100000010000000010
29;0001000100001000010000000100000
32;0010000010010000000000010010000
11;0001001000100000010000001000000
7;0001010000000010010000000010000
27;0000110000001000000100000010000
2;1000000001000010000010000000010
10;0100000100001000000000010010000
15;0100001000100000000010000001000
5;0001001000000010001000000000001
6;0010000001010000000010000000001
32;0000110000010000000001000010000
11;0001001000010000000000100001000
27;1000000100100000010000000010000
13;0000100100001000000001000000100
20;0001000001000100000100000010000
19;1000010000001000000000010001000
13;0001010000000010001000000010000
17;1000001000000100001000000000001
12;1000001000010000000010000000100
32;0100000100000100000001001000000
2;0100000001000001000010001000000
3;0001010000000010010000001000000
6;1000001000100000000010001000000
15;0000100010000000100100000000001
20;0000100010000000101000000000100
23;0001010000001000010000000000010
26;1000000100000001000100000100000
5;1000000001000010010000000000010
4;0001001000000010000100001000000
21;1000000001000100010000000000010
19;0001000100000100000100000010000
18;1000000001001000000010000001000
32;0100001000100000000000010000010
25;0010001000000100001000000010000
32;0001010000010000000001000100000
19;0001010000000000100001000000100
32;0010000100001000001000000000001
9;0000100010000000101000000100000
5;0000100010000010000000100001000
22;0100000010100000001000000000100
13;1000001000000001000100000000001
25;0000100001100000000000100001000
6;1000000010010000000000100000001
6;0010000100000001001000001000000
5;0001000100000001000010000001000
5;0100010000010000000010001000000
13;0000101000000100000001000000100
14;0001000001001000000001000000001
13;0001000001000010010000000100000
32;0010000010100000000100000000010
12;0010000001100000010000001000000
10;1000000001000000101000000010000
20;0100010000010000001000000000100
32;0000110000100000001000000000100
14;0010010000000000100100000010000
32;1000010000000001001000000100000
6;0100001000000000100010000010000
11;1000000100000010000001000001000
13;0001000010000001000100000000001
7;0000100100010000000100001000000
10;1000010000000000101000000100000
31;0000110000100000010000000010000
23;0010000001100000010000000000001
6;1000010000000000110000000000010
8;1000000001000000100001000000100
22;0100000100000001010000000001000
10;1000000010001000001000000000010
12;0100000010000100000010000000100
25;1000000100001000001000000000100
32;1000000100010000000100000000100
11;0000100001001000000001000000010
19;1000010000000001000001000000100
6;0100000100100000000010000000010
6;0100000010000100000010000100000
6;0100000001100000000010000000010
16;0000110000100000000000100000100
5;0100000001000001000000010000010
7;0000100010001000000010000010000
30;0000100001000001000000010100000
32;1000000001010000001000000010000
6;0100000001000000100010000010000
9;1000000100000001000000100010000
26;1000001000010000001000000001000
6;0010000100000010001000000000001
24;0001010000100000000010000001000
29;0001010000000100010000000000100
3;1000000001000001000010000000010
7;0001000100000100000010000100000
22;0000100100010000000000010001000
21;0001000010000001001000000100000
8;0010010000001000000010000000100
6;0010000001000100000010000000010
13;0100001000000100001000000100000
6;0010000100000001000000010000001
13;1000000001000100000000010100000
5;0001000100000000100001001000000
9;1000000100010000000010000000100
5;0100000010100000000010000000010
16;0001000001010000000010000000100
16;0010000001000000100000100100000
26;0010001000100000000100000000100
15;1000000100000100000001000010000
4;0010000100000001000010000000001
22;0100000010000000100100000100000
19;0001001000000100000000010100000
8;0000110000001000000010000010000
25;0010001000000100010000000010000
5;0010001000000001000100001000000
6;0100001000000010010000000000001
5;0010010000001000000010001000000
9;0000100010000010000001000000100
8;0010001000000010000000010010000
10;0000100100001000000000010010000
10;0000100010001000000001001000000
32;1000000100000001001000000001000
23;0010000100000100000000100000010
6;0100000100000001000010000010000
22;0100000001000000110000000000010
1;0001000001000010000000011000000
15;1000000010010000000100000001000
29;1000000001010000000000010010000
16;0000100001100000000100000100000
32;0000100001000100000001000001000
32;0000101000000100010000000000100
6;0010000010000100000010001000000
16;0010000001001000001000000100000
4;0010010000000000100010000000001
22;0010001000000001001000000000001
5;0010010000100000000010000000001
13;1000000001000010000001000001000
32;0000101000100000001000000001000
8;0000100001010000000010000001000
24;0000100100000000100001000010000
12;1000000100000100000000010000010
32;0100000100000100000000100010000
7;0000101000001000000010001000000
16;0010000010000100000000010010000
6;0010001000100000000000011000000
32;0000100100001000010000000000010
31;0000100010010000000001000100000
9;1000001000000000101000000000100
4;1000000001000000100000011000000
6;0010010000000001000000100000001
6;0001000100000010000100000001000
7;1000001000010000010000000000001
5;0010000100000001000010000010000
11;0000101000000001000100000000100
11;0000101000000100000000010000001
19;0010010000000000100001000001000
6;1000000010000010000001001000000
32;0000101000000100010000000010000
14;0000100100000100000001000010000
14;0010000001000100000000010000100
6;0100000001000010000100001000000
10;0010001000001000000010000000100
10;0000100010000010010000000100000
9;1000000100000001000000100010000
15;0100000100000001000000100000100
10;0100010000010000000000100000010
19;1000000100100000001000000010000
6;0010000100000100000010000000001
20;0010000100000001000001000000100
4;0010000001000000100010000000010
32;1000000010010000000100000010000
5;0000100001010000000010001000000
4;0000101000000010000010000010000
8;0010000100000001000001000000001
3;0100010000000000100010000000010
11;0100000001010000000100000000001
24;0010001000000001001000000010000
9;0001000010000100000000100100000
22;0010000100001000000001000001000
32;1000001000000100001000000000100
2;1000000001000010000000011000000
11;0000100100100000000010000100000
14;0010010000100000000000010001000
14;1000010000000001000010000010000
8;0000101000000001000000100010000
27;1000001000000001000001000010000
32;0100000010010000000000010000100
25;0100000001000100000001000100000
22;0100000010010000000000010010000
15;0001000010001000000001000000100
17;0000110000000000101000000000100
7;0100000010000100010000001000000
9;0000100001010000000010000000100
9;1000000100001000010000001000000
14;0000100001100000000000010010000
8;0100000010100000000100001000000
31;0100000010000001010000000010000
18;0100001000100000000100000100000
32;0010010000010000010000000001000
32;0100001000000000110000000010000
7;0001000001001000000000010000010
18;0100000100010000001000000001000
4;0001001000000000100010000000010
5;0001000001000000100001001000000
27;0010000001010000000001000000100
28;1000001000001000000100000000010
32;0100010000010000000100001000000
5;0000100100000000110000001000000
4;0000100010000010000000100000100
11;0001000001000100010000000000010
30;0100010000010000010000000100000
20;1000010000010000000000010001000
14;0010000010000001000000010100000
32;1000000010100000000100000000100
11;0001000100000000110000000000010
32;0010000010000100001000000100000
16;1000010000000001000100000000010
6;1000010000000000110000000000010
6;0100010000000000110000000000010
19;1000000001000001001000000100000
26;0001000100100000000000100000100
23;0010010000100000000000010100000
17;0000101000100000000000100000001
22;0000100100010000000000010001000
9;1000000010100000000000100100000
24;0010000100000001000100000000001
15;0000100010100000010000000000001
17;0000101000100000000001000100000
21;1000010000000001000000100000100
6;0001000100000000100010000100000
7;1000010000000000100000010000001
28;0001010000001000000100000010000
3;0010000010000010000100001000000
23;0000100010000100010000000000100
18;0100001000001000001000000000001
11;0100010000100000000001000000001
8;0100000010001000000000100000001
5;0010010000000010000100001000000
17;0010000001001000010000000000001
11;0100000010000100000001000000010
29;1000000001010000000000010010000
15;0000100001000100000010000001000
5;0001000010000010000000010010000
32;0000100010001000000100000010000
9;0010000100000010010000000000100
31;0010010000001000000000010000001
22;1000001000010000000000010000100
5;0010000100000010000100000000010
17;0001000001000001000001000000100
18;0100000010000000100100000010000
32;0010001000001000001000000000001
30;0000100001000001000000100100000
13;0000100010100000000000010010000
5;0100000010000010001000000000010
6;0100000100000001000100001000000
13;0000101000010000000000100010000
22;1000001000000001000001000001000
16;1000001000000001000001000000010
5;0000110000000010010000001000000
13;1000000100000000100000010001000
26;0010000010000001001000000010000
8;0010000010000010001000000010000
5;1000001000000010001000001000000
6;1000000010010000000000100000001
14;0000100001100000000000010010000
12;0100001000000100000000010000010
9;0001001000000000110000000000001
24;0010000010000100000000100010000
5;0001000100100000000010001000000
21;1000000010000001000100000000001
29;0000101000010000001000000100000
5;0100010000000001001000001000000
27;0010000010000100000001000000100
17;0001000001000001000001000000100
3;0000110000100000000010001000000
16;0010010000010000000001000000001
16;0000100001000010001000000010000
12;0010000001100000000100001000000
20;1000010000010000000000010001000
5;0010000001000010000001000000010
32;1000001000000100000000100000100
16;0000110000001000001000000000100
14;0000100100001000001000000000001
10;1000000100010000000010000001000
7;0010001000001000000010000010000
13;0000100001001000001000000000001
16;0100000100100000000000100000001
24;0100000001000000101000000001000
6;1000001000000001001000000000001
2;0010000001000010000010000000010
11;0010001000001000000010000001000
32;0000100001010000000100000000100
29;1000000010000000101000000001000
11;0001001000001000000010000100000
21;0000100100100000000100000000001
24;0100001000001000000001000010000
16;0010000010000000110000000010000
26;0001000010000100000000010000100
13;0000110000000001010000000001000
7;0010000010010000000010000001000
12;0001000100000001001000000000010
8;1000010000100000000000010001000
13;0010001000100000000000100000001
32;0001001000000100000100000000010
5;0001000010000000100010000000100
32;0010000100000000100100000010000
7;1000010000000010010000000000100
13;0001001000001000001000000000100
5;0000100100000000101000001000000
6;0001000100000010000100000001000
11;0100000100000000101000000001000
15;0000110000010000001000000000001
4;0010000100000010000000010000010
12;0001001000000000100001000000100
21;1000000001000100000000010000100
23;0010000001100000000000010000010
27;0100000010000100001000000010000
27;0100001000100000000000010001000
23;0100000001000000100100000100000
21;0100000100100000000100000001000
21;0010001000000000100100000001000
8;1000000100010000000000010000010
32;0100000100100000000001000001000
9;0001000100000010010000000100000
5;0010000100000010010000000000010
15;0000101000000000100100000010000
9;0001001000001000000000010010000
25;0001010000100000000000100001000
25;0100010000100000010000000010000
6;0001000010000100000000100000001
9;0100010000000000100000010001000
6;0000100100000010010000001000000
28;0100000001001000000001000100000
12;0000100001100000000000010000001
6;0000100100100000000000101000000
27;0001001000010000000001000000010
10;0000101000000001000100000000001
11;0010001000001000000010000001000
32;0010001000001000001000000000001
32;0000100100001000000100000000010
12;1000000100100000000010000010000
9;0000100001010000000000100000001
7;0010000001000010010000000000001
8;1000010000000000100000100010000
32;0000110000001000010000000100000
18;0001010000000100010000000000001
20;0010010000000000100001000000100
6;1000010000000010000000010010000
11;0100010000000001000000010100000
5;0010001000000010000000100100000
29;0100001000000000100001000010000
6;1000001000010000000000100000001
11;1000000010001000000001000000001
11;0100000010000000100100000000010
6;1000000010000010000010000100000
7;1000000010000001000000100001000
12;0001000001010000000000010000001
9;0001000010010000000000010001000
6;0001001000000010010000001000000
13;1000001000001000000000100000010
24;0010000001000100010000000100000
22;0000100010001000001000000001000
5;0001000001000000100001001000000
26;0000100001000100001000000000010
16;1000000100000010000000010001000
11;0010001000100000000000100001000
26;0001001000010000000001000000001
32;1000000001100000001000000001000
32;1000000001100000000100000010000
29;1000010000000100000010000001000
32;0010010000000000101000000000100
11;1000001000000010000100000001000
3;0000100010000000100010000000001
6;0000101000000010000100000000001
14;0100001000100000000001001000000
32;0000100100100000000100000010000
32;0000100010000000100001000000010
3;0010000010000010000000100000001
17;1000000100010000000000100100000
8;0010010000010000000010000010000
20;1000010000000100000100000100000
32;0010001000000100000000010100000
20;0001000001000100000100000010000
8;0000100010010000000000100000100
27;0000110000001000010000000000001
17;1000000100000100010000000000001
10;1000000001010000010000000000001
24;0000100001001000001000000000100
16;0100001000010000001000000100000
32;1000010000010000000100000001000
5;0001000001000001000000100000001
26;0010010000000100000000010000010
4;0000100100000001000010000000001
3;0100010000000010000000010000010
32;0100010000001000000000010001000
29;0001000100001000010000000100000
2;1000000001000010000000011000000
32;1000000100001000000100000010000
11;1000001000000010010000000010000
6;0000100100000010001000000000010
6;0001000100000010000100000001000
7;0000101000100000000000010000010
6;0000110000000010000000010010000
9;0010000100000010010000000100000
25;0100010000100000010000000010000
11;1000000010100000000001000000010
12;0001000100000100010000001000000
12;0001000010010000000000100001000
5;0000100010000000100001001000000
13;0000101000000100000001000000100
10;0001000001001000000010000000100
32;0001001000000100000000100000100
21;0001000010100000010000000100000
11;0100000001000010000100000010000
8;1000000010001000001000001000000
7;1000010000100000010000000000001
6;0010010000000010000000010000100
15;1000000010000000100000010100000
7;0010000001000000100010000001000
32;0010000100000100000001000001000
11;1000000100000010000001000100000
11;0010000001001000000001000000100
29;1000010000000100000010000001000
22;0001000100001000000000100000001
16;0100010000000001010000000001000
7;0010000100000010000000100000100
10;0001000010000010000100000000100
32;0010001000001000010000000000100
6;0001000001000000100000100000001
32;0010000010100000010000000000100
32;0000100001000000100100000000100
4;0000110000000000100001001000000
20;1000010000000100000000100100000
13;0001010000000001000100001000000
11;1000010000000001000001000100000
4;0000110000000010000000100000001
7;0000100010000001000000010001000
32;0001000010100000000100000010000
10;1000010000100000000000100001000
12;0001000010000000100100000000001
20;0000100001010000001000000010000
26;0010000001000100000000010100000
10;0000100010001000000001001000000
24;0000100100100000000000100001000
17;0000101000000001001000000000100
19;0001010000001000010000000000001
7;0000101000000000100000010010000
16;1000001000001000001000000000001
7;0010000100000010010000000000001
20;1000010000001000001000000010000
6;0100000010010000000010000001000
32;0100010000000100001000000010000
13;0000100001010000000000010000001
7;0100010000000000100010000000100
5;0010001000010000000000101000000
21;0001000010000000100100000100000
4;0100000010000010000001001000000
12;0000100010001000000000100100000
32;0001000001100000000100000000001
26;0010000010000001010000000001000
10;0010001000001000000010000000100
6;0100000100100000000000011000000
5;1000010000000001000000010000010
9;1000000100000010000000010100000
3;0000100010000010000000100000001
13;1000000100010000000000100000100
14;1000001000000001010000000000010
12;0010010000000001010000000010000
18;0001000001000000101000000001000
6;0001000100000000100000010010000
11;1000001000000010000001000010000
6;0100001000100000000000011000000
1;0000100001000000100010001000000
15;0001000010001000000000100000010
6;1000000100000000100000010000001
32;0010001000000100000000010000001
32;0001001000100000000100000010000
16;1000001000010000000000100100000
32;0001010000000100000100000000100
14;0000110000000000100000010100000
15;0010000100100000000000010000010
28;0010010000100000000000100000100
30;1000010000000100000000100000100
3;0000101000000000100010000000010
5;1000000010001000000010000000001
5;0001000010000001000000010000010
21;1000001000000100010000000100000
4;0100000100000000100000101000000
5;0010000001001000000010000000010
28;0010010000000000110000000000100
14;0100001000100000000100001000000
8;0001010000010000000000010000010
30;0010001000000000100000010010000
23;0001000010000001000001000000100
17;0000100001100000001000001000000
9;0000101000001000000010000010000
20;0000100100001000000001000000010
29;0000101000010000001000000100000
16;1000000010000000110000000000100
32;0010001000001000000001000000100
21;1000000100000100000001000100000
18;0010000010000001000100000100000
19;1000000001001000000100001000000
32;0100000010010000000000010000100
32;0100001000100000001000000000010
15;1000000100000001000001000000010
8;0100000010001000000000100010000
14;0100000100000001000000100000010
13;0010000001001000000010000000100
10;0001000001100000000100001000000
22;0000100100010000000000010000001
15;0010000001001000000000010000001
13;1000000010010000000000010010000
11;0100000100100000010000000000010
5;0000100010000100000010000000001
4;0001000001000010000010000000100
13;0001001000010000010000001000000
19;0001000001010000001000000000010
14;0010000010100000000000010000001
32;0001001000100000000100000001000
6;0100000100010000000000011000000
32;0001000100000100010000000100000
15;0000101000000000100100000010000
22;1000000100001000000100000000001
29;0001010000000100000000100000100
5;0000100100000010000000010010000
32;0000100001100000001000000000001
7;0001000001000001001000000000001
32;0000100001000100001000000100000
7;1000000100000000100001001000000
11;0100000010001000000000100001000
27;1000000100000100000000100000010
11;0001000001000100000000100010000
8;0001001000000000100010000010000
6;0000100010000100000000100000010
4;0100000100000001000000011000000
13;0010000001001000010000001000000
22;1000000001001000000001000001000
23;1000000001000000110000000010000
5;0100000010000100000000101000000
2;0000100010000001000010001000000
32;0100010000010000010000000001000
26;0010010000010000001000000010000
32;0001000010001000000100000100000
29;0010000010001000001000000000010
15;0001000010001000000000100010000
13;0100000010100000000000100001000
1;1000010000000010000010000000010
8;0000100100000010000001000000100
21;0100000010010000001000000000100
5;0001010000000000100000100000010
26;0001000001010000010000000010000
22;0010000001000100010000000000010
27;0010000010000001000001000100000
5;0001000100000001000000010000010
32;0010000010001000010000000000001
5;1000010000000010000100000000010
14;0000110000100000000000100010000
27;0000110000001000000100000010000
30;1000010000010000001000000000010
32;0001000001100000000100000010000
32;0000100010001000000100000010000
6;0000110000100000000001001000000
20;0100000001000000100001000001000
16;0100000100010000000000010000001
8;0010010000000000100000100000100
4;0010000010000010000000010000010
7;0100000100000010000100000010000
32;0100000001100000000000100000001
32;0100000001000001000100000001000
7;0001000001100000000000100000001
32;1000000010100000000000010000100
32;0100000001000100000010000001000
32;0010001000000100000100000100000
13;0010000001000000100000010010000
15;0010000001010000000000010000100
6;0001010000000010000100000000001
7;0000100001000100000001001000000
32;0100001000000100010000000000001
14;0010000001001000000100000000100
32;0001000010000000110000000000100
14;0000100100000100000001000010000
18;1000000010000000110000000010000
8;0010001000001000000000010000001
5;0001000001000100000000101000000
5;0100000100010000000010000000010
16;0000100100000010001000000100000
5;0010000001000000100010000010000
5;0100010000000010000100001000000
9;1000001000010000000000100001000
19;0000110000001000001000000000001
8;0001000100001000001000001000000
8;0100000001000010000100000000100
8;0100001000000000100000100100000
7;0100000100000100000010000000001
29;1000000100000000100100000100000
20;0000101000000001010000000000100
28;0100001000100000000001000100000
11;0010000010001000000000010010000
21;0010000001001000000001000010000
6;0100000100001000000010001000000
6;0001001000010000000000101000000
12;1000000010100000000001001000000
12;0000100010010000000000010010000
32;0000100100010000000100000000100
22;0100001000000001001000000010000
10;1000000100000001000000010000100
18;0000100100000100000001000000100
6;0100000100000001000001001000000
11;0010000010000010000001000100000
7;1000000100010000000010000000010
7;1000001000100000000010000001000
4;1000000001010000000010001000000
25;1000000010000001000001000010000
19;0010000100001000001000000001000
5;0010000001001000000010000000010
3;0001010000000001000000011000000
16;1000000001100000000100000001000
6;0100001000000001000001001000000
20;1000010000000000100000100000100
4;0010000100000010000000101000000
7;1000010000100000000010000100000
32;1000000010000100000100000001000
12;0010001000000001010000000100000
6;0001010000010000000010000000001
27;0100000001000000100001000000010
21;0001000100001000000001000010000
23;0000100010000100000000100100000
11;1000001000000001010000000001000
8;1000010000100000001000001000000
5;0010010000000000110000001000000
32;1000000010001000000001000010000
15;0000100010100000000100001000000
10;0001000001001000001000001000000
7;0010001000000001000000010001000
17;1000010000100000000100000000001
31;0001000001010000000001000000010
32;0000100001100000001000000000001
10;0000100100000010000100000000100
32;0010000010010000000001000001000
7;0001001000000000100000010001000
6;0100000010100000000010000000001
10;0010001000000001010000000000001
32;0100000001100000000001000001000
13;1000000001000100000000010010000
32;0100010000000001001000000000100
7;0001000001000010010000000001000
11;0010001000000000100000010000001
16;0010010000100000001000000010000
32;0000100100000000100001000100000
6;0010000100000010000100000010000
7;0010010000000000100010000000100
17;0010010000100000000000100001000
10;0100000001000100000100001000000
5;0100010000000001000000010000010
10;0001000010100000000000010001000
6;0010001000000001000000010000010
29;0000100100100000000001000010000
32;0000100100010000010000000100000
7;0100001000000000100010000001000
1;1000000001000001000010001000000
17;0100001000001000000000010000010
5;0001000100000001000000010000001
29;0010010000010000010000000010000
32;0010010000001000000000010001000
25;0010000100000100001000000000010
6;0010010000000000100010000100000
16;0010010000000001000001000010000
19;1000010000000010001000000000100
6;0000100001000001000000010000100
25;1000000100001000001000000000001
25;0000100001001000010000000000001
6;0001001000100000000010001000000
32;0100000001000000100000010000100
15;0001000100000001000001000000100
32;0010000001010000010000000010000
31;0010001000001000000001000000001
26;0010000010001000010000000100000
11;0000100010001000000010000000001
21;0010001000000000100100000001000
10;0000100001000010010000000100000
21;0010000010100000000001000001000
9;1000000010000001000000100100000
32;1000000001001000000000100000100
6;0010000010000010001000000000010
7;0000110000000001000010000001000
4;1000000010000001000000011000000
11;0000101000000001000100000000100
15;1000001000000100000010000001000
18;1000000010100000000001000000100
32;0010010000001000000100000100000
10;0001000001010000000000010000010
23;0000100100100000000001000000010
6;1000010000000000100010000000100
7;0000101000000000101000000001000
5;0001000100010000000000011000000
19;0010000100000001000000010010000
6;0001010000001000000000101000000
6;0100000100100000000010000000010
4;0001000001000001000000010000010
11;0100000100010000000010000100000
22;0010000001001000010000000000100
32;1000010000000000100100000000100
19;1000010000001000010000000000100
18;0000101000100000010000000100000
4;0001000001000001000000010000010
11;0100000010001000010000000010000
5;0100000001000001000010000001000
21;0010010000100000000100000010000
4;1000000100000010000000100000010
32;1000000100001000000001000100000
16;0010000001100000000100000000001
7;0000100100000010000100000000010
17;0010000001000100001000001000000
6;0100000100000100000000011000000
6;0001000001001000000010000000001
31;0010000010000100010000000001000
20;0000100100000010001000000001000
14;0001000001001000000001000000001
4;0001000001000001000000010000001
32;0001000010001000000100000010000
17;0010000100000000101000000000001
18;0001001000000001000100000100000
32;0010000010001000001000000000001
12;0100000100001000000001001000000
32;0010010000010000000010000000100
6;1000000100001000000010000010000
6;1000000010010000000010001000000
27;0100000001000000100001000000010
10;0100010000000000100001000001000
8;0010001000000010000010000000100
14;0000100010000100001000000000001
4;1000000010000010010000000000001
6;0010000001000100000000101000000
18;0001000010010000000010000000100
6;0000100100000010000000100100000
7;0010001000000000100000100010000
4;0100000100000000100010000000010
5;0100000001000001000000100000001
29;0001000001000000101000000100000
7;0100000001010000000000010000010
14;1000001000000010000001000100000
6;0010000010000100000010000000010
32;0010000100010000000000010010000
5;0000100001000000100000010000010
17;1000001000010000001000000100000
10;0010010000001000000000100000001
23;0001000001001000001000000001000
7;0010000100000000100000011000000
32;1000000001100000010000000100000
20;1000000001000001000001000000100
30;0100000010000100000001000000001
14;0001000010100000001000001000000
31;1000000100010000001000000010000
15;0001000001010000010000000000100
32;0100001000000100000100000000001
24;0010000001000000100100000001000
6;0100000001000010000000100010000
4;0100000001000010000010000001000
13;1000010000010000000000010000010
15;0100000100100000000001000000001
32;0010001000000100000000010000001
6;1000001000010000000000010000001
32;0100000001010000000100000000100
15;0001000001000100000000100100000
7;1000000100000010000100000100000
32;0100000010010000010000000000100
6;0001000100000000100000100000010
32;0010000010100000000001000000100
9;0000100001000001000001000001000
6;0000100001000010000010000001000
20;0100010000010000001000000000100
9;0100000010000100000000010001000
20;1000010000000000100100000001000
15;0100010000000001010000000100000
12;0000101000000001000001000000100
32;0100001000001000000100000001000
24;0100000100000000100100000001000
7;1000000010001000000000011000000
9;0010001000000001000001000000001
5;1000000001000010000100001000000
5;0100010000000010000001001000000
18;0100010000000000101000000000100
32;1000010000100000001000000000100
7;0010001000000100000010001000000
8;0001001000000000100000100010000
32;1000010000001000010000000100000
6;0100000100000010000000100001000
19;1000000001000001001000000100000
6;0010001000000001000000010000010
32;0100000100000100000000100010000
18;0001001000000001000001000000010
16;0000100100000001001000000000100
6;0001000010000000100000100000100
15;0010000100010000000010000001000
14;0000110000010000000100001000000
32;0000100100010000000100000000100
28;0100010000100000000001000010000
14;0100000100001000000001000000001
14;0001000100100000000001000100000
17;0000100010000000110000000000100
22;0010000001000001000000100100000
21;0000100010001000001000000000010
8;0001000100000100000010000010000
21;0000100010001000000000010100000
6;0100000010000010000001000000001
6;0100001000001000000000011000000
13;0100000010001000000000100000100
5;1000000001000010000100000000001
5;0100010000000010000000010100000
7;0100000001010000000000010000010
32;0001001000001000000000100100000
2;0100000001000010000000101000000
17;0001000010000000100100000010000
26;0001000100000001001000000000100
30;0010000010000001001000000000100
30;0001001000000100000001001000000
26;0001000010001000000000010100000
12;0010001000000100000000100010000
31;0001000001010000000001000000010
31;1000001000010000000000100010000
8;0001000010000100000000010100000
16;0010001000100000000000010000010
18;0000100100001000001000000010000
6;0010000100000010001000000000001
5;0010000100000010000000100010000
8;0100000100010000010000001000000
24;0100000001000000101000000001000
8;0000101000100000000010000000100
7;0001000001010000000010000001000
32;0001010000100000010000000010000
21;0010010000001000001000000000001
9;1000001000010000000000100000010
10;1000010000001000000100001000000
12;0100000100100000000010000010000
17;0010001000010000001000000000001
17;0001001000000100010000000001000
4;0001000001000001000000010000010
20;0100000010001000001000000000100
8;0010010000010000000010000010000
32;0001000010001000000100000001000
19;1000001000000001010000000000100
30;0100000001100000000000010000010
15;0001000100000000110000000010000
32;0100000100001000000000100100000
18;0001000001000100000000010000001
8;1000010000000000100100000000001
3;0001000100000010000010000001000
17;1000000001000000100010000010000
11;0010000010001000000001000000010
16;0001000100010000000000100000010
9;1000000010000001001000000000001
31;0001000001000100001000000000100
32;0001010000001000000100000001000
6;1000000100000100000000011000000
32;0100000100100000001000000010000
13;0000100001000000100000010100000
29;0000100010000100000001000000010
15;0001000001100000010000000000010
13;0100000010001000000010000000100
5;0010000100000010000100000000010
23;0001010000001000000001000001000
2;1000001000000001000010001000000
31;0001001000100000000000010000010
16;0010001000010000000100000100000
8;0000100100001000000010000010000
11;1000000001001000001000001000000
6;0000101000000000100000100000100
8;0010001000000010001000000000100
30;0010010000000001000001000001000
16;0100000010001000001000000100000
17;0001000100000100000000010100000
32;0100000100000000100100000000001
16;0100010000000000100001000000001
15;0010001000100000000000100100000
32;0010000010000100001000000100000
9;0010000100001000000010000001000
32;0000101000000100001000000001000
32;0100000100000100000001000001000
11;1000000001000000101000000100000
7;0100000001100000000000011000000
23;0010000010000100000001000010000
12;1000000100000000101000000000010
12;0001000001001000000000100000001
6;1000000001000000100010000001000
0;0100000001000010000010001000000
32;0100001000100000000100000000001
11;0001000010001000000000010000010
6;0001000100000001000010000000100
17;0000100010100000000001000000001
32;0100010000000100010000000000001
26;0100000100000000100001000010000
32;0000100001010000000001000010000
4;0100001000000010000010000000001
11;0010000010010000000010000010000
15;0000100010010000000000011000000
32;0010010000010000000001000100000
11;1000000001100000000000100010000
20;0010001000001000000100000100000
9;0010000100000000100001000001000
12;0000100001100000000000010000001
10;0100010000010000000000100010000
11;0001000100000010000001000000100
15;0010001000010000000000100100000
25;0010001000001000000000100100000
17;1000001000000100001000000000001
6;0010000001000010000000100100000
8;1000001000001000000010000000100
25;0100000010000100010000000000010
7;0010010000010000000000011000000
11;0001000001000100000000100010000
15;0000100001100000000000010001000
13;0100000010010000000001000000010
13;0010000010000000100001000100000
12;0000100100001000000000010000100
23;0100000001000000100100000100000
30;1000000001000100010000000010000
20;1000010000000001000000100100000
7;0001000001010000000001001000000
15;0001000010000001000100000001000
6;0010010000000001000000100000001
22;0010001000000001001000000000001
10;0001001000100000000000010000001
27;0010000001000001001000000001000
10;0000100100000010000001000001000
18;0100000010000010000001000000100
13;0010010000000000100000010000001
5;0000100001000001000000010000010
22;0001000001001000000001000010000
11;0001001000010000001000000100000
0;0010001000000010000010001000000
20;0100000100010000000000100000010
24;0000100001010000000000010100000
13;0010000010000001010000000000010
32;0010000010001000010000001000000
9;1000010000000100000010000010000
32;0010010000100000000000100000010
11;0100010000100000000001000000001
20;1000010000000100000100000100000
29;0100000001100000010000000010000
4;0001010000010000000010001000000
6;0010001000100000000000011000000
24;0000100100010000010000000000100
21;1000010000001000000001000000100
1;0000110000000010000010000000010
14;0100000001010000010000000000001
9;0001010000000100000000010000001
14;0001001000000100000010000000100
14;0001000001000000101000000000100
8;0001010000001000010000001000000
9;0010000100000000100001000001000
15;0100000100000000110000000001000
11;0100000001000010000100000010000
9;0001001000000000100001000100000
8;0000100001000010000100000000001
9;0010000010000000100000010010000
4;0010000010000000100010001000000
9;0100000010000000100000010000100
5;0001000001100000000000011000000
6;0100000010000001000010000001000
27;0100010000100000000000100000100
6;0100000001000010010000000000100
14;0000100010100000000010000000100
11;0100010000000000100000010000100
25;1000000001000000101000000000100
26;0100000001001000000001000000010
8;1000000010100000000000100010000
10;0000100100001000000000010001000
6;0000100010000010000000010000100
7;0100001000000100000010001000000
21;0001000010100000001000000010000
11;0100000001000100000000100100000
4;0000110000000100000010001000000
13;0010001000000001001000000000010
